job_id,workload,started_at,backup_date,backup_month,duration_minutes,duration_hours,result,success_flag,data_size_gb,restore_tested,repository,requires_follow_up
BKP-5000,PKI,2026-06-22T19:00,2026-06-22,2026-06,77,1.28,Success,1,405,0,AWS Backup Vault,1
BKP-5001,File Services,2026-03-04T09:00,2026-03-04,2026-03,76,1.27,Success,1,728,0,SaaS Backup,1
BKP-5002,PKI,2026-06-01T13:00,2026-06-01,2026-06,55,0.92,Success,1,416,0,Immutable Repository,1
BKP-5003,File Services,2026-03-29T13:00,2026-03-29,2026-03,23,0.38,Success,1,637,0,AWS Backup Vault,1
BKP-5004,Windows Servers,2026-03-22T22:00,2026-03-22,2026-03,104,1.73,Success,1,637,0,SaaS Backup,1
BKP-5005,File Services,2026-06-12T09:00,2026-06-12,2026-06,56,0.93,Success,1,144,0,Primary Repository,1
BKP-5006,Windows Servers,2026-02-01T09:00,2026-02-01,2026-02,131,2.18,Success,1,740,0,AWS Backup Vault,1
BKP-5007,Microsoft 365,2026-07-29T15:00,2026-07-29,2026-07,25,0.42,Success,1,541,0,SaaS Backup,1
BKP-5008,File Services,2026-07-14T03:00,2026-07-14,2026-07,139,2.32,Success,1,704,0,SaaS Backup,1
BKP-5009,Microsoft 365,2026-03-09T05:00,2026-03-09,2026-03,72,1.2,Success,1,546,0,Primary Repository,1
BKP-5010,Windows Servers,2026-07-11T20:00,2026-07-11,2026-07,55,0.92,Success,1,725,0,Immutable Repository,1
BKP-5011,Microsoft 365,2026-06-22T20:00,2026-06-22,2026-06,48,0.8,Success,1,191,1,Primary Repository,0
BKP-5012,Active Directory,2026-07-20T21:00,2026-07-20,2026-07,61,1.02,Success,1,682,1,AWS Backup Vault,0
BKP-5013,Linux Servers,2026-06-04T12:00,2026-06-04,2026-06,121,2.02,Success,1,165,0,SaaS Backup,1
BKP-5014,Microsoft 365,2026-02-10T23:00,2026-02-10,2026-02,160,2.67,Success,1,158,0,Primary Repository,1
BKP-5015,Active Directory,2026-06-04T09:00,2026-06-04,2026-06,25,0.42,Success,1,504,0,AWS Backup Vault,1
BKP-5016,PKI,2026-03-28T00:00,2026-03-28,2026-03,51,0.85,Success,1,660,0,SaaS Backup,1
BKP-5017,PKI,2026-03-18T17:00,2026-03-18,2026-03,91,1.52,Success,1,605,0,AWS Backup Vault,1
BKP-5018,PKI,2026-04-25T03:00,2026-04-25,2026-04,107,1.78,Success,1,642,0,SaaS Backup,1
BKP-5019,Windows Servers,2026-02-02T17:00,2026-02-02,2026-02,45,0.75,Success,1,832,0,AWS Backup Vault,1
BKP-5020,Windows Servers,2026-01-29T07:00,2026-01-29,2026-01,102,1.7,Success,1,191,0,SaaS Backup,1
BKP-5021,AWS RDS,2026-04-17T07:00,2026-04-17,2026-04,29,0.48,Success,1,542,0,Immutable Repository,1
BKP-5022,AWS RDS,2026-01-13T10:00,2026-01-13,2026-01,153,2.55,Success,1,575,0,AWS Backup Vault,1
BKP-5023,Microsoft 365,2026-03-09T15:00,2026-03-09,2026-03,156,2.6,Success,1,343,0,Primary Repository,1
BKP-5024,PKI,2026-04-07T18:00,2026-04-07,2026-04,140,2.33,Success,1,660,0,Primary Repository,1
BKP-5025,AWS RDS,2026-03-25T16:00,2026-03-25,2026-03,41,0.68,Success,1,381,0,SaaS Backup,1
BKP-5026,Microsoft 365,2026-05-26T16:00,2026-05-26,2026-05,107,1.78,Success,1,623,0,Immutable Repository,1
BKP-5027,PKI,2026-07-20T03:00,2026-07-20,2026-07,72,1.2,Success,1,117,1,AWS Backup Vault,0
BKP-5028,Linux Servers,2026-03-17T10:00,2026-03-17,2026-03,105,1.75,Success,1,44,0,Primary Repository,1
BKP-5029,AWS RDS,2026-06-28T12:00,2026-06-28,2026-06,129,2.15,Success,1,377,0,Immutable Repository,1
BKP-5030,Linux Servers,2026-01-21T16:00,2026-01-21,2026-01,84,1.4,Success,1,223,0,Primary Repository,1
BKP-5031,AWS RDS,2026-01-06T01:00,2026-01-06,2026-01,150,2.5,Success,1,730,0,AWS Backup Vault,1
BKP-5032,PKI,2026-05-21T02:00,2026-05-21,2026-05,133,2.22,Success,1,805,0,SaaS Backup,1
BKP-5033,Active Directory,2026-03-23T08:00,2026-03-23,2026-03,133,2.22,Success,1,585,0,SaaS Backup,1
BKP-5034,Microsoft 365,2026-06-30T19:00,2026-06-30,2026-06,74,1.23,Success,1,249,0,Immutable Repository,1
BKP-5035,Linux Servers,2026-02-15T20:00,2026-02-15,2026-02,57,0.95,Success,1,70,0,SaaS Backup,1
BKP-5036,Windows Servers,2026-02-19T20:00,2026-02-19,2026-02,142,2.37,Success,1,44,0,SaaS Backup,1
BKP-5037,Windows Servers,2026-07-11T21:00,2026-07-11,2026-07,56,0.93,Success,1,396,0,SaaS Backup,1
BKP-5038,Linux Servers,2026-01-09T09:00,2026-01-09,2026-01,120,2.0,Success,1,369,0,Immutable Repository,1
BKP-5039,File Services,2026-06-04T11:00,2026-06-04,2026-06,39,0.65,Success,1,687,0,Immutable Repository,1
BKP-5040,Windows Servers,2026-07-16T11:00,2026-07-16,2026-07,107,1.78,Success,1,570,1,Primary Repository,0
BKP-5041,File Services,2026-04-05T06:00,2026-04-05,2026-04,63,1.05,Success,1,818,0,Primary Repository,1
BKP-5042,Linux Servers,2026-03-18T10:00,2026-03-18,2026-03,152,2.53,Success,1,650,0,Primary Repository,1
BKP-5043,Windows Servers,2026-02-12T14:00,2026-02-12,2026-02,96,1.6,Success,1,825,0,AWS Backup Vault,1
BKP-5044,Windows Servers,2026-02-25T02:00,2026-02-25,2026-02,87,1.45,Success,1,448,0,Primary Repository,1
BKP-5045,Microsoft 365,2026-04-09T19:00,2026-04-09,2026-04,87,1.45,Success,1,587,0,Primary Repository,1
BKP-5046,Windows Servers,2026-07-01T02:00,2026-07-01,2026-07,34,0.57,Success,1,57,0,SaaS Backup,1
BKP-5047,Windows Servers,2026-06-30T16:00,2026-06-30,2026-06,125,2.08,Success,1,239,0,Immutable Repository,1
BKP-5048,Windows Servers,2026-07-08T18:00,2026-07-08,2026-07,63,1.05,Success,1,144,0,Immutable Repository,1
BKP-5049,Microsoft 365,2026-02-07T03:00,2026-02-07,2026-02,154,2.57,Success,1,423,0,Immutable Repository,1
BKP-5050,PKI,2026-07-11T03:00,2026-07-11,2026-07,33,0.55,Success,1,75,0,AWS Backup Vault,1
BKP-5051,Linux Servers,2026-02-19T20:00,2026-02-19,2026-02,18,0.3,Success,1,261,0,Immutable Repository,1
BKP-5052,File Services,2026-04-08T10:00,2026-04-08,2026-04,94,1.57,Success,1,612,0,SaaS Backup,1
BKP-5053,AWS RDS,2026-06-10T01:00,2026-06-10,2026-06,89,1.48,Success,1,302,0,Primary Repository,1
BKP-5054,Active Directory,2026-04-08T11:00,2026-04-08,2026-04,67,1.12,Success,1,403,0,Immutable Repository,1
BKP-5055,Microsoft 365,2026-02-20T21:00,2026-02-20,2026-02,13,0.22,Success,1,363,0,Primary Repository,1
BKP-5056,AWS RDS,2026-04-08T20:00,2026-04-08,2026-04,90,1.5,Success,1,180,0,Primary Repository,1
BKP-5057,PKI,2026-07-27T16:00,2026-07-27,2026-07,23,0.38,Success,1,592,0,SaaS Backup,1
BKP-5058,PKI,2026-05-07T02:00,2026-05-07,2026-05,48,0.8,Success,1,845,0,AWS Backup Vault,1
BKP-5059,Windows Servers,2026-03-04T17:00,2026-03-04,2026-03,115,1.92,Success,1,96,1,SaaS Backup,0
BKP-5060,AWS RDS,2026-02-24T00:00,2026-02-24,2026-02,102,1.7,Success,1,534,0,AWS Backup Vault,1
BKP-5061,AWS RDS,2026-05-02T12:00,2026-05-02,2026-05,146,2.43,Success,1,748,0,AWS Backup Vault,1
BKP-5062,Microsoft 365,2026-04-07T00:00,2026-04-07,2026-04,115,1.92,Success,1,27,0,Primary Repository,1
BKP-5063,File Services,2026-04-30T01:00,2026-04-30,2026-04,149,2.48,Success,1,246,0,AWS Backup Vault,1
BKP-5064,PKI,2026-07-29T01:00,2026-07-29,2026-07,25,0.42,Success,1,675,1,Immutable Repository,0
BKP-5065,Active Directory,2026-01-13T08:00,2026-01-13,2026-01,91,1.52,Success,1,831,0,SaaS Backup,1
BKP-5066,Microsoft 365,2026-07-16T21:00,2026-07-16,2026-07,40,0.67,Success,1,481,1,AWS Backup Vault,0
BKP-5067,File Services,2026-03-28T05:00,2026-03-28,2026-03,123,2.05,Success,1,246,0,AWS Backup Vault,1
BKP-5068,PKI,2026-03-14T05:00,2026-03-14,2026-03,104,1.73,Success,1,358,0,SaaS Backup,1
BKP-5069,Microsoft 365,2026-06-25T21:00,2026-06-25,2026-06,25,0.42,Success,1,262,1,Immutable Repository,0
BKP-5070,Microsoft 365,2026-03-02T10:00,2026-03-02,2026-03,34,0.57,Success,1,136,0,Primary Repository,1
BKP-5071,File Services,2026-07-04T03:00,2026-07-04,2026-07,36,0.6,Success,1,645,0,Primary Repository,1
BKP-5072,PKI,2026-01-06T13:00,2026-01-06,2026-01,87,1.45,Success,1,768,0,Primary Repository,1
BKP-5073,Microsoft 365,2026-05-24T00:00,2026-05-24,2026-05,66,1.1,Success,1,663,0,Primary Repository,1
BKP-5074,AWS RDS,2026-04-10T14:00,2026-04-10,2026-04,85,1.42,Success,1,122,0,SaaS Backup,1
BKP-5075,Linux Servers,2026-01-26T13:00,2026-01-26,2026-01,28,0.47,Success,1,520,0,SaaS Backup,1
BKP-5076,Linux Servers,2026-06-24T22:00,2026-06-24,2026-06,125,2.08,Success,1,161,0,Immutable Repository,1
BKP-5077,Active Directory,2026-04-17T11:00,2026-04-17,2026-04,44,0.73,Success,1,570,0,SaaS Backup,1
BKP-5078,Active Directory,2026-03-17T17:00,2026-03-17,2026-03,148,2.47,Success,1,806,1,Primary Repository,0
BKP-5079,Microsoft 365,2026-05-11T00:00,2026-05-11,2026-05,118,1.97,Success,1,157,0,SaaS Backup,1
BKP-5080,PKI,2026-06-18T09:00,2026-06-18,2026-06,56,0.93,Success,1,118,0,SaaS Backup,1
BKP-5081,Microsoft 365,2026-03-09T17:00,2026-03-09,2026-03,116,1.93,Success,1,519,0,SaaS Backup,1
BKP-5082,Windows Servers,2026-05-24T06:00,2026-05-24,2026-05,145,2.42,Success,1,491,0,AWS Backup Vault,1
BKP-5083,Linux Servers,2026-01-18T13:00,2026-01-18,2026-01,64,1.07,Success,1,409,0,Primary Repository,1
BKP-5084,AWS RDS,2026-01-14T17:00,2026-01-14,2026-01,30,0.5,Success,1,222,0,Primary Repository,1
BKP-5085,File Services,2026-01-27T13:00,2026-01-27,2026-01,122,2.03,Success,1,154,0,Immutable Repository,1
BKP-5086,Linux Servers,2026-06-24T08:00,2026-06-24,2026-06,15,0.25,Success,1,279,0,AWS Backup Vault,1
BKP-5087,File Services,2026-07-10T00:00,2026-07-10,2026-07,66,1.1,Success,1,139,0,Immutable Repository,1
BKP-5088,PKI,2026-05-09T22:00,2026-05-09,2026-05,16,0.27,Success,1,704,0,AWS Backup Vault,1
BKP-5089,AWS RDS,2026-03-27T01:00,2026-03-27,2026-03,33,0.55,Success,1,806,0,Immutable Repository,1
BKP-5090,Microsoft 365,2026-06-26T11:00,2026-06-26,2026-06,73,1.22,Success,1,442,1,Primary Repository,0
BKP-5091,PKI,2026-01-17T00:00,2026-01-17,2026-01,31,0.52,Success,1,369,0,AWS Backup Vault,1
BKP-5092,PKI,2026-07-29T08:00,2026-07-29,2026-07,159,2.65,Success,1,598,0,Primary Repository,1
BKP-5093,Microsoft 365,2026-02-26T13:00,2026-02-26,2026-02,117,1.95,Success,1,846,0,AWS Backup Vault,1
BKP-5094,Microsoft 365,2026-02-04T18:00,2026-02-04,2026-02,118,1.97,Success,1,110,0,AWS Backup Vault,1
BKP-5095,Active Directory,2026-01-24T05:00,2026-01-24,2026-01,92,1.53,Success,1,544,0,AWS Backup Vault,1
BKP-5096,Windows Servers,2026-05-01T22:00,2026-05-01,2026-05,96,1.6,Success,1,540,0,AWS Backup Vault,1
BKP-5097,PKI,2026-07-16T19:00,2026-07-16,2026-07,17,0.28,Success,1,59,0,SaaS Backup,1
BKP-5098,PKI,2026-03-20T04:00,2026-03-20,2026-03,135,2.25,Success,1,119,0,Immutable Repository,1
BKP-5099,File Services,2026-04-21T23:00,2026-04-21,2026-04,137,2.28,Success,1,532,0,Primary Repository,1
BKP-5100,PKI,2026-06-30T11:00,2026-06-30,2026-06,33,0.55,Success,1,658,1,Immutable Repository,0
BKP-5101,File Services,2026-07-22T18:00,2026-07-22,2026-07,129,2.15,Success,1,379,0,Immutable Repository,1
BKP-5102,AWS RDS,2026-06-17T09:00,2026-06-17,2026-06,155,2.58,Success,1,20,0,AWS Backup Vault,1
BKP-5103,PKI,2026-02-06T19:00,2026-02-06,2026-02,123,2.05,Success,1,124,0,AWS Backup Vault,1
BKP-5104,File Services,2026-05-14T10:00,2026-05-14,2026-05,110,1.83,Success,1,478,0,Immutable Repository,1
BKP-5105,File Services,2026-04-26T02:00,2026-04-26,2026-04,46,0.77,Success,1,673,0,Immutable Repository,1
BKP-5106,Windows Servers,2026-06-25T22:00,2026-06-25,2026-06,21,0.35,Success,1,178,0,AWS Backup Vault,1
BKP-5107,AWS RDS,2026-07-07T07:00,2026-07-07,2026-07,26,0.43,Success,1,702,0,SaaS Backup,1
BKP-5108,PKI,2026-04-10T06:00,2026-04-10,2026-04,70,1.17,Success,1,162,1,Immutable Repository,0
BKP-5109,Windows Servers,2026-02-15T19:00,2026-02-15,2026-02,17,0.28,Success,1,411,1,AWS Backup Vault,0
BKP-5110,Windows Servers,2026-04-25T05:00,2026-04-25,2026-04,47,0.78,Success,1,158,1,Primary Repository,0
BKP-5111,PKI,2026-05-05T11:00,2026-05-05,2026-05,142,2.37,Success,1,596,0,AWS Backup Vault,1
BKP-5112,PKI,2026-01-09T07:00,2026-01-09,2026-01,54,0.9,Success,1,714,0,Primary Repository,1
BKP-5113,Microsoft 365,2026-03-22T21:00,2026-03-22,2026-03,62,1.03,Success,1,497,0,AWS Backup Vault,1
BKP-5114,Linux Servers,2026-03-25T23:00,2026-03-25,2026-03,24,0.4,Success,1,175,0,Immutable Repository,1
BKP-5115,PKI,2026-02-13T08:00,2026-02-13,2026-02,122,2.03,Success,1,135,0,SaaS Backup,1
BKP-5116,PKI,2026-02-03T06:00,2026-02-03,2026-02,31,0.52,Success,1,799,0,AWS Backup Vault,1
BKP-5117,AWS RDS,2026-04-17T18:00,2026-04-17,2026-04,127,2.12,Success,1,11,0,Primary Repository,1
BKP-5118,Microsoft 365,2026-04-10T03:00,2026-04-10,2026-04,129,2.15,Success,1,23,0,SaaS Backup,1
BKP-5119,AWS RDS,2026-03-25T05:00,2026-03-25,2026-03,82,1.37,Success,1,492,0,Immutable Repository,1
BKP-5120,Active Directory,2026-04-20T19:00,2026-04-20,2026-04,79,1.32,Success,1,813,0,AWS Backup Vault,1
BKP-5121,Linux Servers,2026-06-24T01:00,2026-06-24,2026-06,137,2.28,Success,1,84,0,Immutable Repository,1
BKP-5122,File Services,2026-05-25T07:00,2026-05-25,2026-05,17,0.28,Success,1,457,0,SaaS Backup,1
BKP-5123,PKI,2026-03-27T00:00,2026-03-27,2026-03,49,0.82,Success,1,290,0,AWS Backup Vault,1
BKP-5124,Microsoft 365,2026-01-31T01:00,2026-01-31,2026-01,102,1.7,Success,1,274,0,SaaS Backup,1
BKP-5125,Windows Servers,2026-01-03T04:00,2026-01-03,2026-01,50,0.83,Success,1,55,0,AWS Backup Vault,1
BKP-5126,AWS RDS,2026-05-04T21:00,2026-05-04,2026-05,92,1.53,Success,1,769,0,Immutable Repository,1
BKP-5127,AWS RDS,2026-01-08T18:00,2026-01-08,2026-01,135,2.25,Success,1,153,0,Immutable Repository,1
BKP-5128,PKI,2026-07-03T00:00,2026-07-03,2026-07,102,1.7,Success,1,233,0,Primary Repository,1
BKP-5129,File Services,2026-02-16T19:00,2026-02-16,2026-02,32,0.53,Success,1,425,0,Primary Repository,1
BKP-5130,AWS RDS,2026-06-04T04:00,2026-06-04,2026-06,137,2.28,Success,1,200,0,AWS Backup Vault,1
BKP-5131,File Services,2026-05-06T09:00,2026-05-06,2026-05,131,2.18,Success,1,551,0,Primary Repository,1
BKP-5132,PKI,2026-06-05T04:00,2026-06-05,2026-06,158,2.63,Success,1,54,0,Primary Repository,1
BKP-5133,Windows Servers,2026-07-06T21:00,2026-07-06,2026-07,16,0.27,Success,1,567,0,AWS Backup Vault,1
BKP-5134,Microsoft 365,2026-07-12T06:00,2026-07-12,2026-07,115,1.92,Failed,0,820,0,SaaS Backup,1
BKP-5135,File Services,2026-02-03T21:00,2026-02-03,2026-02,148,2.47,Success,1,7,0,Immutable Repository,1
BKP-5136,Linux Servers,2026-07-15T22:00,2026-07-15,2026-07,152,2.53,Success,1,233,0,Immutable Repository,1
BKP-5137,File Services,2026-03-08T11:00,2026-03-08,2026-03,148,2.47,Success,1,702,1,AWS Backup Vault,0
BKP-5138,PKI,2026-01-29T00:00,2026-01-29,2026-01,81,1.35,Success,1,389,0,Primary Repository,1
BKP-5139,Microsoft 365,2026-06-06T14:00,2026-06-06,2026-06,52,0.87,Success,1,282,1,SaaS Backup,0
BKP-5140,PKI,2026-06-30T10:00,2026-06-30,2026-06,107,1.78,Success,1,60,0,Immutable Repository,1
BKP-5141,Microsoft 365,2026-01-07T17:00,2026-01-07,2026-01,71,1.18,Success,1,640,0,Primary Repository,1
BKP-5142,File Services,2026-03-15T04:00,2026-03-15,2026-03,123,2.05,Success,1,501,0,Immutable Repository,1
BKP-5143,Microsoft 365,2026-04-22T22:00,2026-04-22,2026-04,141,2.35,Success,1,506,0,Immutable Repository,1
BKP-5144,AWS RDS,2026-01-23T02:00,2026-01-23,2026-01,75,1.25,Success,1,726,0,AWS Backup Vault,1
BKP-5145,AWS RDS,2026-06-22T07:00,2026-06-22,2026-06,145,2.42,Success,1,627,0,AWS Backup Vault,1
BKP-5146,File Services,2026-02-19T16:00,2026-02-19,2026-02,113,1.88,Success,1,152,0,Immutable Repository,1
BKP-5147,Linux Servers,2026-04-18T07:00,2026-04-18,2026-04,53,0.88,Success,1,31,0,Primary Repository,1
BKP-5148,File Services,2026-04-23T18:00,2026-04-23,2026-04,75,1.25,Success,1,678,0,Primary Repository,1
BKP-5149,Linux Servers,2026-01-25T02:00,2026-01-25,2026-01,58,0.97,Success,1,752,0,AWS Backup Vault,1
BKP-5150,AWS RDS,2026-07-22T13:00,2026-07-22,2026-07,141,2.35,Success,1,629,1,Primary Repository,0
BKP-5151,File Services,2026-05-04T07:00,2026-05-04,2026-05,125,2.08,Success,1,659,0,AWS Backup Vault,1
BKP-5152,Active Directory,2026-03-19T04:00,2026-03-19,2026-03,20,0.33,Success,1,551,0,AWS Backup Vault,1
BKP-5153,PKI,2026-05-04T14:00,2026-05-04,2026-05,15,0.25,Success,1,720,0,SaaS Backup,1
BKP-5154,Active Directory,2026-01-11T19:00,2026-01-11,2026-01,117,1.95,Success,1,676,0,Immutable Repository,1
BKP-5155,PKI,2026-01-27T02:00,2026-01-27,2026-01,94,1.57,Success,1,549,0,Immutable Repository,1
BKP-5156,Microsoft 365,2026-04-09T10:00,2026-04-09,2026-04,149,2.48,Success,1,812,0,Immutable Repository,1
BKP-5157,File Services,2026-04-07T12:00,2026-04-07,2026-04,85,1.42,Success,1,427,0,Immutable Repository,1
BKP-5158,PKI,2026-04-09T16:00,2026-04-09,2026-04,139,2.32,Failed,0,103,0,Primary Repository,1
BKP-5159,File Services,2026-04-23T02:00,2026-04-23,2026-04,131,2.18,Success,1,333,0,SaaS Backup,1
BKP-5160,Microsoft 365,2026-04-23T10:00,2026-04-23,2026-04,118,1.97,Success,1,416,0,AWS Backup Vault,1
BKP-5161,Microsoft 365,2026-07-28T04:00,2026-07-28,2026-07,51,0.85,Success,1,154,0,Immutable Repository,1
BKP-5162,PKI,2026-07-27T10:00,2026-07-27,2026-07,16,0.27,Success,1,27,0,AWS Backup Vault,1
BKP-5163,File Services,2026-03-03T15:00,2026-03-03,2026-03,40,0.67,Success,1,448,0,Immutable Repository,1
BKP-5164,Microsoft 365,2026-01-14T08:00,2026-01-14,2026-01,73,1.22,Success,1,316,0,SaaS Backup,1
BKP-5165,Linux Servers,2026-04-21T05:00,2026-04-21,2026-04,42,0.7,Success,1,781,1,Primary Repository,0
BKP-5166,Windows Servers,2026-03-13T19:00,2026-03-13,2026-03,62,1.03,Success,1,572,0,Primary Repository,1
BKP-5167,Windows Servers,2026-07-04T20:00,2026-07-04,2026-07,133,2.22,Success,1,718,0,Immutable Repository,1
BKP-5168,File Services,2026-02-04T20:00,2026-02-04,2026-02,50,0.83,Success,1,406,0,SaaS Backup,1
BKP-5169,Microsoft 365,2026-04-18T04:00,2026-04-18,2026-04,42,0.7,Success,1,157,0,Primary Repository,1
BKP-5170,PKI,2026-05-14T18:00,2026-05-14,2026-05,59,0.98,Success,1,394,1,SaaS Backup,0
BKP-5171,PKI,2026-02-21T15:00,2026-02-21,2026-02,149,2.48,Success,1,36,0,AWS Backup Vault,1
BKP-5172,PKI,2026-07-21T07:00,2026-07-21,2026-07,132,2.2,Success,1,788,1,Immutable Repository,0
BKP-5173,Linux Servers,2026-07-02T06:00,2026-07-02,2026-07,36,0.6,Success,1,325,0,Primary Repository,1
BKP-5174,AWS RDS,2026-04-15T20:00,2026-04-15,2026-04,36,0.6,Success,1,414,0,Immutable Repository,1
BKP-5175,AWS RDS,2026-03-16T11:00,2026-03-16,2026-03,43,0.72,Success,1,15,0,SaaS Backup,1
BKP-5176,Linux Servers,2026-03-16T20:00,2026-03-16,2026-03,114,1.9,Success,1,587,0,SaaS Backup,1
BKP-5177,PKI,2026-04-10T16:00,2026-04-10,2026-04,123,2.05,Success,1,645,1,Primary Repository,0
BKP-5178,Microsoft 365,2026-02-16T13:00,2026-02-16,2026-02,28,0.47,Success,1,384,1,SaaS Backup,0
BKP-5179,AWS RDS,2026-04-15T15:00,2026-04-15,2026-04,50,0.83,Success,1,757,0,AWS Backup Vault,1
BKP-5180,Linux Servers,2026-04-07T21:00,2026-04-07,2026-04,42,0.7,Success,1,571,0,AWS Backup Vault,1
BKP-5181,Windows Servers,2026-06-25T01:00,2026-06-25,2026-06,55,0.92,Success,1,196,0,AWS Backup Vault,1
BKP-5182,Active Directory,2026-05-30T21:00,2026-05-30,2026-05,39,0.65,Success,1,76,0,SaaS Backup,1
BKP-5183,Windows Servers,2026-04-04T15:00,2026-04-04,2026-04,94,1.57,Success,1,509,0,Primary Repository,1
BKP-5184,Active Directory,2026-02-10T15:00,2026-02-10,2026-02,67,1.12,Success,1,680,0,AWS Backup Vault,1
BKP-5185,File Services,2026-01-22T15:00,2026-01-22,2026-01,115,1.92,Success,1,180,0,SaaS Backup,1
BKP-5186,PKI,2026-03-19T05:00,2026-03-19,2026-03,112,1.87,Success,1,96,0,Primary Repository,1
BKP-5187,File Services,2026-04-20T02:00,2026-04-20,2026-04,154,2.57,Success,1,704,0,Immutable Repository,1
BKP-5188,Active Directory,2026-02-24T00:00,2026-02-24,2026-02,131,2.18,Success,1,780,1,Primary Repository,0
BKP-5189,Microsoft 365,2026-02-28T14:00,2026-02-28,2026-02,53,0.88,Success,1,171,0,Primary Repository,1
BKP-5190,AWS RDS,2026-07-19T00:00,2026-07-19,2026-07,67,1.12,Success,1,170,0,SaaS Backup,1
BKP-5191,Linux Servers,2026-03-20T11:00,2026-03-20,2026-03,116,1.93,Success,1,446,0,Immutable Repository,1
BKP-5192,AWS RDS,2026-01-25T06:00,2026-01-25,2026-01,150,2.5,Success,1,795,0,Primary Repository,1
BKP-5193,File Services,2026-06-01T19:00,2026-06-01,2026-06,102,1.7,Success,1,350,0,SaaS Backup,1
BKP-5194,File Services,2026-07-29T16:00,2026-07-29,2026-07,135,2.25,Success,1,447,0,Primary Repository,1
BKP-5195,Windows Servers,2026-02-06T14:00,2026-02-06,2026-02,14,0.23,Success,1,299,0,Immutable Repository,1
BKP-5196,Active Directory,2026-04-24T19:00,2026-04-24,2026-04,18,0.3,Success,1,370,0,Primary Repository,1
BKP-5197,AWS RDS,2026-04-11T11:00,2026-04-11,2026-04,61,1.02,Success,1,639,0,Immutable Repository,1
BKP-5198,PKI,2026-01-17T15:00,2026-01-17,2026-01,30,0.5,Success,1,410,0,SaaS Backup,1
BKP-5199,PKI,2026-03-14T13:00,2026-03-14,2026-03,82,1.37,Success,1,95,0,Immutable Repository,1
BKP-5200,PKI,2026-01-25T10:00,2026-01-25,2026-01,13,0.22,Success,1,692,0,AWS Backup Vault,1
BKP-5201,File Services,2026-01-26T17:00,2026-01-26,2026-01,27,0.45,Success,1,848,0,SaaS Backup,1
BKP-5202,Windows Servers,2026-01-15T17:00,2026-01-15,2026-01,140,2.33,Success,1,121,0,AWS Backup Vault,1
BKP-5203,PKI,2026-05-08T05:00,2026-05-08,2026-05,72,1.2,Success,1,62,0,Immutable Repository,1
BKP-5204,Microsoft 365,2026-03-25T03:00,2026-03-25,2026-03,26,0.43,Success,1,154,1,Immutable Repository,0
BKP-5205,File Services,2026-06-02T20:00,2026-06-02,2026-06,32,0.53,Success,1,554,0,SaaS Backup,1
BKP-5206,Microsoft 365,2026-06-04T23:00,2026-06-04,2026-06,81,1.35,Success,1,99,0,Immutable Repository,1
BKP-5207,Windows Servers,2026-04-22T13:00,2026-04-22,2026-04,87,1.45,Success,1,310,0,AWS Backup Vault,1
BKP-5208,Microsoft 365,2026-06-05T01:00,2026-06-05,2026-06,50,0.83,Success,1,386,0,AWS Backup Vault,1
BKP-5209,Windows Servers,2026-07-24T14:00,2026-07-24,2026-07,145,2.42,Success,1,760,0,SaaS Backup,1
BKP-5210,Active Directory,2026-02-11T05:00,2026-02-11,2026-02,83,1.38,Success,1,752,0,SaaS Backup,1
BKP-5211,Active Directory,2026-06-16T23:00,2026-06-16,2026-06,55,0.92,Success,1,450,1,AWS Backup Vault,0
BKP-5212,Windows Servers,2026-06-26T16:00,2026-06-26,2026-06,97,1.62,Success,1,490,0,Primary Repository,1
BKP-5213,Linux Servers,2026-07-03T12:00,2026-07-03,2026-07,34,0.57,Success,1,668,0,Immutable Repository,1
BKP-5214,PKI,2026-07-05T23:00,2026-07-05,2026-07,67,1.12,Success,1,452,0,Immutable Repository,1
BKP-5215,Linux Servers,2026-05-12T13:00,2026-05-12,2026-05,67,1.12,Success,1,443,0,Immutable Repository,1
BKP-5216,Linux Servers,2026-03-30T00:00,2026-03-30,2026-03,102,1.7,Success,1,392,0,AWS Backup Vault,1
BKP-5217,Active Directory,2026-04-08T04:00,2026-04-08,2026-04,36,0.6,Success,1,117,0,Immutable Repository,1
BKP-5218,Microsoft 365,2026-06-07T15:00,2026-06-07,2026-06,22,0.37,Success,1,600,0,AWS Backup Vault,1
BKP-5219,Microsoft 365,2026-03-15T01:00,2026-03-15,2026-03,12,0.2,Success,1,404,0,SaaS Backup,1
BKP-5220,Windows Servers,2026-05-21T04:00,2026-05-21,2026-05,152,2.53,Success,1,796,1,SaaS Backup,0
BKP-5221,AWS RDS,2026-04-23T07:00,2026-04-23,2026-04,52,0.87,Success,1,218,1,SaaS Backup,0
BKP-5222,Windows Servers,2026-01-11T22:00,2026-01-11,2026-01,91,1.52,Success,1,237,1,SaaS Backup,0
BKP-5223,File Services,2026-04-06T03:00,2026-04-06,2026-04,131,2.18,Success,1,818,0,Primary Repository,1
BKP-5224,Linux Servers,2026-03-23T02:00,2026-03-23,2026-03,106,1.77,Success,1,319,1,Primary Repository,0
BKP-5225,Active Directory,2026-04-30T04:00,2026-04-30,2026-04,96,1.6,Success,1,332,0,Primary Repository,1
BKP-5226,File Services,2026-03-20T17:00,2026-03-20,2026-03,152,2.53,Success,1,760,0,AWS Backup Vault,1
BKP-5227,Linux Servers,2026-05-30T22:00,2026-05-30,2026-05,133,2.22,Success,1,750,0,SaaS Backup,1
BKP-5228,PKI,2026-07-26T20:00,2026-07-26,2026-07,73,1.22,Success,1,331,0,AWS Backup Vault,1
BKP-5229,Active Directory,2026-04-24T23:00,2026-04-24,2026-04,131,2.18,Failed,0,99,1,AWS Backup Vault,1
BKP-5230,Linux Servers,2026-05-27T21:00,2026-05-27,2026-05,29,0.48,Success,1,400,0,Immutable Repository,1
BKP-5231,PKI,2026-07-29T04:00,2026-07-29,2026-07,130,2.17,Success,1,639,0,AWS Backup Vault,1
BKP-5232,Microsoft 365,2026-06-21T11:00,2026-06-21,2026-06,12,0.2,Success,1,399,0,Primary Repository,1
BKP-5233,File Services,2026-05-10T11:00,2026-05-10,2026-05,73,1.22,Success,1,626,0,AWS Backup Vault,1
BKP-5234,AWS RDS,2026-07-29T04:00,2026-07-29,2026-07,88,1.47,Success,1,523,0,Primary Repository,1
BKP-5235,File Services,2026-04-03T23:00,2026-04-03,2026-04,116,1.93,Success,1,408,0,Immutable Repository,1
BKP-5236,File Services,2026-05-13T05:00,2026-05-13,2026-05,35,0.58,Success,1,254,0,Immutable Repository,1
BKP-5237,Windows Servers,2026-04-08T08:00,2026-04-08,2026-04,99,1.65,Success,1,321,0,Primary Repository,1
BKP-5238,AWS RDS,2026-06-09T04:00,2026-06-09,2026-06,132,2.2,Success,1,352,1,Primary Repository,0
BKP-5239,Active Directory,2026-02-06T03:00,2026-02-06,2026-02,36,0.6,Success,1,254,0,AWS Backup Vault,1
BKP-5240,AWS RDS,2026-05-06T01:00,2026-05-06,2026-05,57,0.95,Success,1,640,0,SaaS Backup,1
BKP-5241,AWS RDS,2026-03-02T21:00,2026-03-02,2026-03,16,0.27,Success,1,195,0,SaaS Backup,1
BKP-5242,AWS RDS,2026-05-11T13:00,2026-05-11,2026-05,89,1.48,Success,1,112,0,AWS Backup Vault,1
BKP-5243,Active Directory,2026-04-09T15:00,2026-04-09,2026-04,114,1.9,Success,1,29,1,Primary Repository,0
BKP-5244,PKI,2026-01-18T11:00,2026-01-18,2026-01,148,2.47,Success,1,692,0,SaaS Backup,1
BKP-5245,Microsoft 365,2026-06-29T09:00,2026-06-29,2026-06,73,1.22,Success,1,14,1,AWS Backup Vault,0
BKP-5246,File Services,2026-03-30T00:00,2026-03-30,2026-03,160,2.67,Success,1,545,0,SaaS Backup,1
BKP-5247,PKI,2026-01-31T10:00,2026-01-31,2026-01,152,2.53,Success,1,40,0,AWS Backup Vault,1
BKP-5248,PKI,2026-04-25T10:00,2026-04-25,2026-04,29,0.48,Success,1,165,0,Primary Repository,1
BKP-5249,Active Directory,2026-01-09T08:00,2026-01-09,2026-01,36,0.6,Success,1,616,0,AWS Backup Vault,1
BKP-5250,PKI,2026-04-26T08:00,2026-04-26,2026-04,116,1.93,Success,1,702,0,AWS Backup Vault,1
BKP-5251,AWS RDS,2026-07-23T02:00,2026-07-23,2026-07,87,1.45,Success,1,461,0,Primary Repository,1
BKP-5252,File Services,2026-07-11T11:00,2026-07-11,2026-07,22,0.37,Success,1,112,0,SaaS Backup,1
BKP-5253,Linux Servers,2026-02-01T07:00,2026-02-01,2026-02,120,2.0,Success,1,531,0,Primary Repository,1
BKP-5254,Active Directory,2026-04-09T12:00,2026-04-09,2026-04,118,1.97,Success,1,452,0,Immutable Repository,1
BKP-5255,Windows Servers,2026-04-30T17:00,2026-04-30,2026-04,95,1.58,Success,1,647,0,AWS Backup Vault,1
BKP-5256,Active Directory,2026-01-08T01:00,2026-01-08,2026-01,140,2.33,Success,1,574,0,Primary Repository,1
BKP-5257,Linux Servers,2026-02-14T00:00,2026-02-14,2026-02,136,2.27,Success,1,558,0,SaaS Backup,1
BKP-5258,Windows Servers,2026-05-12T12:00,2026-05-12,2026-05,78,1.3,Success,1,27,0,Primary Repository,1
BKP-5259,Active Directory,2026-02-24T04:00,2026-02-24,2026-02,20,0.33,Success,1,390,0,Immutable Repository,1
BKP-5260,File Services,2026-06-25T04:00,2026-06-25,2026-06,88,1.47,Success,1,427,0,SaaS Backup,1
BKP-5261,PKI,2026-05-01T12:00,2026-05-01,2026-05,136,2.27,Success,1,340,0,AWS Backup Vault,1
BKP-5262,Active Directory,2026-03-08T06:00,2026-03-08,2026-03,42,0.7,Success,1,829,0,SaaS Backup,1
BKP-5263,PKI,2026-06-13T08:00,2026-06-13,2026-06,13,0.22,Success,1,613,1,Immutable Repository,0
BKP-5264,PKI,2026-07-10T03:00,2026-07-10,2026-07,76,1.27,Success,1,549,0,Immutable Repository,1
BKP-5265,Windows Servers,2026-03-31T00:00,2026-03-31,2026-03,102,1.7,Success,1,51,0,AWS Backup Vault,1
BKP-5266,Active Directory,2026-05-22T14:00,2026-05-22,2026-05,44,0.73,Success,1,286,0,SaaS Backup,1
BKP-5267,Active Directory,2026-01-04T20:00,2026-01-04,2026-01,90,1.5,Success,1,817,0,Immutable Repository,1
BKP-5268,Active Directory,2026-05-04T22:00,2026-05-04,2026-05,24,0.4,Success,1,524,0,SaaS Backup,1
BKP-5269,Linux Servers,2026-01-25T12:00,2026-01-25,2026-01,154,2.57,Success,1,138,0,AWS Backup Vault,1
BKP-5270,Windows Servers,2026-04-03T16:00,2026-04-03,2026-04,25,0.42,Success,1,135,0,Immutable Repository,1
BKP-5271,Windows Servers,2026-06-05T01:00,2026-06-05,2026-06,99,1.65,Success,1,657,0,Primary Repository,1
BKP-5272,Active Directory,2026-07-13T14:00,2026-07-13,2026-07,70,1.17,Success,1,395,0,SaaS Backup,1
BKP-5273,Active Directory,2026-01-29T11:00,2026-01-29,2026-01,130,2.17,Success,1,81,1,Primary Repository,0
BKP-5274,File Services,2026-01-18T13:00,2026-01-18,2026-01,122,2.03,Success,1,711,1,SaaS Backup,0
BKP-5275,Microsoft 365,2026-04-07T01:00,2026-04-07,2026-04,19,0.32,Success,1,160,0,Immutable Repository,1
BKP-5276,AWS RDS,2026-03-13T17:00,2026-03-13,2026-03,20,0.33,Success,1,9,0,Immutable Repository,1
BKP-5277,Active Directory,2026-06-15T01:00,2026-06-15,2026-06,47,0.78,Success,1,432,0,Primary Repository,1
BKP-5278,Windows Servers,2026-05-11T00:00,2026-05-11,2026-05,44,0.73,Success,1,422,0,Immutable Repository,1
BKP-5279,Microsoft 365,2026-03-11T04:00,2026-03-11,2026-03,32,0.53,Success,1,564,0,AWS Backup Vault,1
BKP-5280,AWS RDS,2026-05-12T06:00,2026-05-12,2026-05,62,1.03,Success,1,395,0,AWS Backup Vault,1
BKP-5281,File Services,2026-05-12T06:00,2026-05-12,2026-05,99,1.65,Success,1,439,0,Primary Repository,1
BKP-5282,Active Directory,2026-07-09T17:00,2026-07-09,2026-07,120,2.0,Success,1,356,0,Immutable Repository,1
BKP-5283,PKI,2026-05-23T19:00,2026-05-23,2026-05,114,1.9,Success,1,660,0,AWS Backup Vault,1
BKP-5284,File Services,2026-06-12T22:00,2026-06-12,2026-06,120,2.0,Success,1,341,1,SaaS Backup,0
BKP-5285,AWS RDS,2026-04-17T02:00,2026-04-17,2026-04,87,1.45,Success,1,682,0,AWS Backup Vault,1
BKP-5286,File Services,2026-06-02T06:00,2026-06-02,2026-06,51,0.85,Success,1,48,0,AWS Backup Vault,1
BKP-5287,Windows Servers,2026-04-18T00:00,2026-04-18,2026-04,157,2.62,Success,1,760,0,AWS Backup Vault,1
BKP-5288,Microsoft 365,2026-01-03T07:00,2026-01-03,2026-01,66,1.1,Success,1,95,0,SaaS Backup,1
BKP-5289,Microsoft 365,2026-02-01T02:00,2026-02-01,2026-02,66,1.1,Success,1,40,0,Immutable Repository,1
BKP-5290,Windows Servers,2026-01-30T16:00,2026-01-30,2026-01,58,0.97,Success,1,714,0,Immutable Repository,1
BKP-5291,PKI,2026-04-17T13:00,2026-04-17,2026-04,113,1.88,Success,1,234,1,Primary Repository,0
BKP-5292,Active Directory,2026-06-14T12:00,2026-06-14,2026-06,54,0.9,Success,1,363,1,Immutable Repository,0
BKP-5293,AWS RDS,2026-03-24T02:00,2026-03-24,2026-03,74,1.23,Success,1,124,0,Immutable Repository,1
BKP-5294,PKI,2026-02-12T03:00,2026-02-12,2026-02,98,1.63,Success,1,425,0,Immutable Repository,1
BKP-5295,Windows Servers,2026-04-09T19:00,2026-04-09,2026-04,41,0.68,Success,1,786,1,Primary Repository,0
BKP-5296,AWS RDS,2026-03-04T17:00,2026-03-04,2026-03,45,0.75,Success,1,199,0,AWS Backup Vault,1
BKP-5297,AWS RDS,2026-01-18T14:00,2026-01-18,2026-01,55,0.92,Success,1,603,0,SaaS Backup,1
BKP-5298,Linux Servers,2026-05-08T01:00,2026-05-08,2026-05,71,1.18,Success,1,754,0,SaaS Backup,1
BKP-5299,AWS RDS,2026-05-22T23:00,2026-05-22,2026-05,36,0.6,Success,1,487,0,AWS Backup Vault,1
BKP-5300,Active Directory,2026-05-29T12:00,2026-05-29,2026-05,109,1.82,Success,1,230,0,Primary Repository,1
BKP-5301,Linux Servers,2026-04-30T17:00,2026-04-30,2026-04,138,2.3,Success,1,76,0,AWS Backup Vault,1
BKP-5302,PKI,2026-01-01T05:00,2026-01-01,2026-01,63,1.05,Success,1,325,0,Immutable Repository,1
BKP-5303,PKI,2026-01-30T12:00,2026-01-30,2026-01,159,2.65,Success,1,747,0,Immutable Repository,1
BKP-5304,AWS RDS,2026-03-12T02:00,2026-03-12,2026-03,106,1.77,Success,1,836,0,AWS Backup Vault,1
BKP-5305,Active Directory,2026-05-15T03:00,2026-05-15,2026-05,22,0.37,Success,1,303,1,Immutable Repository,0
BKP-5306,Windows Servers,2026-02-14T09:00,2026-02-14,2026-02,115,1.92,Success,1,341,0,AWS Backup Vault,1
BKP-5307,File Services,2026-04-07T07:00,2026-04-07,2026-04,118,1.97,Success,1,598,0,Immutable Repository,1
BKP-5308,Windows Servers,2026-01-20T05:00,2026-01-20,2026-01,135,2.25,Success,1,266,0,Primary Repository,1
BKP-5309,Linux Servers,2026-02-04T18:00,2026-02-04,2026-02,106,1.77,Success,1,218,0,AWS Backup Vault,1
BKP-5310,PKI,2026-02-04T04:00,2026-02-04,2026-02,149,2.48,Success,1,652,0,SaaS Backup,1
BKP-5311,PKI,2026-01-14T06:00,2026-01-14,2026-01,130,2.17,Success,1,347,0,SaaS Backup,1
BKP-5312,Linux Servers,2026-06-04T21:00,2026-06-04,2026-06,88,1.47,Success,1,594,0,AWS Backup Vault,1
BKP-5313,File Services,2026-07-26T17:00,2026-07-26,2026-07,108,1.8,Success,1,7,1,Immutable Repository,0
BKP-5314,AWS RDS,2026-01-12T23:00,2026-01-12,2026-01,35,0.58,Success,1,403,1,AWS Backup Vault,0
BKP-5315,Active Directory,2026-04-07T21:00,2026-04-07,2026-04,80,1.33,Success,1,404,1,Immutable Repository,0
BKP-5316,Linux Servers,2026-05-22T02:00,2026-05-22,2026-05,75,1.25,Success,1,186,0,AWS Backup Vault,1
BKP-5317,Microsoft 365,2026-04-11T21:00,2026-04-11,2026-04,89,1.48,Success,1,493,0,Immutable Repository,1
BKP-5318,Microsoft 365,2026-07-21T10:00,2026-07-21,2026-07,77,1.28,Failed,0,81,0,Immutable Repository,1
BKP-5319,File Services,2026-02-17T23:00,2026-02-17,2026-02,62,1.03,Success,1,375,1,Primary Repository,0
BKP-5320,AWS RDS,2026-06-26T03:00,2026-06-26,2026-06,58,0.97,Success,1,559,0,SaaS Backup,1
BKP-5321,Windows Servers,2026-05-10T22:00,2026-05-10,2026-05,61,1.02,Success,1,403,0,Primary Repository,1
BKP-5322,PKI,2026-03-01T10:00,2026-03-01,2026-03,47,0.78,Success,1,144,0,Primary Repository,1
BKP-5323,Active Directory,2026-02-11T18:00,2026-02-11,2026-02,132,2.2,Success,1,648,1,AWS Backup Vault,0
BKP-5324,File Services,2026-07-05T23:00,2026-07-05,2026-07,138,2.3,Success,1,390,1,AWS Backup Vault,0
BKP-5325,File Services,2026-06-02T10:00,2026-06-02,2026-06,64,1.07,Success,1,66,0,AWS Backup Vault,1
BKP-5326,AWS RDS,2026-03-30T05:00,2026-03-30,2026-03,13,0.22,Success,1,499,0,Primary Repository,1
BKP-5327,File Services,2026-05-28T04:00,2026-05-28,2026-05,137,2.28,Success,1,582,0,AWS Backup Vault,1
BKP-5328,Windows Servers,2026-02-13T14:00,2026-02-13,2026-02,57,0.95,Success,1,471,0,AWS Backup Vault,1
BKP-5329,Windows Servers,2026-07-12T06:00,2026-07-12,2026-07,142,2.37,Success,1,51,0,SaaS Backup,1
BKP-5330,Microsoft 365,2026-02-16T05:00,2026-02-16,2026-02,130,2.17,Success,1,262,0,Immutable Repository,1
BKP-5331,PKI,2026-02-04T09:00,2026-02-04,2026-02,66,1.1,Success,1,233,1,SaaS Backup,0
BKP-5332,Windows Servers,2026-04-17T22:00,2026-04-17,2026-04,117,1.95,Success,1,513,0,SaaS Backup,1
BKP-5333,Linux Servers,2026-01-23T14:00,2026-01-23,2026-01,56,0.93,Success,1,747,0,AWS Backup Vault,1
BKP-5334,Active Directory,2026-01-27T12:00,2026-01-27,2026-01,98,1.63,Success,1,729,0,Primary Repository,1
BKP-5335,Linux Servers,2026-02-20T00:00,2026-02-20,2026-02,149,2.48,Success,1,224,0,Immutable Repository,1
BKP-5336,Active Directory,2026-04-02T08:00,2026-04-02,2026-04,72,1.2,Success,1,445,0,AWS Backup Vault,1
BKP-5337,Microsoft 365,2026-07-26T21:00,2026-07-26,2026-07,47,0.78,Success,1,18,1,Primary Repository,0
BKP-5338,AWS RDS,2026-01-06T08:00,2026-01-06,2026-01,43,0.72,Success,1,528,0,SaaS Backup,1
BKP-5339,File Services,2026-01-15T23:00,2026-01-15,2026-01,125,2.08,Success,1,124,0,Immutable Repository,1
BKP-5340,PKI,2026-06-04T23:00,2026-06-04,2026-06,160,2.67,Success,1,765,0,Primary Repository,1
BKP-5341,File Services,2026-07-22T20:00,2026-07-22,2026-07,124,2.07,Success,1,768,0,Primary Repository,1
BKP-5342,Linux Servers,2026-04-16T13:00,2026-04-16,2026-04,123,2.05,Success,1,625,0,Immutable Repository,1
BKP-5343,AWS RDS,2026-06-11T04:00,2026-06-11,2026-06,26,0.43,Success,1,788,1,AWS Backup Vault,0
BKP-5344,AWS RDS,2026-06-01T01:00,2026-06-01,2026-06,160,2.67,Success,1,629,0,SaaS Backup,1
BKP-5345,AWS RDS,2026-02-05T19:00,2026-02-05,2026-02,22,0.37,Success,1,58,0,Primary Repository,1
BKP-5346,Microsoft 365,2026-01-08T13:00,2026-01-08,2026-01,68,1.13,Success,1,504,0,AWS Backup Vault,1
BKP-5347,Linux Servers,2026-06-27T11:00,2026-06-27,2026-06,16,0.27,Success,1,453,1,SaaS Backup,0
BKP-5348,AWS RDS,2026-06-24T13:00,2026-06-24,2026-06,51,0.85,Success,1,110,0,AWS Backup Vault,1
BKP-5349,AWS RDS,2026-01-01T16:00,2026-01-01,2026-01,14,0.23,Success,1,407,0,Primary Repository,1
BKP-5350,AWS RDS,2026-02-21T21:00,2026-02-21,2026-02,36,0.6,Success,1,744,0,SaaS Backup,1
BKP-5351,Microsoft 365,2026-03-23T22:00,2026-03-23,2026-03,110,1.83,Success,1,344,0,Immutable Repository,1
BKP-5352,Active Directory,2026-05-21T11:00,2026-05-21,2026-05,81,1.35,Success,1,741,1,Primary Repository,0
BKP-5353,File Services,2026-04-18T00:00,2026-04-18,2026-04,12,0.2,Success,1,560,0,AWS Backup Vault,1
BKP-5354,AWS RDS,2026-05-27T01:00,2026-05-27,2026-05,134,2.23,Success,1,114,0,Primary Repository,1
BKP-5355,Windows Servers,2026-07-17T01:00,2026-07-17,2026-07,13,0.22,Success,1,779,0,SaaS Backup,1
BKP-5356,File Services,2026-02-14T23:00,2026-02-14,2026-02,24,0.4,Success,1,617,0,AWS Backup Vault,1
BKP-5357,Linux Servers,2026-04-18T21:00,2026-04-18,2026-04,81,1.35,Success,1,114,1,Primary Repository,0
BKP-5358,Linux Servers,2026-04-09T14:00,2026-04-09,2026-04,26,0.43,Success,1,609,0,Immutable Repository,1
BKP-5359,Microsoft 365,2026-02-12T21:00,2026-02-12,2026-02,95,1.58,Success,1,698,0,Immutable Repository,1
BKP-5360,AWS RDS,2026-05-02T03:00,2026-05-02,2026-05,133,2.22,Success,1,709,0,AWS Backup Vault,1
BKP-5361,PKI,2026-02-28T18:00,2026-02-28,2026-02,79,1.32,Success,1,207,0,AWS Backup Vault,1
BKP-5362,AWS RDS,2026-01-21T16:00,2026-01-21,2026-01,80,1.33,Success,1,503,0,SaaS Backup,1
BKP-5363,Windows Servers,2026-05-15T18:00,2026-05-15,2026-05,58,0.97,Success,1,431,0,AWS Backup Vault,1
BKP-5364,Microsoft 365,2026-03-22T19:00,2026-03-22,2026-03,119,1.98,Success,1,463,0,Primary Repository,1
BKP-5365,AWS RDS,2026-06-23T12:00,2026-06-23,2026-06,66,1.1,Success,1,654,1,AWS Backup Vault,0
BKP-5366,PKI,2026-07-21T04:00,2026-07-21,2026-07,58,0.97,Success,1,463,0,SaaS Backup,1
BKP-5367,Active Directory,2026-07-01T18:00,2026-07-01,2026-07,85,1.42,Success,1,59,0,AWS Backup Vault,1
BKP-5368,Active Directory,2026-07-26T16:00,2026-07-26,2026-07,116,1.93,Success,1,724,1,Immutable Repository,0
BKP-5369,File Services,2026-03-30T11:00,2026-03-30,2026-03,100,1.67,Success,1,669,0,AWS Backup Vault,1
BKP-5370,File Services,2026-03-03T03:00,2026-03-03,2026-03,28,0.47,Success,1,423,0,Primary Repository,1
BKP-5371,Windows Servers,2026-07-17T12:00,2026-07-17,2026-07,19,0.32,Success,1,539,0,Primary Repository,1
BKP-5372,AWS RDS,2026-05-15T03:00,2026-05-15,2026-05,68,1.13,Success,1,266,1,Immutable Repository,0
BKP-5373,Active Directory,2026-05-26T17:00,2026-05-26,2026-05,115,1.92,Success,1,373,1,SaaS Backup,0
BKP-5374,AWS RDS,2026-03-16T15:00,2026-03-16,2026-03,21,0.35,Success,1,800,0,SaaS Backup,1
BKP-5375,PKI,2026-05-19T04:00,2026-05-19,2026-05,48,0.8,Success,1,286,0,Immutable Repository,1
BKP-5376,Linux Servers,2026-05-10T20:00,2026-05-10,2026-05,105,1.75,Success,1,598,0,Primary Repository,1
BKP-5377,Microsoft 365,2026-01-06T00:00,2026-01-06,2026-01,16,0.27,Success,1,554,0,SaaS Backup,1
BKP-5378,Microsoft 365,2026-01-17T18:00,2026-01-17,2026-01,144,2.4,Success,1,263,0,Immutable Repository,1
BKP-5379,File Services,2026-01-30T12:00,2026-01-30,2026-01,159,2.65,Success,1,631,0,Primary Repository,1
BKP-5380,Active Directory,2026-03-09T16:00,2026-03-09,2026-03,43,0.72,Success,1,42,0,Immutable Repository,1
BKP-5381,Windows Servers,2026-04-17T05:00,2026-04-17,2026-04,135,2.25,Success,1,726,0,Primary Repository,1
BKP-5382,Linux Servers,2026-04-08T03:00,2026-04-08,2026-04,158,2.63,Success,1,780,0,AWS Backup Vault,1
BKP-5383,PKI,2026-02-26T04:00,2026-02-26,2026-02,113,1.88,Success,1,593,0,AWS Backup Vault,1
BKP-5384,Microsoft 365,2026-06-06T01:00,2026-06-06,2026-06,94,1.57,Success,1,138,0,Primary Repository,1
BKP-5385,File Services,2026-05-25T23:00,2026-05-25,2026-05,37,0.62,Success,1,280,0,Immutable Repository,1
BKP-5386,PKI,2026-07-15T09:00,2026-07-15,2026-07,24,0.4,Success,1,830,0,SaaS Backup,1
BKP-5387,Microsoft 365,2026-04-29T17:00,2026-04-29,2026-04,40,0.67,Success,1,438,0,AWS Backup Vault,1
BKP-5388,AWS RDS,2026-05-19T22:00,2026-05-19,2026-05,73,1.22,Success,1,570,0,Immutable Repository,1
BKP-5389,Microsoft 365,2026-05-24T05:00,2026-05-24,2026-05,78,1.3,Success,1,521,1,SaaS Backup,0
BKP-5390,Active Directory,2026-04-22T23:00,2026-04-22,2026-04,18,0.3,Success,1,777,0,AWS Backup Vault,1
BKP-5391,File Services,2026-05-25T07:00,2026-05-25,2026-05,148,2.47,Success,1,26,0,AWS Backup Vault,1
BKP-5392,Active Directory,2026-07-15T00:00,2026-07-15,2026-07,45,0.75,Success,1,330,0,AWS Backup Vault,1
BKP-5393,Linux Servers,2026-07-12T14:00,2026-07-12,2026-07,73,1.22,Success,1,303,0,Immutable Repository,1
BKP-5394,Windows Servers,2026-02-18T09:00,2026-02-18,2026-02,141,2.35,Success,1,817,0,Immutable Repository,1
BKP-5395,PKI,2026-04-20T04:00,2026-04-20,2026-04,93,1.55,Success,1,166,0,AWS Backup Vault,1
BKP-5396,Microsoft 365,2026-05-05T21:00,2026-05-05,2026-05,34,0.57,Success,1,161,0,Immutable Repository,1
BKP-5397,Windows Servers,2026-03-08T12:00,2026-03-08,2026-03,27,0.45,Success,1,778,0,SaaS Backup,1
BKP-5398,File Services,2026-01-17T17:00,2026-01-17,2026-01,159,2.65,Success,1,359,1,Primary Repository,0
BKP-5399,File Services,2026-05-15T06:00,2026-05-15,2026-05,136,2.27,Success,1,445,0,SaaS Backup,1
BKP-5400,Linux Servers,2026-03-12T22:00,2026-03-12,2026-03,68,1.13,Success,1,261,0,SaaS Backup,1
BKP-5401,PKI,2026-01-29T18:00,2026-01-29,2026-01,91,1.52,Success,1,628,0,Primary Repository,1
BKP-5402,Linux Servers,2026-07-05T20:00,2026-07-05,2026-07,15,0.25,Success,1,146,1,Primary Repository,0
BKP-5403,Linux Servers,2026-04-06T13:00,2026-04-06,2026-04,19,0.32,Success,1,815,0,Primary Repository,1
BKP-5404,PKI,2026-05-12T13:00,2026-05-12,2026-05,101,1.68,Success,1,626,0,Immutable Repository,1
BKP-5405,Active Directory,2026-06-21T10:00,2026-06-21,2026-06,68,1.13,Success,1,829,0,AWS Backup Vault,1
BKP-5406,File Services,2026-04-21T14:00,2026-04-21,2026-04,24,0.4,Success,1,801,0,Primary Repository,1
BKP-5407,Linux Servers,2026-06-07T19:00,2026-06-07,2026-06,92,1.53,Success,1,341,0,Primary Repository,1
BKP-5408,Linux Servers,2026-07-23T02:00,2026-07-23,2026-07,12,0.2,Success,1,48,0,Immutable Repository,1
BKP-5409,Windows Servers,2026-05-13T16:00,2026-05-13,2026-05,57,0.95,Success,1,241,0,AWS Backup Vault,1
BKP-5410,File Services,2026-05-07T07:00,2026-05-07,2026-05,93,1.55,Success,1,647,0,SaaS Backup,1
BKP-5411,File Services,2026-06-24T00:00,2026-06-24,2026-06,128,2.13,Success,1,193,0,AWS Backup Vault,1
BKP-5412,Linux Servers,2026-03-05T04:00,2026-03-05,2026-03,89,1.48,Success,1,195,0,Primary Repository,1
BKP-5413,Linux Servers,2026-07-07T09:00,2026-07-07,2026-07,103,1.72,Success,1,146,0,AWS Backup Vault,1
BKP-5414,Linux Servers,2026-03-30T23:00,2026-03-30,2026-03,158,2.63,Success,1,108,0,AWS Backup Vault,1
BKP-5415,Microsoft 365,2026-05-23T17:00,2026-05-23,2026-05,73,1.22,Success,1,364,0,SaaS Backup,1
BKP-5416,PKI,2026-05-22T07:00,2026-05-22,2026-05,87,1.45,Success,1,136,1,AWS Backup Vault,0
BKP-5417,File Services,2026-03-27T09:00,2026-03-27,2026-03,65,1.08,Success,1,77,1,AWS Backup Vault,0
BKP-5418,Linux Servers,2026-02-23T20:00,2026-02-23,2026-02,138,2.3,Success,1,763,0,SaaS Backup,1
BKP-5419,Linux Servers,2026-06-20T07:00,2026-06-20,2026-06,92,1.53,Success,1,197,0,Primary Repository,1
BKP-5420,Active Directory,2026-03-14T23:00,2026-03-14,2026-03,84,1.4,Success,1,267,0,Primary Repository,1
BKP-5421,Microsoft 365,2026-04-07T19:00,2026-04-07,2026-04,85,1.42,Success,1,460,0,Immutable Repository,1
BKP-5422,PKI,2026-05-18T14:00,2026-05-18,2026-05,95,1.58,Success,1,193,0,SaaS Backup,1
BKP-5423,AWS RDS,2026-03-02T16:00,2026-03-02,2026-03,156,2.6,Success,1,664,1,Primary Repository,0
BKP-5424,Active Directory,2026-06-23T23:00,2026-06-23,2026-06,142,2.37,Success,1,109,0,Primary Repository,1
BKP-5425,File Services,2026-04-13T07:00,2026-04-13,2026-04,91,1.52,Success,1,706,0,AWS Backup Vault,1
BKP-5426,Linux Servers,2026-07-03T18:00,2026-07-03,2026-07,155,2.58,Success,1,21,0,AWS Backup Vault,1
BKP-5427,Active Directory,2026-01-27T09:00,2026-01-27,2026-01,17,0.28,Success,1,673,0,Primary Repository,1
BKP-5428,AWS RDS,2026-01-02T00:00,2026-01-02,2026-01,129,2.15,Success,1,410,0,Primary Repository,1
BKP-5429,Linux Servers,2026-05-09T23:00,2026-05-09,2026-05,132,2.2,Success,1,560,0,Immutable Repository,1
BKP-5430,Linux Servers,2026-06-04T09:00,2026-06-04,2026-06,123,2.05,Success,1,456,0,Primary Repository,1
BKP-5431,Linux Servers,2026-03-05T16:00,2026-03-05,2026-03,50,0.83,Success,1,308,0,Primary Repository,1
BKP-5432,File Services,2026-06-24T01:00,2026-06-24,2026-06,70,1.17,Success,1,442,0,Immutable Repository,1
BKP-5433,PKI,2026-03-03T19:00,2026-03-03,2026-03,66,1.1,Success,1,826,0,AWS Backup Vault,1
BKP-5434,File Services,2026-04-06T21:00,2026-04-06,2026-04,92,1.53,Success,1,753,0,Primary Repository,1
BKP-5435,Active Directory,2026-01-06T08:00,2026-01-06,2026-01,120,2.0,Success,1,643,0,Immutable Repository,1
BKP-5436,File Services,2026-04-10T13:00,2026-04-10,2026-04,84,1.4,Success,1,359,0,SaaS Backup,1
BKP-5437,Microsoft 365,2026-02-09T06:00,2026-02-09,2026-02,61,1.02,Success,1,668,0,Primary Repository,1
BKP-5438,Windows Servers,2026-06-07T03:00,2026-06-07,2026-06,32,0.53,Success,1,646,1,AWS Backup Vault,0
BKP-5439,Linux Servers,2026-03-22T14:00,2026-03-22,2026-03,135,2.25,Success,1,585,0,SaaS Backup,1
BKP-5440,Microsoft 365,2026-03-08T14:00,2026-03-08,2026-03,96,1.6,Success,1,685,0,Immutable Repository,1
BKP-5441,AWS RDS,2026-07-10T02:00,2026-07-10,2026-07,24,0.4,Success,1,89,0,SaaS Backup,1
BKP-5442,Active Directory,2026-03-16T15:00,2026-03-16,2026-03,127,2.12,Success,1,804,0,Primary Repository,1
BKP-5443,Linux Servers,2026-06-06T10:00,2026-06-06,2026-06,82,1.37,Success,1,736,0,Immutable Repository,1
BKP-5444,File Services,2026-07-14T17:00,2026-07-14,2026-07,20,0.33,Success,1,817,0,AWS Backup Vault,1
BKP-5445,Active Directory,2026-01-05T21:00,2026-01-05,2026-01,45,0.75,Success,1,647,0,Primary Repository,1
BKP-5446,Microsoft 365,2026-06-30T00:00,2026-06-30,2026-06,154,2.57,Success,1,675,0,Primary Repository,1
BKP-5447,Microsoft 365,2026-03-17T17:00,2026-03-17,2026-03,116,1.93,Success,1,55,1,AWS Backup Vault,0
BKP-5448,Active Directory,2026-06-02T07:00,2026-06-02,2026-06,70,1.17,Success,1,626,0,Immutable Repository,1
BKP-5449,AWS RDS,2026-02-06T18:00,2026-02-06,2026-02,41,0.68,Success,1,692,0,Primary Repository,1
BKP-5450,Active Directory,2026-06-28T07:00,2026-06-28,2026-06,20,0.33,Success,1,810,0,AWS Backup Vault,1
BKP-5451,File Services,2026-04-12T16:00,2026-04-12,2026-04,135,2.25,Success,1,72,0,SaaS Backup,1
BKP-5452,PKI,2026-04-25T09:00,2026-04-25,2026-04,155,2.58,Success,1,250,1,SaaS Backup,0
BKP-5453,File Services,2026-02-16T05:00,2026-02-16,2026-02,131,2.18,Success,1,783,0,SaaS Backup,1
BKP-5454,AWS RDS,2026-02-01T01:00,2026-02-01,2026-02,122,2.03,Success,1,688,0,SaaS Backup,1
BKP-5455,AWS RDS,2026-05-14T10:00,2026-05-14,2026-05,31,0.52,Success,1,98,0,SaaS Backup,1
BKP-5456,Windows Servers,2026-06-25T17:00,2026-06-25,2026-06,37,0.62,Success,1,38,0,Immutable Repository,1
BKP-5457,File Services,2026-03-18T05:00,2026-03-18,2026-03,137,2.28,Success,1,356,0,Immutable Repository,1
BKP-5458,PKI,2026-07-08T15:00,2026-07-08,2026-07,118,1.97,Success,1,752,0,Immutable Repository,1
BKP-5459,File Services,2026-03-16T06:00,2026-03-16,2026-03,17,0.28,Success,1,292,1,Primary Repository,0
BKP-5460,Microsoft 365,2026-02-22T18:00,2026-02-22,2026-02,71,1.18,Success,1,839,0,SaaS Backup,1
BKP-5461,Active Directory,2026-01-06T08:00,2026-01-06,2026-01,47,0.78,Success,1,309,0,Immutable Repository,1
BKP-5462,Windows Servers,2026-07-09T12:00,2026-07-09,2026-07,158,2.63,Success,1,20,0,SaaS Backup,1
BKP-5463,Active Directory,2026-05-10T08:00,2026-05-10,2026-05,39,0.65,Success,1,281,0,Primary Repository,1
BKP-5464,Active Directory,2026-04-23T10:00,2026-04-23,2026-04,58,0.97,Success,1,738,0,Primary Repository,1
BKP-5465,Windows Servers,2026-05-17T14:00,2026-05-17,2026-05,96,1.6,Success,1,796,1,AWS Backup Vault,0
BKP-5466,AWS RDS,2026-06-07T12:00,2026-06-07,2026-06,40,0.67,Success,1,643,0,Primary Repository,1
BKP-5467,Windows Servers,2026-07-10T23:00,2026-07-10,2026-07,160,2.67,Success,1,694,0,Primary Repository,1
BKP-5468,Linux Servers,2026-01-29T04:00,2026-01-29,2026-01,75,1.25,Success,1,168,1,AWS Backup Vault,0
BKP-5469,Windows Servers,2026-01-18T11:00,2026-01-18,2026-01,38,0.63,Success,1,592,0,AWS Backup Vault,1
BKP-5470,AWS RDS,2026-05-18T03:00,2026-05-18,2026-05,61,1.02,Success,1,845,1,Primary Repository,0
BKP-5471,PKI,2026-04-18T08:00,2026-04-18,2026-04,113,1.88,Success,1,820,0,AWS Backup Vault,1
BKP-5472,AWS RDS,2026-04-04T13:00,2026-04-04,2026-04,142,2.37,Success,1,224,0,Primary Repository,1
BKP-5473,File Services,2026-04-30T00:00,2026-04-30,2026-04,98,1.63,Success,1,593,0,Primary Repository,1
BKP-5474,Linux Servers,2026-03-08T17:00,2026-03-08,2026-03,152,2.53,Success,1,157,0,Immutable Repository,1
BKP-5475,PKI,2026-02-04T04:00,2026-02-04,2026-02,32,0.53,Success,1,122,0,SaaS Backup,1
BKP-5476,Active Directory,2026-07-11T10:00,2026-07-11,2026-07,49,0.82,Success,1,311,0,Primary Repository,1
BKP-5477,Windows Servers,2026-06-10T04:00,2026-06-10,2026-06,49,0.82,Success,1,79,0,AWS Backup Vault,1
BKP-5478,Linux Servers,2026-04-14T19:00,2026-04-14,2026-04,47,0.78,Success,1,745,0,SaaS Backup,1
BKP-5479,AWS RDS,2026-06-16T09:00,2026-06-16,2026-06,145,2.42,Success,1,414,0,AWS Backup Vault,1
BKP-5480,File Services,2026-05-02T14:00,2026-05-02,2026-05,117,1.95,Success,1,331,0,Primary Repository,1
BKP-5481,Windows Servers,2026-05-08T07:00,2026-05-08,2026-05,66,1.1,Success,1,648,0,Immutable Repository,1
BKP-5482,Active Directory,2026-05-23T21:00,2026-05-23,2026-05,93,1.55,Success,1,329,0,AWS Backup Vault,1
BKP-5483,File Services,2026-01-20T21:00,2026-01-20,2026-01,79,1.32,Success,1,843,0,SaaS Backup,1
BKP-5484,Linux Servers,2026-07-16T08:00,2026-07-16,2026-07,62,1.03,Success,1,605,0,SaaS Backup,1
BKP-5485,Active Directory,2026-02-08T23:00,2026-02-08,2026-02,43,0.72,Success,1,798,0,Immutable Repository,1
BKP-5486,Linux Servers,2026-03-09T10:00,2026-03-09,2026-03,122,2.03,Success,1,245,0,Immutable Repository,1
BKP-5487,Linux Servers,2026-01-28T13:00,2026-01-28,2026-01,19,0.32,Success,1,304,1,AWS Backup Vault,0
BKP-5488,Linux Servers,2026-06-09T20:00,2026-06-09,2026-06,64,1.07,Success,1,391,0,Primary Repository,1
BKP-5489,Microsoft 365,2026-05-07T20:00,2026-05-07,2026-05,86,1.43,Success,1,799,0,AWS Backup Vault,1
BKP-5490,Linux Servers,2026-01-13T21:00,2026-01-13,2026-01,142,2.37,Success,1,253,0,SaaS Backup,1
BKP-5491,Linux Servers,2026-03-02T00:00,2026-03-02,2026-03,126,2.1,Success,1,386,0,AWS Backup Vault,1
BKP-5492,Windows Servers,2026-03-18T19:00,2026-03-18,2026-03,128,2.13,Success,1,590,0,SaaS Backup,1
BKP-5493,PKI,2026-02-25T17:00,2026-02-25,2026-02,93,1.55,Success,1,114,0,Primary Repository,1
BKP-5494,Active Directory,2026-04-19T07:00,2026-04-19,2026-04,18,0.3,Success,1,792,0,Primary Repository,1
BKP-5495,Linux Servers,2026-03-16T08:00,2026-03-16,2026-03,112,1.87,Success,1,164,0,Immutable Repository,1
BKP-5496,AWS RDS,2026-05-30T19:00,2026-05-30,2026-05,13,0.22,Success,1,393,0,Primary Repository,1
BKP-5497,Microsoft 365,2026-01-20T02:00,2026-01-20,2026-01,126,2.1,Success,1,755,1,Primary Repository,0
BKP-5498,Linux Servers,2026-06-26T14:00,2026-06-26,2026-06,61,1.02,Success,1,23,1,AWS Backup Vault,0
BKP-5499,Windows Servers,2026-06-14T07:00,2026-06-14,2026-06,47,0.78,Success,1,655,0,Primary Repository,1
BKP-5500,File Services,2026-07-20T20:00,2026-07-20,2026-07,137,2.28,Success,1,314,0,SaaS Backup,1
BKP-5501,File Services,2026-05-30T06:00,2026-05-30,2026-05,104,1.73,Success,1,849,0,SaaS Backup,1
BKP-5502,Windows Servers,2026-06-24T19:00,2026-06-24,2026-06,79,1.32,Success,1,767,0,SaaS Backup,1
BKP-5503,Windows Servers,2026-04-13T07:00,2026-04-13,2026-04,24,0.4,Success,1,89,0,SaaS Backup,1
BKP-5504,Microsoft 365,2026-07-17T20:00,2026-07-17,2026-07,144,2.4,Success,1,820,0,AWS Backup Vault,1
BKP-5505,Microsoft 365,2026-07-09T15:00,2026-07-09,2026-07,19,0.32,Success,1,492,0,SaaS Backup,1
BKP-5506,Linux Servers,2026-01-06T10:00,2026-01-06,2026-01,129,2.15,Success,1,573,0,AWS Backup Vault,1
BKP-5507,File Services,2026-03-19T21:00,2026-03-19,2026-03,144,2.4,Success,1,272,0,SaaS Backup,1
BKP-5508,Active Directory,2026-06-15T14:00,2026-06-15,2026-06,46,0.77,Success,1,491,0,Primary Repository,1
BKP-5509,Active Directory,2026-01-12T06:00,2026-01-12,2026-01,95,1.58,Success,1,745,0,Primary Repository,1
BKP-5510,PKI,2026-02-17T03:00,2026-02-17,2026-02,24,0.4,Success,1,689,0,Primary Repository,1
BKP-5511,Windows Servers,2026-07-11T02:00,2026-07-11,2026-07,85,1.42,Success,1,419,0,SaaS Backup,1
BKP-5512,Microsoft 365,2026-03-01T19:00,2026-03-01,2026-03,142,2.37,Success,1,676,0,SaaS Backup,1
BKP-5513,Microsoft 365,2026-07-04T09:00,2026-07-04,2026-07,105,1.75,Success,1,589,0,Immutable Repository,1
BKP-5514,Microsoft 365,2026-01-11T02:00,2026-01-11,2026-01,105,1.75,Success,1,783,0,Immutable Repository,1
BKP-5515,Active Directory,2026-05-13T20:00,2026-05-13,2026-05,127,2.12,Success,1,436,0,Immutable Repository,1
BKP-5516,PKI,2026-05-05T13:00,2026-05-05,2026-05,106,1.77,Success,1,706,0,AWS Backup Vault,1
BKP-5517,Linux Servers,2026-06-10T09:00,2026-06-10,2026-06,113,1.88,Success,1,790,0,Immutable Repository,1
BKP-5518,Windows Servers,2026-07-25T21:00,2026-07-25,2026-07,120,2.0,Success,1,64,0,Immutable Repository,1
BKP-5519,File Services,2026-05-30T09:00,2026-05-30,2026-05,131,2.18,Success,1,561,0,SaaS Backup,1
BKP-5520,Linux Servers,2026-03-25T05:00,2026-03-25,2026-03,69,1.15,Success,1,816,0,SaaS Backup,1
BKP-5521,Windows Servers,2026-06-29T03:00,2026-06-29,2026-06,84,1.4,Success,1,539,0,AWS Backup Vault,1
BKP-5522,File Services,2026-06-15T02:00,2026-06-15,2026-06,121,2.02,Success,1,302,0,Immutable Repository,1
BKP-5523,Linux Servers,2026-05-03T08:00,2026-05-03,2026-05,93,1.55,Success,1,404,0,SaaS Backup,1
BKP-5524,File Services,2026-06-10T19:00,2026-06-10,2026-06,28,0.47,Failed,0,586,0,SaaS Backup,1
BKP-5525,Active Directory,2026-06-05T19:00,2026-06-05,2026-06,73,1.22,Success,1,589,0,Immutable Repository,1
BKP-5526,AWS RDS,2026-03-27T21:00,2026-03-27,2026-03,37,0.62,Success,1,294,0,Primary Repository,1
BKP-5527,PKI,2026-05-01T15:00,2026-05-01,2026-05,148,2.47,Success,1,539,0,Primary Repository,1
BKP-5528,PKI,2026-05-15T21:00,2026-05-15,2026-05,30,0.5,Success,1,579,0,Immutable Repository,1
BKP-5529,PKI,2026-03-08T00:00,2026-03-08,2026-03,53,0.88,Success,1,366,0,AWS Backup Vault,1
BKP-5530,PKI,2026-02-02T08:00,2026-02-02,2026-02,93,1.55,Success,1,187,0,AWS Backup Vault,1
BKP-5531,Linux Servers,2026-05-27T11:00,2026-05-27,2026-05,119,1.98,Success,1,21,0,SaaS Backup,1
BKP-5532,Microsoft 365,2026-05-09T14:00,2026-05-09,2026-05,70,1.17,Success,1,164,0,AWS Backup Vault,1
BKP-5533,Windows Servers,2026-05-08T00:00,2026-05-08,2026-05,139,2.32,Success,1,821,1,Primary Repository,0
BKP-5534,AWS RDS,2026-04-03T21:00,2026-04-03,2026-04,30,0.5,Success,1,231,0,AWS Backup Vault,1
BKP-5535,Linux Servers,2026-04-07T07:00,2026-04-07,2026-04,107,1.78,Success,1,226,0,Primary Repository,1
BKP-5536,AWS RDS,2026-03-28T07:00,2026-03-28,2026-03,30,0.5,Success,1,593,0,Immutable Repository,1
BKP-5537,Microsoft 365,2026-03-31T08:00,2026-03-31,2026-03,120,2.0,Success,1,837,0,Immutable Repository,1
BKP-5538,Windows Servers,2026-03-28T23:00,2026-03-28,2026-03,72,1.2,Success,1,806,0,SaaS Backup,1
BKP-5539,PKI,2026-01-29T19:00,2026-01-29,2026-01,100,1.67,Success,1,126,0,Immutable Repository,1
BKP-5540,File Services,2026-06-09T19:00,2026-06-09,2026-06,17,0.28,Success,1,626,0,SaaS Backup,1
BKP-5541,Linux Servers,2026-03-07T22:00,2026-03-07,2026-03,157,2.62,Success,1,716,0,Immutable Repository,1
BKP-5542,File Services,2026-04-16T00:00,2026-04-16,2026-04,41,0.68,Success,1,639,0,Immutable Repository,1
BKP-5543,PKI,2026-04-03T18:00,2026-04-03,2026-04,108,1.8,Success,1,656,0,Immutable Repository,1
BKP-5544,Windows Servers,2026-05-11T00:00,2026-05-11,2026-05,87,1.45,Success,1,125,0,Immutable Repository,1
BKP-5545,AWS RDS,2026-06-06T18:00,2026-06-06,2026-06,28,0.47,Success,1,757,1,Primary Repository,0
BKP-5546,PKI,2026-01-27T13:00,2026-01-27,2026-01,102,1.7,Success,1,322,0,SaaS Backup,1
BKP-5547,Linux Servers,2026-02-23T00:00,2026-02-23,2026-02,81,1.35,Success,1,221,0,Primary Repository,1
BKP-5548,Active Directory,2026-06-01T07:00,2026-06-01,2026-06,48,0.8,Success,1,258,0,AWS Backup Vault,1
BKP-5549,Active Directory,2026-03-26T05:00,2026-03-26,2026-03,147,2.45,Success,1,832,0,SaaS Backup,1
BKP-5550,Active Directory,2026-02-04T17:00,2026-02-04,2026-02,83,1.38,Success,1,227,0,AWS Backup Vault,1
BKP-5551,Microsoft 365,2026-05-22T23:00,2026-05-22,2026-05,154,2.57,Success,1,564,0,AWS Backup Vault,1
BKP-5552,PKI,2026-02-13T08:00,2026-02-13,2026-02,98,1.63,Success,1,799,0,SaaS Backup,1
BKP-5553,File Services,2026-01-14T12:00,2026-01-14,2026-01,51,0.85,Success,1,275,0,SaaS Backup,1
BKP-5554,Windows Servers,2026-05-28T13:00,2026-05-28,2026-05,84,1.4,Success,1,507,0,SaaS Backup,1
BKP-5555,Windows Servers,2026-07-06T19:00,2026-07-06,2026-07,96,1.6,Success,1,497,0,Primary Repository,1
BKP-5556,Linux Servers,2026-04-09T00:00,2026-04-09,2026-04,123,2.05,Success,1,165,0,SaaS Backup,1
BKP-5557,Microsoft 365,2026-01-07T10:00,2026-01-07,2026-01,90,1.5,Success,1,494,0,Primary Repository,1
BKP-5558,PKI,2026-04-18T07:00,2026-04-18,2026-04,22,0.37,Success,1,134,0,AWS Backup Vault,1
BKP-5559,AWS RDS,2026-05-05T17:00,2026-05-05,2026-05,60,1.0,Success,1,84,1,AWS Backup Vault,0
BKP-5560,Active Directory,2026-04-07T16:00,2026-04-07,2026-04,85,1.42,Success,1,478,0,Immutable Repository,1
BKP-5561,Microsoft 365,2026-07-27T09:00,2026-07-27,2026-07,65,1.08,Success,1,188,0,SaaS Backup,1
BKP-5562,Windows Servers,2026-07-24T15:00,2026-07-24,2026-07,126,2.1,Success,1,600,0,Immutable Repository,1
BKP-5563,AWS RDS,2026-06-19T20:00,2026-06-19,2026-06,30,0.5,Success,1,279,0,Immutable Repository,1
BKP-5564,PKI,2026-06-15T16:00,2026-06-15,2026-06,80,1.33,Success,1,803,0,Primary Repository,1
BKP-5565,Active Directory,2026-06-12T01:00,2026-06-12,2026-06,105,1.75,Success,1,81,0,AWS Backup Vault,1
BKP-5566,File Services,2026-02-01T14:00,2026-02-01,2026-02,74,1.23,Success,1,182,0,Primary Repository,1
BKP-5567,Windows Servers,2026-07-16T21:00,2026-07-16,2026-07,105,1.75,Success,1,516,0,SaaS Backup,1
BKP-5568,Linux Servers,2026-05-16T16:00,2026-05-16,2026-05,84,1.4,Success,1,832,1,AWS Backup Vault,0
BKP-5569,Microsoft 365,2026-04-12T04:00,2026-04-12,2026-04,111,1.85,Success,1,592,0,Immutable Repository,1
BKP-5570,Microsoft 365,2026-03-19T08:00,2026-03-19,2026-03,114,1.9,Success,1,613,0,Primary Repository,1
BKP-5571,Linux Servers,2026-02-13T07:00,2026-02-13,2026-02,55,0.92,Success,1,838,0,AWS Backup Vault,1
BKP-5572,AWS RDS,2026-03-15T03:00,2026-03-15,2026-03,115,1.92,Success,1,845,0,Immutable Repository,1
BKP-5573,PKI,2026-07-23T17:00,2026-07-23,2026-07,94,1.57,Success,1,435,0,Primary Repository,1
BKP-5574,Windows Servers,2026-01-30T02:00,2026-01-30,2026-01,79,1.32,Success,1,125,0,AWS Backup Vault,1
BKP-5575,Linux Servers,2026-03-31T17:00,2026-03-31,2026-03,56,0.93,Success,1,569,0,Immutable Repository,1
BKP-5576,Active Directory,2026-07-27T17:00,2026-07-27,2026-07,58,0.97,Success,1,689,0,SaaS Backup,1
BKP-5577,PKI,2026-02-14T10:00,2026-02-14,2026-02,115,1.92,Success,1,772,0,Primary Repository,1
BKP-5578,File Services,2026-05-11T23:00,2026-05-11,2026-05,99,1.65,Success,1,648,0,AWS Backup Vault,1
BKP-5579,PKI,2026-04-13T13:00,2026-04-13,2026-04,103,1.72,Success,1,739,0,Immutable Repository,1
BKP-5580,AWS RDS,2026-02-15T06:00,2026-02-15,2026-02,75,1.25,Success,1,113,0,AWS Backup Vault,1
BKP-5581,File Services,2026-03-28T05:00,2026-03-28,2026-03,90,1.5,Success,1,23,0,AWS Backup Vault,1
BKP-5582,Windows Servers,2026-02-01T19:00,2026-02-01,2026-02,153,2.55,Success,1,802,0,SaaS Backup,1
BKP-5583,File Services,2026-03-30T16:00,2026-03-30,2026-03,17,0.28,Success,1,316,0,Immutable Repository,1
BKP-5584,Active Directory,2026-06-25T00:00,2026-06-25,2026-06,134,2.23,Success,1,749,0,AWS Backup Vault,1
BKP-5585,AWS RDS,2026-03-25T16:00,2026-03-25,2026-03,149,2.48,Success,1,612,0,AWS Backup Vault,1
BKP-5586,Windows Servers,2026-03-19T09:00,2026-03-19,2026-03,82,1.37,Success,1,839,0,Primary Repository,1
BKP-5587,Active Directory,2026-03-30T00:00,2026-03-30,2026-03,144,2.4,Success,1,738,0,Immutable Repository,1
BKP-5588,Microsoft 365,2026-02-02T02:00,2026-02-02,2026-02,43,0.72,Success,1,342,0,SaaS Backup,1
BKP-5589,Linux Servers,2026-04-08T04:00,2026-04-08,2026-04,24,0.4,Success,1,820,0,Immutable Repository,1
BKP-5590,File Services,2026-03-14T17:00,2026-03-14,2026-03,131,2.18,Success,1,684,0,Immutable Repository,1
BKP-5591,Active Directory,2026-01-12T06:00,2026-01-12,2026-01,36,0.6,Success,1,502,0,AWS Backup Vault,1
BKP-5592,Microsoft 365,2026-06-24T16:00,2026-06-24,2026-06,101,1.68,Success,1,176,0,Immutable Repository,1
BKP-5593,Active Directory,2026-03-16T12:00,2026-03-16,2026-03,87,1.45,Success,1,344,0,Primary Repository,1
BKP-5594,PKI,2026-07-19T07:00,2026-07-19,2026-07,50,0.83,Success,1,323,0,Primary Repository,1
BKP-5595,Windows Servers,2026-05-28T10:00,2026-05-28,2026-05,17,0.28,Success,1,304,0,Immutable Repository,1
BKP-5596,Linux Servers,2026-05-05T01:00,2026-05-05,2026-05,101,1.68,Success,1,533,0,SaaS Backup,1
BKP-5597,Windows Servers,2026-04-12T03:00,2026-04-12,2026-04,149,2.48,Success,1,732,0,SaaS Backup,1
BKP-5598,PKI,2026-05-25T19:00,2026-05-25,2026-05,143,2.38,Success,1,589,0,Primary Repository,1
BKP-5599,Windows Servers,2026-03-29T01:00,2026-03-29,2026-03,116,1.93,Success,1,120,0,Immutable Repository,1
BKP-5600,File Services,2026-01-12T07:00,2026-01-12,2026-01,129,2.15,Success,1,44,0,Primary Repository,1
BKP-5601,Microsoft 365,2026-04-02T03:00,2026-04-02,2026-04,76,1.27,Success,1,439,0,Primary Repository,1
BKP-5602,Microsoft 365,2026-03-31T22:00,2026-03-31,2026-03,100,1.67,Success,1,499,0,Immutable Repository,1
BKP-5603,Active Directory,2026-01-02T21:00,2026-01-02,2026-01,81,1.35,Success,1,437,0,AWS Backup Vault,1
BKP-5604,Microsoft 365,2026-01-18T07:00,2026-01-18,2026-01,79,1.32,Success,1,279,0,SaaS Backup,1
BKP-5605,Microsoft 365,2026-07-22T09:00,2026-07-22,2026-07,20,0.33,Success,1,421,0,Primary Repository,1
BKP-5606,Windows Servers,2026-05-22T23:00,2026-05-22,2026-05,76,1.27,Success,1,514,0,Primary Repository,1
BKP-5607,File Services,2026-04-14T07:00,2026-04-14,2026-04,74,1.23,Success,1,393,0,AWS Backup Vault,1
BKP-5608,PKI,2026-07-29T16:00,2026-07-29,2026-07,12,0.2,Success,1,333,0,Immutable Repository,1
BKP-5609,Microsoft 365,2026-06-02T12:00,2026-06-02,2026-06,51,0.85,Success,1,182,0,AWS Backup Vault,1
BKP-5610,Windows Servers,2026-07-09T13:00,2026-07-09,2026-07,34,0.57,Success,1,678,1,Immutable Repository,0
BKP-5611,AWS RDS,2026-03-09T09:00,2026-03-09,2026-03,76,1.27,Success,1,236,0,AWS Backup Vault,1
BKP-5612,Active Directory,2026-06-28T20:00,2026-06-28,2026-06,127,2.12,Success,1,147,0,Immutable Repository,1
BKP-5613,Windows Servers,2026-06-26T06:00,2026-06-26,2026-06,156,2.6,Success,1,721,0,Immutable Repository,1
BKP-5614,AWS RDS,2026-07-20T14:00,2026-07-20,2026-07,141,2.35,Success,1,371,0,AWS Backup Vault,1
BKP-5615,File Services,2026-07-19T04:00,2026-07-19,2026-07,34,0.57,Success,1,235,0,SaaS Backup,1
BKP-5616,Microsoft 365,2026-02-01T06:00,2026-02-01,2026-02,160,2.67,Success,1,98,0,Primary Repository,1
BKP-5617,AWS RDS,2026-03-04T05:00,2026-03-04,2026-03,71,1.18,Success,1,782,0,SaaS Backup,1
BKP-5618,Windows Servers,2026-03-11T01:00,2026-03-11,2026-03,52,0.87,Success,1,225,0,SaaS Backup,1
BKP-5619,File Services,2026-05-08T04:00,2026-05-08,2026-05,31,0.52,Success,1,400,0,Primary Repository,1
BKP-5620,AWS RDS,2026-03-20T22:00,2026-03-20,2026-03,112,1.87,Success,1,218,0,SaaS Backup,1
BKP-5621,Microsoft 365,2026-02-08T05:00,2026-02-08,2026-02,141,2.35,Success,1,515,0,SaaS Backup,1
BKP-5622,Windows Servers,2026-04-30T00:00,2026-04-30,2026-04,16,0.27,Success,1,464,0,Primary Repository,1
BKP-5623,Microsoft 365,2026-05-13T19:00,2026-05-13,2026-05,18,0.3,Failed,0,432,0,Immutable Repository,1
BKP-5624,Active Directory,2026-03-23T14:00,2026-03-23,2026-03,107,1.78,Success,1,847,1,AWS Backup Vault,0
BKP-5625,Windows Servers,2026-04-16T21:00,2026-04-16,2026-04,152,2.53,Success,1,338,0,SaaS Backup,1
BKP-5626,Linux Servers,2026-01-11T18:00,2026-01-11,2026-01,70,1.17,Success,1,816,0,Immutable Repository,1
BKP-5627,Microsoft 365,2026-07-27T08:00,2026-07-27,2026-07,118,1.97,Success,1,177,0,Primary Repository,1
BKP-5628,PKI,2026-07-29T01:00,2026-07-29,2026-07,41,0.68,Success,1,111,0,Immutable Repository,1
BKP-5629,Microsoft 365,2026-01-31T14:00,2026-01-31,2026-01,35,0.58,Success,1,357,0,Immutable Repository,1
BKP-5630,File Services,2026-06-17T20:00,2026-06-17,2026-06,26,0.43,Success,1,590,0,Primary Repository,1
BKP-5631,Microsoft 365,2026-01-22T22:00,2026-01-22,2026-01,40,0.67,Success,1,31,0,SaaS Backup,1
BKP-5632,AWS RDS,2026-07-11T20:00,2026-07-11,2026-07,36,0.6,Success,1,460,0,SaaS Backup,1
BKP-5633,Active Directory,2026-01-04T16:00,2026-01-04,2026-01,126,2.1,Success,1,68,1,Immutable Repository,0
BKP-5634,Active Directory,2026-03-18T13:00,2026-03-18,2026-03,98,1.63,Success,1,766,0,SaaS Backup,1
BKP-5635,AWS RDS,2026-05-13T15:00,2026-05-13,2026-05,110,1.83,Success,1,603,0,SaaS Backup,1
BKP-5636,PKI,2026-03-12T03:00,2026-03-12,2026-03,56,0.93,Success,1,381,0,Immutable Repository,1
BKP-5637,File Services,2026-04-03T09:00,2026-04-03,2026-04,63,1.05,Success,1,582,0,SaaS Backup,1
BKP-5638,File Services,2026-03-27T17:00,2026-03-27,2026-03,115,1.92,Success,1,257,0,Immutable Repository,1
BKP-5639,File Services,2026-03-30T23:00,2026-03-30,2026-03,152,2.53,Success,1,459,0,SaaS Backup,1
BKP-5640,Microsoft 365,2026-01-07T16:00,2026-01-07,2026-01,88,1.47,Success,1,604,0,SaaS Backup,1
BKP-5641,Windows Servers,2026-07-28T11:00,2026-07-28,2026-07,103,1.72,Success,1,447,0,Primary Repository,1
BKP-5642,Linux Servers,2026-07-17T06:00,2026-07-17,2026-07,63,1.05,Success,1,28,0,Immutable Repository,1
BKP-5643,Active Directory,2026-04-26T22:00,2026-04-26,2026-04,148,2.47,Success,1,457,0,SaaS Backup,1
BKP-5644,Active Directory,2026-04-07T13:00,2026-04-07,2026-04,90,1.5,Success,1,753,0,Immutable Repository,1
BKP-5645,AWS RDS,2026-07-13T21:00,2026-07-13,2026-07,78,1.3,Success,1,62,0,Primary Repository,1
BKP-5646,Windows Servers,2026-03-12T15:00,2026-03-12,2026-03,89,1.48,Success,1,222,1,SaaS Backup,0
BKP-5647,Active Directory,2026-07-29T09:00,2026-07-29,2026-07,62,1.03,Success,1,194,1,AWS Backup Vault,0
BKP-5648,File Services,2026-01-15T14:00,2026-01-15,2026-01,27,0.45,Success,1,59,0,AWS Backup Vault,1
BKP-5649,Linux Servers,2026-03-30T20:00,2026-03-30,2026-03,136,2.27,Success,1,104,0,SaaS Backup,1
BKP-5650,Windows Servers,2026-01-31T17:00,2026-01-31,2026-01,48,0.8,Success,1,64,0,Immutable Repository,1
BKP-5651,Linux Servers,2026-01-31T07:00,2026-01-31,2026-01,97,1.62,Success,1,304,0,AWS Backup Vault,1
BKP-5652,File Services,2026-03-07T08:00,2026-03-07,2026-03,134,2.23,Success,1,587,0,AWS Backup Vault,1
BKP-5653,File Services,2026-05-28T15:00,2026-05-28,2026-05,97,1.62,Success,1,762,0,Primary Repository,1
BKP-5654,Windows Servers,2026-07-03T07:00,2026-07-03,2026-07,53,0.88,Success,1,304,1,Immutable Repository,0
BKP-5655,Linux Servers,2026-07-18T18:00,2026-07-18,2026-07,39,0.65,Success,1,174,1,AWS Backup Vault,0
BKP-5656,AWS RDS,2026-07-04T18:00,2026-07-04,2026-07,71,1.18,Success,1,317,0,Immutable Repository,1
BKP-5657,Windows Servers,2026-02-13T20:00,2026-02-13,2026-02,23,0.38,Success,1,559,0,Primary Repository,1
BKP-5658,File Services,2026-06-25T03:00,2026-06-25,2026-06,54,0.9,Success,1,428,0,Immutable Repository,1
BKP-5659,Active Directory,2026-03-04T16:00,2026-03-04,2026-03,60,1.0,Success,1,178,0,Primary Repository,1
BKP-5660,Windows Servers,2026-07-22T02:00,2026-07-22,2026-07,114,1.9,Success,1,470,0,Immutable Repository,1
BKP-5661,AWS RDS,2026-03-21T20:00,2026-03-21,2026-03,118,1.97,Success,1,395,0,AWS Backup Vault,1
BKP-5662,Microsoft 365,2026-06-16T23:00,2026-06-16,2026-06,127,2.12,Success,1,405,0,Immutable Repository,1
BKP-5663,PKI,2026-01-15T11:00,2026-01-15,2026-01,123,2.05,Success,1,660,1,Primary Repository,0
BKP-5664,Windows Servers,2026-01-07T15:00,2026-01-07,2026-01,86,1.43,Success,1,15,0,AWS Backup Vault,1
BKP-5665,PKI,2026-05-10T16:00,2026-05-10,2026-05,113,1.88,Success,1,794,0,SaaS Backup,1
BKP-5666,Windows Servers,2026-05-23T14:00,2026-05-23,2026-05,155,2.58,Success,1,90,0,Immutable Repository,1
BKP-5667,File Services,2026-06-27T23:00,2026-06-27,2026-06,156,2.6,Success,1,252,0,Primary Repository,1
BKP-5668,AWS RDS,2026-04-11T14:00,2026-04-11,2026-04,81,1.35,Success,1,565,1,Primary Repository,0
BKP-5669,AWS RDS,2026-04-21T03:00,2026-04-21,2026-04,74,1.23,Success,1,179,1,Immutable Repository,0
BKP-5670,Linux Servers,2026-01-14T13:00,2026-01-14,2026-01,123,2.05,Success,1,554,0,SaaS Backup,1
BKP-5671,Windows Servers,2026-05-01T14:00,2026-05-01,2026-05,150,2.5,Success,1,419,1,SaaS Backup,0
BKP-5672,File Services,2026-01-16T07:00,2026-01-16,2026-01,126,2.1,Success,1,677,0,Immutable Repository,1
BKP-5673,Microsoft 365,2026-03-29T08:00,2026-03-29,2026-03,86,1.43,Success,1,25,0,Primary Repository,1
BKP-5674,PKI,2026-04-07T05:00,2026-04-07,2026-04,89,1.48,Success,1,187,0,Primary Repository,1
BKP-5675,Windows Servers,2026-03-25T04:00,2026-03-25,2026-03,62,1.03,Success,1,411,0,SaaS Backup,1
BKP-5676,Linux Servers,2026-04-22T19:00,2026-04-22,2026-04,76,1.27,Success,1,194,0,SaaS Backup,1
BKP-5677,Linux Servers,2026-04-07T01:00,2026-04-07,2026-04,107,1.78,Success,1,47,0,Immutable Repository,1
BKP-5678,Linux Servers,2026-04-28T03:00,2026-04-28,2026-04,24,0.4,Success,1,461,0,AWS Backup Vault,1
BKP-5679,File Services,2026-07-26T23:00,2026-07-26,2026-07,109,1.82,Success,1,476,0,Primary Repository,1
BKP-5680,PKI,2026-06-22T22:00,2026-06-22,2026-06,91,1.52,Success,1,760,0,SaaS Backup,1
BKP-5681,Linux Servers,2026-02-09T06:00,2026-02-09,2026-02,91,1.52,Success,1,356,0,SaaS Backup,1
BKP-5682,Linux Servers,2026-04-14T00:00,2026-04-14,2026-04,100,1.67,Success,1,207,0,SaaS Backup,1
BKP-5683,PKI,2026-07-09T06:00,2026-07-09,2026-07,86,1.43,Success,1,637,0,Primary Repository,1
BKP-5684,File Services,2026-07-20T18:00,2026-07-20,2026-07,125,2.08,Success,1,738,0,Immutable Repository,1
BKP-5685,AWS RDS,2026-04-07T10:00,2026-04-07,2026-04,35,0.58,Success,1,2,0,Immutable Repository,1
BKP-5686,File Services,2026-06-22T21:00,2026-06-22,2026-06,140,2.33,Success,1,567,0,Immutable Repository,1
BKP-5687,File Services,2026-04-08T16:00,2026-04-08,2026-04,40,0.67,Success,1,706,0,AWS Backup Vault,1
BKP-5688,Linux Servers,2026-04-05T10:00,2026-04-05,2026-04,119,1.98,Success,1,90,0,SaaS Backup,1
BKP-5689,Active Directory,2026-05-21T02:00,2026-05-21,2026-05,134,2.23,Success,1,304,0,Primary Repository,1
BKP-5690,AWS RDS,2026-04-07T10:00,2026-04-07,2026-04,130,2.17,Success,1,183,0,SaaS Backup,1
BKP-5691,AWS RDS,2026-05-29T00:00,2026-05-29,2026-05,136,2.27,Success,1,621,0,AWS Backup Vault,1
BKP-5692,Active Directory,2026-07-26T17:00,2026-07-26,2026-07,49,0.82,Success,1,585,0,AWS Backup Vault,1
BKP-5693,Linux Servers,2026-02-09T02:00,2026-02-09,2026-02,122,2.03,Success,1,163,1,SaaS Backup,0
BKP-5694,Microsoft 365,2026-06-05T18:00,2026-06-05,2026-06,121,2.02,Success,1,585,0,AWS Backup Vault,1
BKP-5695,Active Directory,2026-02-01T06:00,2026-02-01,2026-02,120,2.0,Success,1,471,0,Primary Repository,1
BKP-5696,Windows Servers,2026-04-07T22:00,2026-04-07,2026-04,134,2.23,Success,1,408,1,AWS Backup Vault,0
BKP-5697,Microsoft 365,2026-07-17T20:00,2026-07-17,2026-07,45,0.75,Success,1,213,0,AWS Backup Vault,1
BKP-5698,Active Directory,2026-05-26T03:00,2026-05-26,2026-05,157,2.62,Success,1,307,0,SaaS Backup,1
BKP-5699,PKI,2026-03-24T03:00,2026-03-24,2026-03,34,0.57,Success,1,738,0,Immutable Repository,1
BKP-5700,Microsoft 365,2026-06-05T06:00,2026-06-05,2026-06,125,2.08,Success,1,661,0,SaaS Backup,1
BKP-5701,PKI,2026-02-11T15:00,2026-02-11,2026-02,140,2.33,Success,1,75,0,AWS Backup Vault,1
BKP-5702,PKI,2026-05-21T15:00,2026-05-21,2026-05,98,1.63,Success,1,533,1,Primary Repository,0
BKP-5703,Active Directory,2026-03-26T20:00,2026-03-26,2026-03,154,2.57,Success,1,438,1,Immutable Repository,0
BKP-5704,File Services,2026-07-26T21:00,2026-07-26,2026-07,99,1.65,Success,1,44,0,Primary Repository,1
BKP-5705,PKI,2026-01-14T15:00,2026-01-14,2026-01,110,1.83,Success,1,229,0,SaaS Backup,1
BKP-5706,Windows Servers,2026-03-12T10:00,2026-03-12,2026-03,156,2.6,Success,1,121,0,AWS Backup Vault,1
BKP-5707,Windows Servers,2026-07-09T02:00,2026-07-09,2026-07,77,1.28,Success,1,319,0,AWS Backup Vault,1
BKP-5708,Linux Servers,2026-07-02T22:00,2026-07-02,2026-07,42,0.7,Success,1,28,0,SaaS Backup,1
BKP-5709,Linux Servers,2026-01-27T01:00,2026-01-27,2026-01,82,1.37,Success,1,814,0,Primary Repository,1
BKP-5710,AWS RDS,2026-07-14T04:00,2026-07-14,2026-07,29,0.48,Success,1,695,0,SaaS Backup,1
BKP-5711,AWS RDS,2026-04-09T00:00,2026-04-09,2026-04,76,1.27,Success,1,119,0,Primary Repository,1
BKP-5712,Active Directory,2026-07-17T12:00,2026-07-17,2026-07,121,2.02,Success,1,792,0,Primary Repository,1
BKP-5713,Windows Servers,2026-07-21T21:00,2026-07-21,2026-07,137,2.28,Success,1,49,0,Immutable Repository,1
BKP-5714,Linux Servers,2026-02-22T12:00,2026-02-22,2026-02,85,1.42,Success,1,714,0,SaaS Backup,1
BKP-5715,PKI,2026-01-05T21:00,2026-01-05,2026-01,93,1.55,Success,1,744,0,SaaS Backup,1
BKP-5716,Linux Servers,2026-07-26T16:00,2026-07-26,2026-07,76,1.27,Success,1,809,0,AWS Backup Vault,1
BKP-5717,Microsoft 365,2026-04-29T18:00,2026-04-29,2026-04,135,2.25,Failed,0,141,0,Immutable Repository,1
BKP-5718,AWS RDS,2026-04-03T10:00,2026-04-03,2026-04,150,2.5,Success,1,223,0,SaaS Backup,1
BKP-5719,PKI,2026-05-10T16:00,2026-05-10,2026-05,137,2.28,Success,1,746,0,Primary Repository,1
BKP-5720,Linux Servers,2026-07-25T15:00,2026-07-25,2026-07,46,0.77,Success,1,810,0,Immutable Repository,1
BKP-5721,Windows Servers,2026-04-17T13:00,2026-04-17,2026-04,20,0.33,Success,1,136,0,AWS Backup Vault,1
BKP-5722,Windows Servers,2026-01-16T16:00,2026-01-16,2026-01,83,1.38,Success,1,326,1,Immutable Repository,0
BKP-5723,AWS RDS,2026-01-08T22:00,2026-01-08,2026-01,84,1.4,Success,1,666,0,SaaS Backup,1
BKP-5724,Windows Servers,2026-05-01T16:00,2026-05-01,2026-05,157,2.62,Success,1,395,0,AWS Backup Vault,1
BKP-5725,Windows Servers,2026-05-21T19:00,2026-05-21,2026-05,94,1.57,Success,1,116,0,Immutable Repository,1
BKP-5726,Windows Servers,2026-02-24T00:00,2026-02-24,2026-02,65,1.08,Success,1,329,0,SaaS Backup,1
BKP-5727,PKI,2026-04-02T22:00,2026-04-02,2026-04,150,2.5,Success,1,698,0,Primary Repository,1
BKP-5728,AWS RDS,2026-06-03T23:00,2026-06-03,2026-06,105,1.75,Success,1,762,0,AWS Backup Vault,1
BKP-5729,File Services,2026-07-04T02:00,2026-07-04,2026-07,133,2.22,Success,1,523,1,AWS Backup Vault,0
BKP-5730,Linux Servers,2026-04-20T14:00,2026-04-20,2026-04,96,1.6,Success,1,27,1,SaaS Backup,0
BKP-5731,Microsoft 365,2026-03-04T11:00,2026-03-04,2026-03,141,2.35,Success,1,77,0,Primary Repository,1
BKP-5732,PKI,2026-04-20T13:00,2026-04-20,2026-04,153,2.55,Success,1,106,0,AWS Backup Vault,1
BKP-5733,Linux Servers,2026-03-26T15:00,2026-03-26,2026-03,114,1.9,Success,1,557,0,Primary Repository,1
BKP-5734,Linux Servers,2026-07-24T06:00,2026-07-24,2026-07,81,1.35,Success,1,786,0,SaaS Backup,1
BKP-5735,Active Directory,2026-06-11T06:00,2026-06-11,2026-06,121,2.02,Success,1,512,0,Primary Repository,1
BKP-5736,AWS RDS,2026-03-06T18:00,2026-03-06,2026-03,103,1.72,Success,1,625,0,AWS Backup Vault,1
BKP-5737,AWS RDS,2026-05-26T13:00,2026-05-26,2026-05,69,1.15,Success,1,162,0,Primary Repository,1
BKP-5738,Microsoft 365,2026-04-30T13:00,2026-04-30,2026-04,134,2.23,Success,1,648,0,SaaS Backup,1
BKP-5739,PKI,2026-07-13T08:00,2026-07-13,2026-07,22,0.37,Success,1,531,0,AWS Backup Vault,1
BKP-5740,File Services,2026-03-04T15:00,2026-03-04,2026-03,156,2.6,Success,1,382,0,Primary Repository,1
BKP-5741,Microsoft 365,2026-04-04T00:00,2026-04-04,2026-04,58,0.97,Success,1,546,1,SaaS Backup,0
BKP-5742,File Services,2026-06-09T04:00,2026-06-09,2026-06,142,2.37,Failed,0,305,0,SaaS Backup,1
BKP-5743,PKI,2026-03-30T18:00,2026-03-30,2026-03,142,2.37,Success,1,452,0,AWS Backup Vault,1
BKP-5744,Linux Servers,2026-07-17T02:00,2026-07-17,2026-07,145,2.42,Success,1,333,0,AWS Backup Vault,1
BKP-5745,Active Directory,2026-03-12T12:00,2026-03-12,2026-03,140,2.33,Success,1,346,0,Immutable Repository,1
BKP-5746,PKI,2026-02-24T15:00,2026-02-24,2026-02,121,2.02,Success,1,839,0,Primary Repository,1
BKP-5747,Windows Servers,2026-02-23T02:00,2026-02-23,2026-02,73,1.22,Success,1,830,0,AWS Backup Vault,1
BKP-5748,Windows Servers,2026-04-22T17:00,2026-04-22,2026-04,26,0.43,Success,1,748,0,SaaS Backup,1
BKP-5749,Microsoft 365,2026-05-27T20:00,2026-05-27,2026-05,130,2.17,Success,1,344,0,Primary Repository,1
BKP-5750,PKI,2026-03-08T15:00,2026-03-08,2026-03,126,2.1,Success,1,597,0,AWS Backup Vault,1
BKP-5751,Windows Servers,2026-01-18T01:00,2026-01-18,2026-01,53,0.88,Success,1,63,0,AWS Backup Vault,1
BKP-5752,PKI,2026-04-16T08:00,2026-04-16,2026-04,14,0.23,Success,1,809,0,SaaS Backup,1
BKP-5753,Linux Servers,2026-05-25T05:00,2026-05-25,2026-05,19,0.32,Success,1,239,0,Primary Repository,1
BKP-5754,Active Directory,2026-06-01T04:00,2026-06-01,2026-06,126,2.1,Success,1,259,0,AWS Backup Vault,1
BKP-5755,AWS RDS,2026-01-14T07:00,2026-01-14,2026-01,30,0.5,Success,1,326,0,AWS Backup Vault,1
BKP-5756,File Services,2026-01-23T16:00,2026-01-23,2026-01,160,2.67,Success,1,254,0,Immutable Repository,1
BKP-5757,Active Directory,2026-07-07T17:00,2026-07-07,2026-07,136,2.27,Success,1,706,0,Immutable Repository,1
BKP-5758,Linux Servers,2026-05-23T15:00,2026-05-23,2026-05,132,2.2,Success,1,748,0,Immutable Repository,1
BKP-5759,Windows Servers,2026-06-02T12:00,2026-06-02,2026-06,49,0.82,Success,1,382,0,Primary Repository,1
BKP-5760,Linux Servers,2026-04-29T04:00,2026-04-29,2026-04,64,1.07,Success,1,499,0,SaaS Backup,1
BKP-5761,Active Directory,2026-02-09T09:00,2026-02-09,2026-02,49,0.82,Success,1,262,0,Primary Repository,1
BKP-5762,Microsoft 365,2026-05-27T12:00,2026-05-27,2026-05,146,2.43,Success,1,670,0,SaaS Backup,1
BKP-5763,Windows Servers,2026-05-03T00:00,2026-05-03,2026-05,45,0.75,Success,1,121,0,SaaS Backup,1
BKP-5764,Linux Servers,2026-07-21T05:00,2026-07-21,2026-07,100,1.67,Success,1,360,0,Primary Repository,1
BKP-5765,AWS RDS,2026-02-28T09:00,2026-02-28,2026-02,29,0.48,Success,1,507,0,Primary Repository,1
BKP-5766,Windows Servers,2026-06-19T15:00,2026-06-19,2026-06,26,0.43,Success,1,709,0,AWS Backup Vault,1
BKP-5767,Linux Servers,2026-03-20T05:00,2026-03-20,2026-03,47,0.78,Success,1,398,0,SaaS Backup,1
BKP-5768,File Services,2026-06-03T16:00,2026-06-03,2026-06,118,1.97,Success,1,35,0,Primary Repository,1
BKP-5769,Active Directory,2026-02-06T13:00,2026-02-06,2026-02,105,1.75,Success,1,3,0,Primary Repository,1
BKP-5770,AWS RDS,2026-01-15T08:00,2026-01-15,2026-01,157,2.62,Success,1,13,1,AWS Backup Vault,0
BKP-5771,Linux Servers,2026-01-03T04:00,2026-01-03,2026-01,126,2.1,Success,1,431,0,AWS Backup Vault,1
BKP-5772,Windows Servers,2026-04-07T13:00,2026-04-07,2026-04,158,2.63,Success,1,54,0,Immutable Repository,1
BKP-5773,AWS RDS,2026-03-28T07:00,2026-03-28,2026-03,26,0.43,Success,1,214,0,Primary Repository,1
BKP-5774,AWS RDS,2026-07-17T17:00,2026-07-17,2026-07,119,1.98,Success,1,666,1,Immutable Repository,0
BKP-5775,Linux Servers,2026-06-11T00:00,2026-06-11,2026-06,90,1.5,Success,1,425,0,Immutable Repository,1
BKP-5776,Active Directory,2026-05-12T19:00,2026-05-12,2026-05,78,1.3,Success,1,812,0,SaaS Backup,1
BKP-5777,Windows Servers,2026-06-08T08:00,2026-06-08,2026-06,95,1.58,Success,1,321,0,AWS Backup Vault,1
BKP-5778,AWS RDS,2026-03-22T15:00,2026-03-22,2026-03,23,0.38,Success,1,596,0,AWS Backup Vault,1
BKP-5779,AWS RDS,2026-03-08T20:00,2026-03-08,2026-03,41,0.68,Success,1,780,0,SaaS Backup,1
BKP-5780,Linux Servers,2026-02-10T05:00,2026-02-10,2026-02,32,0.53,Success,1,727,0,Primary Repository,1
BKP-5781,Windows Servers,2026-02-08T06:00,2026-02-08,2026-02,73,1.22,Success,1,276,0,Primary Repository,1
BKP-5782,Active Directory,2026-05-06T04:00,2026-05-06,2026-05,159,2.65,Success,1,86,0,Immutable Repository,1
BKP-5783,PKI,2026-06-28T07:00,2026-06-28,2026-06,75,1.25,Success,1,299,0,Immutable Repository,1
BKP-5784,Linux Servers,2026-03-19T14:00,2026-03-19,2026-03,117,1.95,Success,1,762,0,Primary Repository,1
BKP-5785,Windows Servers,2026-01-14T15:00,2026-01-14,2026-01,151,2.52,Failed,0,697,0,AWS Backup Vault,1
BKP-5786,Microsoft 365,2026-03-11T17:00,2026-03-11,2026-03,15,0.25,Success,1,806,0,SaaS Backup,1
BKP-5787,PKI,2026-01-01T23:00,2026-01-01,2026-01,82,1.37,Success,1,603,1,Primary Repository,0
BKP-5788,PKI,2026-02-18T07:00,2026-02-18,2026-02,66,1.1,Success,1,610,0,Primary Repository,1
BKP-5789,Windows Servers,2026-01-27T14:00,2026-01-27,2026-01,41,0.68,Success,1,619,0,AWS Backup Vault,1
BKP-5790,File Services,2026-05-23T10:00,2026-05-23,2026-05,12,0.2,Success,1,431,0,AWS Backup Vault,1
BKP-5791,AWS RDS,2026-06-21T01:00,2026-06-21,2026-06,85,1.42,Success,1,785,0,AWS Backup Vault,1
BKP-5792,PKI,2026-06-18T17:00,2026-06-18,2026-06,94,1.57,Success,1,683,1,AWS Backup Vault,0
BKP-5793,Linux Servers,2026-04-30T03:00,2026-04-30,2026-04,140,2.33,Success,1,489,0,Primary Repository,1
BKP-5794,Microsoft 365,2026-04-19T07:00,2026-04-19,2026-04,112,1.87,Success,1,288,0,Immutable Repository,1
BKP-5795,Microsoft 365,2026-05-15T06:00,2026-05-15,2026-05,88,1.47,Success,1,94,0,Immutable Repository,1
BKP-5796,Windows Servers,2026-07-26T09:00,2026-07-26,2026-07,13,0.22,Success,1,557,0,AWS Backup Vault,1
BKP-5797,Active Directory,2026-06-27T18:00,2026-06-27,2026-06,131,2.18,Success,1,265,0,Immutable Repository,1
BKP-5798,AWS RDS,2026-05-15T06:00,2026-05-15,2026-05,143,2.38,Success,1,710,0,Immutable Repository,1
BKP-5799,Windows Servers,2026-04-02T15:00,2026-04-02,2026-04,110,1.83,Success,1,218,0,Immutable Repository,1
BKP-5800,Active Directory,2026-04-18T00:00,2026-04-18,2026-04,119,1.98,Success,1,391,0,SaaS Backup,1
BKP-5801,Microsoft 365,2026-05-21T21:00,2026-05-21,2026-05,153,2.55,Success,1,769,0,AWS Backup Vault,1
BKP-5802,PKI,2026-07-14T06:00,2026-07-14,2026-07,109,1.82,Success,1,781,0,SaaS Backup,1
BKP-5803,Microsoft 365,2026-03-06T13:00,2026-03-06,2026-03,135,2.25,Success,1,801,0,Primary Repository,1
BKP-5804,Active Directory,2026-07-27T14:00,2026-07-27,2026-07,123,2.05,Success,1,780,0,SaaS Backup,1
BKP-5805,File Services,2026-03-21T22:00,2026-03-21,2026-03,128,2.13,Success,1,131,0,Primary Repository,1
BKP-5806,Active Directory,2026-06-21T07:00,2026-06-21,2026-06,75,1.25,Success,1,253,0,SaaS Backup,1
BKP-5807,Windows Servers,2026-01-23T13:00,2026-01-23,2026-01,135,2.25,Success,1,342,0,Immutable Repository,1
BKP-5808,Active Directory,2026-02-08T19:00,2026-02-08,2026-02,25,0.42,Success,1,761,0,SaaS Backup,1
BKP-5809,Microsoft 365,2026-04-11T00:00,2026-04-11,2026-04,42,0.7,Success,1,659,0,Immutable Repository,1
BKP-5810,Microsoft 365,2026-06-16T08:00,2026-06-16,2026-06,89,1.48,Success,1,193,0,SaaS Backup,1
BKP-5811,Windows Servers,2026-07-16T01:00,2026-07-16,2026-07,74,1.23,Success,1,764,0,Primary Repository,1
BKP-5812,Microsoft 365,2026-04-27T07:00,2026-04-27,2026-04,60,1.0,Success,1,833,0,Primary Repository,1
BKP-5813,Windows Servers,2026-06-19T09:00,2026-06-19,2026-06,159,2.65,Success,1,244,0,Primary Repository,1
BKP-5814,Linux Servers,2026-01-27T00:00,2026-01-27,2026-01,76,1.27,Success,1,600,0,Primary Repository,1
BKP-5815,Linux Servers,2026-01-25T19:00,2026-01-25,2026-01,51,0.85,Success,1,70,0,AWS Backup Vault,1
BKP-5816,File Services,2026-03-27T09:00,2026-03-27,2026-03,140,2.33,Success,1,826,0,Immutable Repository,1
BKP-5817,Active Directory,2026-01-31T01:00,2026-01-31,2026-01,155,2.58,Success,1,363,0,SaaS Backup,1
BKP-5818,Linux Servers,2026-05-23T18:00,2026-05-23,2026-05,84,1.4,Success,1,365,0,AWS Backup Vault,1
BKP-5819,Microsoft 365,2026-05-05T07:00,2026-05-05,2026-05,105,1.75,Success,1,554,0,Primary Repository,1
BKP-5820,Linux Servers,2026-04-13T03:00,2026-04-13,2026-04,22,0.37,Success,1,718,0,SaaS Backup,1
BKP-5821,File Services,2026-06-15T18:00,2026-06-15,2026-06,12,0.2,Success,1,308,1,Primary Repository,0
BKP-5822,Active Directory,2026-04-22T13:00,2026-04-22,2026-04,72,1.2,Success,1,810,0,AWS Backup Vault,1
BKP-5823,PKI,2026-03-07T12:00,2026-03-07,2026-03,153,2.55,Success,1,91,1,SaaS Backup,0
BKP-5824,PKI,2026-04-14T05:00,2026-04-14,2026-04,61,1.02,Success,1,454,0,Primary Repository,1
BKP-5825,Linux Servers,2026-07-21T06:00,2026-07-21,2026-07,56,0.93,Success,1,461,0,AWS Backup Vault,1
BKP-5826,AWS RDS,2026-02-17T02:00,2026-02-17,2026-02,63,1.05,Success,1,243,0,SaaS Backup,1
BKP-5827,Microsoft 365,2026-03-20T05:00,2026-03-20,2026-03,100,1.67,Success,1,781,0,Immutable Repository,1
BKP-5828,Windows Servers,2026-01-03T11:00,2026-01-03,2026-01,88,1.47,Success,1,426,0,Immutable Repository,1
BKP-5829,Active Directory,2026-03-18T12:00,2026-03-18,2026-03,116,1.93,Success,1,565,0,SaaS Backup,1
BKP-5830,Microsoft 365,2026-03-16T03:00,2026-03-16,2026-03,109,1.82,Success,1,14,0,Immutable Repository,1
BKP-5831,Linux Servers,2026-03-22T11:00,2026-03-22,2026-03,37,0.62,Success,1,397,0,AWS Backup Vault,1
BKP-5832,File Services,2026-04-04T19:00,2026-04-04,2026-04,87,1.45,Success,1,62,0,Immutable Repository,1
BKP-5833,Linux Servers,2026-01-27T05:00,2026-01-27,2026-01,76,1.27,Success,1,202,0,AWS Backup Vault,1
BKP-5834,File Services,2026-01-03T18:00,2026-01-03,2026-01,123,2.05,Success,1,489,0,AWS Backup Vault,1
BKP-5835,Linux Servers,2026-03-30T20:00,2026-03-30,2026-03,39,0.65,Success,1,502,0,Immutable Repository,1
BKP-5836,PKI,2026-04-21T00:00,2026-04-21,2026-04,158,2.63,Success,1,732,0,SaaS Backup,1
BKP-5837,Active Directory,2026-05-23T03:00,2026-05-23,2026-05,84,1.4,Success,1,345,0,AWS Backup Vault,1
BKP-5838,Active Directory,2026-04-23T07:00,2026-04-23,2026-04,55,0.92,Success,1,404,0,SaaS Backup,1
BKP-5839,Microsoft 365,2026-05-17T03:00,2026-05-17,2026-05,32,0.53,Success,1,593,0,AWS Backup Vault,1
BKP-5840,Windows Servers,2026-02-07T06:00,2026-02-07,2026-02,110,1.83,Success,1,504,0,SaaS Backup,1
BKP-5841,PKI,2026-02-21T20:00,2026-02-21,2026-02,70,1.17,Success,1,99,0,AWS Backup Vault,1
BKP-5842,File Services,2026-05-21T06:00,2026-05-21,2026-05,102,1.7,Success,1,84,1,SaaS Backup,0
BKP-5843,Microsoft 365,2026-02-13T06:00,2026-02-13,2026-02,88,1.47,Success,1,128,0,AWS Backup Vault,1
BKP-5844,PKI,2026-06-10T05:00,2026-06-10,2026-06,63,1.05,Success,1,327,0,Primary Repository,1
BKP-5845,File Services,2026-05-02T21:00,2026-05-02,2026-05,17,0.28,Success,1,170,0,Immutable Repository,1
BKP-5846,Linux Servers,2026-02-01T21:00,2026-02-01,2026-02,117,1.95,Success,1,641,0,Immutable Repository,1
BKP-5847,PKI,2026-01-11T22:00,2026-01-11,2026-01,106,1.77,Success,1,250,0,AWS Backup Vault,1
BKP-5848,AWS RDS,2026-02-06T02:00,2026-02-06,2026-02,55,0.92,Success,1,98,0,Primary Repository,1
BKP-5849,PKI,2026-05-17T20:00,2026-05-17,2026-05,129,2.15,Success,1,724,0,Primary Repository,1
BKP-5850,Linux Servers,2026-01-15T16:00,2026-01-15,2026-01,157,2.62,Success,1,253,1,AWS Backup Vault,0
BKP-5851,Linux Servers,2026-02-21T23:00,2026-02-21,2026-02,84,1.4,Success,1,390,0,AWS Backup Vault,1
BKP-5852,Linux Servers,2026-06-19T22:00,2026-06-19,2026-06,79,1.32,Success,1,501,0,SaaS Backup,1
BKP-5853,AWS RDS,2026-01-26T23:00,2026-01-26,2026-01,121,2.02,Success,1,492,0,Primary Repository,1
BKP-5854,PKI,2026-07-24T11:00,2026-07-24,2026-07,107,1.78,Success,1,547,0,Primary Repository,1
BKP-5855,PKI,2026-02-08T19:00,2026-02-08,2026-02,160,2.67,Success,1,233,0,Primary Repository,1
BKP-5856,Active Directory,2026-07-27T20:00,2026-07-27,2026-07,55,0.92,Success,1,402,0,Immutable Repository,1
BKP-5857,Microsoft 365,2026-06-18T08:00,2026-06-18,2026-06,148,2.47,Success,1,433,0,SaaS Backup,1
BKP-5858,PKI,2026-07-03T23:00,2026-07-03,2026-07,15,0.25,Success,1,625,0,AWS Backup Vault,1
BKP-5859,Active Directory,2026-04-10T18:00,2026-04-10,2026-04,82,1.37,Success,1,260,0,AWS Backup Vault,1
BKP-5860,PKI,2026-04-18T18:00,2026-04-18,2026-04,113,1.88,Success,1,367,0,Primary Repository,1
BKP-5861,AWS RDS,2026-02-07T21:00,2026-02-07,2026-02,63,1.05,Success,1,830,0,Immutable Repository,1
BKP-5862,Windows Servers,2026-04-17T08:00,2026-04-17,2026-04,156,2.6,Success,1,828,0,SaaS Backup,1
BKP-5863,AWS RDS,2026-07-26T03:00,2026-07-26,2026-07,157,2.62,Success,1,821,1,SaaS Backup,0
BKP-5864,PKI,2026-06-14T21:00,2026-06-14,2026-06,140,2.33,Success,1,307,0,SaaS Backup,1
BKP-5865,AWS RDS,2026-05-21T19:00,2026-05-21,2026-05,126,2.1,Success,1,612,0,AWS Backup Vault,1
BKP-5866,File Services,2026-02-25T22:00,2026-02-25,2026-02,116,1.93,Success,1,171,0,Immutable Repository,1
BKP-5867,PKI,2026-05-09T23:00,2026-05-09,2026-05,69,1.15,Success,1,716,0,AWS Backup Vault,1
BKP-5868,Windows Servers,2026-02-20T04:00,2026-02-20,2026-02,121,2.02,Success,1,564,0,Primary Repository,1
BKP-5869,Microsoft 365,2026-07-16T05:00,2026-07-16,2026-07,128,2.13,Success,1,543,0,AWS Backup Vault,1
BKP-5870,AWS RDS,2026-06-07T05:00,2026-06-07,2026-06,156,2.6,Success,1,663,0,Immutable Repository,1
BKP-5871,Active Directory,2026-04-23T00:00,2026-04-23,2026-04,48,0.8,Success,1,220,0,SaaS Backup,1
BKP-5872,AWS RDS,2026-05-07T18:00,2026-05-07,2026-05,20,0.33,Success,1,333,0,Primary Repository,1
BKP-5873,Microsoft 365,2026-05-16T17:00,2026-05-16,2026-05,69,1.15,Success,1,366,0,AWS Backup Vault,1
BKP-5874,Linux Servers,2026-04-23T12:00,2026-04-23,2026-04,30,0.5,Success,1,48,0,SaaS Backup,1
BKP-5875,Microsoft 365,2026-07-14T14:00,2026-07-14,2026-07,23,0.38,Success,1,335,0,Immutable Repository,1
BKP-5876,Windows Servers,2026-04-30T22:00,2026-04-30,2026-04,23,0.38,Success,1,215,0,Immutable Repository,1
BKP-5877,PKI,2026-06-18T17:00,2026-06-18,2026-06,160,2.67,Success,1,845,0,AWS Backup Vault,1
BKP-5878,AWS RDS,2026-07-23T06:00,2026-07-23,2026-07,41,0.68,Success,1,577,0,Immutable Repository,1
BKP-5879,Linux Servers,2026-03-26T05:00,2026-03-26,2026-03,126,2.1,Success,1,233,0,AWS Backup Vault,1
BKP-5880,Windows Servers,2026-01-29T20:00,2026-01-29,2026-01,133,2.22,Success,1,437,0,SaaS Backup,1
BKP-5881,File Services,2026-05-07T07:00,2026-05-07,2026-05,16,0.27,Success,1,365,0,Immutable Repository,1
BKP-5882,Active Directory,2026-06-16T00:00,2026-06-16,2026-06,97,1.62,Success,1,78,0,AWS Backup Vault,1
BKP-5883,Microsoft 365,2026-01-15T09:00,2026-01-15,2026-01,97,1.62,Success,1,374,0,Primary Repository,1
BKP-5884,Microsoft 365,2026-01-18T11:00,2026-01-18,2026-01,93,1.55,Success,1,117,0,SaaS Backup,1
BKP-5885,Windows Servers,2026-05-31T12:00,2026-05-31,2026-05,32,0.53,Success,1,777,0,AWS Backup Vault,1
BKP-5886,Active Directory,2026-06-28T16:00,2026-06-28,2026-06,48,0.8,Success,1,759,0,Immutable Repository,1
BKP-5887,File Services,2026-05-03T07:00,2026-05-03,2026-05,56,0.93,Success,1,651,0,SaaS Backup,1
BKP-5888,PKI,2026-07-19T06:00,2026-07-19,2026-07,72,1.2,Success,1,427,0,Immutable Repository,1
BKP-5889,Windows Servers,2026-04-19T13:00,2026-04-19,2026-04,63,1.05,Success,1,198,0,Primary Repository,1
BKP-5890,Active Directory,2026-03-30T01:00,2026-03-30,2026-03,128,2.13,Success,1,113,0,Immutable Repository,1
BKP-5891,File Services,2026-01-19T19:00,2026-01-19,2026-01,89,1.48,Success,1,585,1,SaaS Backup,0
BKP-5892,Linux Servers,2026-05-18T00:00,2026-05-18,2026-05,100,1.67,Success,1,163,0,SaaS Backup,1
BKP-5893,Active Directory,2026-04-08T15:00,2026-04-08,2026-04,75,1.25,Success,1,814,0,AWS Backup Vault,1
BKP-5894,AWS RDS,2026-03-02T20:00,2026-03-02,2026-03,56,0.93,Failed,0,543,0,Primary Repository,1
BKP-5895,Linux Servers,2026-01-18T00:00,2026-01-18,2026-01,96,1.6,Success,1,428,0,Immutable Repository,1
BKP-5896,Windows Servers,2026-01-07T14:00,2026-01-07,2026-01,80,1.33,Success,1,97,0,Immutable Repository,1
BKP-5897,Linux Servers,2026-02-03T09:00,2026-02-03,2026-02,125,2.08,Success,1,78,0,Immutable Repository,1
BKP-5898,Microsoft 365,2026-04-30T23:00,2026-04-30,2026-04,107,1.78,Success,1,821,0,SaaS Backup,1
BKP-5899,Linux Servers,2026-06-09T21:00,2026-06-09,2026-06,88,1.47,Success,1,746,0,SaaS Backup,1
BKP-5900,Microsoft 365,2026-06-01T23:00,2026-06-01,2026-06,86,1.43,Success,1,721,1,AWS Backup Vault,0
BKP-5901,Linux Servers,2026-06-04T02:00,2026-06-04,2026-06,46,0.77,Success,1,515,0,Primary Repository,1
BKP-5902,PKI,2026-04-24T02:00,2026-04-24,2026-04,110,1.83,Success,1,462,0,AWS Backup Vault,1
BKP-5903,Windows Servers,2026-02-12T07:00,2026-02-12,2026-02,74,1.23,Success,1,26,0,SaaS Backup,1
BKP-5904,AWS RDS,2026-03-30T09:00,2026-03-30,2026-03,117,1.95,Success,1,205,0,SaaS Backup,1
BKP-5905,PKI,2026-02-19T20:00,2026-02-19,2026-02,87,1.45,Success,1,290,0,Primary Repository,1
BKP-5906,Linux Servers,2026-07-16T10:00,2026-07-16,2026-07,43,0.72,Success,1,413,0,Primary Repository,1
BKP-5907,File Services,2026-04-11T23:00,2026-04-11,2026-04,149,2.48,Success,1,185,0,Immutable Repository,1
BKP-5908,Active Directory,2026-01-22T18:00,2026-01-22,2026-01,155,2.58,Success,1,272,0,SaaS Backup,1
BKP-5909,Active Directory,2026-07-17T01:00,2026-07-17,2026-07,15,0.25,Success,1,297,1,Primary Repository,0
BKP-5910,File Services,2026-05-04T16:00,2026-05-04,2026-05,27,0.45,Success,1,491,0,Primary Repository,1
BKP-5911,Active Directory,2026-01-31T21:00,2026-01-31,2026-01,151,2.52,Failed,0,138,1,Primary Repository,1
BKP-5912,PKI,2026-07-28T06:00,2026-07-28,2026-07,125,2.08,Success,1,539,0,SaaS Backup,1
BKP-5913,Linux Servers,2026-02-15T14:00,2026-02-15,2026-02,98,1.63,Success,1,638,0,SaaS Backup,1
BKP-5914,PKI,2026-05-25T15:00,2026-05-25,2026-05,85,1.42,Success,1,87,0,AWS Backup Vault,1
BKP-5915,File Services,2026-03-15T05:00,2026-03-15,2026-03,89,1.48,Success,1,801,1,SaaS Backup,0
BKP-5916,Active Directory,2026-03-29T09:00,2026-03-29,2026-03,54,0.9,Success,1,564,0,AWS Backup Vault,1
BKP-5917,Active Directory,2026-04-11T13:00,2026-04-11,2026-04,159,2.65,Success,1,790,0,AWS Backup Vault,1
BKP-5918,File Services,2026-04-18T14:00,2026-04-18,2026-04,79,1.32,Success,1,105,0,Immutable Repository,1
BKP-5919,Windows Servers,2026-01-30T11:00,2026-01-30,2026-01,85,1.42,Success,1,22,0,SaaS Backup,1
BKP-5920,File Services,2026-03-11T07:00,2026-03-11,2026-03,73,1.22,Success,1,188,0,AWS Backup Vault,1
BKP-5921,AWS RDS,2026-01-17T19:00,2026-01-17,2026-01,71,1.18,Success,1,161,0,Immutable Repository,1
BKP-5922,Linux Servers,2026-03-31T06:00,2026-03-31,2026-03,127,2.12,Success,1,626,0,SaaS Backup,1
BKP-5923,File Services,2026-06-06T08:00,2026-06-06,2026-06,125,2.08,Success,1,661,0,Immutable Repository,1
BKP-5924,Linux Servers,2026-04-23T19:00,2026-04-23,2026-04,42,0.7,Success,1,181,0,Immutable Repository,1
BKP-5925,Microsoft 365,2026-06-02T12:00,2026-06-02,2026-06,145,2.42,Success,1,42,0,Primary Repository,1
BKP-5926,AWS RDS,2026-05-09T03:00,2026-05-09,2026-05,88,1.47,Success,1,145,0,AWS Backup Vault,1
BKP-5927,Microsoft 365,2026-04-26T12:00,2026-04-26,2026-04,71,1.18,Success,1,542,0,Primary Repository,1
BKP-5928,AWS RDS,2026-03-08T00:00,2026-03-08,2026-03,90,1.5,Success,1,265,1,Primary Repository,0
BKP-5929,File Services,2026-06-15T03:00,2026-06-15,2026-06,117,1.95,Success,1,84,0,Primary Repository,1
BKP-5930,File Services,2026-02-01T15:00,2026-02-01,2026-02,36,0.6,Success,1,214,0,Immutable Repository,1
BKP-5931,Active Directory,2026-06-16T21:00,2026-06-16,2026-06,64,1.07,Success,1,535,0,Primary Repository,1
BKP-5932,Microsoft 365,2026-01-06T06:00,2026-01-06,2026-01,57,0.95,Success,1,788,0,SaaS Backup,1
BKP-5933,Active Directory,2026-03-18T07:00,2026-03-18,2026-03,56,0.93,Success,1,257,0,Immutable Repository,1
BKP-5934,Active Directory,2026-03-17T21:00,2026-03-17,2026-03,126,2.1,Success,1,119,0,AWS Backup Vault,1
BKP-5935,Microsoft 365,2026-01-25T20:00,2026-01-25,2026-01,21,0.35,Success,1,479,0,AWS Backup Vault,1
BKP-5936,Microsoft 365,2026-01-07T20:00,2026-01-07,2026-01,19,0.32,Success,1,412,0,Immutable Repository,1
BKP-5937,Active Directory,2026-05-24T01:00,2026-05-24,2026-05,81,1.35,Success,1,714,0,Primary Repository,1
BKP-5938,PKI,2026-01-27T03:00,2026-01-27,2026-01,56,0.93,Success,1,793,0,SaaS Backup,1
BKP-5939,Windows Servers,2026-07-02T23:00,2026-07-02,2026-07,65,1.08,Success,1,233,0,Immutable Repository,1
BKP-5940,PKI,2026-01-16T13:00,2026-01-16,2026-01,97,1.62,Success,1,4,0,AWS Backup Vault,1
BKP-5941,Active Directory,2026-01-04T15:00,2026-01-04,2026-01,142,2.37,Success,1,85,0,Primary Repository,1
BKP-5942,Linux Servers,2026-05-24T13:00,2026-05-24,2026-05,48,0.8,Success,1,92,0,Primary Repository,1
BKP-5943,PKI,2026-01-14T04:00,2026-01-14,2026-01,140,2.33,Success,1,568,0,Immutable Repository,1
BKP-5944,Windows Servers,2026-07-03T11:00,2026-07-03,2026-07,84,1.4,Success,1,581,0,SaaS Backup,1
BKP-5945,File Services,2026-04-15T19:00,2026-04-15,2026-04,139,2.32,Success,1,294,1,AWS Backup Vault,0
BKP-5946,AWS RDS,2026-05-16T09:00,2026-05-16,2026-05,22,0.37,Success,1,619,0,SaaS Backup,1
BKP-5947,PKI,2026-04-23T02:00,2026-04-23,2026-04,128,2.13,Success,1,646,0,SaaS Backup,1
BKP-5948,Windows Servers,2026-07-24T12:00,2026-07-24,2026-07,89,1.48,Success,1,3,1,Primary Repository,0
BKP-5949,File Services,2026-05-12T20:00,2026-05-12,2026-05,20,0.33,Success,1,709,0,SaaS Backup,1
BKP-5950,Active Directory,2026-04-10T18:00,2026-04-10,2026-04,44,0.73,Success,1,241,0,AWS Backup Vault,1
BKP-5951,Microsoft 365,2026-02-06T08:00,2026-02-06,2026-02,35,0.58,Success,1,683,0,SaaS Backup,1
BKP-5952,Linux Servers,2026-03-27T22:00,2026-03-27,2026-03,33,0.55,Success,1,139,0,Immutable Repository,1
BKP-5953,File Services,2026-06-12T21:00,2026-06-12,2026-06,79,1.32,Success,1,317,0,Immutable Repository,1
BKP-5954,Microsoft 365,2026-01-27T02:00,2026-01-27,2026-01,121,2.02,Success,1,262,0,AWS Backup Vault,1
BKP-5955,Linux Servers,2026-04-02T23:00,2026-04-02,2026-04,125,2.08,Success,1,571,0,Immutable Repository,1
BKP-5956,Active Directory,2026-07-09T09:00,2026-07-09,2026-07,97,1.62,Success,1,570,0,Immutable Repository,1
BKP-5957,Active Directory,2026-06-17T14:00,2026-06-17,2026-06,84,1.4,Success,1,698,0,Primary Repository,1
BKP-5958,Windows Servers,2026-05-12T00:00,2026-05-12,2026-05,84,1.4,Success,1,609,0,AWS Backup Vault,1
BKP-5959,Microsoft 365,2026-05-29T17:00,2026-05-29,2026-05,111,1.85,Success,1,434,0,AWS Backup Vault,1
BKP-5960,Microsoft 365,2026-05-09T13:00,2026-05-09,2026-05,98,1.63,Success,1,414,1,Immutable Repository,0
BKP-5961,Active Directory,2026-04-12T13:00,2026-04-12,2026-04,25,0.42,Success,1,357,0,AWS Backup Vault,1
BKP-5962,AWS RDS,2026-06-02T13:00,2026-06-02,2026-06,25,0.42,Success,1,176,0,AWS Backup Vault,1
BKP-5963,Linux Servers,2026-01-31T09:00,2026-01-31,2026-01,102,1.7,Success,1,604,0,Immutable Repository,1
BKP-5964,AWS RDS,2026-04-01T19:00,2026-04-01,2026-04,37,0.62,Success,1,671,0,AWS Backup Vault,1
BKP-5965,Linux Servers,2026-06-02T15:00,2026-06-02,2026-06,16,0.27,Success,1,423,0,SaaS Backup,1
BKP-5966,Active Directory,2026-06-16T03:00,2026-06-16,2026-06,141,2.35,Success,1,580,1,SaaS Backup,0
BKP-5967,Microsoft 365,2026-07-15T03:00,2026-07-15,2026-07,133,2.22,Success,1,439,0,Primary Repository,1
BKP-5968,AWS RDS,2026-06-01T20:00,2026-06-01,2026-06,143,2.38,Success,1,745,0,Immutable Repository,1
BKP-5969,Windows Servers,2026-02-28T15:00,2026-02-28,2026-02,33,0.55,Success,1,732,0,Primary Repository,1
BKP-5970,Microsoft 365,2026-06-10T12:00,2026-06-10,2026-06,80,1.33,Success,1,333,0,Primary Repository,1
BKP-5971,Windows Servers,2026-06-02T23:00,2026-06-02,2026-06,63,1.05,Success,1,681,0,Primary Repository,1
BKP-5972,Windows Servers,2026-02-16T16:00,2026-02-16,2026-02,104,1.73,Success,1,616,0,AWS Backup Vault,1
BKP-5973,File Services,2026-01-18T14:00,2026-01-18,2026-01,111,1.85,Success,1,213,0,SaaS Backup,1
BKP-5974,PKI,2026-07-23T10:00,2026-07-23,2026-07,97,1.62,Success,1,248,0,Immutable Repository,1
BKP-5975,AWS RDS,2026-01-19T07:00,2026-01-19,2026-01,61,1.02,Success,1,453,0,Immutable Repository,1
BKP-5976,Linux Servers,2026-03-25T04:00,2026-03-25,2026-03,17,0.28,Success,1,588,0,SaaS Backup,1
BKP-5977,Linux Servers,2026-07-25T09:00,2026-07-25,2026-07,82,1.37,Success,1,541,0,SaaS Backup,1
BKP-5978,PKI,2026-02-03T05:00,2026-02-03,2026-02,152,2.53,Success,1,395,0,SaaS Backup,1
BKP-5979,AWS RDS,2026-05-11T00:00,2026-05-11,2026-05,119,1.98,Success,1,797,0,AWS Backup Vault,1
BKP-5980,PKI,2026-05-22T05:00,2026-05-22,2026-05,80,1.33,Success,1,598,0,Immutable Repository,1
BKP-5981,Microsoft 365,2026-03-05T22:00,2026-03-05,2026-03,138,2.3,Success,1,325,1,SaaS Backup,0
BKP-5982,Linux Servers,2026-03-21T14:00,2026-03-21,2026-03,18,0.3,Success,1,173,0,AWS Backup Vault,1
BKP-5983,AWS RDS,2026-03-04T02:00,2026-03-04,2026-03,133,2.22,Success,1,609,0,Primary Repository,1
BKP-5984,AWS RDS,2026-03-06T21:00,2026-03-06,2026-03,159,2.65,Success,1,535,0,SaaS Backup,1
BKP-5985,Microsoft 365,2026-04-08T13:00,2026-04-08,2026-04,63,1.05,Success,1,524,0,AWS Backup Vault,1
BKP-5986,Microsoft 365,2026-06-20T14:00,2026-06-20,2026-06,90,1.5,Success,1,734,0,Primary Repository,1
BKP-5987,Linux Servers,2026-02-15T03:00,2026-02-15,2026-02,62,1.03,Success,1,142,0,Immutable Repository,1
BKP-5988,Linux Servers,2026-04-10T01:00,2026-04-10,2026-04,79,1.32,Success,1,190,0,Primary Repository,1
BKP-5989,File Services,2026-03-30T12:00,2026-03-30,2026-03,126,2.1,Success,1,282,1,Immutable Repository,0
BKP-5990,AWS RDS,2026-05-27T05:00,2026-05-27,2026-05,52,0.87,Success,1,91,0,Primary Repository,1
BKP-5991,AWS RDS,2026-01-28T11:00,2026-01-28,2026-01,105,1.75,Success,1,379,0,Immutable Repository,1
BKP-5992,Microsoft 365,2026-04-01T08:00,2026-04-01,2026-04,134,2.23,Success,1,705,0,SaaS Backup,1
BKP-5993,Windows Servers,2026-04-11T14:00,2026-04-11,2026-04,129,2.15,Success,1,554,0,Immutable Repository,1
BKP-5994,PKI,2026-05-06T07:00,2026-05-06,2026-05,46,0.77,Success,1,210,0,Immutable Repository,1
BKP-5995,Active Directory,2026-05-08T11:00,2026-05-08,2026-05,105,1.75,Success,1,423,0,SaaS Backup,1
BKP-5996,Active Directory,2026-07-23T09:00,2026-07-23,2026-07,159,2.65,Success,1,611,0,Primary Repository,1
BKP-5997,Linux Servers,2026-05-28T14:00,2026-05-28,2026-05,27,0.45,Success,1,824,0,Primary Repository,1
BKP-5998,Windows Servers,2026-04-01T15:00,2026-04-01,2026-04,109,1.82,Success,1,155,0,Immutable Repository,1
BKP-5999,Linux Servers,2026-03-18T10:00,2026-03-18,2026-03,30,0.5,Success,1,109,0,Primary Repository,1
BKP-6000,Linux Servers,2026-06-29T07:00,2026-06-29,2026-06,78,1.3,Success,1,583,0,Immutable Repository,1
BKP-6001,Microsoft 365,2026-06-22T06:00,2026-06-22,2026-06,31,0.52,Success,1,636,0,Immutable Repository,1
BKP-6002,Linux Servers,2026-02-18T18:00,2026-02-18,2026-02,44,0.73,Success,1,845,0,Primary Repository,1
BKP-6003,File Services,2026-01-06T17:00,2026-01-06,2026-01,155,2.58,Success,1,601,0,AWS Backup Vault,1
BKP-6004,Linux Servers,2026-05-17T13:00,2026-05-17,2026-05,40,0.67,Success,1,624,0,Immutable Repository,1
BKP-6005,AWS RDS,2026-07-23T04:00,2026-07-23,2026-07,100,1.67,Success,1,161,0,AWS Backup Vault,1
BKP-6006,Windows Servers,2026-07-29T23:00,2026-07-29,2026-07,86,1.43,Success,1,776,0,AWS Backup Vault,1
BKP-6007,Windows Servers,2026-06-27T07:00,2026-06-27,2026-06,28,0.47,Success,1,100,0,Immutable Repository,1
BKP-6008,Microsoft 365,2026-07-07T16:00,2026-07-07,2026-07,106,1.77,Success,1,696,1,SaaS Backup,0
BKP-6009,PKI,2026-02-24T02:00,2026-02-24,2026-02,118,1.97,Success,1,275,1,Primary Repository,0
BKP-6010,PKI,2026-05-12T04:00,2026-05-12,2026-05,73,1.22,Success,1,504,0,AWS Backup Vault,1
BKP-6011,File Services,2026-06-12T16:00,2026-06-12,2026-06,104,1.73,Success,1,271,0,SaaS Backup,1
BKP-6012,Linux Servers,2026-05-24T11:00,2026-05-24,2026-05,26,0.43,Success,1,190,0,SaaS Backup,1
BKP-6013,Linux Servers,2026-03-30T22:00,2026-03-30,2026-03,43,0.72,Success,1,46,1,AWS Backup Vault,0
BKP-6014,Active Directory,2026-06-27T14:00,2026-06-27,2026-06,75,1.25,Success,1,347,1,Immutable Repository,0
BKP-6015,Windows Servers,2026-03-25T13:00,2026-03-25,2026-03,82,1.37,Success,1,746,0,SaaS Backup,1
BKP-6016,Windows Servers,2026-07-26T01:00,2026-07-26,2026-07,14,0.23,Success,1,515,0,Primary Repository,1
BKP-6017,Active Directory,2026-01-14T02:00,2026-01-14,2026-01,148,2.47,Success,1,495,0,Immutable Repository,1
BKP-6018,Windows Servers,2026-05-19T11:00,2026-05-19,2026-05,58,0.97,Success,1,359,0,AWS Backup Vault,1
BKP-6019,PKI,2026-03-31T00:00,2026-03-31,2026-03,48,0.8,Failed,0,552,0,SaaS Backup,1
BKP-6020,File Services,2026-03-11T00:00,2026-03-11,2026-03,146,2.43,Success,1,43,0,AWS Backup Vault,1
BKP-6021,Microsoft 365,2026-05-02T07:00,2026-05-02,2026-05,120,2.0,Failed,0,570,0,Primary Repository,1
BKP-6022,Microsoft 365,2026-06-11T11:00,2026-06-11,2026-06,22,0.37,Success,1,643,1,AWS Backup Vault,0
BKP-6023,PKI,2026-03-02T17:00,2026-03-02,2026-03,43,0.72,Success,1,155,0,SaaS Backup,1
BKP-6024,Active Directory,2026-03-05T07:00,2026-03-05,2026-03,126,2.1,Success,1,347,0,Primary Repository,1
BKP-6025,PKI,2026-07-08T00:00,2026-07-08,2026-07,136,2.27,Success,1,150,0,Immutable Repository,1
BKP-6026,File Services,2026-04-04T15:00,2026-04-04,2026-04,131,2.18,Success,1,268,1,AWS Backup Vault,0
BKP-6027,Microsoft 365,2026-06-11T00:00,2026-06-11,2026-06,70,1.17,Success,1,541,0,Immutable Repository,1
BKP-6028,AWS RDS,2026-05-21T20:00,2026-05-21,2026-05,19,0.32,Success,1,355,0,Immutable Repository,1
BKP-6029,PKI,2026-06-11T23:00,2026-06-11,2026-06,123,2.05,Success,1,799,0,Primary Repository,1
BKP-6030,Microsoft 365,2026-04-16T13:00,2026-04-16,2026-04,17,0.28,Success,1,211,0,Immutable Repository,1
BKP-6031,Microsoft 365,2026-02-26T05:00,2026-02-26,2026-02,127,2.12,Success,1,599,0,Immutable Repository,1
BKP-6032,PKI,2026-05-30T22:00,2026-05-30,2026-05,138,2.3,Success,1,711,0,Immutable Repository,1
BKP-6033,PKI,2026-05-30T08:00,2026-05-30,2026-05,119,1.98,Success,1,459,0,AWS Backup Vault,1
BKP-6034,Windows Servers,2026-04-13T08:00,2026-04-13,2026-04,105,1.75,Success,1,478,0,Primary Repository,1
BKP-6035,PKI,2026-03-19T12:00,2026-03-19,2026-03,73,1.22,Success,1,699,1,AWS Backup Vault,0
BKP-6036,Active Directory,2026-04-10T07:00,2026-04-10,2026-04,19,0.32,Success,1,386,0,Immutable Repository,1
BKP-6037,Linux Servers,2026-05-19T11:00,2026-05-19,2026-05,33,0.55,Success,1,11,0,Primary Repository,1
BKP-6038,Windows Servers,2026-04-01T13:00,2026-04-01,2026-04,39,0.65,Success,1,356,1,Immutable Repository,0
BKP-6039,AWS RDS,2026-07-11T01:00,2026-07-11,2026-07,52,0.87,Success,1,566,0,AWS Backup Vault,1
BKP-6040,File Services,2026-04-18T06:00,2026-04-18,2026-04,93,1.55,Success,1,342,0,SaaS Backup,1
BKP-6041,Microsoft 365,2026-01-25T03:00,2026-01-25,2026-01,132,2.2,Success,1,305,1,SaaS Backup,0
BKP-6042,Microsoft 365,2026-01-25T02:00,2026-01-25,2026-01,160,2.67,Success,1,179,0,Primary Repository,1
BKP-6043,Microsoft 365,2026-06-13T21:00,2026-06-13,2026-06,112,1.87,Success,1,576,0,Immutable Repository,1
BKP-6044,AWS RDS,2026-04-28T07:00,2026-04-28,2026-04,126,2.1,Success,1,75,0,Primary Repository,1
BKP-6045,PKI,2026-07-03T13:00,2026-07-03,2026-07,57,0.95,Success,1,206,0,SaaS Backup,1
BKP-6046,Microsoft 365,2026-01-03T19:00,2026-01-03,2026-01,98,1.63,Success,1,293,0,Primary Repository,1
BKP-6047,File Services,2026-03-27T21:00,2026-03-27,2026-03,89,1.48,Success,1,687,0,Primary Repository,1
BKP-6048,Linux Servers,2026-02-11T09:00,2026-02-11,2026-02,73,1.22,Success,1,201,0,AWS Backup Vault,1
BKP-6049,File Services,2026-05-31T04:00,2026-05-31,2026-05,144,2.4,Success,1,774,0,Immutable Repository,1
BKP-6050,AWS RDS,2026-04-13T22:00,2026-04-13,2026-04,43,0.72,Success,1,484,0,SaaS Backup,1
BKP-6051,Linux Servers,2026-07-04T09:00,2026-07-04,2026-07,98,1.63,Success,1,756,0,SaaS Backup,1
BKP-6052,Microsoft 365,2026-05-08T22:00,2026-05-08,2026-05,63,1.05,Success,1,59,0,SaaS Backup,1
BKP-6053,Windows Servers,2026-03-16T04:00,2026-03-16,2026-03,96,1.6,Success,1,659,0,Immutable Repository,1
BKP-6054,Windows Servers,2026-01-22T10:00,2026-01-22,2026-01,135,2.25,Success,1,431,0,Immutable Repository,1
BKP-6055,Active Directory,2026-02-07T23:00,2026-02-07,2026-02,126,2.1,Success,1,91,0,SaaS Backup,1
BKP-6056,Active Directory,2026-05-19T17:00,2026-05-19,2026-05,35,0.58,Success,1,411,0,SaaS Backup,1
BKP-6057,AWS RDS,2026-06-24T13:00,2026-06-24,2026-06,159,2.65,Success,1,739,0,SaaS Backup,1
BKP-6058,AWS RDS,2026-06-30T21:00,2026-06-30,2026-06,70,1.17,Success,1,142,0,Immutable Repository,1
BKP-6059,Microsoft 365,2026-02-05T10:00,2026-02-05,2026-02,153,2.55,Success,1,481,0,AWS Backup Vault,1
BKP-6060,File Services,2026-02-03T16:00,2026-02-03,2026-02,83,1.38,Success,1,398,0,Primary Repository,1
BKP-6061,Windows Servers,2026-06-28T10:00,2026-06-28,2026-06,92,1.53,Success,1,324,0,SaaS Backup,1
BKP-6062,AWS RDS,2026-06-13T15:00,2026-06-13,2026-06,62,1.03,Success,1,82,0,SaaS Backup,1
BKP-6063,Linux Servers,2026-06-30T06:00,2026-06-30,2026-06,64,1.07,Success,1,392,0,Primary Repository,1
BKP-6064,File Services,2026-04-02T22:00,2026-04-02,2026-04,62,1.03,Success,1,806,0,AWS Backup Vault,1
BKP-6065,Active Directory,2026-05-13T06:00,2026-05-13,2026-05,88,1.47,Success,1,125,0,AWS Backup Vault,1
BKP-6066,Microsoft 365,2026-03-15T07:00,2026-03-15,2026-03,76,1.27,Success,1,444,0,Immutable Repository,1
BKP-6067,File Services,2026-02-10T16:00,2026-02-10,2026-02,45,0.75,Success,1,176,0,SaaS Backup,1
BKP-6068,Linux Servers,2026-01-14T21:00,2026-01-14,2026-01,154,2.57,Success,1,356,0,AWS Backup Vault,1
BKP-6069,File Services,2026-03-02T21:00,2026-03-02,2026-03,56,0.93,Success,1,20,1,Immutable Repository,0
BKP-6070,PKI,2026-07-08T00:00,2026-07-08,2026-07,146,2.43,Success,1,282,0,Primary Repository,1
BKP-6071,Linux Servers,2026-01-22T08:00,2026-01-22,2026-01,109,1.82,Success,1,251,0,AWS Backup Vault,1
BKP-6072,AWS RDS,2026-02-10T03:00,2026-02-10,2026-02,51,0.85,Success,1,601,0,Primary Repository,1
BKP-6073,Windows Servers,2026-04-23T05:00,2026-04-23,2026-04,72,1.2,Success,1,218,0,Primary Repository,1
BKP-6074,File Services,2026-03-20T06:00,2026-03-20,2026-03,49,0.82,Success,1,564,1,SaaS Backup,0
BKP-6075,Microsoft 365,2026-04-15T18:00,2026-04-15,2026-04,101,1.68,Success,1,656,0,Primary Repository,1
BKP-6076,AWS RDS,2026-02-01T02:00,2026-02-01,2026-02,113,1.88,Success,1,283,0,SaaS Backup,1
BKP-6077,Active Directory,2026-06-07T01:00,2026-06-07,2026-06,79,1.32,Success,1,552,0,Primary Repository,1
BKP-6078,Active Directory,2026-01-14T00:00,2026-01-14,2026-01,156,2.6,Success,1,269,0,Immutable Repository,1
BKP-6079,Microsoft 365,2026-02-20T04:00,2026-02-20,2026-02,32,0.53,Success,1,723,0,AWS Backup Vault,1
