timestamp,metric_date,metric_month,hostname,platform,role,cpu_percent,memory_used_percent,memory_available_percent,disk_used_percent,disk_free_percent,availability_percent,active_alerts,health_status
2026-02-03T20:00,2026-02-03,2026-02,NSS-DC01,Windows Server 2022,Domain Controller,2.0,49.51,50.49,77.75,22.25,99.8891,0,Healthy
2026-04-17T17:00,2026-04-17,2026-04,NSS-DC02,Windows Server 2022,Domain Controller,17.6,42.18,57.82,66.54,33.46,99.9689,0,Healthy
2026-04-26T09:00,2026-04-26,2026-04,NSS-LINUX-DB01,Rocky Linux 9,Database Server,15.55,69.69,30.31,58.47,41.53,99.7632,0,Healthy
2026-02-04T04:00,2026-02-04,2026-02,NSS-LINUX-DB01,Rocky Linux 9,Database Server,21.49,54.81,45.19,84.87,15.13,99.9052,0,Warning
2026-05-07T14:00,2026-05-07,2026-05,NSS-FILE01,Windows Server 2022,File Server,40.78,73.98,26.02,69.49,30.51,99.7829,0,Healthy
2026-05-26T06:00,2026-05-26,2026-05,NSS-LINUX-DB01,Rocky Linux 9,Database Server,2.0,45.01,54.99,33.96,66.04,99.8078,0,Healthy
2026-07-23T20:00,2026-07-23,2026-07,NSS-DC02,Windows Server 2022,Domain Controller,36.99,54.24,45.76,40.14,59.86,99.9406,0,Healthy
2026-06-12T14:00,2026-06-12,2026-06,NSS-DC01,Windows Server 2022,Domain Controller,22.29,44.82,55.18,44.67,55.33,99.8503,0,Healthy
2026-02-16T15:00,2026-02-16,2026-02,NSS-APP01,Windows Server 2022,Application Server,34.03,43.86,56.14,71.21,28.79,99.9439,0,Healthy
2026-04-08T01:00,2026-04-08,2026-04,NSS-APP01,Windows Server 2022,Application Server,24.48,35.67,64.33,61.45,38.55,99.9747,0,Healthy
2026-06-08T02:00,2026-06-08,2026-06,NSS-LINUX-APP01,Ubuntu 24.04,Application Server,25.9,41.34,58.66,65.25,34.75,99.9017,0,Healthy
2026-04-11T17:00,2026-04-11,2026-04,NSS-DC02,Windows Server 2022,Domain Controller,17.01,56.35,43.65,60.17,39.83,99.8717,0,Healthy
2026-05-16T18:00,2026-05-16,2026-05,NSS-DC01,Windows Server 2022,Domain Controller,39.07,68.02,31.98,46.25,53.75,99.8094,0,Healthy
2026-03-23T19:00,2026-03-23,2026-03,NSS-LINUX-DB01,Rocky Linux 9,Database Server,30.06,65.95,34.05,72.48,27.52,99.7859,0,Healthy
2026-01-17T07:00,2026-01-17,2026-01,NSS-APP01,Windows Server 2022,Application Server,2.0,28.34,71.66,60.15,39.85,99.8435,0,Healthy
2026-07-25T05:00,2026-07-25,2026-07,NSS-APP01,Windows Server 2022,Application Server,21.31,52.36,47.64,65.54,34.46,99.9723,0,Healthy
2026-01-14T00:00,2026-01-14,2026-01,NSS-LINUX-APP01,Ubuntu 24.04,Application Server,11.6,54.35,45.65,74.23,25.77,99.9684,0,Healthy
2026-03-13T07:00,2026-03-13,2026-03,NSS-MON01,Ubuntu 24.04,Monitoring Server,42.53,45.38,54.62,57.86,42.14,99.7888,0,Healthy
2026-05-11T22:00,2026-05-11,2026-05,NSS-LINUX-DB01,Rocky Linux 9,Database Server,34.16,65.54,34.46,65.21,34.79,99.8152,0,Healthy
2026-04-21T00:00,2026-04-21,2026-04,NSS-LINUX-APP01,Ubuntu 24.04,Application Server,31.08,41.04,58.96,75.33,24.67,99.983,0,Healthy
2026-01-14T01:00,2026-01-14,2026-01,NSS-DC01,Windows Server 2022,Domain Controller,27.42,36.09,63.91,57.32,42.68,99.9111,0,Healthy
2026-01-25T23:00,2026-01-25,2026-01,NSS-LINUX-APP01,Ubuntu 24.04,Application Server,36.38,56.79,43.21,57.03,42.97,99.9183,0,Healthy
2026-02-21T08:00,2026-02-21,2026-02,NSS-APP01,Windows Server 2022,Application Server,21.37,66.51,33.49,77.24,22.76,99.9981,0,Healthy
2026-01-15T13:00,2026-01-15,2026-01,NSS-APP01,Windows Server 2022,Application Server,32.01,59.17,40.83,83.37,16.63,99.8464,0,Warning
2026-07-27T06:00,2026-07-27,2026-07,NSS-MON01,Ubuntu 24.04,Monitoring Server,35.68,45.54,54.46,59.49,40.51,99.8114,0,Healthy
2026-07-05T14:00,2026-07-05,2026-07,NSS-LINUX-DB01,Rocky Linux 9,Database Server,6.11,29.67,70.33,54.88,45.12,99.8948,0,Healthy
2026-06-23T02:00,2026-06-23,2026-06,NSS-DC02,Windows Server 2022,Domain Controller,42.64,67.4,32.6,65.25,34.75,99.9527,0,Healthy
2026-01-17T21:00,2026-01-17,2026-01,NSS-FILE01,Windows Server 2022,File Server,4.66,53.62,46.38,89.59,10.41,99.928,1,Warning
2026-04-08T18:00,2026-04-08,2026-04,NSS-LINUX-APP01,Ubuntu 24.04,Application Server,40.03,71.85,28.15,86.95,13.05,99.9346,1,Warning
2026-04-22T03:00,2026-04-22,2026-04,NSS-LINUX-APP01,Ubuntu 24.04,Application Server,15.17,61.67,38.33,66.15,33.85,99.8405,0,Healthy
2026-05-31T14:00,2026-05-31,2026-05,NSS-APP01,Windows Server 2022,Application Server,47.76,40.04,59.96,62.46,37.54,99.7535,0,Healthy
2026-06-09T16:00,2026-06-09,2026-06,NSS-LINUX-APP01,Ubuntu 24.04,Application Server,26.12,52.86,47.14,56.54,43.46,99.8473,0,Healthy
2026-01-17T12:00,2026-01-17,2026-01,NSS-APP01,Windows Server 2022,Application Server,26.63,43.51,56.49,73.56,26.44,99.966,0,Healthy
2026-01-02T08:00,2026-01-02,2026-01,NSS-DC02,Windows Server 2022,Domain Controller,29.38,57.01,42.99,75.17,24.83,99.9685,0,Healthy
2026-04-06T20:00,2026-04-06,2026-04,NSS-FILE01,Windows Server 2022,File Server,35.92,52.33,47.67,56.41,43.59,99.7565,0,Healthy
2026-04-05T16:00,2026-04-05,2026-04,NSS-DC01,Windows Server 2022,Domain Controller,52.86,34.31,65.69,70.3,29.7,99.9797,0,Healthy
2026-04-07T13:00,2026-04-07,2026-04,NSS-MON01,Ubuntu 24.04,Monitoring Server,10.25,36.8,63.2,61.24,38.76,99.8305,0,Healthy
2026-05-31T12:00,2026-05-31,2026-05,NSS-DC02,Windows Server 2022,Domain Controller,6.78,45.46,54.54,76.51,23.49,99.7594,0,Healthy
2026-02-13T01:00,2026-02-13,2026-02,NSS-LINUX-APP01,Ubuntu 24.04,Application Server,20.64,64.23,35.77,60.48,39.52,99.8614,0,Healthy
2026-06-18T02:00,2026-06-18,2026-06,NSS-APP01,Windows Server 2022,Application Server,18.13,64.81,35.19,67.52,32.48,99.971,0,Healthy
2026-04-25T19:00,2026-04-25,2026-04,NSS-LINUX-APP01,Ubuntu 24.04,Application Server,30.32,32.55,67.45,53.74,46.26,99.7812,0,Healthy
2026-01-16T21:00,2026-01-16,2026-01,NSS-LINUX-APP01,Ubuntu 24.04,Application Server,18.54,56.42,43.58,70.67,29.33,99.8402,0,Healthy
2026-04-07T07:00,2026-04-07,2026-04,NSS-DC02,Windows Server 2022,Domain Controller,14.74,58.23,41.77,48.19,51.81,99.8107,0,Healthy
2026-07-11T19:00,2026-07-11,2026-07,NSS-FILE01,Windows Server 2022,File Server,18.46,37.9,62.1,37.9,62.1,99.8259,0,Healthy
2026-01-07T18:00,2026-01-07,2026-01,NSS-APP01,Windows Server 2022,Application Server,2.0,48.62,51.38,45.47,54.53,99.7971,0,Healthy
2026-01-11T12:00,2026-01-11,2026-01,NSS-APP01,Windows Server 2022,Application Server,12.02,21.12,78.88,50.07,49.93,99.8376,0,Healthy
2026-05-11T06:00,2026-05-11,2026-05,NSS-LINUX-APP01,Ubuntu 24.04,Application Server,12.63,35.41,64.59,62.29,37.71,99.9273,0,Healthy
2026-06-16T02:00,2026-06-16,2026-06,NSS-FILE01,Windows Server 2022,File Server,42.18,27.74,72.26,57.85,42.15,99.7665,0,Healthy
2026-07-25T18:00,2026-07-25,2026-07,NSS-LINUX-APP01,Ubuntu 24.04,Application Server,42.6,47.99,52.01,59.89,40.11,99.7704,0,Healthy
2026-07-09T05:00,2026-07-09,2026-07,NSS-FILE01,Windows Server 2022,File Server,11.96,30.37,69.63,52.4,47.6,99.9697,0,Healthy
2026-07-17T17:00,2026-07-17,2026-07,NSS-LINUX-APP01,Ubuntu 24.04,Application Server,36.04,68.74,31.26,64.76,35.24,99.8889,0,Healthy
2026-05-28T19:00,2026-05-28,2026-05,NSS-LINUX-APP01,Ubuntu 24.04,Application Server,15.11,78.42,21.58,61.64,38.36,99.923,0,Healthy
2026-03-31T07:00,2026-03-31,2026-03,NSS-LINUX-DB01,Rocky Linux 9,Database Server,39.48,57.96,42.04,45.92,54.08,99.8887,0,Healthy
2026-06-27T09:00,2026-06-27,2026-06,NSS-FILE01,Windows Server 2022,File Server,37.99,74.41,25.59,60.66,39.34,99.783,0,Healthy
2026-02-22T03:00,2026-02-22,2026-02,NSS-DC01,Windows Server 2022,Domain Controller,44.56,44.1,55.9,34.59,65.41,99.7765,0,Healthy
2026-06-06T05:00,2026-06-06,2026-06,NSS-DC01,Windows Server 2022,Domain Controller,7.76,40.21,59.79,62.47,37.53,99.8286,0,Healthy
2026-04-16T13:00,2026-04-16,2026-04,NSS-DC01,Windows Server 2022,Domain Controller,16.83,93.21,6.79,55.89,44.11,99.7643,1,Critical
2026-04-28T11:00,2026-04-28,2026-04,NSS-DC01,Windows Server 2022,Domain Controller,59.08,72.77,27.23,60.55,39.45,99.8864,0,Healthy
2026-05-08T11:00,2026-05-08,2026-05,NSS-MON01,Ubuntu 24.04,Monitoring Server,18.19,81.32,18.68,65.45,34.55,99.7832,0,Warning
2026-06-20T13:00,2026-06-20,2026-06,NSS-LINUX-DB01,Rocky Linux 9,Database Server,10.69,49.49,50.51,62.4,37.6,99.8397,0,Healthy
2026-02-28T03:00,2026-02-28,2026-02,NSS-LINUX-APP01,Ubuntu 24.04,Application Server,35.3,61.65,38.35,53.94,46.06,99.85,0,Healthy
2026-07-04T21:00,2026-07-04,2026-07,NSS-DC01,Windows Server 2022,Domain Controller,30.8,78.8,21.2,76.12,23.88,99.8277,0,Healthy
2026-05-25T04:00,2026-05-25,2026-05,NSS-LINUX-DB01,Rocky Linux 9,Database Server,46.63,68.85,31.15,39.49,60.51,99.7789,0,Healthy
2026-01-30T05:00,2026-01-30,2026-01,NSS-DC02,Windows Server 2022,Domain Controller,25.76,38.47,61.53,60.55,39.45,99.8284,0,Healthy
2026-07-26T06:00,2026-07-26,2026-07,NSS-MON01,Ubuntu 24.04,Monitoring Server,25.8,79.0,21.0,83.0,17.0,99.9124,0,Warning
2026-02-18T04:00,2026-02-18,2026-02,NSS-APP01,Windows Server 2022,Application Server,35.81,49.5,50.5,68.19,31.81,99.8502,0,Healthy
2026-07-02T09:00,2026-07-02,2026-07,NSS-LINUX-DB01,Rocky Linux 9,Database Server,33.31,56.92,43.08,50.96,49.04,99.9946,0,Healthy
2026-02-18T21:00,2026-02-18,2026-02,NSS-DC01,Windows Server 2022,Domain Controller,31.84,42.15,57.85,62.22,37.78,99.9506,0,Healthy
2026-02-18T22:00,2026-02-18,2026-02,NSS-MON01,Ubuntu 24.04,Monitoring Server,29.34,66.24,33.76,36.03,63.97,99.8613,0,Healthy
2026-03-24T10:00,2026-03-24,2026-03,NSS-DC02,Windows Server 2022,Domain Controller,16.75,67.9,32.1,45.52,54.48,99.7981,0,Healthy
2026-07-04T19:00,2026-07-04,2026-07,NSS-DC02,Windows Server 2022,Domain Controller,21.98,79.02,20.98,44.41,55.59,99.8284,0,Healthy
2026-06-30T18:00,2026-06-30,2026-06,NSS-LINUX-DB01,Rocky Linux 9,Database Server,43.05,41.01,58.99,72.79,27.21,99.9891,0,Healthy
2026-07-08T06:00,2026-07-08,2026-07,NSS-FILE01,Windows Server 2022,File Server,13.88,70.41,29.59,86.18,13.82,99.7711,1,Warning
2026-04-15T11:00,2026-04-15,2026-04,NSS-MON01,Ubuntu 24.04,Monitoring Server,9.29,62.55,37.45,61.17,38.83,99.9826,0,Healthy
2026-02-21T00:00,2026-02-21,2026-02,NSS-DC02,Windows Server 2022,Domain Controller,20.19,65.85,34.15,64.5,35.5,99.7938,0,Healthy
2026-03-04T08:00,2026-03-04,2026-03,NSS-FILE01,Windows Server 2022,File Server,59.6,48.98,51.02,55.31,44.69,99.9813,0,Healthy
2026-07-13T15:00,2026-07-13,2026-07,NSS-APP01,Windows Server 2022,Application Server,14.65,47.99,52.01,47.15,52.85,99.8987,0,Healthy
2026-03-28T07:00,2026-03-28,2026-03,NSS-LINUX-APP01,Ubuntu 24.04,Application Server,41.58,5.32,94.68,60.79,39.21,99.7594,0,Healthy
2026-06-24T11:00,2026-06-24,2026-06,NSS-LINUX-DB01,Rocky Linux 9,Database Server,29.1,62.42,37.58,47.54,52.46,99.8289,0,Healthy
2026-05-26T01:00,2026-05-26,2026-05,NSS-LINUX-APP01,Ubuntu 24.04,Application Server,41.56,68.75,31.25,73.28,26.72,99.7562,0,Healthy
2026-02-09T09:00,2026-02-09,2026-02,NSS-DC01,Windows Server 2022,Domain Controller,18.0,86.17,13.83,71.12,28.88,99.8603,0,Warning
2026-07-29T15:00,2026-07-29,2026-07,NSS-LINUX-APP01,Ubuntu 24.04,Application Server,19.92,33.78,66.22,68.56,31.44,99.7928,0,Healthy
2026-03-31T02:00,2026-03-31,2026-03,NSS-APP01,Windows Server 2022,Application Server,9.8,47.23,52.77,66.51,33.49,99.8953,0,Healthy
2026-07-29T21:00,2026-07-29,2026-07,NSS-FILE01,Windows Server 2022,File Server,34.93,60.34,39.66,52.49,47.51,99.9312,0,Healthy
2026-02-15T17:00,2026-02-15,2026-02,NSS-APP01,Windows Server 2022,Application Server,35.23,53.03,46.97,75.1,24.9,99.9696,0,Healthy
2026-03-06T22:00,2026-03-06,2026-03,NSS-FILE01,Windows Server 2022,File Server,26.09,46.99,53.01,32.16,67.84,99.9001,0,Healthy
2026-02-09T15:00,2026-02-09,2026-02,NSS-DC02,Windows Server 2022,Domain Controller,27.06,37.83,62.17,34.14,65.86,99.9154,0,Healthy
2026-01-01T11:00,2026-01-01,2026-01,NSS-MON01,Ubuntu 24.04,Monitoring Server,51.04,44.37,55.63,55.91,44.09,99.9902,0,Healthy
2026-01-07T07:00,2026-01-07,2026-01,NSS-DC02,Windows Server 2022,Domain Controller,46.48,49.21,50.79,63.49,36.51,99.9287,0,Healthy
2026-06-29T23:00,2026-06-29,2026-06,NSS-DC01,Windows Server 2022,Domain Controller,25.07,54.32,45.68,77.37,22.63,99.9193,0,Healthy
2026-05-07T17:00,2026-05-07,2026-05,NSS-FILE01,Windows Server 2022,File Server,20.79,43.51,56.49,43.46,56.54,99.8181,0,Healthy
2026-07-05T12:00,2026-07-05,2026-07,NSS-DC02,Windows Server 2022,Domain Controller,22.35,69.56,30.44,55.28,44.72,99.7531,0,Healthy
2026-05-18T15:00,2026-05-18,2026-05,NSS-FILE01,Windows Server 2022,File Server,50.36,59.68,40.32,75.57,24.43,99.9336,0,Healthy
2026-04-07T22:00,2026-04-07,2026-04,NSS-FILE01,Windows Server 2022,File Server,45.85,50.14,49.86,27.22,72.78,99.8325,0,Healthy
2026-07-08T23:00,2026-07-08,2026-07,NSS-DC02,Windows Server 2022,Domain Controller,21.9,86.03,13.97,60.67,39.33,99.9246,0,Warning
2026-01-03T15:00,2026-01-03,2026-01,NSS-LINUX-DB01,Rocky Linux 9,Database Server,9.77,63.64,36.36,66.84,33.16,99.9014,0,Healthy
2026-04-14T06:00,2026-04-14,2026-04,NSS-DC02,Windows Server 2022,Domain Controller,41.7,62.26,37.74,65.33,34.67,99.9253,0,Healthy
2026-05-04T22:00,2026-05-04,2026-05,NSS-DC02,Windows Server 2022,Domain Controller,40.56,59.21,40.79,74.09,25.91,99.9076,0,Healthy
2026-04-20T03:00,2026-04-20,2026-04,NSS-MON01,Ubuntu 24.04,Monitoring Server,5.98,42.15,57.85,60.04,39.96,99.9851,0,Healthy
2026-02-07T12:00,2026-02-07,2026-02,NSS-LINUX-DB01,Rocky Linux 9,Database Server,21.22,87.26,12.74,53.17,46.83,99.8972,0,Warning
2026-05-23T03:00,2026-05-23,2026-05,NSS-DC01,Windows Server 2022,Domain Controller,25.27,61.11,38.89,69.43,30.57,99.8839,0,Healthy
2026-01-18T09:00,2026-01-18,2026-01,NSS-LINUX-DB01,Rocky Linux 9,Database Server,37.04,63.64,36.36,54.28,45.72,99.8833,0,Healthy
2026-03-15T21:00,2026-03-15,2026-03,NSS-MON01,Ubuntu 24.04,Monitoring Server,33.86,43.46,56.54,52.45,47.55,99.8777,0,Healthy
2026-07-07T03:00,2026-07-07,2026-07,NSS-LINUX-DB01,Rocky Linux 9,Database Server,2.0,32.63,67.37,50.69,49.31,99.8903,0,Healthy
2026-06-23T21:00,2026-06-23,2026-06,NSS-LINUX-DB01,Rocky Linux 9,Database Server,37.8,82.99,17.01,62.09,37.91,99.9324,0,Warning
2026-03-26T15:00,2026-03-26,2026-03,NSS-DC01,Windows Server 2022,Domain Controller,29.41,78.85,21.15,61.06,38.94,99.8257,0,Healthy
2026-02-09T21:00,2026-02-09,2026-02,NSS-LINUX-APP01,Ubuntu 24.04,Application Server,8.17,65.64,34.36,64.47,35.53,99.9783,0,Healthy
2026-04-27T02:00,2026-04-27,2026-04,NSS-DC02,Windows Server 2022,Domain Controller,16.04,48.25,51.75,37.5,62.5,99.8577,0,Healthy
2026-07-04T03:00,2026-07-04,2026-07,NSS-LINUX-APP01,Ubuntu 24.04,Application Server,14.03,31.19,68.81,51.65,48.35,99.8213,0,Healthy
2026-04-27T23:00,2026-04-27,2026-04,NSS-DC02,Windows Server 2022,Domain Controller,45.98,81.87,18.13,43.06,56.94,99.8445,0,Warning
2026-05-09T19:00,2026-05-09,2026-05,NSS-APP01,Windows Server 2022,Application Server,32.44,46.82,53.18,65.31,34.69,99.8455,0,Healthy
2026-04-04T21:00,2026-04-04,2026-04,NSS-LINUX-APP01,Ubuntu 24.04,Application Server,36.59,56.97,43.03,55.2,44.8,99.8387,0,Healthy
2026-05-25T23:00,2026-05-25,2026-05,NSS-LINUX-DB01,Rocky Linux 9,Database Server,10.73,81.14,18.86,44.29,55.71,99.9165,0,Warning
2026-03-25T22:00,2026-03-25,2026-03,NSS-APP01,Windows Server 2022,Application Server,41.09,45.43,54.57,55.37,44.63,99.8563,0,Healthy
2026-07-23T21:00,2026-07-23,2026-07,NSS-LINUX-DB01,Rocky Linux 9,Database Server,3.18,71.01,28.99,48.68,51.32,99.9606,0,Healthy
2026-01-14T21:00,2026-01-14,2026-01,NSS-DC02,Windows Server 2022,Domain Controller,29.4,41.05,58.95,68.76,31.24,99.9036,0,Healthy
2026-02-28T22:00,2026-02-28,2026-02,NSS-APP01,Windows Server 2022,Application Server,22.86,40.97,59.03,79.82,20.18,99.7704,0,Healthy
2026-01-28T07:00,2026-01-28,2026-01,NSS-DC01,Windows Server 2022,Domain Controller,25.5,58.88,41.12,75.03,24.97,99.9741,0,Healthy
2026-02-24T19:00,2026-02-24,2026-02,NSS-MON01,Ubuntu 24.04,Monitoring Server,37.19,40.29,59.71,64.73,35.27,99.9011,0,Healthy
2026-01-09T22:00,2026-01-09,2026-01,NSS-DC02,Windows Server 2022,Domain Controller,4.11,58.16,41.84,83.2,16.8,99.9234,0,Warning
2026-06-25T05:00,2026-06-25,2026-06,NSS-DC01,Windows Server 2022,Domain Controller,15.98,49.39,50.61,66.93,33.07,99.951,0,Healthy
2026-05-20T21:00,2026-05-20,2026-05,NSS-DC01,Windows Server 2022,Domain Controller,38.28,38.69,61.31,76.91,23.09,99.8261,0,Healthy
2026-01-27T00:00,2026-01-27,2026-01,NSS-DC02,Windows Server 2022,Domain Controller,20.74,49.34,50.66,63.61,36.39,99.9033,0,Healthy
2026-07-14T22:00,2026-07-14,2026-07,NSS-DC02,Windows Server 2022,Domain Controller,21.87,56.3,43.7,61.42,38.58,99.8069,0,Healthy
2026-02-16T09:00,2026-02-16,2026-02,NSS-LINUX-DB01,Rocky Linux 9,Database Server,32.38,61.49,38.51,62.19,37.81,99.9689,0,Healthy
2026-05-27T12:00,2026-05-27,2026-05,NSS-LINUX-APP01,Ubuntu 24.04,Application Server,27.35,57.12,42.88,67.56,32.44,99.8513,0,Healthy
2026-02-04T10:00,2026-02-04,2026-02,NSS-MON01,Ubuntu 24.04,Monitoring Server,29.77,62.81,37.19,70.41,29.59,99.9813,0,Healthy
2026-05-18T16:00,2026-05-18,2026-05,NSS-LINUX-DB01,Rocky Linux 9,Database Server,28.69,74.59,25.41,41.27,58.73,99.9006,0,Healthy
2026-01-21T03:00,2026-01-21,2026-01,NSS-MON01,Ubuntu 24.04,Monitoring Server,36.82,49.65,50.35,54.53,45.47,99.7781,0,Healthy
2026-07-03T11:00,2026-07-03,2026-07,NSS-DC01,Windows Server 2022,Domain Controller,20.18,55.47,44.53,66.59,33.41,99.9214,0,Healthy
2026-05-10T11:00,2026-05-10,2026-05,NSS-DC02,Windows Server 2022,Domain Controller,13.74,17.68,82.32,72.55,27.45,99.7879,0,Healthy
2026-07-18T06:00,2026-07-18,2026-07,NSS-FILE01,Windows Server 2022,File Server,31.28,54.66,45.34,59.17,40.83,99.9804,0,Healthy
2026-02-02T23:00,2026-02-02,2026-02,NSS-FILE01,Windows Server 2022,File Server,32.3,38.02,61.98,59.51,40.49,99.839,0,Healthy
2026-04-29T09:00,2026-04-29,2026-04,NSS-APP01,Windows Server 2022,Application Server,35.08,46.55,53.45,57.02,42.98,99.9212,0,Healthy
2026-05-09T04:00,2026-05-09,2026-05,NSS-LINUX-DB01,Rocky Linux 9,Database Server,7.1,30.6,69.4,40.7,59.3,99.8398,0,Healthy
2026-05-14T08:00,2026-05-14,2026-05,NSS-LINUX-APP01,Ubuntu 24.04,Application Server,50.21,67.69,32.31,34.05,65.95,99.8978,0,Healthy
2026-04-02T13:00,2026-04-02,2026-04,NSS-FILE01,Windows Server 2022,File Server,23.34,76.95,23.05,54.79,45.21,99.9942,0,Healthy
2026-05-19T00:00,2026-05-19,2026-05,NSS-MON01,Ubuntu 24.04,Monitoring Server,31.84,49.92,50.08,59.99,40.01,99.8301,0,Healthy
2026-03-11T01:00,2026-03-11,2026-03,NSS-APP01,Windows Server 2022,Application Server,2.0,43.84,56.16,74.81,25.19,99.9689,0,Healthy
2026-07-17T03:00,2026-07-17,2026-07,NSS-LINUX-DB01,Rocky Linux 9,Database Server,56.64,32.9,67.1,59.2,40.8,99.9505,0,Healthy
2026-07-05T19:00,2026-07-05,2026-07,NSS-APP01,Windows Server 2022,Application Server,58.21,52.83,47.17,68.47,31.53,99.8006,0,Healthy
2026-03-07T11:00,2026-03-07,2026-03,NSS-APP01,Windows Server 2022,Application Server,18.49,66.64,33.36,56.92,43.08,99.8446,0,Healthy
2026-05-05T03:00,2026-05-05,2026-05,NSS-APP01,Windows Server 2022,Application Server,13.3,40.92,59.08,89.59,10.41,99.7906,1,Warning
2026-06-06T10:00,2026-06-06,2026-06,NSS-APP01,Windows Server 2022,Application Server,31.82,62.21,37.79,57.38,42.62,99.879,0,Healthy
2026-01-25T18:00,2026-01-25,2026-01,NSS-LINUX-DB01,Rocky Linux 9,Database Server,40.41,65.08,34.92,80.78,19.22,99.8697,0,Warning
2026-06-20T13:00,2026-06-20,2026-06,NSS-DC02,Windows Server 2022,Domain Controller,29.44,39.46,60.54,82.28,17.72,99.7801,0,Warning
2026-06-01T17:00,2026-06-01,2026-06,NSS-APP01,Windows Server 2022,Application Server,17.14,71.81,28.19,71.23,28.77,99.8225,0,Healthy
2026-07-29T15:00,2026-07-29,2026-07,NSS-APP01,Windows Server 2022,Application Server,16.84,63.09,36.91,44.27,55.73,99.7592,0,Healthy
2026-02-08T07:00,2026-02-08,2026-02,NSS-APP01,Windows Server 2022,Application Server,19.93,72.56,27.44,58.14,41.86,99.7807,0,Healthy
2026-01-02T12:00,2026-01-02,2026-01,NSS-DC01,Windows Server 2022,Domain Controller,25.63,44.68,55.32,61.93,38.07,99.7708,0,Healthy
2026-06-27T03:00,2026-06-27,2026-06,NSS-DC01,Windows Server 2022,Domain Controller,25.72,70.78,29.22,77.75,22.25,99.9848,0,Healthy
2026-03-06T16:00,2026-03-06,2026-03,NSS-DC02,Windows Server 2022,Domain Controller,13.42,55.35,44.65,50.2,49.8,99.8183,0,Healthy
2026-04-27T16:00,2026-04-27,2026-04,NSS-DC01,Windows Server 2022,Domain Controller,2.0,59.57,40.43,60.07,39.93,99.8917,0,Healthy
2026-05-23T17:00,2026-05-23,2026-05,NSS-LINUX-DB01,Rocky Linux 9,Database Server,45.34,63.53,36.47,86.26,13.74,99.7927,1,Warning
2026-03-06T00:00,2026-03-06,2026-03,NSS-APP01,Windows Server 2022,Application Server,29.86,51.17,48.83,57.09,42.91,99.8313,0,Healthy
2026-02-07T00:00,2026-02-07,2026-02,NSS-DC01,Windows Server 2022,Domain Controller,16.14,48.16,51.84,45.98,54.02,99.7546,0,Healthy
2026-04-03T09:00,2026-04-03,2026-04,NSS-APP01,Windows Server 2022,Application Server,31.49,55.18,44.82,55.39,44.61,99.7827,0,Healthy
2026-04-17T14:00,2026-04-17,2026-04,NSS-APP01,Windows Server 2022,Application Server,2.0,49.84,50.16,62.25,37.75,99.9719,0,Healthy
2026-02-05T14:00,2026-02-05,2026-02,NSS-APP01,Windows Server 2022,Application Server,38.92,39.06,60.94,65.95,34.05,99.7523,0,Healthy
2026-05-04T22:00,2026-05-04,2026-05,NSS-LINUX-APP01,Ubuntu 24.04,Application Server,45.15,33.77,66.23,65.36,34.64,99.8308,0,Healthy
2026-02-27T17:00,2026-02-27,2026-02,NSS-APP01,Windows Server 2022,Application Server,13.02,98.0,2.0,53.87,46.13,99.8067,1,Critical
2026-04-28T10:00,2026-04-28,2026-04,NSS-DC01,Windows Server 2022,Domain Controller,16.68,60.91,39.09,72.6,27.4,99.9166,0,Healthy
2026-03-22T11:00,2026-03-22,2026-03,NSS-LINUX-DB01,Rocky Linux 9,Database Server,48.12,49.26,50.74,41.82,58.18,99.9048,0,Healthy
2026-04-25T23:00,2026-04-25,2026-04,NSS-LINUX-DB01,Rocky Linux 9,Database Server,23.36,47.59,52.41,57.49,42.51,99.7831,0,Healthy
2026-04-19T13:00,2026-04-19,2026-04,NSS-APP01,Windows Server 2022,Application Server,17.71,64.12,35.88,52.52,47.48,99.8473,0,Healthy
2026-03-18T16:00,2026-03-18,2026-03,NSS-LINUX-DB01,Rocky Linux 9,Database Server,24.73,40.93,59.07,79.98,20.02,99.7679,0,Healthy
2026-02-21T00:00,2026-02-21,2026-02,NSS-MON01,Ubuntu 24.04,Monitoring Server,32.26,38.91,61.09,64.62,35.38,99.8304,0,Healthy
2026-05-04T04:00,2026-05-04,2026-05,NSS-MON01,Ubuntu 24.04,Monitoring Server,34.32,64.13,35.87,50.23,49.77,99.8088,0,Healthy
2026-03-14T09:00,2026-03-14,2026-03,NSS-APP01,Windows Server 2022,Application Server,30.43,71.08,28.92,42.85,57.15,99.7558,0,Healthy
2026-05-01T01:00,2026-05-01,2026-05,NSS-FILE01,Windows Server 2022,File Server,46.26,69.73,30.27,21.59,78.41,99.9991,0,Healthy
2026-03-19T02:00,2026-03-19,2026-03,NSS-LINUX-APP01,Ubuntu 24.04,Application Server,25.67,49.44,50.56,80.52,19.48,99.8406,0,Warning
2026-02-20T22:00,2026-02-20,2026-02,NSS-DC01,Windows Server 2022,Domain Controller,12.09,72.56,27.44,69.7,30.3,99.7938,0,Healthy
2026-07-05T06:00,2026-07-05,2026-07,NSS-MON01,Ubuntu 24.04,Monitoring Server,12.57,39.91,60.09,65.0,35.0,99.8991,0,Healthy
2026-01-15T11:00,2026-01-15,2026-01,NSS-MON01,Ubuntu 24.04,Monitoring Server,40.38,62.16,37.84,71.56,28.44,99.7977,0,Healthy
2026-07-14T06:00,2026-07-14,2026-07,NSS-DC01,Windows Server 2022,Domain Controller,18.14,55.57,44.43,63.65,36.35,99.7588,0,Healthy
2026-05-30T17:00,2026-05-30,2026-05,NSS-LINUX-DB01,Rocky Linux 9,Database Server,16.71,64.1,35.9,75.73,24.27,99.9984,0,Healthy
2026-06-27T09:00,2026-06-27,2026-06,NSS-APP01,Windows Server 2022,Application Server,23.53,61.99,38.01,57.75,42.25,99.8727,0,Healthy
2026-07-23T03:00,2026-07-23,2026-07,NSS-DC02,Windows Server 2022,Domain Controller,20.84,66.6,33.4,66.38,33.62,99.7577,0,Healthy
2026-03-30T03:00,2026-03-30,2026-03,NSS-LINUX-DB01,Rocky Linux 9,Database Server,19.62,46.1,53.9,76.24,23.76,99.9389,0,Healthy
2026-03-24T16:00,2026-03-24,2026-03,NSS-DC01,Windows Server 2022,Domain Controller,18.66,38.08,61.92,72.65,27.35,99.8387,0,Healthy
2026-06-21T03:00,2026-06-21,2026-06,NSS-MON01,Ubuntu 24.04,Monitoring Server,20.99,63.54,36.46,71.59,28.41,99.7992,0,Healthy
2026-04-02T10:00,2026-04-02,2026-04,NSS-APP01,Windows Server 2022,Application Server,25.05,57.77,42.23,46.09,53.91,99.9017,0,Healthy
2026-03-28T02:00,2026-03-28,2026-03,NSS-DC01,Windows Server 2022,Domain Controller,32.64,68.77,31.23,63.28,36.72,99.9399,0,Healthy
2026-03-24T08:00,2026-03-24,2026-03,NSS-DC02,Windows Server 2022,Domain Controller,7.86,60.29,39.71,63.89,36.11,99.9643,0,Healthy
2026-06-13T05:00,2026-06-13,2026-06,NSS-DC01,Windows Server 2022,Domain Controller,17.92,60.65,39.35,35.08,64.92,99.841,0,Healthy
2026-03-11T12:00,2026-03-11,2026-03,NSS-DC02,Windows Server 2022,Domain Controller,32.36,53.56,46.44,66.17,33.83,99.9201,0,Healthy
2026-02-06T07:00,2026-02-06,2026-02,NSS-APP01,Windows Server 2022,Application Server,18.93,43.31,56.69,66.46,33.54,99.851,0,Healthy
2026-03-05T14:00,2026-03-05,2026-03,NSS-APP01,Windows Server 2022,Application Server,27.5,66.39,33.61,71.63,28.37,99.9279,0,Healthy
2026-02-10T21:00,2026-02-10,2026-02,NSS-LINUX-DB01,Rocky Linux 9,Database Server,48.15,41.55,58.45,61.27,38.73,99.8229,0,Healthy
2026-07-07T23:00,2026-07-07,2026-07,NSS-APP01,Windows Server 2022,Application Server,19.0,50.08,49.92,63.25,36.75,99.7668,0,Healthy
2026-07-20T08:00,2026-07-20,2026-07,NSS-FILE01,Windows Server 2022,File Server,31.09,48.89,51.11,54.02,45.98,99.9196,0,Healthy
2026-06-20T01:00,2026-06-20,2026-06,NSS-FILE01,Windows Server 2022,File Server,30.09,67.58,32.42,43.95,56.05,99.9305,0,Healthy
2026-06-29T21:00,2026-06-29,2026-06,NSS-DC01,Windows Server 2022,Domain Controller,26.96,39.88,60.12,45.78,54.22,99.8365,0,Healthy
2026-04-03T20:00,2026-04-03,2026-04,NSS-MON01,Ubuntu 24.04,Monitoring Server,27.48,61.41,38.59,69.82,30.18,99.8156,0,Healthy
2026-05-14T09:00,2026-05-14,2026-05,NSS-DC01,Windows Server 2022,Domain Controller,39.7,53.03,46.97,58.18,41.82,99.757,0,Healthy
2026-03-02T02:00,2026-03-02,2026-03,NSS-DC02,Windows Server 2022,Domain Controller,6.96,53.88,46.12,63.31,36.69,99.8267,0,Healthy
2026-07-28T10:00,2026-07-28,2026-07,NSS-FILE01,Windows Server 2022,File Server,18.2,53.87,46.13,67.71,32.29,99.7526,0,Healthy
2026-07-13T04:00,2026-07-13,2026-07,NSS-FILE01,Windows Server 2022,File Server,10.01,31.53,68.47,74.56,25.44,99.7865,0,Healthy
2026-04-10T23:00,2026-04-10,2026-04,NSS-APP01,Windows Server 2022,Application Server,5.76,59.69,40.31,63.69,36.31,99.9847,0,Healthy
2026-04-25T18:00,2026-04-25,2026-04,NSS-LINUX-APP01,Ubuntu 24.04,Application Server,23.75,58.37,41.63,70.12,29.88,99.8494,0,Healthy
2026-03-30T22:00,2026-03-30,2026-03,NSS-LINUX-APP01,Ubuntu 24.04,Application Server,44.72,47.82,52.18,55.56,44.44,99.8679,0,Healthy
2026-07-03T05:00,2026-07-03,2026-07,NSS-APP01,Windows Server 2022,Application Server,39.49,34.71,65.29,50.11,49.89,99.9689,0,Healthy
2026-03-10T07:00,2026-03-10,2026-03,NSS-LINUX-APP01,Ubuntu 24.04,Application Server,19.95,51.11,48.89,53.45,46.55,99.916,0,Healthy
2026-01-07T04:00,2026-01-07,2026-01,NSS-DC01,Windows Server 2022,Domain Controller,23.18,65.29,34.71,46.67,53.33,99.8948,0,Healthy
2026-01-13T04:00,2026-01-13,2026-01,NSS-DC02,Windows Server 2022,Domain Controller,36.46,46.13,53.87,59.47,40.53,99.7959,0,Healthy
2026-04-27T02:00,2026-04-27,2026-04,NSS-LINUX-APP01,Ubuntu 24.04,Application Server,52.29,46.96,53.04,95.0,5.0,99.8612,1,Critical
2026-01-14T07:00,2026-01-14,2026-01,NSS-LINUX-APP01,Ubuntu 24.04,Application Server,31.18,72.94,27.06,59.82,40.18,99.9153,0,Healthy
2026-03-29T07:00,2026-03-29,2026-03,NSS-MON01,Ubuntu 24.04,Monitoring Server,43.46,50.68,49.32,53.69,46.31,99.9746,0,Healthy
2026-05-02T15:00,2026-05-02,2026-05,NSS-APP01,Windows Server 2022,Application Server,52.37,57.67,42.33,56.6,43.4,99.9312,0,Healthy
2026-02-09T14:00,2026-02-09,2026-02,NSS-MON01,Ubuntu 24.04,Monitoring Server,21.89,38.4,61.6,83.59,16.41,99.9649,0,Warning
2026-06-25T22:00,2026-06-25,2026-06,NSS-APP01,Windows Server 2022,Application Server,35.77,45.35,54.65,46.58,53.42,99.9933,0,Healthy
2026-06-06T03:00,2026-06-06,2026-06,NSS-LINUX-DB01,Rocky Linux 9,Database Server,7.84,65.77,34.23,60.01,39.99,99.8185,0,Healthy
2026-03-19T04:00,2026-03-19,2026-03,NSS-FILE01,Windows Server 2022,File Server,18.47,52.61,47.39,64.84,35.16,99.7935,0,Healthy
2026-06-20T09:00,2026-06-20,2026-06,NSS-DC01,Windows Server 2022,Domain Controller,54.01,48.68,51.32,60.13,39.87,99.8836,0,Healthy
2026-04-23T13:00,2026-04-23,2026-04,NSS-MON01,Ubuntu 24.04,Monitoring Server,3.76,73.14,26.86,72.68,27.32,99.8314,0,Healthy
2026-05-06T07:00,2026-05-06,2026-05,NSS-LINUX-DB01,Rocky Linux 9,Database Server,26.87,32.99,67.01,57.27,42.73,99.9021,0,Healthy
2026-01-20T11:00,2026-01-20,2026-01,NSS-LINUX-DB01,Rocky Linux 9,Database Server,26.37,52.02,47.98,56.66,43.34,99.7719,0,Healthy
2026-04-27T04:00,2026-04-27,2026-04,NSS-LINUX-APP01,Ubuntu 24.04,Application Server,28.01,62.58,37.42,74.6,25.4,99.9932,0,Healthy
2026-02-16T06:00,2026-02-16,2026-02,NSS-APP01,Windows Server 2022,Application Server,40.98,59.9,40.1,62.78,37.22,99.891,0,Healthy
2026-04-04T21:00,2026-04-04,2026-04,NSS-APP01,Windows Server 2022,Application Server,31.31,65.45,34.55,49.41,50.59,99.9328,0,Healthy
2026-03-30T15:00,2026-03-30,2026-03,NSS-LINUX-DB01,Rocky Linux 9,Database Server,46.88,49.46,50.54,55.54,44.46,99.802,0,Healthy
2026-03-25T00:00,2026-03-25,2026-03,NSS-MON01,Ubuntu 24.04,Monitoring Server,25.35,43.36,56.64,51.46,48.54,99.9012,0,Healthy
2026-04-06T05:00,2026-04-06,2026-04,NSS-DC02,Windows Server 2022,Domain Controller,35.17,37.29,62.71,67.28,32.72,99.881,0,Healthy
2026-02-14T14:00,2026-02-14,2026-02,NSS-DC01,Windows Server 2022,Domain Controller,31.2,69.62,30.38,52.32,47.68,99.805,0,Healthy
2026-01-05T01:00,2026-01-05,2026-01,NSS-LINUX-DB01,Rocky Linux 9,Database Server,33.12,49.12,50.88,66.33,33.67,99.8997,0,Healthy
2026-02-27T12:00,2026-02-27,2026-02,NSS-LINUX-DB01,Rocky Linux 9,Database Server,12.14,68.88,31.12,69.99,30.01,99.9744,0,Healthy
2026-05-06T21:00,2026-05-06,2026-05,NSS-LINUX-APP01,Ubuntu 24.04,Application Server,35.05,69.12,30.88,48.29,51.71,99.7644,0,Healthy
2026-05-29T21:00,2026-05-29,2026-05,NSS-DC01,Windows Server 2022,Domain Controller,21.79,48.67,51.33,56.39,43.61,99.8979,0,Healthy
2026-02-22T17:00,2026-02-22,2026-02,NSS-DC02,Windows Server 2022,Domain Controller,36.67,49.88,50.12,53.88,46.12,99.8256,0,Healthy
2026-06-30T14:00,2026-06-30,2026-06,NSS-APP01,Windows Server 2022,Application Server,2.0,52.96,47.04,63.79,36.21,99.8764,0,Healthy
2026-02-28T11:00,2026-02-28,2026-02,NSS-FILE01,Windows Server 2022,File Server,9.87,54.88,45.12,36.93,63.07,99.9904,0,Healthy
2026-06-30T15:00,2026-06-30,2026-06,NSS-APP01,Windows Server 2022,Application Server,12.61,30.86,69.14,57.62,42.38,99.7605,0,Healthy
2026-05-14T12:00,2026-05-14,2026-05,NSS-APP01,Windows Server 2022,Application Server,50.31,83.57,16.43,55.53,44.47,99.7543,0,Warning
2026-01-23T10:00,2026-01-23,2026-01,NSS-DC02,Windows Server 2022,Domain Controller,35.15,42.41,57.59,61.05,38.95,99.9876,0,Healthy
2026-05-15T07:00,2026-05-15,2026-05,NSS-LINUX-DB01,Rocky Linux 9,Database Server,9.13,41.53,58.47,41.86,58.14,99.7808,0,Healthy
2026-05-01T09:00,2026-05-01,2026-05,NSS-LINUX-APP01,Ubuntu 24.04,Application Server,52.27,87.48,12.52,45.15,54.85,99.9847,0,Warning
2026-04-04T05:00,2026-04-04,2026-04,NSS-DC01,Windows Server 2022,Domain Controller,32.0,57.87,42.13,72.82,27.18,99.8335,0,Healthy
2026-05-14T23:00,2026-05-14,2026-05,NSS-APP01,Windows Server 2022,Application Server,10.62,82.53,17.47,64.79,35.21,99.7949,0,Warning
2026-05-25T10:00,2026-05-25,2026-05,NSS-LINUX-APP01,Ubuntu 24.04,Application Server,3.6,54.31,45.69,21.8,78.2,99.8252,0,Healthy
2026-07-12T05:00,2026-07-12,2026-07,NSS-DC02,Windows Server 2022,Domain Controller,12.44,36.3,63.7,64.14,35.86,99.9703,0,Healthy
2026-01-06T22:00,2026-01-06,2026-01,NSS-DC01,Windows Server 2022,Domain Controller,2.0,58.57,41.43,60.64,39.36,99.8019,0,Healthy
2026-05-05T18:00,2026-05-05,2026-05,NSS-DC01,Windows Server 2022,Domain Controller,27.71,55.5,44.5,54.19,45.81,99.7687,0,Healthy
2026-03-02T10:00,2026-03-02,2026-03,NSS-MON01,Ubuntu 24.04,Monitoring Server,13.05,45.05,54.95,56.03,43.97,99.8356,0,Healthy
2026-03-23T13:00,2026-03-23,2026-03,NSS-MON01,Ubuntu 24.04,Monitoring Server,9.88,64.98,35.02,55.9,44.1,99.9201,0,Healthy
2026-04-04T15:00,2026-04-04,2026-04,NSS-LINUX-APP01,Ubuntu 24.04,Application Server,31.91,62.85,37.15,68.89,31.11,99.8891,0,Healthy
2026-01-31T08:00,2026-01-31,2026-01,NSS-DC01,Windows Server 2022,Domain Controller,22.1,65.55,34.45,52.16,47.84,99.9699,0,Healthy
2026-05-13T04:00,2026-05-13,2026-05,NSS-LINUX-DB01,Rocky Linux 9,Database Server,22.3,64.95,35.05,47.22,52.78,99.8334,0,Healthy
2026-05-01T13:00,2026-05-01,2026-05,NSS-LINUX-APP01,Ubuntu 24.04,Application Server,35.74,15.1,84.9,64.01,35.99,99.9895,0,Healthy
2026-01-14T15:00,2026-01-14,2026-01,NSS-DC02,Windows Server 2022,Domain Controller,17.53,48.86,51.14,36.69,63.31,99.7964,0,Healthy
2026-04-20T07:00,2026-04-20,2026-04,NSS-DC01,Windows Server 2022,Domain Controller,33.61,83.18,16.82,57.53,42.47,99.9225,0,Warning
2026-07-07T15:00,2026-07-07,2026-07,NSS-APP01,Windows Server 2022,Application Server,34.78,30.0,70.0,58.74,41.26,99.8352,0,Healthy
2026-07-16T02:00,2026-07-16,2026-07,NSS-LINUX-DB01,Rocky Linux 9,Database Server,30.11,46.46,53.54,45.98,54.02,99.7791,0,Healthy
2026-06-17T23:00,2026-06-17,2026-06,NSS-LINUX-DB01,Rocky Linux 9,Database Server,15.64,34.48,65.52,72.78,27.22,99.9938,0,Healthy
2026-06-08T15:00,2026-06-08,2026-06,NSS-LINUX-DB01,Rocky Linux 9,Database Server,19.56,37.88,62.12,55.2,44.8,99.8169,0,Healthy
2026-06-03T22:00,2026-06-03,2026-06,NSS-DC01,Windows Server 2022,Domain Controller,36.24,44.79,55.21,67.88,32.12,99.9668,0,Healthy
2026-01-27T09:00,2026-01-27,2026-01,NSS-DC01,Windows Server 2022,Domain Controller,45.55,41.71,58.29,69.49,30.51,99.9572,0,Healthy
2026-07-28T13:00,2026-07-28,2026-07,NSS-MON01,Ubuntu 24.04,Monitoring Server,27.23,60.5,39.5,48.98,51.02,99.9771,0,Healthy
2026-03-10T23:00,2026-03-10,2026-03,NSS-DC01,Windows Server 2022,Domain Controller,40.52,44.52,55.48,80.51,19.49,99.9441,0,Warning
2026-05-28T15:00,2026-05-28,2026-05,NSS-DC02,Windows Server 2022,Domain Controller,42.48,73.18,26.82,68.22,31.78,99.8743,0,Healthy
2026-03-20T03:00,2026-03-20,2026-03,NSS-MON01,Ubuntu 24.04,Monitoring Server,22.14,29.34,70.66,70.24,29.76,99.761,0,Healthy
2026-02-04T21:00,2026-02-04,2026-02,NSS-MON01,Ubuntu 24.04,Monitoring Server,38.79,72.24,27.76,59.09,40.91,99.8303,0,Healthy
2026-01-13T20:00,2026-01-13,2026-01,NSS-DC01,Windows Server 2022,Domain Controller,38.62,50.31,49.69,62.33,37.67,99.7561,0,Healthy
2026-02-06T07:00,2026-02-06,2026-02,NSS-APP01,Windows Server 2022,Application Server,27.91,52.71,47.29,53.92,46.08,99.8025,0,Healthy
2026-02-12T08:00,2026-02-12,2026-02,NSS-FILE01,Windows Server 2022,File Server,36.41,62.2,37.8,37.56,62.44,99.8147,0,Healthy
2026-01-05T13:00,2026-01-05,2026-01,NSS-FILE01,Windows Server 2022,File Server,25.95,72.45,27.55,64.48,35.52,99.866,0,Healthy
2026-01-31T06:00,2026-01-31,2026-01,NSS-DC01,Windows Server 2022,Domain Controller,10.4,75.32,24.68,64.36,35.64,99.9468,0,Healthy
2026-04-30T10:00,2026-04-30,2026-04,NSS-DC02,Windows Server 2022,Domain Controller,13.36,44.28,55.72,77.25,22.75,99.9983,0,Healthy
2026-07-02T00:00,2026-07-02,2026-07,NSS-LINUX-DB01,Rocky Linux 9,Database Server,37.44,57.43,42.57,48.46,51.54,99.8811,0,Healthy
2026-05-16T16:00,2026-05-16,2026-05,NSS-FILE01,Windows Server 2022,File Server,27.2,66.96,33.04,47.87,52.13,99.8531,0,Healthy
2026-02-03T23:00,2026-02-03,2026-02,NSS-MON01,Ubuntu 24.04,Monitoring Server,27.11,74.72,25.28,95.0,5.0,99.8191,1,Critical
2026-06-25T06:00,2026-06-25,2026-06,NSS-LINUX-APP01,Ubuntu 24.04,Application Server,40.09,37.9,62.1,89.57,10.43,99.9956,1,Warning
2026-06-29T06:00,2026-06-29,2026-06,NSS-DC02,Windows Server 2022,Domain Controller,34.07,63.27,36.73,60.37,39.63,99.9759,0,Healthy
2026-05-13T03:00,2026-05-13,2026-05,NSS-MON01,Ubuntu 24.04,Monitoring Server,39.56,84.98,15.02,86.34,13.66,99.8394,1,Warning
2026-01-21T16:00,2026-01-21,2026-01,NSS-DC01,Windows Server 2022,Domain Controller,46.46,28.8,71.2,55.26,44.74,99.9658,0,Healthy
2026-03-27T14:00,2026-03-27,2026-03,NSS-FILE01,Windows Server 2022,File Server,18.11,42.33,57.67,69.38,30.62,99.7972,0,Healthy
2026-01-05T15:00,2026-01-05,2026-01,NSS-FILE01,Windows Server 2022,File Server,38.68,41.25,58.75,45.01,54.99,99.8384,0,Healthy
2026-03-25T21:00,2026-03-25,2026-03,NSS-FILE01,Windows Server 2022,File Server,31.72,57.89,42.11,72.33,27.67,99.9601,0,Healthy
2026-07-07T18:00,2026-07-07,2026-07,NSS-APP01,Windows Server 2022,Application Server,38.55,67.73,32.27,73.93,26.07,99.8303,0,Healthy
2026-06-05T06:00,2026-06-05,2026-06,NSS-FILE01,Windows Server 2022,File Server,23.93,52.18,47.82,48.28,51.72,99.8017,0,Healthy
2026-01-03T02:00,2026-01-03,2026-01,NSS-LINUX-DB01,Rocky Linux 9,Database Server,36.73,69.54,30.46,36.0,64.0,99.757,0,Healthy
2026-04-26T15:00,2026-04-26,2026-04,NSS-MON01,Ubuntu 24.04,Monitoring Server,45.45,72.37,27.63,63.98,36.02,99.9068,0,Healthy
2026-03-13T07:00,2026-03-13,2026-03,NSS-MON01,Ubuntu 24.04,Monitoring Server,16.14,35.16,64.84,34.45,65.55,99.753,0,Healthy
2026-03-12T01:00,2026-03-12,2026-03,NSS-FILE01,Windows Server 2022,File Server,20.85,54.84,45.16,53.22,46.78,99.854,0,Healthy
2026-05-21T02:00,2026-05-21,2026-05,NSS-FILE01,Windows Server 2022,File Server,26.22,89.82,10.18,71.3,28.7,99.9339,0,Warning
2026-05-30T08:00,2026-05-30,2026-05,NSS-DC01,Windows Server 2022,Domain Controller,37.32,62.36,37.64,43.71,56.29,99.7895,0,Healthy
2026-05-06T01:00,2026-05-06,2026-05,NSS-DC01,Windows Server 2022,Domain Controller,58.04,84.65,15.35,36.0,64.0,99.9308,0,Warning
2026-01-07T08:00,2026-01-07,2026-01,NSS-FILE01,Windows Server 2022,File Server,43.82,35.66,64.34,59.08,40.92,99.8262,0,Healthy
2026-05-19T07:00,2026-05-19,2026-05,NSS-LINUX-DB01,Rocky Linux 9,Database Server,12.13,83.07,16.93,71.06,28.94,99.9642,0,Warning
2026-03-20T00:00,2026-03-20,2026-03,NSS-MON01,Ubuntu 24.04,Monitoring Server,38.53,71.78,28.22,60.26,39.74,99.8288,0,Healthy
2026-05-05T18:00,2026-05-05,2026-05,NSS-DC02,Windows Server 2022,Domain Controller,22.45,33.57,66.43,45.87,54.13,99.841,0,Healthy
2026-02-21T08:00,2026-02-21,2026-02,NSS-DC02,Windows Server 2022,Domain Controller,2.0,68.35,31.65,57.69,42.31,99.9909,0,Healthy
2026-06-28T09:00,2026-06-28,2026-06,NSS-APP01,Windows Server 2022,Application Server,13.37,43.11,56.89,75.95,24.05,99.9243,0,Healthy
2026-03-07T15:00,2026-03-07,2026-03,NSS-DC02,Windows Server 2022,Domain Controller,3.11,54.96,45.04,85.15,14.85,99.7852,1,Warning
2026-05-12T02:00,2026-05-12,2026-05,NSS-LINUX-DB01,Rocky Linux 9,Database Server,39.75,64.02,35.98,44.61,55.39,99.7818,0,Healthy
2026-07-17T05:00,2026-07-17,2026-07,NSS-LINUX-DB01,Rocky Linux 9,Database Server,7.79,52.87,47.13,49.05,50.95,99.8997,0,Healthy
2026-05-27T20:00,2026-05-27,2026-05,NSS-LINUX-APP01,Ubuntu 24.04,Application Server,13.5,57.01,42.99,77.28,22.72,99.9783,0,Healthy
2026-04-26T03:00,2026-04-26,2026-04,NSS-DC01,Windows Server 2022,Domain Controller,12.78,67.21,32.79,54.13,45.87,99.9267,0,Healthy
2026-07-23T05:00,2026-07-23,2026-07,NSS-LINUX-DB01,Rocky Linux 9,Database Server,40.41,69.3,30.7,52.91,47.09,99.907,0,Healthy
2026-05-26T22:00,2026-05-26,2026-05,NSS-LINUX-APP01,Ubuntu 24.04,Application Server,12.58,77.88,22.12,55.87,44.13,99.9936,0,Healthy
2026-01-23T10:00,2026-01-23,2026-01,NSS-LINUX-APP01,Ubuntu 24.04,Application Server,2.0,35.33,64.67,55.58,44.42,99.832,0,Healthy
2026-06-23T09:00,2026-06-23,2026-06,NSS-LINUX-APP01,Ubuntu 24.04,Application Server,11.09,38.0,62.0,54.55,45.45,99.8177,0,Healthy
2026-07-14T21:00,2026-07-14,2026-07,NSS-MON01,Ubuntu 24.04,Monitoring Server,40.71,55.81,44.19,40.92,59.08,99.7919,0,Healthy
2026-04-05T23:00,2026-04-05,2026-04,NSS-LINUX-APP01,Ubuntu 24.04,Application Server,29.67,40.88,59.12,57.73,42.27,99.9153,0,Healthy
2026-07-23T18:00,2026-07-23,2026-07,NSS-APP01,Windows Server 2022,Application Server,26.47,34.91,65.09,42.56,57.44,99.8456,0,Healthy
2026-05-23T11:00,2026-05-23,2026-05,NSS-LINUX-APP01,Ubuntu 24.04,Application Server,8.67,35.76,64.24,75.82,24.18,99.8244,0,Healthy
2026-04-02T04:00,2026-04-02,2026-04,NSS-FILE01,Windows Server 2022,File Server,33.92,35.29,64.71,63.99,36.01,99.7704,0,Healthy
2026-07-16T01:00,2026-07-16,2026-07,NSS-LINUX-DB01,Rocky Linux 9,Database Server,14.51,50.85,49.15,74.06,25.94,99.7643,0,Healthy
2026-05-16T04:00,2026-05-16,2026-05,NSS-MON01,Ubuntu 24.04,Monitoring Server,44.62,57.62,42.38,69.82,30.18,99.8226,0,Healthy
2026-01-01T11:00,2026-01-01,2026-01,NSS-LINUX-APP01,Ubuntu 24.04,Application Server,31.03,62.1,37.9,62.73,37.27,99.9875,0,Healthy
2026-01-11T04:00,2026-01-11,2026-01,NSS-APP01,Windows Server 2022,Application Server,42.39,51.51,48.49,53.11,46.89,99.816,0,Healthy
2026-02-14T02:00,2026-02-14,2026-02,NSS-MON01,Ubuntu 24.04,Monitoring Server,18.98,41.95,58.05,71.07,28.93,99.8334,0,Healthy
2026-04-23T20:00,2026-04-23,2026-04,NSS-APP01,Windows Server 2022,Application Server,20.71,36.53,63.47,32.89,67.11,99.8228,0,Healthy
2026-06-15T22:00,2026-06-15,2026-06,NSS-MON01,Ubuntu 24.04,Monitoring Server,20.89,39.29,60.71,38.77,61.23,99.9299,0,Healthy
2026-03-16T10:00,2026-03-16,2026-03,NSS-LINUX-DB01,Rocky Linux 9,Database Server,24.55,49.12,50.88,51.48,48.52,99.8218,0,Healthy
2026-02-20T19:00,2026-02-20,2026-02,NSS-LINUX-DB01,Rocky Linux 9,Database Server,31.23,71.73,28.27,58.04,41.96,99.7958,0,Healthy
2026-02-28T00:00,2026-02-28,2026-02,NSS-FILE01,Windows Server 2022,File Server,36.95,53.21,46.79,41.38,58.62,99.992,0,Healthy
2026-02-13T18:00,2026-02-13,2026-02,NSS-LINUX-APP01,Ubuntu 24.04,Application Server,38.66,47.25,52.75,53.98,46.02,99.8783,0,Healthy
2026-02-21T18:00,2026-02-21,2026-02,NSS-APP01,Windows Server 2022,Application Server,2.0,44.88,55.12,53.06,46.94,99.8436,0,Healthy
2026-05-05T07:00,2026-05-05,2026-05,NSS-FILE01,Windows Server 2022,File Server,28.04,60.19,39.81,36.95,63.05,99.9264,0,Healthy
2026-02-22T11:00,2026-02-22,2026-02,NSS-APP01,Windows Server 2022,Application Server,27.72,73.24,26.76,73.63,26.37,99.757,0,Healthy
2026-05-30T18:00,2026-05-30,2026-05,NSS-LINUX-DB01,Rocky Linux 9,Database Server,32.51,60.59,39.41,49.02,50.98,99.7734,0,Healthy
2026-01-20T11:00,2026-01-20,2026-01,NSS-APP01,Windows Server 2022,Application Server,12.42,56.8,43.2,74.97,25.03,99.9481,0,Healthy
2026-06-24T02:00,2026-06-24,2026-06,NSS-LINUX-DB01,Rocky Linux 9,Database Server,29.34,42.16,57.84,78.88,21.12,99.9576,0,Healthy
2026-07-21T15:00,2026-07-21,2026-07,NSS-MON01,Ubuntu 24.04,Monitoring Server,18.59,62.01,37.99,59.79,40.21,99.8198,0,Healthy
2026-07-03T06:00,2026-07-03,2026-07,NSS-FILE01,Windows Server 2022,File Server,22.69,81.39,18.61,68.23,31.77,99.8476,0,Warning
2026-07-01T15:00,2026-07-01,2026-07,NSS-LINUX-APP01,Ubuntu 24.04,Application Server,17.4,49.2,50.8,63.19,36.81,99.7516,0,Healthy
2026-04-23T12:00,2026-04-23,2026-04,NSS-DC01,Windows Server 2022,Domain Controller,26.07,22.33,77.67,73.5,26.5,99.7852,0,Healthy
2026-05-29T22:00,2026-05-29,2026-05,NSS-MON01,Ubuntu 24.04,Monitoring Server,18.39,75.87,24.13,26.83,73.17,99.7786,0,Healthy
2026-03-14T21:00,2026-03-14,2026-03,NSS-DC01,Windows Server 2022,Domain Controller,8.01,55.23,44.77,75.42,24.58,99.8031,0,Healthy
2026-01-17T14:00,2026-01-17,2026-01,NSS-FILE01,Windows Server 2022,File Server,34.03,65.63,34.37,32.16,67.84,99.9742,0,Healthy
2026-05-22T03:00,2026-05-22,2026-05,NSS-MON01,Ubuntu 24.04,Monitoring Server,31.38,53.91,46.09,50.53,49.47,99.9075,0,Healthy
2026-07-08T12:00,2026-07-08,2026-07,NSS-LINUX-DB01,Rocky Linux 9,Database Server,34.5,72.99,27.01,39.46,60.54,99.87,0,Healthy
2026-04-14T09:00,2026-04-14,2026-04,NSS-DC01,Windows Server 2022,Domain Controller,2.45,31.05,68.95,68.17,31.83,99.7619,0,Healthy
2026-02-08T15:00,2026-02-08,2026-02,NSS-APP01,Windows Server 2022,Application Server,35.67,65.56,34.44,64.2,35.8,99.8464,0,Healthy
2026-03-22T13:00,2026-03-22,2026-03,NSS-LINUX-APP01,Ubuntu 24.04,Application Server,26.72,81.29,18.71,69.38,30.62,99.8856,0,Warning
2026-02-19T00:00,2026-02-19,2026-02,NSS-FILE01,Windows Server 2022,File Server,35.74,71.15,28.85,36.53,63.47,99.8167,0,Healthy
2026-04-15T07:00,2026-04-15,2026-04,NSS-DC01,Windows Server 2022,Domain Controller,36.91,64.87,35.13,69.12,30.88,99.9147,0,Healthy
2026-02-23T09:00,2026-02-23,2026-02,NSS-DC02,Windows Server 2022,Domain Controller,47.21,59.08,40.92,71.22,28.78,99.7821,0,Healthy
2026-07-20T10:00,2026-07-20,2026-07,NSS-LINUX-APP01,Ubuntu 24.04,Application Server,29.86,58.2,41.8,73.82,26.18,99.8533,0,Healthy
2026-04-19T07:00,2026-04-19,2026-04,NSS-DC01,Windows Server 2022,Domain Controller,53.64,71.62,28.38,65.86,34.14,99.819,0,Healthy
2026-01-18T05:00,2026-01-18,2026-01,NSS-APP01,Windows Server 2022,Application Server,43.82,49.26,50.74,46.38,53.62,99.7578,0,Healthy
2026-05-13T10:00,2026-05-13,2026-05,NSS-APP01,Windows Server 2022,Application Server,26.35,23.83,76.17,70.68,29.32,99.835,0,Healthy
2026-02-20T02:00,2026-02-20,2026-02,NSS-LINUX-DB01,Rocky Linux 9,Database Server,18.8,54.28,45.72,52.28,47.72,99.8851,0,Healthy
2026-04-28T17:00,2026-04-28,2026-04,NSS-FILE01,Windows Server 2022,File Server,3.66,50.91,49.09,56.6,43.4,99.9991,0,Healthy
2026-01-05T11:00,2026-01-05,2026-01,NSS-LINUX-DB01,Rocky Linux 9,Database Server,30.81,44.72,55.28,92.79,7.21,99.907,1,Critical
2026-02-10T13:00,2026-02-10,2026-02,NSS-APP01,Windows Server 2022,Application Server,45.58,66.06,33.94,75.15,24.85,99.9341,0,Healthy
2026-03-28T08:00,2026-03-28,2026-03,NSS-LINUX-DB01,Rocky Linux 9,Database Server,32.93,46.86,53.14,51.49,48.51,99.9351,0,Healthy
2026-06-17T10:00,2026-06-17,2026-06,NSS-FILE01,Windows Server 2022,File Server,11.83,28.37,71.63,59.63,40.37,99.8247,0,Healthy
2026-04-01T16:00,2026-04-01,2026-04,NSS-APP01,Windows Server 2022,Application Server,35.37,51.72,48.28,65.45,34.55,99.9951,0,Healthy
2026-07-02T06:00,2026-07-02,2026-07,NSS-DC01,Windows Server 2022,Domain Controller,47.03,53.09,46.91,50.18,49.82,99.9136,0,Healthy
2026-05-09T17:00,2026-05-09,2026-05,NSS-APP01,Windows Server 2022,Application Server,48.04,74.08,25.92,84.52,15.48,99.999,0,Warning
2026-03-28T19:00,2026-03-28,2026-03,NSS-LINUX-DB01,Rocky Linux 9,Database Server,26.98,66.76,33.24,76.5,23.5,99.7528,0,Healthy
2026-03-12T02:00,2026-03-12,2026-03,NSS-LINUX-DB01,Rocky Linux 9,Database Server,2.0,41.7,58.3,60.67,39.33,99.9243,0,Healthy
2026-04-03T20:00,2026-04-03,2026-04,NSS-LINUX-DB01,Rocky Linux 9,Database Server,11.27,52.79,47.21,54.6,45.4,99.9727,0,Healthy
2026-04-14T02:00,2026-04-14,2026-04,NSS-DC01,Windows Server 2022,Domain Controller,32.78,55.16,44.84,62.42,37.58,99.792,0,Healthy
2026-01-28T08:00,2026-01-28,2026-01,NSS-MON01,Ubuntu 24.04,Monitoring Server,29.44,26.05,73.95,41.05,58.95,99.8122,0,Healthy
2026-01-06T14:00,2026-01-06,2026-01,NSS-DC01,Windows Server 2022,Domain Controller,38.07,46.91,53.09,55.52,44.48,99.955,0,Healthy
2026-05-21T19:00,2026-05-21,2026-05,NSS-DC02,Windows Server 2022,Domain Controller,19.65,52.8,47.2,84.0,16.0,99.8206,0,Warning
2026-01-07T11:00,2026-01-07,2026-01,NSS-DC02,Windows Server 2022,Domain Controller,34.06,60.27,39.73,53.31,46.69,99.8825,0,Healthy
2026-02-25T03:00,2026-02-25,2026-02,NSS-DC01,Windows Server 2022,Domain Controller,18.41,34.01,65.99,52.23,47.77,99.9245,0,Healthy
2026-05-01T18:00,2026-05-01,2026-05,NSS-APP01,Windows Server 2022,Application Server,19.05,54.61,45.39,34.23,65.77,99.928,0,Healthy
2026-04-27T01:00,2026-04-27,2026-04,NSS-LINUX-APP01,Ubuntu 24.04,Application Server,18.2,72.22,27.78,46.89,53.11,99.9467,0,Healthy
2026-04-18T23:00,2026-04-18,2026-04,NSS-APP01,Windows Server 2022,Application Server,48.35,41.98,58.02,85.69,14.31,99.8551,1,Warning
2026-06-05T07:00,2026-06-05,2026-06,NSS-DC02,Windows Server 2022,Domain Controller,28.03,51.7,48.3,55.02,44.98,99.7781,0,Healthy
2026-05-12T00:00,2026-05-12,2026-05,NSS-LINUX-APP01,Ubuntu 24.04,Application Server,58.44,82.13,17.87,59.62,40.38,99.9421,0,Warning
2026-05-06T18:00,2026-05-06,2026-05,NSS-LINUX-DB01,Rocky Linux 9,Database Server,34.92,45.93,54.07,52.2,47.8,99.968,0,Healthy
2026-06-06T11:00,2026-06-06,2026-06,NSS-DC01,Windows Server 2022,Domain Controller,19.24,43.15,56.85,54.07,45.93,99.9564,0,Healthy
2026-04-24T04:00,2026-04-24,2026-04,NSS-LINUX-DB01,Rocky Linux 9,Database Server,28.29,54.64,45.36,88.44,11.56,99.822,1,Warning
2026-04-01T08:00,2026-04-01,2026-04,NSS-MON01,Ubuntu 24.04,Monitoring Server,2.0,49.38,50.62,70.0,30.0,99.7625,0,Healthy
2026-01-04T14:00,2026-01-04,2026-01,NSS-APP01,Windows Server 2022,Application Server,17.27,48.92,51.08,61.24,38.76,99.7958,0,Healthy
2026-03-14T10:00,2026-03-14,2026-03,NSS-MON01,Ubuntu 24.04,Monitoring Server,26.28,55.15,44.85,85.27,14.73,99.9742,1,Warning
2026-05-07T21:00,2026-05-07,2026-05,NSS-DC02,Windows Server 2022,Domain Controller,15.91,49.61,50.39,80.2,19.8,99.9199,0,Warning
2026-02-19T05:00,2026-02-19,2026-02,NSS-FILE01,Windows Server 2022,File Server,32.92,37.77,62.23,74.41,25.59,99.9187,0,Healthy
2026-05-16T09:00,2026-05-16,2026-05,NSS-LINUX-APP01,Ubuntu 24.04,Application Server,23.34,41.42,58.58,37.88,62.12,99.8248,0,Healthy
2026-02-03T03:00,2026-02-03,2026-02,NSS-APP01,Windows Server 2022,Application Server,29.67,35.19,64.81,45.6,54.4,99.9489,0,Healthy
2026-06-23T05:00,2026-06-23,2026-06,NSS-FILE01,Windows Server 2022,File Server,26.62,87.04,12.96,61.76,38.24,99.9176,0,Warning
2026-07-07T16:00,2026-07-07,2026-07,NSS-LINUX-DB01,Rocky Linux 9,Database Server,36.03,47.05,52.95,40.74,59.26,99.9456,0,Healthy
2026-05-14T00:00,2026-05-14,2026-05,NSS-DC02,Windows Server 2022,Domain Controller,9.61,48.75,51.25,47.19,52.81,99.9131,0,Healthy
2026-03-02T11:00,2026-03-02,2026-03,NSS-DC02,Windows Server 2022,Domain Controller,22.64,47.81,52.19,69.77,30.23,99.8388,0,Healthy
2026-06-23T21:00,2026-06-23,2026-06,NSS-LINUX-APP01,Ubuntu 24.04,Application Server,6.12,44.89,55.11,63.58,36.42,99.8979,0,Healthy
2026-05-08T22:00,2026-05-08,2026-05,NSS-LINUX-DB01,Rocky Linux 9,Database Server,27.22,64.04,35.96,64.24,35.76,99.8315,0,Healthy
2026-01-10T08:00,2026-01-10,2026-01,NSS-APP01,Windows Server 2022,Application Server,36.22,67.73,32.27,68.08,31.92,99.9333,0,Healthy
2026-07-19T13:00,2026-07-19,2026-07,NSS-APP01,Windows Server 2022,Application Server,5.46,52.97,47.03,63.32,36.68,99.9893,0,Healthy
2026-01-27T23:00,2026-01-27,2026-01,NSS-MON01,Ubuntu 24.04,Monitoring Server,11.53,62.5,37.5,71.91,28.09,99.9213,0,Healthy
2026-01-07T15:00,2026-01-07,2026-01,NSS-APP01,Windows Server 2022,Application Server,16.81,20.89,79.11,51.57,48.43,99.7605,0,Healthy
2026-01-05T13:00,2026-01-05,2026-01,NSS-LINUX-APP01,Ubuntu 24.04,Application Server,34.79,52.93,47.07,59.31,40.69,99.8618,0,Healthy
2026-03-23T23:00,2026-03-23,2026-03,NSS-DC02,Windows Server 2022,Domain Controller,59.44,43.93,56.07,79.75,20.25,99.9957,0,Healthy
2026-01-12T18:00,2026-01-12,2026-01,NSS-FILE01,Windows Server 2022,File Server,37.33,71.42,28.58,72.55,27.45,99.7908,0,Healthy
2026-06-11T10:00,2026-06-11,2026-06,NSS-FILE01,Windows Server 2022,File Server,26.61,49.6,50.4,44.51,55.49,99.9859,0,Healthy
2026-05-01T06:00,2026-05-01,2026-05,NSS-DC02,Windows Server 2022,Domain Controller,35.36,66.32,33.68,54.62,45.38,99.8483,0,Healthy
2026-06-30T15:00,2026-06-30,2026-06,NSS-MON01,Ubuntu 24.04,Monitoring Server,30.36,57.84,42.16,54.92,45.08,99.9759,0,Healthy
2026-04-26T09:00,2026-04-26,2026-04,NSS-APP01,Windows Server 2022,Application Server,21.14,60.8,39.2,84.38,15.62,99.8203,0,Warning
2026-05-31T01:00,2026-05-31,2026-05,NSS-FILE01,Windows Server 2022,File Server,26.94,85.53,14.47,53.3,46.7,99.9383,0,Warning
2026-07-17T19:00,2026-07-17,2026-07,NSS-LINUX-APP01,Ubuntu 24.04,Application Server,47.35,48.8,51.2,68.36,31.64,99.9929,0,Healthy
2026-02-08T01:00,2026-02-08,2026-02,NSS-LINUX-APP01,Ubuntu 24.04,Application Server,12.76,59.91,40.09,66.62,33.38,99.9833,0,Healthy
2026-01-08T03:00,2026-01-08,2026-01,NSS-FILE01,Windows Server 2022,File Server,28.39,18.45,81.55,44.11,55.89,99.9708,0,Healthy
2026-05-11T23:00,2026-05-11,2026-05,NSS-LINUX-DB01,Rocky Linux 9,Database Server,43.9,59.73,40.27,77.23,22.77,99.8898,0,Healthy
2026-06-14T20:00,2026-06-14,2026-06,NSS-DC01,Windows Server 2022,Domain Controller,16.13,63.19,36.81,54.04,45.96,99.9997,0,Healthy
2026-01-19T15:00,2026-01-19,2026-01,NSS-APP01,Windows Server 2022,Application Server,10.55,32.77,67.23,56.75,43.25,99.8118,0,Healthy
2026-06-10T08:00,2026-06-10,2026-06,NSS-LINUX-DB01,Rocky Linux 9,Database Server,16.22,59.1,40.9,48.21,51.79,99.7588,0,Healthy
2026-05-08T02:00,2026-05-08,2026-05,NSS-FILE01,Windows Server 2022,File Server,22.28,67.05,32.95,43.24,56.76,99.7906,0,Healthy
2026-01-28T10:00,2026-01-28,2026-01,NSS-APP01,Windows Server 2022,Application Server,34.07,45.22,54.78,51.25,48.75,99.7633,0,Healthy
2026-01-07T21:00,2026-01-07,2026-01,NSS-APP01,Windows Server 2022,Application Server,36.55,59.29,40.71,55.89,44.11,99.872,0,Healthy
2026-03-16T06:00,2026-03-16,2026-03,NSS-APP01,Windows Server 2022,Application Server,30.68,50.99,49.01,60.37,39.63,99.793,0,Healthy
2026-03-06T01:00,2026-03-06,2026-03,NSS-DC02,Windows Server 2022,Domain Controller,33.19,64.4,35.6,60.5,39.5,99.9308,0,Healthy
2026-06-01T19:00,2026-06-01,2026-06,NSS-DC01,Windows Server 2022,Domain Controller,27.66,45.21,54.79,69.9,30.1,99.9117,0,Healthy
2026-07-06T15:00,2026-07-06,2026-07,NSS-LINUX-APP01,Ubuntu 24.04,Application Server,48.57,55.63,44.37,63.37,36.63,99.8733,0,Healthy
2026-02-07T05:00,2026-02-07,2026-02,NSS-DC01,Windows Server 2022,Domain Controller,37.39,78.94,21.06,42.09,57.91,99.9764,0,Healthy
2026-07-25T20:00,2026-07-25,2026-07,NSS-LINUX-DB01,Rocky Linux 9,Database Server,21.44,48.49,51.51,43.69,56.31,99.9193,0,Healthy
2026-01-29T06:00,2026-01-29,2026-01,NSS-APP01,Windows Server 2022,Application Server,20.2,62.71,37.29,57.71,42.29,99.9732,0,Healthy
2026-03-09T12:00,2026-03-09,2026-03,NSS-DC01,Windows Server 2022,Domain Controller,43.67,42.57,57.43,69.12,30.88,99.7792,0,Healthy
2026-04-15T22:00,2026-04-15,2026-04,NSS-LINUX-APP01,Ubuntu 24.04,Application Server,6.14,63.51,36.49,73.71,26.29,99.9107,0,Healthy
2026-02-14T09:00,2026-02-14,2026-02,NSS-LINUX-DB01,Rocky Linux 9,Database Server,31.02,67.23,32.77,41.22,58.78,99.8957,0,Healthy
2026-05-07T02:00,2026-05-07,2026-05,NSS-DC01,Windows Server 2022,Domain Controller,58.72,51.87,48.13,52.6,47.4,99.9493,0,Healthy
2026-03-12T02:00,2026-03-12,2026-03,NSS-FILE01,Windows Server 2022,File Server,5.53,76.81,23.19,73.07,26.93,99.8431,0,Healthy
2026-07-25T11:00,2026-07-25,2026-07,NSS-APP01,Windows Server 2022,Application Server,32.9,30.29,69.71,55.37,44.63,99.9116,0,Healthy
2026-02-26T01:00,2026-02-26,2026-02,NSS-LINUX-APP01,Ubuntu 24.04,Application Server,30.09,78.41,21.59,88.04,11.96,99.8896,1,Warning
2026-01-23T13:00,2026-01-23,2026-01,NSS-MON01,Ubuntu 24.04,Monitoring Server,18.98,67.88,32.12,65.22,34.78,99.7779,0,Healthy
2026-03-13T21:00,2026-03-13,2026-03,NSS-DC01,Windows Server 2022,Domain Controller,23.62,54.26,45.74,55.22,44.78,99.8369,0,Healthy
2026-01-12T11:00,2026-01-12,2026-01,NSS-DC02,Windows Server 2022,Domain Controller,30.23,46.97,53.03,59.96,40.04,99.9026,0,Healthy
2026-04-03T03:00,2026-04-03,2026-04,NSS-FILE01,Windows Server 2022,File Server,2.14,25.39,74.61,39.18,60.82,99.8843,0,Healthy
2026-03-26T09:00,2026-03-26,2026-03,NSS-FILE01,Windows Server 2022,File Server,15.78,35.59,64.41,85.67,14.33,99.9348,1,Warning
2026-03-03T12:00,2026-03-03,2026-03,NSS-APP01,Windows Server 2022,Application Server,36.5,66.41,33.59,95.0,5.0,99.9364,1,Critical
2026-03-17T02:00,2026-03-17,2026-03,NSS-MON01,Ubuntu 24.04,Monitoring Server,28.49,29.16,70.84,40.22,59.78,99.8434,0,Healthy
2026-04-17T01:00,2026-04-17,2026-04,NSS-DC01,Windows Server 2022,Domain Controller,5.64,50.03,49.97,61.84,38.16,99.92,0,Healthy
2026-02-21T18:00,2026-02-21,2026-02,NSS-DC02,Windows Server 2022,Domain Controller,34.77,55.45,44.55,51.61,48.39,99.9032,0,Healthy
2026-01-08T23:00,2026-01-08,2026-01,NSS-FILE01,Windows Server 2022,File Server,2.0,76.42,23.58,56.88,43.12,99.7609,0,Healthy
2026-02-08T10:00,2026-02-08,2026-02,NSS-APP01,Windows Server 2022,Application Server,24.3,40.83,59.17,63.03,36.97,99.9874,0,Healthy
2026-01-17T02:00,2026-01-17,2026-01,NSS-DC02,Windows Server 2022,Domain Controller,2.0,72.56,27.44,66.97,33.03,99.9866,0,Healthy
2026-06-24T19:00,2026-06-24,2026-06,NSS-LINUX-DB01,Rocky Linux 9,Database Server,27.92,42.14,57.86,59.44,40.56,99.8178,0,Healthy
2026-01-07T18:00,2026-01-07,2026-01,NSS-LINUX-DB01,Rocky Linux 9,Database Server,29.97,47.81,52.19,63.65,36.35,99.9309,0,Healthy
2026-07-16T01:00,2026-07-16,2026-07,NSS-DC01,Windows Server 2022,Domain Controller,28.28,50.73,49.27,56.56,43.44,99.9595,0,Healthy
2026-03-18T11:00,2026-03-18,2026-03,NSS-MON01,Ubuntu 24.04,Monitoring Server,41.09,41.59,58.41,79.39,20.61,99.7908,0,Healthy
2026-06-04T06:00,2026-06-04,2026-06,NSS-MON01,Ubuntu 24.04,Monitoring Server,28.84,39.69,60.31,90.39,9.61,99.9691,1,Critical
2026-03-03T10:00,2026-03-03,2026-03,NSS-MON01,Ubuntu 24.04,Monitoring Server,40.84,43.19,56.81,68.4,31.6,99.7888,0,Healthy
2026-06-17T23:00,2026-06-17,2026-06,NSS-MON01,Ubuntu 24.04,Monitoring Server,33.56,19.23,80.77,68.88,31.12,99.8939,0,Healthy
2026-04-24T15:00,2026-04-24,2026-04,NSS-LINUX-DB01,Rocky Linux 9,Database Server,25.13,35.89,64.11,71.75,28.25,99.9433,0,Healthy
2026-06-05T09:00,2026-06-05,2026-06,NSS-MON01,Ubuntu 24.04,Monitoring Server,41.91,57.65,42.35,81.07,18.93,99.8754,0,Warning
2026-06-15T14:00,2026-06-15,2026-06,NSS-DC01,Windows Server 2022,Domain Controller,26.0,70.61,29.39,50.11,49.89,99.8256,0,Healthy
2026-02-07T01:00,2026-02-07,2026-02,NSS-DC01,Windows Server 2022,Domain Controller,31.44,48.19,51.81,62.7,37.3,99.7539,0,Healthy
2026-01-14T11:00,2026-01-14,2026-01,NSS-DC02,Windows Server 2022,Domain Controller,16.52,50.14,49.86,37.54,62.46,99.9709,0,Healthy
2026-04-24T20:00,2026-04-24,2026-04,NSS-FILE01,Windows Server 2022,File Server,11.05,73.46,26.54,48.23,51.77,99.8005,0,Healthy
2026-05-05T10:00,2026-05-05,2026-05,NSS-DC02,Windows Server 2022,Domain Controller,2.0,53.21,46.79,64.79,35.21,99.9318,0,Healthy
2026-04-25T22:00,2026-04-25,2026-04,NSS-APP01,Windows Server 2022,Application Server,39.4,37.06,62.94,63.55,36.45,99.7502,0,Healthy
2026-03-08T13:00,2026-03-08,2026-03,NSS-LINUX-APP01,Ubuntu 24.04,Application Server,18.97,84.39,15.61,68.08,31.92,99.7862,0,Warning
2026-07-04T20:00,2026-07-04,2026-07,NSS-FILE01,Windows Server 2022,File Server,3.89,48.89,51.11,59.93,40.07,99.9643,0,Healthy
2026-01-01T22:00,2026-01-01,2026-01,NSS-APP01,Windows Server 2022,Application Server,27.26,64.58,35.42,59.98,40.02,99.9503,0,Healthy
2026-06-16T02:00,2026-06-16,2026-06,NSS-FILE01,Windows Server 2022,File Server,45.94,59.16,40.84,62.46,37.54,99.8759,0,Healthy
2026-02-10T16:00,2026-02-10,2026-02,NSS-FILE01,Windows Server 2022,File Server,43.42,74.66,25.34,70.3,29.7,99.8072,0,Healthy
2026-05-12T16:00,2026-05-12,2026-05,NSS-APP01,Windows Server 2022,Application Server,42.2,33.01,66.99,44.92,55.08,99.9272,0,Healthy
2026-03-02T04:00,2026-03-02,2026-03,NSS-DC02,Windows Server 2022,Domain Controller,35.04,48.61,51.39,59.7,40.3,99.9146,0,Healthy
2026-06-24T07:00,2026-06-24,2026-06,NSS-APP01,Windows Server 2022,Application Server,42.62,52.8,47.2,66.18,33.82,99.8534,0,Healthy
2026-05-10T08:00,2026-05-10,2026-05,NSS-LINUX-DB01,Rocky Linux 9,Database Server,15.01,41.47,58.53,53.03,46.97,99.9991,0,Healthy
2026-02-26T14:00,2026-02-26,2026-02,NSS-DC02,Windows Server 2022,Domain Controller,27.58,43.73,56.27,86.46,13.54,99.9551,1,Warning
2026-01-24T08:00,2026-01-24,2026-01,NSS-APP01,Windows Server 2022,Application Server,10.16,66.31,33.69,54.3,45.7,99.8973,0,Healthy
2026-06-02T08:00,2026-06-02,2026-06,NSS-LINUX-DB01,Rocky Linux 9,Database Server,38.58,72.6,27.4,65.88,34.12,99.8465,0,Healthy
2026-06-18T09:00,2026-06-18,2026-06,NSS-FILE01,Windows Server 2022,File Server,45.57,21.13,78.87,49.89,50.11,99.7914,0,Healthy
2026-04-06T10:00,2026-04-06,2026-04,NSS-MON01,Ubuntu 24.04,Monitoring Server,8.36,64.95,35.05,85.98,14.02,99.8048,1,Warning
2026-06-27T23:00,2026-06-27,2026-06,NSS-MON01,Ubuntu 24.04,Monitoring Server,34.21,61.41,38.59,45.87,54.13,99.7609,0,Healthy
2026-01-31T17:00,2026-01-31,2026-01,NSS-LINUX-DB01,Rocky Linux 9,Database Server,40.57,32.57,67.43,62.13,37.87,99.9922,0,Healthy
2026-05-26T23:00,2026-05-26,2026-05,NSS-FILE01,Windows Server 2022,File Server,47.4,39.42,60.58,73.17,26.83,99.9958,0,Healthy
2026-02-25T01:00,2026-02-25,2026-02,NSS-FILE01,Windows Server 2022,File Server,25.72,34.59,65.41,63.07,36.93,99.8263,0,Healthy
2026-03-16T09:00,2026-03-16,2026-03,NSS-LINUX-DB01,Rocky Linux 9,Database Server,50.8,48.93,51.07,50.47,49.53,99.7551,0,Healthy
2026-02-20T03:00,2026-02-20,2026-02,NSS-MON01,Ubuntu 24.04,Monitoring Server,43.83,46.87,53.13,49.71,50.29,99.9844,0,Healthy
2026-03-29T01:00,2026-03-29,2026-03,NSS-MON01,Ubuntu 24.04,Monitoring Server,60.79,78.83,21.17,54.31,45.69,99.9922,0,Healthy
2026-07-29T03:00,2026-07-29,2026-07,NSS-APP01,Windows Server 2022,Application Server,29.71,51.45,48.55,70.54,29.46,99.9305,0,Healthy
2026-07-13T04:00,2026-07-13,2026-07,NSS-LINUX-APP01,Ubuntu 24.04,Application Server,28.1,30.45,69.55,43.69,56.31,99.8061,0,Healthy
2026-03-18T18:00,2026-03-18,2026-03,NSS-LINUX-APP01,Ubuntu 24.04,Application Server,34.98,63.31,36.69,57.14,42.86,99.8715,0,Healthy
2026-05-05T07:00,2026-05-05,2026-05,NSS-FILE01,Windows Server 2022,File Server,22.71,35.98,64.02,58.64,41.36,99.9353,0,Healthy
2026-07-06T23:00,2026-07-06,2026-07,NSS-APP01,Windows Server 2022,Application Server,42.51,68.56,31.44,70.81,29.19,99.8644,0,Healthy
2026-02-14T16:00,2026-02-14,2026-02,NSS-MON01,Ubuntu 24.04,Monitoring Server,23.32,54.63,45.37,55.6,44.4,99.8445,0,Healthy
2026-07-24T15:00,2026-07-24,2026-07,NSS-MON01,Ubuntu 24.04,Monitoring Server,25.06,28.11,71.89,35.85,64.15,99.877,0,Healthy
2026-04-26T12:00,2026-04-26,2026-04,NSS-MON01,Ubuntu 24.04,Monitoring Server,10.86,50.81,49.19,43.78,56.22,99.9308,0,Healthy
2026-07-29T16:00,2026-07-29,2026-07,NSS-DC01,Windows Server 2022,Domain Controller,39.48,54.04,45.96,70.52,29.48,99.8112,0,Healthy
2026-05-04T12:00,2026-05-04,2026-05,NSS-FILE01,Windows Server 2022,File Server,28.7,65.26,34.74,65.06,34.94,99.7725,0,Healthy
2026-06-08T02:00,2026-06-08,2026-06,NSS-DC02,Windows Server 2022,Domain Controller,47.7,43.16,56.84,57.45,42.55,99.8312,0,Healthy
2026-03-06T14:00,2026-03-06,2026-03,NSS-LINUX-DB01,Rocky Linux 9,Database Server,19.14,49.06,50.94,56.75,43.25,99.9518,0,Healthy
2026-05-12T04:00,2026-05-12,2026-05,NSS-FILE01,Windows Server 2022,File Server,40.01,57.6,42.4,68.74,31.26,99.8286,0,Healthy
2026-06-27T18:00,2026-06-27,2026-06,NSS-FILE01,Windows Server 2022,File Server,14.64,59.6,40.4,47.72,52.28,99.9893,0,Healthy
2026-05-26T07:00,2026-05-26,2026-05,NSS-LINUX-DB01,Rocky Linux 9,Database Server,19.8,54.36,45.64,44.94,55.06,99.9654,0,Healthy
2026-06-21T00:00,2026-06-21,2026-06,NSS-LINUX-APP01,Ubuntu 24.04,Application Server,12.05,61.91,38.09,76.92,23.08,99.9575,0,Healthy
2026-04-14T02:00,2026-04-14,2026-04,NSS-MON01,Ubuntu 24.04,Monitoring Server,44.84,61.15,38.85,62.55,37.45,99.9842,0,Healthy
2026-06-24T09:00,2026-06-24,2026-06,NSS-DC02,Windows Server 2022,Domain Controller,26.46,33.17,66.83,67.88,32.12,99.7635,0,Healthy
2026-03-14T03:00,2026-03-14,2026-03,NSS-LINUX-DB01,Rocky Linux 9,Database Server,31.35,70.68,29.32,62.31,37.69,99.8171,0,Healthy
2026-01-15T14:00,2026-01-15,2026-01,NSS-LINUX-DB01,Rocky Linux 9,Database Server,25.89,81.02,18.98,85.86,14.14,99.8383,1,Warning
2026-02-18T08:00,2026-02-18,2026-02,NSS-LINUX-DB01,Rocky Linux 9,Database Server,31.9,62.61,37.39,63.05,36.95,99.8968,0,Healthy
2026-06-11T16:00,2026-06-11,2026-06,NSS-APP01,Windows Server 2022,Application Server,30.47,37.19,62.81,74.01,25.99,99.8794,0,Healthy
2026-05-07T20:00,2026-05-07,2026-05,NSS-LINUX-DB01,Rocky Linux 9,Database Server,29.02,46.67,53.33,61.42,38.58,99.9313,0,Healthy
2026-03-24T20:00,2026-03-24,2026-03,NSS-FILE01,Windows Server 2022,File Server,30.97,61.52,38.48,56.95,43.05,99.753,0,Healthy
2026-03-17T23:00,2026-03-17,2026-03,NSS-FILE01,Windows Server 2022,File Server,23.9,72.01,27.99,75.08,24.92,99.9514,0,Healthy
2026-03-27T17:00,2026-03-27,2026-03,NSS-MON01,Ubuntu 24.04,Monitoring Server,17.48,67.18,32.82,66.23,33.77,99.9539,0,Healthy
2026-02-23T05:00,2026-02-23,2026-02,NSS-DC02,Windows Server 2022,Domain Controller,44.08,41.8,58.2,46.13,53.87,99.8592,0,Healthy
2026-06-25T08:00,2026-06-25,2026-06,NSS-LINUX-DB01,Rocky Linux 9,Database Server,31.92,52.53,47.47,83.17,16.83,99.9567,0,Warning
2026-03-21T11:00,2026-03-21,2026-03,NSS-LINUX-APP01,Ubuntu 24.04,Application Server,30.95,70.1,29.9,54.62,45.38,99.9363,0,Healthy
2026-06-28T16:00,2026-06-28,2026-06,NSS-LINUX-DB01,Rocky Linux 9,Database Server,31.09,39.84,60.16,61.48,38.52,99.9064,0,Healthy
2026-07-22T08:00,2026-07-22,2026-07,NSS-LINUX-DB01,Rocky Linux 9,Database Server,16.59,39.04,60.96,67.41,32.59,99.7731,0,Healthy
2026-07-23T15:00,2026-07-23,2026-07,NSS-LINUX-DB01,Rocky Linux 9,Database Server,27.13,79.88,20.12,64.32,35.68,99.862,0,Healthy
2026-02-15T03:00,2026-02-15,2026-02,NSS-LINUX-DB01,Rocky Linux 9,Database Server,29.16,59.87,40.13,58.3,41.7,99.7556,0,Healthy
2026-07-23T18:00,2026-07-23,2026-07,NSS-MON01,Ubuntu 24.04,Monitoring Server,3.85,56.75,43.25,46.8,53.2,99.8042,0,Healthy
2026-01-07T15:00,2026-01-07,2026-01,NSS-DC02,Windows Server 2022,Domain Controller,41.12,54.14,45.86,89.21,10.79,99.7789,1,Warning
2026-01-21T03:00,2026-01-21,2026-01,NSS-DC02,Windows Server 2022,Domain Controller,42.8,50.0,50.0,87.32,12.68,99.849,1,Warning
2026-03-11T03:00,2026-03-11,2026-03,NSS-APP01,Windows Server 2022,Application Server,35.85,72.09,27.91,74.79,25.21,99.828,0,Healthy
2026-05-23T23:00,2026-05-23,2026-05,NSS-FILE01,Windows Server 2022,File Server,48.55,35.05,64.95,91.74,8.26,99.9764,1,Critical
2026-07-18T03:00,2026-07-18,2026-07,NSS-DC02,Windows Server 2022,Domain Controller,45.28,60.23,39.77,39.7,60.3,99.919,0,Healthy
2026-02-13T18:00,2026-02-13,2026-02,NSS-DC01,Windows Server 2022,Domain Controller,16.49,33.67,66.33,68.07,31.93,99.9575,0,Healthy
2026-05-07T07:00,2026-05-07,2026-05,NSS-LINUX-APP01,Ubuntu 24.04,Application Server,46.22,47.8,52.2,68.84,31.16,99.8142,0,Healthy
2026-03-14T00:00,2026-03-14,2026-03,NSS-APP01,Windows Server 2022,Application Server,25.9,65.69,34.31,80.28,19.72,99.8637,0,Warning
2026-01-01T06:00,2026-01-01,2026-01,NSS-FILE01,Windows Server 2022,File Server,15.94,39.16,60.84,95.0,5.0,99.9547,1,Critical
2026-07-12T16:00,2026-07-12,2026-07,NSS-LINUX-DB01,Rocky Linux 9,Database Server,16.9,43.44,56.56,74.38,25.62,99.7513,0,Healthy
2026-03-26T01:00,2026-03-26,2026-03,NSS-MON01,Ubuntu 24.04,Monitoring Server,40.87,47.34,52.66,65.98,34.02,99.8181,0,Healthy
2026-02-05T15:00,2026-02-05,2026-02,NSS-FILE01,Windows Server 2022,File Server,30.89,46.6,53.4,79.93,20.07,99.9938,0,Healthy
2026-03-23T11:00,2026-03-23,2026-03,NSS-LINUX-APP01,Ubuntu 24.04,Application Server,30.62,51.68,48.32,90.33,9.67,99.8017,1,Critical
2026-06-28T01:00,2026-06-28,2026-06,NSS-DC02,Windows Server 2022,Domain Controller,19.06,35.68,64.32,58.36,41.64,99.7536,0,Healthy
2026-05-13T09:00,2026-05-13,2026-05,NSS-FILE01,Windows Server 2022,File Server,22.9,43.48,56.52,56.05,43.95,99.9794,0,Healthy
2026-02-04T17:00,2026-02-04,2026-02,NSS-DC02,Windows Server 2022,Domain Controller,15.61,60.77,39.23,53.84,46.16,99.8029,0,Healthy
2026-06-18T07:00,2026-06-18,2026-06,NSS-MON01,Ubuntu 24.04,Monitoring Server,40.32,43.31,56.69,52.59,47.41,99.8994,0,Healthy
2026-06-19T22:00,2026-06-19,2026-06,NSS-LINUX-DB01,Rocky Linux 9,Database Server,54.67,46.45,53.55,52.41,47.59,99.8744,0,Healthy
2026-05-05T05:00,2026-05-05,2026-05,NSS-DC02,Windows Server 2022,Domain Controller,29.38,61.4,38.6,64.54,35.46,99.979,0,Healthy
2026-03-25T13:00,2026-03-25,2026-03,NSS-DC02,Windows Server 2022,Domain Controller,25.41,47.92,52.08,67.92,32.08,99.9263,0,Healthy
2026-02-14T18:00,2026-02-14,2026-02,NSS-LINUX-APP01,Ubuntu 24.04,Application Server,2.0,51.76,48.24,68.78,31.22,99.7751,0,Healthy
2026-02-13T20:00,2026-02-13,2026-02,NSS-LINUX-APP01,Ubuntu 24.04,Application Server,25.49,62.8,37.2,62.43,37.57,99.8059,0,Healthy
2026-07-26T00:00,2026-07-26,2026-07,NSS-LINUX-APP01,Ubuntu 24.04,Application Server,2.0,44.16,55.84,75.02,24.98,99.7562,0,Healthy
2026-07-14T14:00,2026-07-14,2026-07,NSS-DC02,Windows Server 2022,Domain Controller,46.32,41.04,58.96,69.33,30.67,99.7954,0,Healthy
2026-01-29T09:00,2026-01-29,2026-01,NSS-FILE01,Windows Server 2022,File Server,25.74,38.96,61.04,21.31,78.69,99.949,0,Healthy
2026-04-22T16:00,2026-04-22,2026-04,NSS-LINUX-DB01,Rocky Linux 9,Database Server,19.85,64.45,35.55,80.81,19.19,99.8705,0,Warning
2026-06-04T04:00,2026-06-04,2026-06,NSS-APP01,Windows Server 2022,Application Server,36.44,53.79,46.21,71.43,28.57,99.9369,0,Healthy
2026-03-27T12:00,2026-03-27,2026-03,NSS-MON01,Ubuntu 24.04,Monitoring Server,49.68,46.41,53.59,36.0,64.0,99.94,0,Healthy
2026-04-16T11:00,2026-04-16,2026-04,NSS-LINUX-APP01,Ubuntu 24.04,Application Server,22.84,79.75,20.25,59.17,40.83,99.8575,0,Healthy
2026-03-18T06:00,2026-03-18,2026-03,NSS-LINUX-APP01,Ubuntu 24.04,Application Server,40.49,70.69,29.31,95.0,5.0,99.7747,1,Critical
2026-01-21T14:00,2026-01-21,2026-01,NSS-LINUX-APP01,Ubuntu 24.04,Application Server,11.55,45.12,54.88,74.86,25.14,99.9876,0,Healthy
2026-06-21T03:00,2026-06-21,2026-06,NSS-DC01,Windows Server 2022,Domain Controller,19.79,48.3,51.7,76.33,23.67,99.984,0,Healthy
2026-02-18T06:00,2026-02-18,2026-02,NSS-DC01,Windows Server 2022,Domain Controller,34.25,60.84,39.16,82.37,17.63,99.8207,0,Warning
2026-07-11T06:00,2026-07-11,2026-07,NSS-FILE01,Windows Server 2022,File Server,23.55,58.86,41.14,70.95,29.05,99.9055,0,Healthy
2026-07-19T02:00,2026-07-19,2026-07,NSS-LINUX-DB01,Rocky Linux 9,Database Server,39.49,53.8,46.2,62.93,37.07,99.9217,0,Healthy
2026-01-01T05:00,2026-01-01,2026-01,NSS-DC01,Windows Server 2022,Domain Controller,6.16,75.66,24.34,66.45,33.55,99.8225,0,Healthy
2026-02-28T07:00,2026-02-28,2026-02,NSS-DC01,Windows Server 2022,Domain Controller,48.9,59.17,40.83,83.78,16.22,99.8089,0,Warning
2026-05-01T00:00,2026-05-01,2026-05,NSS-LINUX-DB01,Rocky Linux 9,Database Server,17.57,51.74,48.26,54.25,45.75,99.9822,0,Healthy
2026-06-17T10:00,2026-06-17,2026-06,NSS-DC02,Windows Server 2022,Domain Controller,28.73,45.47,54.53,93.53,6.47,99.8505,1,Critical
2026-05-02T17:00,2026-05-02,2026-05,NSS-FILE01,Windows Server 2022,File Server,28.69,70.75,29.25,75.08,24.92,99.8807,0,Healthy
2026-05-30T16:00,2026-05-30,2026-05,NSS-LINUX-DB01,Rocky Linux 9,Database Server,29.75,52.47,47.53,35.25,64.75,99.9409,0,Healthy
2026-03-23T10:00,2026-03-23,2026-03,NSS-MON01,Ubuntu 24.04,Monitoring Server,51.36,50.69,49.31,66.33,33.67,99.863,0,Healthy
2026-04-14T05:00,2026-04-14,2026-04,NSS-APP01,Windows Server 2022,Application Server,22.26,41.14,58.86,62.72,37.28,99.886,0,Healthy
2026-07-29T18:00,2026-07-29,2026-07,NSS-MON01,Ubuntu 24.04,Monitoring Server,23.1,57.22,42.78,69.43,30.57,99.7942,0,Healthy
2026-05-11T11:00,2026-05-11,2026-05,NSS-LINUX-DB01,Rocky Linux 9,Database Server,2.0,62.42,37.58,47.71,52.29,99.9349,0,Healthy
2026-01-23T06:00,2026-01-23,2026-01,NSS-DC02,Windows Server 2022,Domain Controller,7.52,64.16,35.84,59.78,40.22,99.9052,0,Healthy
2026-02-19T11:00,2026-02-19,2026-02,NSS-LINUX-DB01,Rocky Linux 9,Database Server,24.69,54.1,45.9,77.97,22.03,99.7738,0,Healthy
2026-03-13T16:00,2026-03-13,2026-03,NSS-DC01,Windows Server 2022,Domain Controller,21.26,62.76,37.24,61.48,38.52,99.891,0,Healthy
2026-07-17T21:00,2026-07-17,2026-07,NSS-LINUX-DB01,Rocky Linux 9,Database Server,11.22,62.43,37.57,65.46,34.54,99.9623,0,Healthy
2026-03-27T15:00,2026-03-27,2026-03,NSS-FILE01,Windows Server 2022,File Server,2.0,51.24,48.76,37.01,62.99,99.7746,0,Healthy
2026-06-27T08:00,2026-06-27,2026-06,NSS-DC01,Windows Server 2022,Domain Controller,45.46,46.27,53.73,44.45,55.55,99.8939,0,Healthy
2026-06-23T00:00,2026-06-23,2026-06,NSS-DC02,Windows Server 2022,Domain Controller,32.14,45.14,54.86,66.76,33.24,99.8657,0,Healthy
2026-01-26T21:00,2026-01-26,2026-01,NSS-DC02,Windows Server 2022,Domain Controller,39.04,67.06,32.94,56.71,43.29,99.9502,0,Healthy
2026-07-20T19:00,2026-07-20,2026-07,NSS-LINUX-DB01,Rocky Linux 9,Database Server,12.99,59.95,40.05,69.78,30.22,99.7544,0,Healthy
2026-02-03T00:00,2026-02-03,2026-02,NSS-DC01,Windows Server 2022,Domain Controller,2.0,42.23,57.77,71.94,28.06,99.9442,0,Healthy
2026-07-22T15:00,2026-07-22,2026-07,NSS-DC01,Windows Server 2022,Domain Controller,8.4,75.55,24.45,40.14,59.86,99.8101,0,Healthy
2026-07-10T03:00,2026-07-10,2026-07,NSS-LINUX-DB01,Rocky Linux 9,Database Server,20.62,71.72,28.28,95.0,5.0,99.9282,1,Critical
2026-04-25T02:00,2026-04-25,2026-04,NSS-LINUX-DB01,Rocky Linux 9,Database Server,20.15,62.26,37.74,79.12,20.88,99.7551,0,Healthy
2026-06-05T16:00,2026-06-05,2026-06,NSS-DC01,Windows Server 2022,Domain Controller,37.26,31.63,68.37,54.31,45.69,99.8186,0,Healthy
2026-01-14T13:00,2026-01-14,2026-01,NSS-LINUX-DB01,Rocky Linux 9,Database Server,44.62,56.49,43.51,75.89,24.11,99.7606,0,Healthy
2026-05-07T17:00,2026-05-07,2026-05,NSS-APP01,Windows Server 2022,Application Server,30.98,52.78,47.22,74.52,25.48,99.9506,0,Healthy
2026-04-07T20:00,2026-04-07,2026-04,NSS-FILE01,Windows Server 2022,File Server,20.75,70.51,29.49,55.0,45.0,99.8594,0,Healthy
2026-03-06T20:00,2026-03-06,2026-03,NSS-DC02,Windows Server 2022,Domain Controller,16.62,15.55,84.45,42.6,57.4,99.7683,0,Healthy
2026-02-08T11:00,2026-02-08,2026-02,NSS-DC02,Windows Server 2022,Domain Controller,38.45,66.68,33.32,54.81,45.19,99.8279,0,Healthy
2026-06-16T11:00,2026-06-16,2026-06,NSS-DC01,Windows Server 2022,Domain Controller,33.34,79.63,20.37,53.39,46.61,99.8511,0,Healthy
2026-03-28T20:00,2026-03-28,2026-03,NSS-APP01,Windows Server 2022,Application Server,36.21,23.5,76.5,53.78,46.22,99.9981,0,Healthy
2026-03-01T23:00,2026-03-01,2026-03,NSS-DC02,Windows Server 2022,Domain Controller,30.16,46.25,53.75,38.95,61.05,99.8913,0,Healthy
2026-01-02T19:00,2026-01-02,2026-01,NSS-LINUX-APP01,Ubuntu 24.04,Application Server,4.21,72.69,27.31,32.96,67.04,99.8767,0,Healthy
2026-06-07T11:00,2026-06-07,2026-06,NSS-LINUX-APP01,Ubuntu 24.04,Application Server,34.65,57.71,42.29,53.9,46.1,99.9806,0,Healthy
2026-06-19T17:00,2026-06-19,2026-06,NSS-APP01,Windows Server 2022,Application Server,25.83,49.52,50.48,46.84,53.16,99.8755,0,Healthy
2026-07-03T04:00,2026-07-03,2026-07,NSS-DC01,Windows Server 2022,Domain Controller,51.2,46.98,53.02,38.42,61.58,99.8311,0,Healthy
2026-07-13T15:00,2026-07-13,2026-07,NSS-FILE01,Windows Server 2022,File Server,44.28,44.9,55.1,48.94,51.06,99.9733,0,Healthy
2026-04-18T02:00,2026-04-18,2026-04,NSS-DC01,Windows Server 2022,Domain Controller,19.02,57.7,42.3,73.51,26.49,99.8141,0,Healthy
2026-07-08T17:00,2026-07-08,2026-07,NSS-LINUX-DB01,Rocky Linux 9,Database Server,30.3,45.71,54.29,60.91,39.09,99.8521,0,Healthy
2026-05-28T15:00,2026-05-28,2026-05,NSS-MON01,Ubuntu 24.04,Monitoring Server,60.02,54.91,45.09,54.09,45.91,99.7573,0,Healthy
2026-01-16T00:00,2026-01-16,2026-01,NSS-DC02,Windows Server 2022,Domain Controller,34.84,72.88,27.12,56.39,43.61,99.9166,0,Healthy
2026-04-02T21:00,2026-04-02,2026-04,NSS-LINUX-APP01,Ubuntu 24.04,Application Server,18.34,33.77,66.23,78.97,21.03,99.8786,0,Healthy
2026-06-18T05:00,2026-06-18,2026-06,NSS-APP01,Windows Server 2022,Application Server,15.0,41.02,58.98,74.36,25.64,99.7526,0,Healthy
2026-02-28T09:00,2026-02-28,2026-02,NSS-APP01,Windows Server 2022,Application Server,11.82,54.47,45.53,72.51,27.49,99.9915,0,Healthy
2026-03-04T08:00,2026-03-04,2026-03,NSS-DC01,Windows Server 2022,Domain Controller,33.88,38.84,61.16,54.49,45.51,99.8559,0,Healthy
2026-04-16T15:00,2026-04-16,2026-04,NSS-MON01,Ubuntu 24.04,Monitoring Server,22.83,78.53,21.47,61.1,38.9,99.9641,0,Healthy
2026-02-02T21:00,2026-02-02,2026-02,NSS-APP01,Windows Server 2022,Application Server,36.56,41.49,58.51,60.42,39.58,99.8498,0,Healthy
2026-02-08T01:00,2026-02-08,2026-02,NSS-MON01,Ubuntu 24.04,Monitoring Server,32.16,54.9,45.1,66.29,33.71,99.8322,0,Healthy
2026-06-14T19:00,2026-06-14,2026-06,NSS-FILE01,Windows Server 2022,File Server,28.03,52.5,47.5,48.01,51.99,99.9138,0,Healthy
2026-01-23T22:00,2026-01-23,2026-01,NSS-LINUX-APP01,Ubuntu 24.04,Application Server,36.59,47.52,52.48,70.12,29.88,99.9986,0,Healthy
2026-06-04T19:00,2026-06-04,2026-06,NSS-FILE01,Windows Server 2022,File Server,13.53,38.58,61.42,66.8,33.2,99.7919,0,Healthy
2026-03-29T10:00,2026-03-29,2026-03,NSS-LINUX-APP01,Ubuntu 24.04,Application Server,42.2,50.38,49.62,76.81,23.19,99.947,0,Healthy
2026-04-26T14:00,2026-04-26,2026-04,NSS-APP01,Windows Server 2022,Application Server,2.0,52.91,47.09,72.89,27.11,99.7508,0,Healthy
2026-01-16T08:00,2026-01-16,2026-01,NSS-APP01,Windows Server 2022,Application Server,15.95,66.92,33.08,59.36,40.64,99.784,0,Healthy
2026-06-21T00:00,2026-06-21,2026-06,NSS-DC02,Windows Server 2022,Domain Controller,4.19,62.35,37.65,52.35,47.65,99.8964,0,Healthy
2026-06-20T20:00,2026-06-20,2026-06,NSS-DC01,Windows Server 2022,Domain Controller,22.25,65.22,34.78,92.49,7.51,99.849,1,Critical
2026-07-05T16:00,2026-07-05,2026-07,NSS-DC02,Windows Server 2022,Domain Controller,2.88,33.54,66.46,55.71,44.29,99.9073,0,Healthy
2026-01-22T19:00,2026-01-22,2026-01,NSS-FILE01,Windows Server 2022,File Server,17.92,82.26,17.74,72.46,27.54,99.8725,0,Warning
2026-01-13T04:00,2026-01-13,2026-01,NSS-LINUX-DB01,Rocky Linux 9,Database Server,47.35,53.42,46.58,64.79,35.21,99.9106,0,Healthy
2026-03-17T12:00,2026-03-17,2026-03,NSS-APP01,Windows Server 2022,Application Server,45.0,41.18,58.82,47.78,52.22,99.9474,0,Healthy
2026-07-22T07:00,2026-07-22,2026-07,NSS-MON01,Ubuntu 24.04,Monitoring Server,54.42,72.36,27.64,52.16,47.84,99.8937,0,Healthy
2026-01-15T22:00,2026-01-15,2026-01,NSS-MON01,Ubuntu 24.04,Monitoring Server,27.38,61.58,38.42,53.64,46.36,99.8534,0,Healthy
2026-07-09T14:00,2026-07-09,2026-07,NSS-FILE01,Windows Server 2022,File Server,40.09,45.68,54.32,61.15,38.85,99.9622,0,Healthy
2026-05-09T15:00,2026-05-09,2026-05,NSS-LINUX-APP01,Ubuntu 24.04,Application Server,21.24,62.44,37.56,73.93,26.07,99.9138,0,Healthy
2026-06-03T23:00,2026-06-03,2026-06,NSS-MON01,Ubuntu 24.04,Monitoring Server,37.85,33.12,66.88,58.19,41.81,99.814,0,Healthy
2026-02-16T00:00,2026-02-16,2026-02,NSS-DC01,Windows Server 2022,Domain Controller,32.29,39.62,60.38,45.63,54.37,99.8018,0,Healthy
2026-02-17T13:00,2026-02-17,2026-02,NSS-DC01,Windows Server 2022,Domain Controller,39.23,45.16,54.84,64.18,35.82,99.9048,0,Healthy
2026-05-07T14:00,2026-05-07,2026-05,NSS-LINUX-DB01,Rocky Linux 9,Database Server,15.1,48.73,51.27,68.54,31.46,99.992,0,Healthy
2026-01-11T20:00,2026-01-11,2026-01,NSS-MON01,Ubuntu 24.04,Monitoring Server,31.12,69.26,30.74,67.62,32.38,99.8371,0,Healthy
2026-03-05T11:00,2026-03-05,2026-03,NSS-LINUX-DB01,Rocky Linux 9,Database Server,29.72,22.53,77.47,69.94,30.06,99.9892,0,Healthy
2026-03-20T12:00,2026-03-20,2026-03,NSS-DC01,Windows Server 2022,Domain Controller,29.68,50.95,49.05,50.92,49.08,99.8904,0,Healthy
2026-05-25T00:00,2026-05-25,2026-05,NSS-LINUX-DB01,Rocky Linux 9,Database Server,15.21,37.72,62.28,64.26,35.74,99.9802,0,Healthy
2026-07-09T15:00,2026-07-09,2026-07,NSS-FILE01,Windows Server 2022,File Server,26.32,40.47,59.53,76.54,23.46,99.9086,0,Healthy
2026-03-16T14:00,2026-03-16,2026-03,NSS-APP01,Windows Server 2022,Application Server,24.8,30.65,69.35,73.73,26.27,99.8933,0,Healthy
2026-07-10T01:00,2026-07-10,2026-07,NSS-FILE01,Windows Server 2022,File Server,35.35,45.1,54.9,60.91,39.09,99.9645,0,Healthy
2026-02-10T00:00,2026-02-10,2026-02,NSS-MON01,Ubuntu 24.04,Monitoring Server,3.7,62.73,37.27,58.5,41.5,99.8,0,Healthy
2026-03-30T04:00,2026-03-30,2026-03,NSS-LINUX-DB01,Rocky Linux 9,Database Server,15.18,42.44,57.56,69.13,30.87,99.8079,0,Healthy
2026-03-14T01:00,2026-03-14,2026-03,NSS-FILE01,Windows Server 2022,File Server,39.04,39.93,60.07,60.11,39.89,99.8613,0,Healthy
2026-04-09T05:00,2026-04-09,2026-04,NSS-FILE01,Windows Server 2022,File Server,36.93,46.78,53.22,68.55,31.45,99.8013,0,Healthy
2026-02-26T14:00,2026-02-26,2026-02,NSS-LINUX-DB01,Rocky Linux 9,Database Server,27.6,70.47,29.53,71.65,28.35,99.9094,0,Healthy
2026-03-18T14:00,2026-03-18,2026-03,NSS-LINUX-APP01,Ubuntu 24.04,Application Server,23.01,53.03,46.97,67.04,32.96,99.8309,0,Healthy
2026-07-16T12:00,2026-07-16,2026-07,NSS-DC01,Windows Server 2022,Domain Controller,17.79,27.8,72.2,72.04,27.96,99.7912,0,Healthy
2026-07-10T11:00,2026-07-10,2026-07,NSS-APP01,Windows Server 2022,Application Server,14.94,49.26,50.74,33.8,66.2,99.801,0,Healthy
2026-03-05T06:00,2026-03-05,2026-03,NSS-DC01,Windows Server 2022,Domain Controller,31.14,49.0,51.0,63.74,36.26,99.8897,0,Healthy
2026-03-28T10:00,2026-03-28,2026-03,NSS-LINUX-APP01,Ubuntu 24.04,Application Server,26.68,61.47,38.53,67.25,32.75,99.852,0,Healthy
2026-03-01T09:00,2026-03-01,2026-03,NSS-MON01,Ubuntu 24.04,Monitoring Server,41.66,55.25,44.75,70.97,29.03,99.8187,0,Healthy
2026-04-13T22:00,2026-04-13,2026-04,NSS-APP01,Windows Server 2022,Application Server,30.44,48.8,51.2,50.85,49.15,99.8549,0,Healthy
2026-07-05T20:00,2026-07-05,2026-07,NSS-DC01,Windows Server 2022,Domain Controller,33.29,49.82,50.18,57.95,42.05,99.92,0,Healthy
2026-06-02T04:00,2026-06-02,2026-06,NSS-LINUX-DB01,Rocky Linux 9,Database Server,26.36,61.26,38.74,61.73,38.27,99.8835,0,Healthy
2026-05-25T22:00,2026-05-25,2026-05,NSS-FILE01,Windows Server 2022,File Server,40.56,65.63,34.37,65.53,34.47,99.7593,0,Healthy
2026-05-25T08:00,2026-05-25,2026-05,NSS-DC02,Windows Server 2022,Domain Controller,30.61,48.64,51.36,58.59,41.41,99.9797,0,Healthy
2026-04-23T08:00,2026-04-23,2026-04,NSS-DC02,Windows Server 2022,Domain Controller,24.38,72.1,27.9,64.64,35.36,99.9559,0,Healthy
2026-04-15T17:00,2026-04-15,2026-04,NSS-MON01,Ubuntu 24.04,Monitoring Server,29.45,44.78,55.22,61.36,38.64,99.9294,0,Healthy
2026-07-04T11:00,2026-07-04,2026-07,NSS-MON01,Ubuntu 24.04,Monitoring Server,18.62,40.48,59.52,56.66,43.34,99.8151,0,Healthy
2026-04-27T21:00,2026-04-27,2026-04,NSS-LINUX-APP01,Ubuntu 24.04,Application Server,33.78,68.83,31.17,78.25,21.75,99.8093,0,Healthy
2026-01-11T06:00,2026-01-11,2026-01,NSS-FILE01,Windows Server 2022,File Server,22.63,58.72,41.28,67.71,32.29,99.9096,0,Healthy
2026-04-26T22:00,2026-04-26,2026-04,NSS-LINUX-DB01,Rocky Linux 9,Database Server,33.19,47.99,52.01,52.15,47.85,99.9634,0,Healthy
2026-05-24T16:00,2026-05-24,2026-05,NSS-MON01,Ubuntu 24.04,Monitoring Server,49.31,39.72,60.28,56.46,43.54,99.9876,0,Healthy
2026-04-27T05:00,2026-04-27,2026-04,NSS-DC02,Windows Server 2022,Domain Controller,20.81,54.53,45.47,71.21,28.79,99.8811,0,Healthy
2026-06-19T19:00,2026-06-19,2026-06,NSS-FILE01,Windows Server 2022,File Server,41.62,68.19,31.81,63.99,36.01,99.9534,0,Healthy
2026-01-05T10:00,2026-01-05,2026-01,NSS-FILE01,Windows Server 2022,File Server,10.49,32.28,67.72,60.98,39.02,99.9512,0,Healthy
2026-01-17T05:00,2026-01-17,2026-01,NSS-DC01,Windows Server 2022,Domain Controller,38.25,68.05,31.95,43.56,56.44,99.8467,0,Healthy
2026-01-28T11:00,2026-01-28,2026-01,NSS-FILE01,Windows Server 2022,File Server,15.89,64.8,35.2,40.62,59.38,99.9061,0,Healthy
2026-02-27T20:00,2026-02-27,2026-02,NSS-MON01,Ubuntu 24.04,Monitoring Server,20.1,67.97,32.03,60.7,39.3,99.8897,0,Healthy
2026-07-09T12:00,2026-07-09,2026-07,NSS-MON01,Ubuntu 24.04,Monitoring Server,26.54,49.56,50.44,55.09,44.91,99.9055,0,Healthy
2026-02-19T08:00,2026-02-19,2026-02,NSS-LINUX-APP01,Ubuntu 24.04,Application Server,15.23,62.28,37.72,64.55,35.45,99.9569,0,Healthy
2026-06-10T02:00,2026-06-10,2026-06,NSS-DC01,Windows Server 2022,Domain Controller,31.84,25.68,74.32,56.24,43.76,99.8269,0,Healthy
2026-01-18T17:00,2026-01-18,2026-01,NSS-DC01,Windows Server 2022,Domain Controller,59.72,61.16,38.84,44.43,55.57,99.819,0,Healthy
2026-07-28T06:00,2026-07-28,2026-07,NSS-LINUX-APP01,Ubuntu 24.04,Application Server,32.49,63.38,36.62,64.75,35.25,99.8686,0,Healthy
2026-06-26T11:00,2026-06-26,2026-06,NSS-LINUX-DB01,Rocky Linux 9,Database Server,19.63,54.92,45.08,85.59,14.41,99.761,1,Warning
2026-07-21T09:00,2026-07-21,2026-07,NSS-MON01,Ubuntu 24.04,Monitoring Server,13.73,51.35,48.65,33.03,66.97,99.892,0,Healthy
2026-02-10T07:00,2026-02-10,2026-02,NSS-DC02,Windows Server 2022,Domain Controller,14.37,54.18,45.82,48.28,51.72,99.8393,0,Healthy
2026-04-11T00:00,2026-04-11,2026-04,NSS-DC02,Windows Server 2022,Domain Controller,36.11,48.01,51.99,77.44,22.56,99.9635,0,Healthy
2026-05-19T04:00,2026-05-19,2026-05,NSS-DC01,Windows Server 2022,Domain Controller,47.72,36.66,63.34,74.02,25.98,99.7624,0,Healthy
2026-06-02T11:00,2026-06-02,2026-06,NSS-APP01,Windows Server 2022,Application Server,2.0,74.09,25.91,41.15,58.85,99.7523,0,Healthy
2026-02-26T22:00,2026-02-26,2026-02,NSS-DC01,Windows Server 2022,Domain Controller,15.37,65.99,34.01,63.24,36.76,99.777,0,Healthy
2026-01-05T13:00,2026-01-05,2026-01,NSS-DC01,Windows Server 2022,Domain Controller,35.15,70.74,29.26,82.16,17.84,99.8027,0,Warning
2026-04-29T04:00,2026-04-29,2026-04,NSS-FILE01,Windows Server 2022,File Server,41.52,82.48,17.52,51.56,48.44,99.8718,0,Warning
2026-07-01T11:00,2026-07-01,2026-07,NSS-DC01,Windows Server 2022,Domain Controller,16.08,56.04,43.96,43.72,56.28,99.7841,0,Healthy
2026-05-16T13:00,2026-05-16,2026-05,NSS-DC02,Windows Server 2022,Domain Controller,37.76,51.77,48.23,50.43,49.57,99.8374,0,Healthy
2026-04-19T15:00,2026-04-19,2026-04,NSS-LINUX-DB01,Rocky Linux 9,Database Server,18.36,40.18,59.82,70.83,29.17,99.751,0,Healthy
2026-01-24T18:00,2026-01-24,2026-01,NSS-DC02,Windows Server 2022,Domain Controller,55.93,80.61,19.39,51.18,48.82,99.954,0,Warning
2026-06-17T17:00,2026-06-17,2026-06,NSS-LINUX-DB01,Rocky Linux 9,Database Server,32.63,49.77,50.23,91.46,8.54,99.9868,1,Critical
2026-06-30T17:00,2026-06-30,2026-06,NSS-MON01,Ubuntu 24.04,Monitoring Server,15.6,72.75,27.25,90.06,9.94,99.9337,1,Critical
2026-07-15T16:00,2026-07-15,2026-07,NSS-DC02,Windows Server 2022,Domain Controller,14.62,62.26,37.74,42.15,57.85,99.9368,0,Healthy
2026-03-28T22:00,2026-03-28,2026-03,NSS-LINUX-DB01,Rocky Linux 9,Database Server,37.54,38.48,61.52,64.81,35.19,99.7999,0,Healthy
2026-02-17T03:00,2026-02-17,2026-02,NSS-APP01,Windows Server 2022,Application Server,31.28,43.71,56.29,55.37,44.63,99.9859,0,Healthy
2026-04-04T01:00,2026-04-04,2026-04,NSS-LINUX-DB01,Rocky Linux 9,Database Server,2.0,65.59,34.41,60.06,39.94,99.8735,0,Healthy
2026-05-03T19:00,2026-05-03,2026-05,NSS-FILE01,Windows Server 2022,File Server,20.72,59.7,40.3,86.34,13.66,99.8535,1,Warning
2026-03-15T15:00,2026-03-15,2026-03,NSS-APP01,Windows Server 2022,Application Server,26.72,35.96,64.04,47.24,52.76,99.8117,0,Healthy
2026-03-27T02:00,2026-03-27,2026-03,NSS-LINUX-APP01,Ubuntu 24.04,Application Server,38.98,59.51,40.49,64.09,35.91,99.9428,0,Healthy
2026-01-27T15:00,2026-01-27,2026-01,NSS-DC01,Windows Server 2022,Domain Controller,31.09,48.66,51.34,76.89,23.11,99.7719,0,Healthy
2026-06-27T09:00,2026-06-27,2026-06,NSS-DC01,Windows Server 2022,Domain Controller,36.02,64.05,35.95,55.29,44.71,99.7663,0,Healthy
2026-01-04T16:00,2026-01-04,2026-01,NSS-FILE01,Windows Server 2022,File Server,2.0,67.93,32.07,48.09,51.91,99.8584,0,Healthy
2026-06-03T19:00,2026-06-03,2026-06,NSS-DC01,Windows Server 2022,Domain Controller,48.37,49.81,50.19,60.24,39.76,99.756,0,Healthy
2026-03-06T00:00,2026-03-06,2026-03,NSS-APP01,Windows Server 2022,Application Server,8.97,57.02,42.98,95.0,5.0,99.7581,1,Critical
2026-01-08T07:00,2026-01-08,2026-01,NSS-APP01,Windows Server 2022,Application Server,44.67,46.65,53.35,73.76,26.24,99.8355,0,Healthy
2026-01-09T12:00,2026-01-09,2026-01,NSS-FILE01,Windows Server 2022,File Server,30.8,37.66,62.34,43.0,57.0,99.81,0,Healthy
2026-02-03T06:00,2026-02-03,2026-02,NSS-LINUX-APP01,Ubuntu 24.04,Application Server,13.45,52.04,47.96,61.23,38.77,99.9178,0,Healthy
2026-07-18T00:00,2026-07-18,2026-07,NSS-LINUX-DB01,Rocky Linux 9,Database Server,18.85,55.49,44.51,51.98,48.02,99.8121,0,Healthy
2026-05-20T17:00,2026-05-20,2026-05,NSS-LINUX-APP01,Ubuntu 24.04,Application Server,21.11,66.37,33.63,46.29,53.71,99.8247,0,Healthy
2026-07-05T00:00,2026-07-05,2026-07,NSS-LINUX-APP01,Ubuntu 24.04,Application Server,20.34,42.7,57.3,68.28,31.72,99.9714,0,Healthy
2026-06-24T07:00,2026-06-24,2026-06,NSS-DC01,Windows Server 2022,Domain Controller,52.33,64.47,35.53,42.37,57.63,99.7782,0,Healthy
2026-05-11T13:00,2026-05-11,2026-05,NSS-FILE01,Windows Server 2022,File Server,49.04,51.52,48.48,83.07,16.93,99.8037,0,Warning
2026-03-16T20:00,2026-03-16,2026-03,NSS-LINUX-DB01,Rocky Linux 9,Database Server,27.06,59.94,40.06,57.41,42.59,99.7971,0,Healthy
2026-03-28T13:00,2026-03-28,2026-03,NSS-MON01,Ubuntu 24.04,Monitoring Server,16.24,52.36,47.64,84.5,15.5,99.8184,0,Warning
2026-01-18T23:00,2026-01-18,2026-01,NSS-LINUX-DB01,Rocky Linux 9,Database Server,2.0,40.29,59.71,69.75,30.25,99.954,0,Healthy
2026-02-04T10:00,2026-02-04,2026-02,NSS-APP01,Windows Server 2022,Application Server,45.2,51.0,49.0,75.16,24.84,99.9036,0,Healthy
2026-02-06T18:00,2026-02-06,2026-02,NSS-APP01,Windows Server 2022,Application Server,42.1,45.38,54.62,43.65,56.35,99.91,0,Healthy
2026-02-09T17:00,2026-02-09,2026-02,NSS-MON01,Ubuntu 24.04,Monitoring Server,19.91,29.46,70.54,62.63,37.37,99.9597,0,Healthy
2026-06-15T10:00,2026-06-15,2026-06,NSS-MON01,Ubuntu 24.04,Monitoring Server,26.49,78.41,21.59,79.23,20.77,99.8281,0,Healthy
2026-07-29T09:00,2026-07-29,2026-07,NSS-FILE01,Windows Server 2022,File Server,17.2,58.62,41.38,57.25,42.75,99.8066,0,Healthy
2026-06-14T13:00,2026-06-14,2026-06,NSS-MON01,Ubuntu 24.04,Monitoring Server,32.75,41.45,58.55,74.29,25.71,99.9693,0,Healthy
2026-07-04T01:00,2026-07-04,2026-07,NSS-MON01,Ubuntu 24.04,Monitoring Server,19.43,47.5,52.5,72.73,27.27,99.9921,0,Healthy
2026-02-16T16:00,2026-02-16,2026-02,NSS-FILE01,Windows Server 2022,File Server,11.25,59.27,40.73,34.89,65.11,99.9744,0,Healthy
2026-06-26T01:00,2026-06-26,2026-06,NSS-MON01,Ubuntu 24.04,Monitoring Server,35.77,64.37,35.63,56.59,43.41,99.9491,0,Healthy
2026-01-02T22:00,2026-01-02,2026-01,NSS-DC01,Windows Server 2022,Domain Controller,12.32,75.1,24.9,77.12,22.88,99.7891,0,Healthy
2026-06-07T10:00,2026-06-07,2026-06,NSS-APP01,Windows Server 2022,Application Server,39.81,74.45,25.55,74.28,25.72,99.8413,0,Healthy
2026-03-19T09:00,2026-03-19,2026-03,NSS-APP01,Windows Server 2022,Application Server,36.34,43.03,56.97,61.21,38.79,99.8515,0,Healthy
2026-07-26T22:00,2026-07-26,2026-07,NSS-LINUX-DB01,Rocky Linux 9,Database Server,27.68,74.63,25.37,51.03,48.97,99.9793,0,Healthy
2026-04-06T15:00,2026-04-06,2026-04,NSS-APP01,Windows Server 2022,Application Server,24.42,50.05,49.95,78.76,21.24,99.9512,0,Healthy
2026-03-03T02:00,2026-03-03,2026-03,NSS-FILE01,Windows Server 2022,File Server,17.37,47.37,52.63,63.4,36.6,99.8361,0,Healthy
2026-02-18T04:00,2026-02-18,2026-02,NSS-FILE01,Windows Server 2022,File Server,35.01,52.25,47.75,63.42,36.58,99.9103,0,Healthy
2026-01-22T04:00,2026-01-22,2026-01,NSS-DC02,Windows Server 2022,Domain Controller,20.32,76.66,23.34,88.22,11.78,99.8921,1,Warning
2026-03-28T22:00,2026-03-28,2026-03,NSS-FILE01,Windows Server 2022,File Server,13.19,51.65,48.35,72.07,27.93,99.8775,0,Healthy
2026-02-20T10:00,2026-02-20,2026-02,NSS-LINUX-APP01,Ubuntu 24.04,Application Server,16.37,61.34,38.66,52.63,47.37,99.8046,0,Healthy
2026-04-15T21:00,2026-04-15,2026-04,NSS-APP01,Windows Server 2022,Application Server,26.69,82.03,17.97,72.65,27.35,99.9527,0,Warning
2026-07-12T09:00,2026-07-12,2026-07,NSS-FILE01,Windows Server 2022,File Server,22.58,56.63,43.37,70.55,29.45,99.7642,0,Healthy
2026-01-09T15:00,2026-01-09,2026-01,NSS-DC01,Windows Server 2022,Domain Controller,23.54,32.67,67.33,47.04,52.96,99.7898,0,Healthy
2026-01-22T23:00,2026-01-22,2026-01,NSS-DC02,Windows Server 2022,Domain Controller,9.01,63.62,36.38,54.15,45.85,99.9515,0,Healthy
2026-03-09T18:00,2026-03-09,2026-03,NSS-LINUX-APP01,Ubuntu 24.04,Application Server,4.47,48.42,51.58,39.77,60.23,99.9813,0,Healthy
2026-04-15T16:00,2026-04-15,2026-04,NSS-DC02,Windows Server 2022,Domain Controller,17.59,66.06,33.94,69.98,30.02,99.995,0,Healthy
2026-03-26T01:00,2026-03-26,2026-03,NSS-DC02,Windows Server 2022,Domain Controller,33.73,69.62,30.38,74.32,25.68,99.7913,0,Healthy
2026-02-01T00:00,2026-02-01,2026-02,NSS-LINUX-DB01,Rocky Linux 9,Database Server,37.08,64.48,35.52,87.09,12.91,99.9169,1,Warning
2026-05-28T15:00,2026-05-28,2026-05,NSS-DC01,Windows Server 2022,Domain Controller,20.29,47.51,52.49,62.77,37.23,99.8805,0,Healthy
2026-02-01T06:00,2026-02-01,2026-02,NSS-DC02,Windows Server 2022,Domain Controller,46.3,48.3,51.7,63.59,36.41,99.9277,0,Healthy
2026-05-24T08:00,2026-05-24,2026-05,NSS-FILE01,Windows Server 2022,File Server,40.39,71.34,28.66,52.44,47.56,99.8543,0,Healthy
2026-04-14T08:00,2026-04-14,2026-04,NSS-FILE01,Windows Server 2022,File Server,13.48,63.09,36.91,71.41,28.59,99.8709,0,Healthy
2026-03-06T01:00,2026-03-06,2026-03,NSS-FILE01,Windows Server 2022,File Server,21.51,66.67,33.33,69.98,30.02,99.7722,0,Healthy
2026-05-08T05:00,2026-05-08,2026-05,NSS-LINUX-DB01,Rocky Linux 9,Database Server,39.17,37.81,62.19,77.37,22.63,99.8933,0,Healthy
2026-05-15T17:00,2026-05-15,2026-05,NSS-DC01,Windows Server 2022,Domain Controller,29.9,53.55,46.45,43.74,56.26,99.7829,0,Healthy
2026-02-05T13:00,2026-02-05,2026-02,NSS-MON01,Ubuntu 24.04,Monitoring Server,48.1,48.6,51.4,61.1,38.9,99.878,0,Healthy
2026-07-11T03:00,2026-07-11,2026-07,NSS-LINUX-APP01,Ubuntu 24.04,Application Server,36.22,54.66,45.34,80.19,19.81,99.7719,0,Warning
2026-07-05T17:00,2026-07-05,2026-07,NSS-LINUX-APP01,Ubuntu 24.04,Application Server,3.24,43.72,56.28,47.49,52.51,99.9573,0,Healthy
2026-05-20T01:00,2026-05-20,2026-05,NSS-FILE01,Windows Server 2022,File Server,35.59,67.76,32.24,86.02,13.98,99.8193,1,Warning
2026-01-04T06:00,2026-01-04,2026-01,NSS-LINUX-APP01,Ubuntu 24.04,Application Server,51.11,56.61,43.39,61.88,38.12,99.8267,0,Healthy
2026-01-17T00:00,2026-01-17,2026-01,NSS-LINUX-APP01,Ubuntu 24.04,Application Server,31.83,48.17,51.83,45.49,54.51,99.7958,0,Healthy
2026-04-28T12:00,2026-04-28,2026-04,NSS-FILE01,Windows Server 2022,File Server,10.27,29.0,71.0,63.0,37.0,99.802,0,Healthy
2026-02-18T00:00,2026-02-18,2026-02,NSS-DC02,Windows Server 2022,Domain Controller,36.52,49.08,50.92,70.33,29.67,99.8011,0,Healthy
2026-07-08T01:00,2026-07-08,2026-07,NSS-LINUX-DB01,Rocky Linux 9,Database Server,40.06,19.41,80.59,38.26,61.74,99.8214,0,Healthy
2026-01-24T21:00,2026-01-24,2026-01,NSS-LINUX-DB01,Rocky Linux 9,Database Server,26.57,71.72,28.28,44.09,55.91,99.8713,0,Healthy
2026-02-20T22:00,2026-02-20,2026-02,NSS-APP01,Windows Server 2022,Application Server,27.9,63.41,36.59,38.94,61.06,99.8627,0,Healthy
2026-04-06T07:00,2026-04-06,2026-04,NSS-APP01,Windows Server 2022,Application Server,9.68,70.85,29.15,64.5,35.5,99.9116,0,Healthy
2026-02-10T10:00,2026-02-10,2026-02,NSS-APP01,Windows Server 2022,Application Server,40.52,77.38,22.62,62.49,37.51,99.9875,0,Healthy
2026-01-22T09:00,2026-01-22,2026-01,NSS-APP01,Windows Server 2022,Application Server,30.86,70.64,29.36,60.07,39.93,99.9517,0,Healthy
2026-02-11T06:00,2026-02-11,2026-02,NSS-LINUX-APP01,Ubuntu 24.04,Application Server,44.05,52.32,47.68,51.36,48.64,99.9353,0,Healthy
2026-02-09T14:00,2026-02-09,2026-02,NSS-DC01,Windows Server 2022,Domain Controller,27.69,41.83,58.17,50.01,49.99,99.8757,0,Healthy
2026-07-10T17:00,2026-07-10,2026-07,NSS-APP01,Windows Server 2022,Application Server,18.92,79.6,20.4,95.0,5.0,99.7574,1,Critical
2026-05-17T22:00,2026-05-17,2026-05,NSS-APP01,Windows Server 2022,Application Server,46.67,49.62,50.38,56.08,43.92,99.8718,0,Healthy
2026-04-24T20:00,2026-04-24,2026-04,NSS-DC01,Windows Server 2022,Domain Controller,25.2,63.56,36.44,73.65,26.35,99.8447,0,Healthy
2026-04-17T17:00,2026-04-17,2026-04,NSS-MON01,Ubuntu 24.04,Monitoring Server,18.19,49.84,50.16,50.03,49.97,99.8567,0,Healthy
2026-04-03T09:00,2026-04-03,2026-04,NSS-LINUX-APP01,Ubuntu 24.04,Application Server,17.51,57.78,42.22,46.61,53.39,99.836,0,Healthy
2026-01-20T01:00,2026-01-20,2026-01,NSS-MON01,Ubuntu 24.04,Monitoring Server,23.5,85.62,14.38,56.32,43.68,99.9821,0,Warning
2026-04-05T09:00,2026-04-05,2026-04,NSS-FILE01,Windows Server 2022,File Server,16.89,64.84,35.16,59.41,40.59,99.8258,0,Healthy
2026-05-10T00:00,2026-05-10,2026-05,NSS-MON01,Ubuntu 24.04,Monitoring Server,25.89,62.02,37.98,63.53,36.47,99.7675,0,Healthy
2026-03-23T03:00,2026-03-23,2026-03,NSS-LINUX-APP01,Ubuntu 24.04,Application Server,30.44,56.22,43.78,65.27,34.73,99.8309,0,Healthy
2026-03-10T23:00,2026-03-10,2026-03,NSS-LINUX-APP01,Ubuntu 24.04,Application Server,35.74,39.79,60.21,78.38,21.62,99.8199,0,Healthy
2026-07-13T23:00,2026-07-13,2026-07,NSS-APP01,Windows Server 2022,Application Server,16.4,74.94,25.06,40.42,59.58,99.8518,0,Healthy
2026-06-08T15:00,2026-06-08,2026-06,NSS-LINUX-DB01,Rocky Linux 9,Database Server,16.26,69.88,30.12,50.18,49.82,99.9957,0,Healthy
2026-04-07T10:00,2026-04-07,2026-04,NSS-LINUX-APP01,Ubuntu 24.04,Application Server,12.84,48.56,51.44,70.17,29.83,99.7728,0,Healthy
2026-02-26T17:00,2026-02-26,2026-02,NSS-DC01,Windows Server 2022,Domain Controller,26.29,39.81,60.19,67.18,32.82,99.8313,0,Healthy
2026-07-12T02:00,2026-07-12,2026-07,NSS-FILE01,Windows Server 2022,File Server,47.84,64.07,35.93,66.97,33.03,99.9707,0,Healthy
2026-04-11T02:00,2026-04-11,2026-04,NSS-FILE01,Windows Server 2022,File Server,10.81,79.99,20.01,66.13,33.87,99.9878,0,Healthy
2026-02-04T20:00,2026-02-04,2026-02,NSS-FILE01,Windows Server 2022,File Server,2.0,47.83,52.17,84.73,15.27,99.8548,0,Warning
2026-06-16T21:00,2026-06-16,2026-06,NSS-DC02,Windows Server 2022,Domain Controller,35.78,49.34,50.66,51.17,48.83,99.8808,0,Healthy
2026-03-17T03:00,2026-03-17,2026-03,NSS-LINUX-DB01,Rocky Linux 9,Database Server,22.03,54.48,45.52,61.35,38.65,99.8637,0,Healthy
2026-02-22T03:00,2026-02-22,2026-02,NSS-APP01,Windows Server 2022,Application Server,29.24,61.11,38.89,61.2,38.8,99.7622,0,Healthy
2026-07-23T20:00,2026-07-23,2026-07,NSS-DC02,Windows Server 2022,Domain Controller,3.46,31.76,68.24,76.28,23.72,99.902,0,Healthy
2026-05-05T11:00,2026-05-05,2026-05,NSS-FILE01,Windows Server 2022,File Server,5.84,54.91,45.09,84.73,15.27,99.8795,0,Warning
2026-06-01T23:00,2026-06-01,2026-06,NSS-APP01,Windows Server 2022,Application Server,12.41,57.72,42.28,52.51,47.49,99.9049,0,Healthy
2026-03-16T13:00,2026-03-16,2026-03,NSS-LINUX-DB01,Rocky Linux 9,Database Server,20.25,52.89,47.11,41.04,58.96,99.9156,0,Healthy
2026-01-22T02:00,2026-01-22,2026-01,NSS-DC01,Windows Server 2022,Domain Controller,2.0,31.98,68.02,65.75,34.25,99.9237,0,Healthy
2026-05-20T22:00,2026-05-20,2026-05,NSS-LINUX-DB01,Rocky Linux 9,Database Server,9.29,73.67,26.33,54.68,45.32,99.979,0,Healthy
2026-01-12T16:00,2026-01-12,2026-01,NSS-MON01,Ubuntu 24.04,Monitoring Server,43.05,55.23,44.77,64.2,35.8,99.8531,0,Healthy
2026-03-01T04:00,2026-03-01,2026-03,NSS-DC02,Windows Server 2022,Domain Controller,2.1,31.5,68.5,49.68,50.32,99.9527,0,Healthy
2026-06-12T13:00,2026-06-12,2026-06,NSS-APP01,Windows Server 2022,Application Server,27.44,35.22,64.78,95.0,5.0,99.8205,1,Critical
2026-02-01T10:00,2026-02-01,2026-02,NSS-DC02,Windows Server 2022,Domain Controller,27.48,33.04,66.96,52.17,47.83,99.9298,0,Healthy
2026-05-30T02:00,2026-05-30,2026-05,NSS-MON01,Ubuntu 24.04,Monitoring Server,41.34,55.67,44.33,58.9,41.1,99.8196,0,Healthy
2026-07-05T12:00,2026-07-05,2026-07,NSS-LINUX-DB01,Rocky Linux 9,Database Server,10.78,30.85,69.15,62.32,37.68,99.7838,0,Healthy
2026-03-21T23:00,2026-03-21,2026-03,NSS-APP01,Windows Server 2022,Application Server,11.09,44.67,55.33,65.98,34.02,99.7999,0,Healthy
2026-04-14T12:00,2026-04-14,2026-04,NSS-FILE01,Windows Server 2022,File Server,36.39,64.8,35.2,47.15,52.85,99.9948,0,Healthy
2026-02-03T20:00,2026-02-03,2026-02,NSS-LINUX-DB01,Rocky Linux 9,Database Server,33.9,50.81,49.19,73.06,26.94,99.9873,0,Healthy
2026-06-19T20:00,2026-06-19,2026-06,NSS-FILE01,Windows Server 2022,File Server,35.53,31.3,68.7,36.78,63.22,99.9648,0,Healthy
2026-03-22T06:00,2026-03-22,2026-03,NSS-MON01,Ubuntu 24.04,Monitoring Server,33.23,59.38,40.62,37.63,62.37,99.9088,0,Healthy
2026-04-25T21:00,2026-04-25,2026-04,NSS-FILE01,Windows Server 2022,File Server,9.68,71.22,28.78,67.52,32.48,99.9538,0,Healthy
2026-07-08T10:00,2026-07-08,2026-07,NSS-LINUX-DB01,Rocky Linux 9,Database Server,16.65,59.33,40.67,31.93,68.07,99.8855,0,Healthy
2026-07-06T19:00,2026-07-06,2026-07,NSS-LINUX-DB01,Rocky Linux 9,Database Server,31.46,62.35,37.65,63.18,36.82,99.8274,0,Healthy
2026-03-14T17:00,2026-03-14,2026-03,NSS-DC02,Windows Server 2022,Domain Controller,41.39,45.27,54.73,57.36,42.64,99.7549,0,Healthy
2026-05-18T19:00,2026-05-18,2026-05,NSS-DC01,Windows Server 2022,Domain Controller,21.92,57.83,42.17,69.37,30.63,99.7619,0,Healthy
2026-01-14T23:00,2026-01-14,2026-01,NSS-FILE01,Windows Server 2022,File Server,10.91,58.67,41.33,63.17,36.83,99.7685,0,Healthy
2026-01-29T15:00,2026-01-29,2026-01,NSS-DC01,Windows Server 2022,Domain Controller,24.24,81.53,18.47,61.94,38.06,99.7668,0,Warning
2026-02-26T20:00,2026-02-26,2026-02,NSS-LINUX-DB01,Rocky Linux 9,Database Server,38.7,50.99,49.01,56.44,43.56,99.9114,0,Healthy
2026-02-04T21:00,2026-02-04,2026-02,NSS-MON01,Ubuntu 24.04,Monitoring Server,33.01,74.65,25.35,62.33,37.67,99.8649,0,Healthy
2026-02-28T09:00,2026-02-28,2026-02,NSS-LINUX-DB01,Rocky Linux 9,Database Server,19.27,30.66,69.34,49.52,50.48,99.8769,0,Healthy
2026-05-01T22:00,2026-05-01,2026-05,NSS-DC01,Windows Server 2022,Domain Controller,8.83,18.85,81.15,75.02,24.98,99.7986,0,Healthy
2026-02-14T01:00,2026-02-14,2026-02,NSS-FILE01,Windows Server 2022,File Server,16.93,44.62,55.38,65.63,34.37,99.9294,0,Healthy
2026-01-29T17:00,2026-01-29,2026-01,NSS-APP01,Windows Server 2022,Application Server,42.08,15.96,84.04,90.75,9.25,99.7872,1,Critical
2026-06-07T15:00,2026-06-07,2026-06,NSS-FILE01,Windows Server 2022,File Server,25.51,54.7,45.3,47.58,52.42,99.7888,0,Healthy
2026-06-22T23:00,2026-06-22,2026-06,NSS-FILE01,Windows Server 2022,File Server,40.99,52.52,47.48,55.39,44.61,99.9215,0,Healthy
2026-07-13T18:00,2026-07-13,2026-07,NSS-LINUX-DB01,Rocky Linux 9,Database Server,47.07,46.58,53.42,44.26,55.74,99.7867,0,Healthy
2026-07-10T23:00,2026-07-10,2026-07,NSS-LINUX-DB01,Rocky Linux 9,Database Server,52.1,41.4,58.6,86.53,13.47,99.7809,1,Warning
2026-01-13T05:00,2026-01-13,2026-01,NSS-DC01,Windows Server 2022,Domain Controller,11.26,54.85,45.15,75.43,24.57,99.8347,0,Healthy
2026-05-06T14:00,2026-05-06,2026-05,NSS-DC01,Windows Server 2022,Domain Controller,2.87,16.57,83.43,57.17,42.83,99.8825,0,Healthy
2026-07-22T00:00,2026-07-22,2026-07,NSS-LINUX-APP01,Ubuntu 24.04,Application Server,32.76,37.37,62.63,54.0,46.0,99.8731,0,Healthy
2026-05-17T02:00,2026-05-17,2026-05,NSS-DC02,Windows Server 2022,Domain Controller,17.34,75.94,24.06,43.58,56.42,99.8943,0,Healthy
2026-02-09T23:00,2026-02-09,2026-02,NSS-APP01,Windows Server 2022,Application Server,12.49,73.86,26.14,59.63,40.37,99.8472,0,Healthy
2026-05-13T16:00,2026-05-13,2026-05,NSS-APP01,Windows Server 2022,Application Server,39.05,65.91,34.09,80.83,19.17,99.911,0,Warning
2026-03-04T05:00,2026-03-04,2026-03,NSS-LINUX-DB01,Rocky Linux 9,Database Server,51.25,58.77,41.23,28.24,71.76,99.8003,0,Healthy
2026-01-10T18:00,2026-01-10,2026-01,NSS-MON01,Ubuntu 24.04,Monitoring Server,10.18,57.2,42.8,63.79,36.21,99.8107,0,Healthy
2026-07-04T21:00,2026-07-04,2026-07,NSS-FILE01,Windows Server 2022,File Server,2.0,44.48,55.52,50.98,49.02,99.9678,0,Healthy
2026-06-23T00:00,2026-06-23,2026-06,NSS-DC01,Windows Server 2022,Domain Controller,23.44,51.61,48.39,61.39,38.61,99.9948,0,Healthy
2026-04-28T12:00,2026-04-28,2026-04,NSS-DC02,Windows Server 2022,Domain Controller,31.79,80.86,19.14,43.9,56.1,99.7529,0,Warning
2026-07-15T08:00,2026-07-15,2026-07,NSS-LINUX-APP01,Ubuntu 24.04,Application Server,36.04,80.22,19.78,62.14,37.86,99.9999,0,Warning
2026-03-04T20:00,2026-03-04,2026-03,NSS-DC02,Windows Server 2022,Domain Controller,13.2,70.65,29.35,43.09,56.91,99.8958,0,Healthy
2026-01-28T12:00,2026-01-28,2026-01,NSS-DC01,Windows Server 2022,Domain Controller,20.03,68.39,31.61,91.08,8.92,99.7735,1,Critical
2026-03-01T19:00,2026-03-01,2026-03,NSS-LINUX-DB01,Rocky Linux 9,Database Server,21.51,70.37,29.63,68.64,31.36,99.9877,0,Healthy
2026-07-01T18:00,2026-07-01,2026-07,NSS-APP01,Windows Server 2022,Application Server,32.8,60.33,39.67,54.08,45.92,99.8058,0,Healthy
2026-02-01T11:00,2026-02-01,2026-02,NSS-MON01,Ubuntu 24.04,Monitoring Server,33.06,52.63,47.37,70.37,29.63,99.7568,0,Healthy
2026-04-14T07:00,2026-04-14,2026-04,NSS-MON01,Ubuntu 24.04,Monitoring Server,36.01,61.51,38.49,67.7,32.3,99.7816,0,Healthy
2026-07-03T09:00,2026-07-03,2026-07,NSS-DC02,Windows Server 2022,Domain Controller,27.86,58.98,41.02,55.2,44.8,99.8411,0,Healthy
2026-03-03T13:00,2026-03-03,2026-03,NSS-FILE01,Windows Server 2022,File Server,40.58,60.89,39.11,78.29,21.71,99.7578,0,Healthy
2026-07-25T04:00,2026-07-25,2026-07,NSS-DC02,Windows Server 2022,Domain Controller,21.7,37.4,62.6,50.01,49.99,99.7994,0,Healthy
2026-04-01T14:00,2026-04-01,2026-04,NSS-LINUX-APP01,Ubuntu 24.04,Application Server,26.22,50.9,49.1,57.98,42.02,99.9681,0,Healthy
2026-07-18T13:00,2026-07-18,2026-07,NSS-DC02,Windows Server 2022,Domain Controller,48.03,42.09,57.91,58.64,41.36,99.9578,0,Healthy
2026-07-25T05:00,2026-07-25,2026-07,NSS-FILE01,Windows Server 2022,File Server,12.57,74.38,25.62,28.91,71.09,99.9157,0,Healthy
2026-01-03T02:00,2026-01-03,2026-01,NSS-DC01,Windows Server 2022,Domain Controller,13.29,52.79,47.21,67.04,32.96,99.8724,0,Healthy
2026-05-06T00:00,2026-05-06,2026-05,NSS-DC02,Windows Server 2022,Domain Controller,31.34,63.45,36.55,53.56,46.44,99.8125,0,Healthy
2026-07-12T06:00,2026-07-12,2026-07,NSS-LINUX-DB01,Rocky Linux 9,Database Server,29.09,65.33,34.67,75.93,24.07,99.9411,0,Healthy
2026-05-18T05:00,2026-05-18,2026-05,NSS-MON01,Ubuntu 24.04,Monitoring Server,15.98,62.65,37.35,74.8,25.2,99.9508,0,Healthy
2026-05-21T09:00,2026-05-21,2026-05,NSS-LINUX-DB01,Rocky Linux 9,Database Server,17.11,39.65,60.35,58.43,41.57,99.9544,0,Healthy
2026-02-14T05:00,2026-02-14,2026-02,NSS-LINUX-APP01,Ubuntu 24.04,Application Server,38.01,59.63,40.37,61.35,38.65,99.9399,0,Healthy
2026-02-11T20:00,2026-02-11,2026-02,NSS-LINUX-DB01,Rocky Linux 9,Database Server,2.0,45.29,54.71,70.97,29.03,99.8488,0,Healthy
2026-07-08T10:00,2026-07-08,2026-07,NSS-LINUX-DB01,Rocky Linux 9,Database Server,20.75,79.58,20.42,65.99,34.01,99.89,0,Healthy
2026-01-01T16:00,2026-01-01,2026-01,NSS-LINUX-APP01,Ubuntu 24.04,Application Server,28.91,58.9,41.1,86.46,13.54,99.8573,1,Warning
2026-03-21T15:00,2026-03-21,2026-03,NSS-LINUX-DB01,Rocky Linux 9,Database Server,18.68,38.49,61.51,56.83,43.17,99.789,0,Healthy
2026-04-09T07:00,2026-04-09,2026-04,NSS-DC02,Windows Server 2022,Domain Controller,12.15,52.58,47.42,64.67,35.33,99.9797,0,Healthy
2026-06-05T18:00,2026-06-05,2026-06,NSS-FILE01,Windows Server 2022,File Server,12.66,36.9,63.1,52.76,47.24,99.9211,0,Healthy
2026-05-11T18:00,2026-05-11,2026-05,NSS-MON01,Ubuntu 24.04,Monitoring Server,33.9,49.02,50.98,73.43,26.57,99.8204,0,Healthy
2026-07-05T10:00,2026-07-05,2026-07,NSS-MON01,Ubuntu 24.04,Monitoring Server,57.28,11.84,88.16,50.69,49.31,99.7545,0,Healthy
2026-05-19T02:00,2026-05-19,2026-05,NSS-DC02,Windows Server 2022,Domain Controller,16.13,52.1,47.9,23.33,76.67,99.7938,0,Healthy
2026-07-14T04:00,2026-07-14,2026-07,NSS-DC01,Windows Server 2022,Domain Controller,22.63,49.78,50.22,48.32,51.68,99.9169,0,Healthy
2026-07-19T23:00,2026-07-19,2026-07,NSS-LINUX-DB01,Rocky Linux 9,Database Server,3.11,59.45,40.55,64.77,35.23,99.8189,0,Healthy
2026-03-01T09:00,2026-03-01,2026-03,NSS-MON01,Ubuntu 24.04,Monitoring Server,11.77,54.55,45.45,70.84,29.16,99.8329,0,Healthy
2026-03-23T22:00,2026-03-23,2026-03,NSS-MON01,Ubuntu 24.04,Monitoring Server,20.51,35.34,64.66,48.76,51.24,99.7618,0,Healthy
2026-06-23T14:00,2026-06-23,2026-06,NSS-FILE01,Windows Server 2022,File Server,56.66,54.03,45.97,63.31,36.69,99.8217,0,Healthy
2026-06-21T14:00,2026-06-21,2026-06,NSS-LINUX-APP01,Ubuntu 24.04,Application Server,48.68,84.01,15.99,62.34,37.66,99.9301,0,Warning
2026-05-30T12:00,2026-05-30,2026-05,NSS-LINUX-DB01,Rocky Linux 9,Database Server,38.11,57.88,42.12,59.6,40.4,99.8295,0,Healthy
2026-04-17T17:00,2026-04-17,2026-04,NSS-MON01,Ubuntu 24.04,Monitoring Server,2.0,59.14,40.86,56.89,43.11,99.7945,0,Healthy
2026-05-10T14:00,2026-05-10,2026-05,NSS-DC02,Windows Server 2022,Domain Controller,38.61,41.35,58.65,51.74,48.26,99.8026,0,Healthy
2026-01-20T10:00,2026-01-20,2026-01,NSS-APP01,Windows Server 2022,Application Server,45.37,42.88,57.12,93.31,6.69,99.8509,1,Critical
2026-03-09T21:00,2026-03-09,2026-03,NSS-FILE01,Windows Server 2022,File Server,56.5,48.95,51.05,66.37,33.63,99.8855,0,Healthy
2026-02-04T23:00,2026-02-04,2026-02,NSS-MON01,Ubuntu 24.04,Monitoring Server,13.68,70.9,29.1,72.06,27.94,99.9413,0,Healthy
2026-06-06T04:00,2026-06-06,2026-06,NSS-LINUX-DB01,Rocky Linux 9,Database Server,11.64,38.68,61.32,63.75,36.25,99.9442,0,Healthy
2026-06-03T15:00,2026-06-03,2026-06,NSS-MON01,Ubuntu 24.04,Monitoring Server,20.44,69.54,30.46,65.71,34.29,99.9356,0,Healthy
2026-06-09T10:00,2026-06-09,2026-06,NSS-DC02,Windows Server 2022,Domain Controller,42.57,55.74,44.26,71.72,28.28,99.8076,0,Healthy
2026-07-16T00:00,2026-07-16,2026-07,NSS-APP01,Windows Server 2022,Application Server,23.19,25.74,74.26,59.81,40.19,99.9271,0,Healthy
2026-03-21T14:00,2026-03-21,2026-03,NSS-DC02,Windows Server 2022,Domain Controller,39.18,36.85,63.15,66.97,33.03,99.7801,0,Healthy
2026-03-27T04:00,2026-03-27,2026-03,NSS-MON01,Ubuntu 24.04,Monitoring Server,44.47,69.63,30.37,52.76,47.24,99.8676,0,Healthy
2026-03-16T17:00,2026-03-16,2026-03,NSS-MON01,Ubuntu 24.04,Monitoring Server,40.2,73.44,26.56,44.21,55.79,99.7771,0,Healthy
2026-03-15T11:00,2026-03-15,2026-03,NSS-LINUX-DB01,Rocky Linux 9,Database Server,34.2,54.06,45.94,61.23,38.77,99.7787,0,Healthy
2026-01-19T19:00,2026-01-19,2026-01,NSS-LINUX-APP01,Ubuntu 24.04,Application Server,46.44,52.25,47.75,52.26,47.74,99.8429,0,Healthy
2026-06-25T08:00,2026-06-25,2026-06,NSS-LINUX-APP01,Ubuntu 24.04,Application Server,27.12,55.58,44.42,47.55,52.45,99.7531,0,Healthy
2026-07-12T05:00,2026-07-12,2026-07,NSS-DC01,Windows Server 2022,Domain Controller,20.66,48.89,51.11,86.24,13.76,99.9601,1,Warning
2026-05-02T18:00,2026-05-02,2026-05,NSS-FILE01,Windows Server 2022,File Server,35.72,32.61,67.39,61.41,38.59,99.7978,0,Healthy
2026-04-30T06:00,2026-04-30,2026-04,NSS-DC01,Windows Server 2022,Domain Controller,45.43,64.91,35.09,57.34,42.66,99.9229,0,Healthy
2026-03-11T14:00,2026-03-11,2026-03,NSS-MON01,Ubuntu 24.04,Monitoring Server,10.53,75.84,24.16,52.03,47.97,99.9107,0,Healthy
2026-02-07T22:00,2026-02-07,2026-02,NSS-LINUX-APP01,Ubuntu 24.04,Application Server,60.83,41.53,58.47,64.18,35.82,99.9269,0,Healthy
2026-07-14T07:00,2026-07-14,2026-07,NSS-DC01,Windows Server 2022,Domain Controller,33.97,60.48,39.52,64.66,35.34,99.8847,0,Healthy
2026-03-14T14:00,2026-03-14,2026-03,NSS-LINUX-APP01,Ubuntu 24.04,Application Server,19.91,25.69,74.31,59.6,40.4,99.8197,0,Healthy
2026-06-04T14:00,2026-06-04,2026-06,NSS-FILE01,Windows Server 2022,File Server,23.12,50.11,49.89,70.47,29.53,99.8785,0,Healthy
2026-05-26T07:00,2026-05-26,2026-05,NSS-LINUX-APP01,Ubuntu 24.04,Application Server,16.4,40.77,59.23,53.12,46.88,99.9822,0,Healthy
2026-05-18T20:00,2026-05-18,2026-05,NSS-LINUX-APP01,Ubuntu 24.04,Application Server,26.14,72.27,27.73,43.91,56.09,99.7739,0,Healthy
2026-01-27T01:00,2026-01-27,2026-01,NSS-APP01,Windows Server 2022,Application Server,35.88,23.66,76.34,58.43,41.57,99.7586,0,Healthy
2026-04-05T22:00,2026-04-05,2026-04,NSS-DC01,Windows Server 2022,Domain Controller,13.63,62.08,37.92,49.86,50.14,99.8287,0,Healthy
2026-01-16T12:00,2026-01-16,2026-01,NSS-LINUX-DB01,Rocky Linux 9,Database Server,35.24,59.46,40.54,27.39,72.61,99.8414,0,Healthy
2026-05-02T20:00,2026-05-02,2026-05,NSS-LINUX-APP01,Ubuntu 24.04,Application Server,27.63,53.13,46.87,60.43,39.57,99.9312,0,Healthy
2026-01-27T07:00,2026-01-27,2026-01,NSS-MON01,Ubuntu 24.04,Monitoring Server,41.59,56.9,43.1,44.52,55.48,99.8216,0,Healthy
2026-02-21T11:00,2026-02-21,2026-02,NSS-LINUX-APP01,Ubuntu 24.04,Application Server,33.52,40.45,59.55,54.46,45.54,99.8739,0,Healthy
2026-05-14T08:00,2026-05-14,2026-05,NSS-FILE01,Windows Server 2022,File Server,43.1,54.68,45.32,58.03,41.97,99.8566,0,Healthy
2026-07-13T22:00,2026-07-13,2026-07,NSS-FILE01,Windows Server 2022,File Server,38.25,46.99,53.01,55.28,44.72,99.8162,0,Healthy
2026-04-04T13:00,2026-04-04,2026-04,NSS-DC01,Windows Server 2022,Domain Controller,33.0,18.02,81.98,53.09,46.91,99.9134,0,Healthy
2026-05-04T01:00,2026-05-04,2026-05,NSS-FILE01,Windows Server 2022,File Server,17.16,58.98,41.02,58.18,41.82,99.7803,0,Healthy
2026-06-03T05:00,2026-06-03,2026-06,NSS-LINUX-DB01,Rocky Linux 9,Database Server,31.81,54.79,45.21,75.65,24.35,99.8466,0,Healthy
2026-01-09T16:00,2026-01-09,2026-01,NSS-FILE01,Windows Server 2022,File Server,18.37,17.83,82.17,79.1,20.9,99.7661,0,Healthy
2026-06-05T09:00,2026-06-05,2026-06,NSS-FILE01,Windows Server 2022,File Server,35.08,62.61,37.39,67.3,32.7,99.9397,0,Healthy
2026-02-22T03:00,2026-02-22,2026-02,NSS-APP01,Windows Server 2022,Application Server,24.75,35.66,64.34,65.23,34.77,99.7789,0,Healthy
2026-07-29T01:00,2026-07-29,2026-07,NSS-MON01,Ubuntu 24.04,Monitoring Server,47.17,70.08,29.92,90.76,9.24,99.9282,1,Critical
2026-01-07T18:00,2026-01-07,2026-01,NSS-FILE01,Windows Server 2022,File Server,7.39,36.75,63.25,34.12,65.88,99.7941,0,Healthy
2026-02-27T03:00,2026-02-27,2026-02,NSS-FILE01,Windows Server 2022,File Server,19.74,56.36,43.64,27.22,72.78,99.9053,0,Healthy
2026-07-27T20:00,2026-07-27,2026-07,NSS-LINUX-APP01,Ubuntu 24.04,Application Server,30.06,34.66,65.34,28.59,71.41,99.8027,0,Healthy
2026-07-17T13:00,2026-07-17,2026-07,NSS-DC02,Windows Server 2022,Domain Controller,33.2,60.44,39.56,79.21,20.79,99.7824,0,Healthy
2026-03-08T22:00,2026-03-08,2026-03,NSS-APP01,Windows Server 2022,Application Server,29.61,56.03,43.97,41.55,58.45,99.8606,0,Healthy
2026-04-16T20:00,2026-04-16,2026-04,NSS-DC01,Windows Server 2022,Domain Controller,34.78,18.62,81.38,76.97,23.03,99.9557,0,Healthy
2026-01-06T11:00,2026-01-06,2026-01,NSS-LINUX-APP01,Ubuntu 24.04,Application Server,38.57,49.64,50.36,58.15,41.85,99.9214,0,Healthy
2026-06-04T18:00,2026-06-04,2026-06,NSS-DC01,Windows Server 2022,Domain Controller,43.05,33.47,66.53,61.75,38.25,99.7787,0,Healthy
2026-02-23T06:00,2026-02-23,2026-02,NSS-DC01,Windows Server 2022,Domain Controller,27.35,64.04,35.96,63.13,36.87,99.9332,0,Healthy
2026-04-14T16:00,2026-04-14,2026-04,NSS-LINUX-DB01,Rocky Linux 9,Database Server,37.83,42.31,57.69,66.23,33.77,99.8326,0,Healthy
2026-03-06T01:00,2026-03-06,2026-03,NSS-FILE01,Windows Server 2022,File Server,17.14,70.66,29.34,55.76,44.24,99.918,0,Healthy
2026-01-27T18:00,2026-01-27,2026-01,NSS-DC02,Windows Server 2022,Domain Controller,43.65,52.14,47.86,55.93,44.07,99.8655,0,Healthy
2026-05-16T03:00,2026-05-16,2026-05,NSS-FILE01,Windows Server 2022,File Server,21.45,54.54,45.46,59.02,40.98,99.8888,0,Healthy
2026-07-25T08:00,2026-07-25,2026-07,NSS-DC01,Windows Server 2022,Domain Controller,10.07,30.45,69.55,63.42,36.58,99.839,0,Healthy
2026-07-20T08:00,2026-07-20,2026-07,NSS-APP01,Windows Server 2022,Application Server,22.65,37.19,62.81,55.48,44.52,99.8156,0,Healthy
2026-03-02T09:00,2026-03-02,2026-03,NSS-DC01,Windows Server 2022,Domain Controller,31.64,39.48,60.52,64.63,35.37,99.8099,0,Healthy
2026-02-17T11:00,2026-02-17,2026-02,NSS-LINUX-DB01,Rocky Linux 9,Database Server,18.19,60.45,39.55,66.7,33.3,99.8341,0,Healthy
2026-04-02T05:00,2026-04-02,2026-04,NSS-LINUX-APP01,Ubuntu 24.04,Application Server,29.82,84.42,15.58,57.42,42.58,99.7936,0,Warning
2026-07-13T21:00,2026-07-13,2026-07,NSS-LINUX-APP01,Ubuntu 24.04,Application Server,26.69,48.61,51.39,55.28,44.72,99.8219,0,Healthy
2026-03-03T08:00,2026-03-03,2026-03,NSS-DC01,Windows Server 2022,Domain Controller,30.53,62.46,37.54,57.75,42.25,99.7786,0,Healthy
2026-06-21T05:00,2026-06-21,2026-06,NSS-MON01,Ubuntu 24.04,Monitoring Server,26.0,44.44,55.56,33.65,66.35,99.8889,0,Healthy
2026-05-26T21:00,2026-05-26,2026-05,NSS-DC02,Windows Server 2022,Domain Controller,37.07,51.59,48.41,33.73,66.27,99.8822,0,Healthy
2026-05-22T01:00,2026-05-22,2026-05,NSS-DC02,Windows Server 2022,Domain Controller,30.8,25.59,74.41,48.35,51.65,99.8287,0,Healthy
2026-03-15T18:00,2026-03-15,2026-03,NSS-APP01,Windows Server 2022,Application Server,22.31,48.3,51.7,59.69,40.31,99.8595,0,Healthy
2026-05-07T22:00,2026-05-07,2026-05,NSS-APP01,Windows Server 2022,Application Server,17.04,57.87,42.13,79.83,20.17,99.8357,0,Healthy
2026-05-03T16:00,2026-05-03,2026-05,NSS-APP01,Windows Server 2022,Application Server,9.35,51.08,48.92,84.67,15.33,99.9594,0,Warning
2026-03-25T20:00,2026-03-25,2026-03,NSS-MON01,Ubuntu 24.04,Monitoring Server,30.88,72.96,27.04,81.88,18.12,99.9686,0,Warning
2026-06-13T07:00,2026-06-13,2026-06,NSS-DC01,Windows Server 2022,Domain Controller,39.33,25.58,74.42,70.9,29.1,99.8399,0,Healthy
2026-01-29T20:00,2026-01-29,2026-01,NSS-LINUX-DB01,Rocky Linux 9,Database Server,28.85,56.99,43.01,36.41,63.59,99.8559,0,Healthy
2026-02-21T08:00,2026-02-21,2026-02,NSS-FILE01,Windows Server 2022,File Server,4.63,52.82,47.18,71.34,28.66,99.8512,0,Healthy
2026-05-28T23:00,2026-05-28,2026-05,NSS-LINUX-APP01,Ubuntu 24.04,Application Server,26.26,65.67,34.33,71.59,28.41,99.7797,0,Healthy
2026-05-17T23:00,2026-05-17,2026-05,NSS-DC02,Windows Server 2022,Domain Controller,30.74,81.31,18.69,47.34,52.66,99.8112,0,Warning
2026-03-16T04:00,2026-03-16,2026-03,NSS-LINUX-APP01,Ubuntu 24.04,Application Server,38.43,42.49,57.51,41.07,58.93,99.9421,0,Healthy
2026-06-27T23:00,2026-06-27,2026-06,NSS-DC01,Windows Server 2022,Domain Controller,33.32,58.47,41.53,34.93,65.07,99.9353,0,Healthy
2026-07-26T10:00,2026-07-26,2026-07,NSS-APP01,Windows Server 2022,Application Server,21.83,41.61,58.39,62.56,37.44,99.8221,0,Healthy
2026-06-16T04:00,2026-06-16,2026-06,NSS-LINUX-DB01,Rocky Linux 9,Database Server,60.43,65.58,34.42,69.16,30.84,99.9301,0,Healthy
2026-03-01T01:00,2026-03-01,2026-03,NSS-APP01,Windows Server 2022,Application Server,34.82,51.57,48.43,62.94,37.06,99.7629,0,Healthy
2026-02-14T10:00,2026-02-14,2026-02,NSS-DC02,Windows Server 2022,Domain Controller,2.0,51.33,48.67,68.75,31.25,99.7762,0,Healthy
2026-05-02T06:00,2026-05-02,2026-05,NSS-DC01,Windows Server 2022,Domain Controller,19.34,41.46,58.54,68.6,31.4,99.9504,0,Healthy
2026-05-29T15:00,2026-05-29,2026-05,NSS-DC01,Windows Server 2022,Domain Controller,31.95,41.76,58.24,74.47,25.53,99.8203,0,Healthy
2026-04-30T01:00,2026-04-30,2026-04,NSS-LINUX-DB01,Rocky Linux 9,Database Server,41.32,48.81,51.19,68.62,31.38,99.7815,0,Healthy
2026-07-26T10:00,2026-07-26,2026-07,NSS-DC01,Windows Server 2022,Domain Controller,36.86,60.95,39.05,57.47,42.53,99.8723,0,Healthy
2026-01-03T10:00,2026-01-03,2026-01,NSS-FILE01,Windows Server 2022,File Server,14.4,58.38,41.62,82.99,17.01,99.917,0,Warning
2026-02-28T06:00,2026-02-28,2026-02,NSS-DC02,Windows Server 2022,Domain Controller,2.0,39.24,60.76,50.75,49.25,99.8783,0,Healthy
2026-03-29T04:00,2026-03-29,2026-03,NSS-MON01,Ubuntu 24.04,Monitoring Server,26.24,42.1,57.9,64.62,35.38,99.7805,0,Healthy
2026-07-01T06:00,2026-07-01,2026-07,NSS-FILE01,Windows Server 2022,File Server,48.37,35.75,64.25,40.67,59.33,99.9767,0,Healthy
2026-07-13T09:00,2026-07-13,2026-07,NSS-LINUX-DB01,Rocky Linux 9,Database Server,36.62,42.19,57.81,64.15,35.85,99.7926,0,Healthy
2026-07-24T20:00,2026-07-24,2026-07,NSS-MON01,Ubuntu 24.04,Monitoring Server,23.35,48.03,51.97,62.23,37.77,99.7783,0,Healthy
2026-05-26T13:00,2026-05-26,2026-05,NSS-FILE01,Windows Server 2022,File Server,13.82,83.94,16.06,63.4,36.6,99.9359,0,Warning
2026-06-20T03:00,2026-06-20,2026-06,NSS-DC01,Windows Server 2022,Domain Controller,46.23,47.94,52.06,76.39,23.61,99.9588,0,Healthy
2026-06-25T02:00,2026-06-25,2026-06,NSS-FILE01,Windows Server 2022,File Server,9.65,45.05,54.95,77.28,22.72,99.8896,0,Healthy
2026-06-26T06:00,2026-06-26,2026-06,NSS-MON01,Ubuntu 24.04,Monitoring Server,32.22,25.99,74.01,54.11,45.89,99.9324,0,Healthy
2026-06-16T01:00,2026-06-16,2026-06,NSS-MON01,Ubuntu 24.04,Monitoring Server,13.23,45.24,54.76,42.14,57.86,99.8335,0,Healthy
2026-05-31T13:00,2026-05-31,2026-05,NSS-DC02,Windows Server 2022,Domain Controller,20.75,59.85,40.15,72.66,27.34,99.8577,0,Healthy
2026-05-06T11:00,2026-05-06,2026-05,NSS-LINUX-DB01,Rocky Linux 9,Database Server,9.12,75.37,24.63,79.61,20.39,99.8261,0,Healthy
2026-07-16T19:00,2026-07-16,2026-07,NSS-LINUX-DB01,Rocky Linux 9,Database Server,12.4,45.35,54.65,49.23,50.77,99.8606,0,Healthy
2026-05-13T15:00,2026-05-13,2026-05,NSS-LINUX-APP01,Ubuntu 24.04,Application Server,20.19,46.66,53.34,63.48,36.52,99.8549,0,Healthy
2026-05-05T07:00,2026-05-05,2026-05,NSS-LINUX-APP01,Ubuntu 24.04,Application Server,33.6,76.88,23.12,60.98,39.02,99.9809,0,Healthy
2026-02-02T18:00,2026-02-02,2026-02,NSS-FILE01,Windows Server 2022,File Server,13.76,67.07,32.93,58.63,41.37,99.995,0,Healthy
2026-06-27T05:00,2026-06-27,2026-06,NSS-APP01,Windows Server 2022,Application Server,32.15,47.39,52.61,83.56,16.44,99.9019,0,Warning
2026-03-19T08:00,2026-03-19,2026-03,NSS-DC01,Windows Server 2022,Domain Controller,15.49,70.34,29.66,44.59,55.41,99.7586,0,Healthy
2026-03-09T14:00,2026-03-09,2026-03,NSS-LINUX-DB01,Rocky Linux 9,Database Server,22.84,50.9,49.1,58.33,41.67,99.8505,0,Healthy
2026-04-29T18:00,2026-04-29,2026-04,NSS-LINUX-DB01,Rocky Linux 9,Database Server,27.07,67.58,32.42,46.09,53.91,99.8356,0,Healthy
2026-02-01T02:00,2026-02-01,2026-02,NSS-LINUX-DB01,Rocky Linux 9,Database Server,19.66,25.34,74.66,72.06,27.94,99.9729,0,Healthy
2026-05-08T18:00,2026-05-08,2026-05,NSS-LINUX-DB01,Rocky Linux 9,Database Server,19.04,39.5,60.5,61.02,38.98,99.7864,0,Healthy
2026-06-02T16:00,2026-06-02,2026-06,NSS-DC01,Windows Server 2022,Domain Controller,23.21,58.47,41.53,56.06,43.94,99.869,0,Healthy
2026-01-18T10:00,2026-01-18,2026-01,NSS-LINUX-APP01,Ubuntu 24.04,Application Server,6.48,67.12,32.88,63.12,36.88,99.9881,0,Healthy
2026-02-15T09:00,2026-02-15,2026-02,NSS-LINUX-APP01,Ubuntu 24.04,Application Server,27.86,56.85,43.15,58.47,41.53,99.9618,0,Healthy
2026-06-06T05:00,2026-06-06,2026-06,NSS-LINUX-DB01,Rocky Linux 9,Database Server,30.03,58.73,41.27,25.58,74.42,99.9117,0,Healthy
2026-06-26T10:00,2026-06-26,2026-06,NSS-MON01,Ubuntu 24.04,Monitoring Server,19.16,85.66,14.34,55.3,44.7,99.8084,0,Warning
2026-07-24T23:00,2026-07-24,2026-07,NSS-FILE01,Windows Server 2022,File Server,39.28,49.04,50.96,58.94,41.06,99.9384,0,Healthy
2026-01-23T11:00,2026-01-23,2026-01,NSS-DC01,Windows Server 2022,Domain Controller,29.76,63.03,36.97,58.68,41.32,99.8498,0,Healthy
2026-06-01T15:00,2026-06-01,2026-06,NSS-FILE01,Windows Server 2022,File Server,6.07,25.54,74.46,45.9,54.1,99.8668,0,Healthy
2026-04-18T12:00,2026-04-18,2026-04,NSS-FILE01,Windows Server 2022,File Server,50.87,32.56,67.44,75.96,24.04,99.9464,0,Healthy
2026-03-31T00:00,2026-03-31,2026-03,NSS-FILE01,Windows Server 2022,File Server,22.57,34.84,65.16,81.47,18.53,99.8357,0,Warning
2026-07-08T03:00,2026-07-08,2026-07,NSS-LINUX-DB01,Rocky Linux 9,Database Server,18.78,59.05,40.95,52.53,47.47,99.9531,0,Healthy
2026-04-28T13:00,2026-04-28,2026-04,NSS-MON01,Ubuntu 24.04,Monitoring Server,16.57,52.07,47.93,71.91,28.09,99.9351,0,Healthy
2026-05-18T07:00,2026-05-18,2026-05,NSS-APP01,Windows Server 2022,Application Server,37.32,66.48,33.52,57.05,42.95,99.9457,0,Healthy
2026-03-31T17:00,2026-03-31,2026-03,NSS-DC02,Windows Server 2022,Domain Controller,56.45,66.18,33.82,57.92,42.08,99.9907,0,Healthy
2026-03-10T23:00,2026-03-10,2026-03,NSS-LINUX-APP01,Ubuntu 24.04,Application Server,27.24,32.66,67.34,48.55,51.45,99.9947,0,Healthy
2026-06-27T04:00,2026-06-27,2026-06,NSS-LINUX-APP01,Ubuntu 24.04,Application Server,15.85,28.14,71.86,65.92,34.08,99.8573,0,Healthy
2026-03-21T12:00,2026-03-21,2026-03,NSS-MON01,Ubuntu 24.04,Monitoring Server,13.37,47.73,52.27,50.05,49.95,99.8497,0,Healthy
2026-05-13T15:00,2026-05-13,2026-05,NSS-LINUX-DB01,Rocky Linux 9,Database Server,28.84,66.4,33.6,37.84,62.16,99.7679,0,Healthy
2026-04-19T03:00,2026-04-19,2026-04,NSS-LINUX-APP01,Ubuntu 24.04,Application Server,33.42,23.8,76.2,60.75,39.25,99.9909,0,Healthy
2026-05-30T20:00,2026-05-30,2026-05,NSS-APP01,Windows Server 2022,Application Server,46.69,48.38,51.62,48.5,51.5,99.8846,0,Healthy
2026-01-28T01:00,2026-01-28,2026-01,NSS-LINUX-APP01,Ubuntu 24.04,Application Server,39.13,44.1,55.9,70.67,29.33,99.7737,0,Healthy
2026-01-24T12:00,2026-01-24,2026-01,NSS-DC02,Windows Server 2022,Domain Controller,30.8,59.75,40.25,62.44,37.56,99.8174,0,Healthy
2026-02-01T01:00,2026-02-01,2026-02,NSS-APP01,Windows Server 2022,Application Server,23.08,44.2,55.8,74.66,25.34,99.8921,0,Healthy
2026-06-19T09:00,2026-06-19,2026-06,NSS-LINUX-DB01,Rocky Linux 9,Database Server,31.32,52.22,47.78,46.49,53.51,99.9515,0,Healthy
2026-01-20T10:00,2026-01-20,2026-01,NSS-MON01,Ubuntu 24.04,Monitoring Server,24.25,46.26,53.74,60.44,39.56,99.9734,0,Healthy
2026-05-05T18:00,2026-05-05,2026-05,NSS-MON01,Ubuntu 24.04,Monitoring Server,43.77,42.57,57.43,65.35,34.65,99.9929,0,Healthy
2026-05-12T10:00,2026-05-12,2026-05,NSS-DC02,Windows Server 2022,Domain Controller,28.63,70.02,29.98,60.98,39.02,99.8762,0,Healthy
2026-05-15T13:00,2026-05-15,2026-05,NSS-APP01,Windows Server 2022,Application Server,20.86,63.2,36.8,54.56,45.44,99.8411,0,Healthy
2026-06-16T06:00,2026-06-16,2026-06,NSS-DC02,Windows Server 2022,Domain Controller,37.38,40.93,59.07,62.44,37.56,99.8913,0,Healthy
2026-02-08T07:00,2026-02-08,2026-02,NSS-LINUX-DB01,Rocky Linux 9,Database Server,30.57,31.56,68.44,52.67,47.33,99.9028,0,Healthy
2026-01-25T02:00,2026-01-25,2026-01,NSS-APP01,Windows Server 2022,Application Server,15.07,39.46,60.54,57.92,42.08,99.9262,0,Healthy
2026-01-23T12:00,2026-01-23,2026-01,NSS-MON01,Ubuntu 24.04,Monitoring Server,40.14,72.43,27.57,65.7,34.3,99.9832,0,Healthy
2026-06-28T16:00,2026-06-28,2026-06,NSS-DC01,Windows Server 2022,Domain Controller,42.85,67.35,32.65,59.91,40.09,99.8998,0,Healthy
2026-02-08T23:00,2026-02-08,2026-02,NSS-LINUX-DB01,Rocky Linux 9,Database Server,40.24,33.15,66.85,54.76,45.24,99.7921,0,Healthy
2026-05-28T01:00,2026-05-28,2026-05,NSS-APP01,Windows Server 2022,Application Server,37.98,46.32,53.68,79.99,20.01,99.9689,0,Healthy
2026-01-05T02:00,2026-01-05,2026-01,NSS-APP01,Windows Server 2022,Application Server,40.7,40.89,59.11,65.46,34.54,99.9049,0,Healthy
2026-06-08T07:00,2026-06-08,2026-06,NSS-DC02,Windows Server 2022,Domain Controller,54.34,49.16,50.84,44.11,55.89,99.8391,0,Healthy
2026-07-14T11:00,2026-07-14,2026-07,NSS-LINUX-APP01,Ubuntu 24.04,Application Server,35.66,66.31,33.69,58.66,41.34,99.8379,0,Healthy
2026-07-20T18:00,2026-07-20,2026-07,NSS-APP01,Windows Server 2022,Application Server,22.16,57.22,42.78,58.88,41.12,99.9214,0,Healthy
2026-04-24T20:00,2026-04-24,2026-04,NSS-LINUX-DB01,Rocky Linux 9,Database Server,28.24,59.63,40.37,41.91,58.09,99.7715,0,Healthy
2026-05-23T20:00,2026-05-23,2026-05,NSS-MON01,Ubuntu 24.04,Monitoring Server,14.78,66.77,33.23,82.58,17.42,99.9965,0,Warning
2026-07-12T06:00,2026-07-12,2026-07,NSS-DC01,Windows Server 2022,Domain Controller,25.86,59.98,40.02,75.66,24.34,99.7646,0,Healthy
2026-01-19T00:00,2026-01-19,2026-01,NSS-APP01,Windows Server 2022,Application Server,42.3,48.44,51.56,46.2,53.8,99.8272,0,Healthy
2026-02-15T21:00,2026-02-15,2026-02,NSS-DC02,Windows Server 2022,Domain Controller,32.78,66.14,33.86,48.05,51.95,99.9765,0,Healthy
2026-01-21T03:00,2026-01-21,2026-01,NSS-LINUX-APP01,Ubuntu 24.04,Application Server,23.22,76.6,23.4,88.26,11.74,99.9293,1,Warning
2026-06-19T01:00,2026-06-19,2026-06,NSS-LINUX-APP01,Ubuntu 24.04,Application Server,41.11,48.63,51.37,60.37,39.63,99.8631,0,Healthy
2026-01-17T23:00,2026-01-17,2026-01,NSS-LINUX-DB01,Rocky Linux 9,Database Server,23.87,72.96,27.04,81.19,18.81,99.8914,0,Warning
2026-02-10T03:00,2026-02-10,2026-02,NSS-MON01,Ubuntu 24.04,Monitoring Server,18.8,33.35,66.65,68.91,31.09,99.8849,0,Healthy
2026-04-15T11:00,2026-04-15,2026-04,NSS-FILE01,Windows Server 2022,File Server,33.43,54.67,45.33,63.31,36.69,99.9753,0,Healthy
2026-03-19T20:00,2026-03-19,2026-03,NSS-DC01,Windows Server 2022,Domain Controller,39.26,55.99,44.01,76.35,23.65,99.8072,0,Healthy
2026-02-07T13:00,2026-02-07,2026-02,NSS-LINUX-DB01,Rocky Linux 9,Database Server,37.03,59.55,40.45,44.92,55.08,99.9772,0,Healthy
2026-03-23T00:00,2026-03-23,2026-03,NSS-DC01,Windows Server 2022,Domain Controller,34.07,56.82,43.18,62.52,37.48,99.7901,0,Healthy
2026-07-15T12:00,2026-07-15,2026-07,NSS-DC01,Windows Server 2022,Domain Controller,54.81,34.76,65.24,70.06,29.94,99.8066,0,Healthy
2026-06-06T12:00,2026-06-06,2026-06,NSS-APP01,Windows Server 2022,Application Server,7.33,47.27,52.73,47.52,52.48,99.9091,0,Healthy
2026-01-17T22:00,2026-01-17,2026-01,NSS-DC01,Windows Server 2022,Domain Controller,55.53,71.64,28.36,58.26,41.74,99.7675,0,Healthy
2026-02-26T04:00,2026-02-26,2026-02,NSS-APP01,Windows Server 2022,Application Server,32.22,53.78,46.22,79.14,20.86,99.9006,0,Healthy
2026-04-15T18:00,2026-04-15,2026-04,NSS-LINUX-DB01,Rocky Linux 9,Database Server,36.13,23.8,76.2,53.15,46.85,99.7513,0,Healthy
2026-03-02T23:00,2026-03-02,2026-03,NSS-DC02,Windows Server 2022,Domain Controller,8.45,61.93,38.07,92.28,7.72,99.9102,1,Critical
2026-03-14T01:00,2026-03-14,2026-03,NSS-DC02,Windows Server 2022,Domain Controller,11.32,47.57,52.43,87.19,12.81,99.8438,1,Warning
2026-03-21T14:00,2026-03-21,2026-03,NSS-DC01,Windows Server 2022,Domain Controller,19.16,74.35,25.65,51.98,48.02,99.9336,0,Healthy
2026-04-15T15:00,2026-04-15,2026-04,NSS-DC01,Windows Server 2022,Domain Controller,44.86,41.78,58.22,43.83,56.17,99.9218,0,Healthy
2026-06-24T10:00,2026-06-24,2026-06,NSS-MON01,Ubuntu 24.04,Monitoring Server,19.83,50.34,49.66,73.25,26.75,99.8772,0,Healthy
2026-06-09T04:00,2026-06-09,2026-06,NSS-LINUX-APP01,Ubuntu 24.04,Application Server,18.53,67.11,32.89,60.36,39.64,99.8664,0,Healthy
2026-01-01T12:00,2026-01-01,2026-01,NSS-DC01,Windows Server 2022,Domain Controller,16.51,51.68,48.32,46.14,53.86,99.781,0,Healthy
2026-05-13T20:00,2026-05-13,2026-05,NSS-APP01,Windows Server 2022,Application Server,13.04,53.86,46.14,87.52,12.48,99.9521,1,Warning
2026-06-30T12:00,2026-06-30,2026-06,NSS-MON01,Ubuntu 24.04,Monitoring Server,5.46,63.99,36.01,47.65,52.35,99.8584,0,Healthy
2026-03-01T06:00,2026-03-01,2026-03,NSS-APP01,Windows Server 2022,Application Server,37.21,75.25,24.75,95.0,5.0,99.9189,1,Critical
2026-07-29T05:00,2026-07-29,2026-07,NSS-MON01,Ubuntu 24.04,Monitoring Server,19.84,45.01,54.99,58.19,41.81,99.948,0,Healthy
2026-03-02T10:00,2026-03-02,2026-03,NSS-LINUX-DB01,Rocky Linux 9,Database Server,14.04,39.34,60.66,60.99,39.01,99.8994,0,Healthy
2026-07-29T13:00,2026-07-29,2026-07,NSS-LINUX-APP01,Ubuntu 24.04,Application Server,32.99,44.23,55.77,49.8,50.2,99.9938,0,Healthy
2026-02-20T11:00,2026-02-20,2026-02,NSS-APP01,Windows Server 2022,Application Server,55.07,41.25,58.75,69.42,30.58,99.7841,0,Healthy
2026-07-17T23:00,2026-07-17,2026-07,NSS-FILE01,Windows Server 2022,File Server,51.36,60.97,39.03,59.94,40.06,99.9524,0,Healthy
2026-06-10T15:00,2026-06-10,2026-06,NSS-DC02,Windows Server 2022,Domain Controller,48.66,26.37,73.63,75.93,24.07,99.8411,0,Healthy
2026-02-01T07:00,2026-02-01,2026-02,NSS-DC02,Windows Server 2022,Domain Controller,48.41,87.78,12.22,60.47,39.53,99.7787,0,Warning
2026-01-09T14:00,2026-01-09,2026-01,NSS-LINUX-DB01,Rocky Linux 9,Database Server,30.21,52.5,47.5,58.36,41.64,99.8646,0,Healthy
2026-01-16T07:00,2026-01-16,2026-01,NSS-DC01,Windows Server 2022,Domain Controller,25.13,69.07,30.93,54.37,45.63,99.9616,0,Healthy
2026-05-11T06:00,2026-05-11,2026-05,NSS-DC02,Windows Server 2022,Domain Controller,15.5,46.49,53.51,58.22,41.78,99.8035,0,Healthy
2026-05-13T21:00,2026-05-13,2026-05,NSS-MON01,Ubuntu 24.04,Monitoring Server,20.03,74.51,25.49,53.18,46.82,99.7873,0,Healthy
2026-03-24T22:00,2026-03-24,2026-03,NSS-APP01,Windows Server 2022,Application Server,42.43,32.63,67.37,50.08,49.92,99.8755,0,Healthy
2026-06-02T22:00,2026-06-02,2026-06,NSS-FILE01,Windows Server 2022,File Server,11.44,35.51,64.49,63.11,36.89,99.8886,0,Healthy
2026-02-14T09:00,2026-02-14,2026-02,NSS-APP01,Windows Server 2022,Application Server,28.15,61.81,38.19,64.71,35.29,99.969,0,Healthy
2026-07-06T23:00,2026-07-06,2026-07,NSS-APP01,Windows Server 2022,Application Server,11.64,12.98,87.02,83.91,16.09,99.7574,0,Warning
2026-05-28T13:00,2026-05-28,2026-05,NSS-LINUX-DB01,Rocky Linux 9,Database Server,44.5,61.73,38.27,50.09,49.91,99.9297,0,Healthy
2026-06-04T11:00,2026-06-04,2026-06,NSS-LINUX-DB01,Rocky Linux 9,Database Server,30.84,41.99,58.01,59.84,40.16,99.9868,0,Healthy
2026-05-01T07:00,2026-05-01,2026-05,NSS-APP01,Windows Server 2022,Application Server,59.73,18.97,81.03,65.97,34.03,99.8116,0,Healthy
2026-01-05T22:00,2026-01-05,2026-01,NSS-MON01,Ubuntu 24.04,Monitoring Server,21.63,71.01,28.99,57.72,42.28,99.9447,0,Healthy
2026-07-11T03:00,2026-07-11,2026-07,NSS-DC01,Windows Server 2022,Domain Controller,31.54,32.41,67.59,43.09,56.91,99.997,0,Healthy
2026-05-04T02:00,2026-05-04,2026-05,NSS-LINUX-APP01,Ubuntu 24.04,Application Server,13.65,50.89,49.11,62.66,37.34,99.7858,0,Healthy
2026-05-09T22:00,2026-05-09,2026-05,NSS-DC01,Windows Server 2022,Domain Controller,65.66,18.78,81.22,52.58,47.42,99.9382,0,Healthy
2026-01-15T00:00,2026-01-15,2026-01,NSS-MON01,Ubuntu 24.04,Monitoring Server,32.41,33.98,66.02,50.32,49.68,99.8858,0,Healthy
2026-05-23T03:00,2026-05-23,2026-05,NSS-FILE01,Windows Server 2022,File Server,36.84,41.15,58.85,61.64,38.36,99.8282,0,Healthy
2026-06-10T22:00,2026-06-10,2026-06,NSS-APP01,Windows Server 2022,Application Server,43.28,48.41,51.59,77.11,22.89,99.8043,0,Healthy
2026-04-04T02:00,2026-04-04,2026-04,NSS-FILE01,Windows Server 2022,File Server,63.2,57.41,42.59,61.86,38.14,99.9012,0,Healthy
2026-03-03T11:00,2026-03-03,2026-03,NSS-APP01,Windows Server 2022,Application Server,42.88,58.19,41.81,29.55,70.45,99.9825,0,Healthy
2026-04-25T17:00,2026-04-25,2026-04,NSS-LINUX-APP01,Ubuntu 24.04,Application Server,6.92,45.83,54.17,72.71,27.29,99.7691,0,Healthy
2026-01-27T20:00,2026-01-27,2026-01,NSS-LINUX-APP01,Ubuntu 24.04,Application Server,16.95,87.01,12.99,49.54,50.46,99.7977,0,Warning
2026-06-02T12:00,2026-06-02,2026-06,NSS-FILE01,Windows Server 2022,File Server,12.21,63.4,36.6,66.14,33.86,99.7815,0,Healthy
2026-05-19T16:00,2026-05-19,2026-05,NSS-FILE01,Windows Server 2022,File Server,12.47,10.74,89.26,45.2,54.8,99.97,0,Healthy
2026-02-06T18:00,2026-02-06,2026-02,NSS-FILE01,Windows Server 2022,File Server,51.72,64.07,35.93,74.42,25.58,99.9606,0,Healthy
2026-04-26T14:00,2026-04-26,2026-04,NSS-DC01,Windows Server 2022,Domain Controller,25.01,59.74,40.26,40.56,59.44,99.9968,0,Healthy
2026-03-01T12:00,2026-03-01,2026-03,NSS-LINUX-APP01,Ubuntu 24.04,Application Server,30.49,81.03,18.97,48.98,51.02,99.8128,0,Warning
2026-02-28T17:00,2026-02-28,2026-02,NSS-FILE01,Windows Server 2022,File Server,25.84,56.04,43.96,74.46,25.54,99.968,0,Healthy
2026-02-27T23:00,2026-02-27,2026-02,NSS-LINUX-APP01,Ubuntu 24.04,Application Server,40.2,45.52,54.48,80.19,19.81,99.7549,0,Warning
2026-02-20T01:00,2026-02-20,2026-02,NSS-LINUX-DB01,Rocky Linux 9,Database Server,24.39,53.93,46.07,63.49,36.51,99.9706,0,Healthy
2026-05-31T11:00,2026-05-31,2026-05,NSS-FILE01,Windows Server 2022,File Server,23.77,38.02,61.98,52.25,47.75,99.7898,0,Healthy
2026-06-12T14:00,2026-06-12,2026-06,NSS-DC01,Windows Server 2022,Domain Controller,28.09,40.88,59.12,57.87,42.13,99.7795,0,Healthy
2026-04-06T09:00,2026-04-06,2026-04,NSS-LINUX-APP01,Ubuntu 24.04,Application Server,25.79,45.99,54.01,69.38,30.62,99.8512,0,Healthy
2026-02-05T02:00,2026-02-05,2026-02,NSS-FILE01,Windows Server 2022,File Server,2.0,59.39,40.61,54.01,45.99,99.9108,0,Healthy
2026-03-28T19:00,2026-03-28,2026-03,NSS-DC02,Windows Server 2022,Domain Controller,32.6,56.51,43.49,73.13,26.87,99.9061,0,Healthy
2026-04-13T06:00,2026-04-13,2026-04,NSS-LINUX-APP01,Ubuntu 24.04,Application Server,20.32,51.15,48.85,66.12,33.88,99.8717,0,Healthy
2026-02-27T04:00,2026-02-27,2026-02,NSS-FILE01,Windows Server 2022,File Server,31.87,60.42,39.58,88.71,11.29,99.8177,1,Warning
2026-06-24T14:00,2026-06-24,2026-06,NSS-APP01,Windows Server 2022,Application Server,25.65,30.03,69.97,74.76,25.24,99.9711,0,Healthy
2026-07-13T10:00,2026-07-13,2026-07,NSS-LINUX-DB01,Rocky Linux 9,Database Server,30.9,59.13,40.87,61.12,38.88,99.7558,0,Healthy
2026-04-07T20:00,2026-04-07,2026-04,NSS-LINUX-DB01,Rocky Linux 9,Database Server,18.88,71.64,28.36,95.0,5.0,99.7898,1,Critical
2026-03-19T13:00,2026-03-19,2026-03,NSS-LINUX-APP01,Ubuntu 24.04,Application Server,18.12,31.02,68.98,74.79,25.21,99.7602,0,Healthy
2026-03-07T12:00,2026-03-07,2026-03,NSS-FILE01,Windows Server 2022,File Server,34.07,45.23,54.77,53.89,46.11,99.8869,0,Healthy
2026-07-13T08:00,2026-07-13,2026-07,NSS-LINUX-APP01,Ubuntu 24.04,Application Server,26.88,38.77,61.23,69.01,30.99,99.8568,0,Healthy
2026-03-10T22:00,2026-03-10,2026-03,NSS-LINUX-APP01,Ubuntu 24.04,Application Server,34.41,67.0,33.0,64.32,35.68,99.9628,0,Healthy
2026-03-13T12:00,2026-03-13,2026-03,NSS-APP01,Windows Server 2022,Application Server,51.19,48.29,51.71,57.52,42.48,99.8599,0,Healthy
2026-05-18T17:00,2026-05-18,2026-05,NSS-DC02,Windows Server 2022,Domain Controller,4.56,66.57,33.43,53.92,46.08,99.7989,0,Healthy
2026-05-07T08:00,2026-05-07,2026-05,NSS-FILE01,Windows Server 2022,File Server,46.88,42.01,57.99,51.99,48.01,99.7524,0,Healthy
2026-04-24T05:00,2026-04-24,2026-04,NSS-LINUX-DB01,Rocky Linux 9,Database Server,32.99,43.7,56.3,85.74,14.26,99.9157,1,Warning
2026-02-25T00:00,2026-02-25,2026-02,NSS-LINUX-APP01,Ubuntu 24.04,Application Server,31.59,90.3,9.7,70.12,29.88,99.8001,1,Critical
2026-03-10T01:00,2026-03-10,2026-03,NSS-FILE01,Windows Server 2022,File Server,21.18,43.55,56.45,78.02,21.98,99.9293,0,Healthy
2026-05-18T18:00,2026-05-18,2026-05,NSS-APP01,Windows Server 2022,Application Server,47.65,68.15,31.85,49.96,50.04,99.8632,0,Healthy
2026-04-30T17:00,2026-04-30,2026-04,NSS-DC02,Windows Server 2022,Domain Controller,33.77,57.73,42.27,75.63,24.37,99.7827,0,Healthy
2026-05-29T14:00,2026-05-29,2026-05,NSS-FILE01,Windows Server 2022,File Server,39.88,46.85,53.15,69.22,30.78,99.839,0,Healthy
2026-02-08T17:00,2026-02-08,2026-02,NSS-MON01,Ubuntu 24.04,Monitoring Server,29.46,50.75,49.25,42.58,57.42,99.7851,0,Healthy
2026-02-04T06:00,2026-02-04,2026-02,NSS-DC02,Windows Server 2022,Domain Controller,35.54,43.84,56.16,57.98,42.02,99.9394,0,Healthy
2026-07-14T15:00,2026-07-14,2026-07,NSS-FILE01,Windows Server 2022,File Server,12.42,55.7,44.3,49.42,50.58,99.7909,0,Healthy
2026-07-16T17:00,2026-07-16,2026-07,NSS-MON01,Ubuntu 24.04,Monitoring Server,19.77,57.66,42.34,51.42,48.58,99.9665,0,Healthy
2026-03-22T04:00,2026-03-22,2026-03,NSS-LINUX-DB01,Rocky Linux 9,Database Server,46.19,49.77,50.23,44.58,55.42,99.837,0,Healthy
2026-04-09T12:00,2026-04-09,2026-04,NSS-MON01,Ubuntu 24.04,Monitoring Server,20.71,37.76,62.24,65.1,34.9,99.8594,0,Healthy
2026-01-31T05:00,2026-01-31,2026-01,NSS-DC01,Windows Server 2022,Domain Controller,20.66,64.83,35.17,60.7,39.3,99.7663,0,Healthy
2026-03-02T14:00,2026-03-02,2026-03,NSS-LINUX-DB01,Rocky Linux 9,Database Server,24.11,41.43,58.57,79.16,20.84,99.9071,0,Healthy
2026-02-06T00:00,2026-02-06,2026-02,NSS-LINUX-APP01,Ubuntu 24.04,Application Server,11.91,41.67,58.33,55.7,44.3,99.9718,0,Healthy
2026-04-22T22:00,2026-04-22,2026-04,NSS-LINUX-DB01,Rocky Linux 9,Database Server,33.59,50.39,49.61,65.42,34.58,99.9985,0,Healthy
2026-01-07T00:00,2026-01-07,2026-01,NSS-FILE01,Windows Server 2022,File Server,45.07,50.83,49.17,60.89,39.11,99.9199,0,Healthy
2026-01-30T17:00,2026-01-30,2026-01,NSS-DC02,Windows Server 2022,Domain Controller,25.01,52.39,47.61,77.44,22.56,99.9904,0,Healthy
2026-05-21T15:00,2026-05-21,2026-05,NSS-DC01,Windows Server 2022,Domain Controller,2.0,66.53,33.47,61.59,38.41,99.9413,0,Healthy
2026-03-05T20:00,2026-03-05,2026-03,NSS-LINUX-APP01,Ubuntu 24.04,Application Server,24.24,49.0,51.0,42.65,57.35,99.9299,0,Healthy
2026-03-25T20:00,2026-03-25,2026-03,NSS-MON01,Ubuntu 24.04,Monitoring Server,2.0,48.1,51.9,68.03,31.97,99.8878,0,Healthy
2026-06-11T11:00,2026-06-11,2026-06,NSS-DC02,Windows Server 2022,Domain Controller,41.19,66.16,33.84,36.43,63.57,99.7703,0,Healthy
2026-03-19T08:00,2026-03-19,2026-03,NSS-LINUX-APP01,Ubuntu 24.04,Application Server,30.3,63.01,36.99,55.14,44.86,99.9353,0,Healthy
2026-06-29T17:00,2026-06-29,2026-06,NSS-APP01,Windows Server 2022,Application Server,20.31,58.79,41.21,45.82,54.18,99.8994,0,Healthy
2026-07-22T00:00,2026-07-22,2026-07,NSS-APP01,Windows Server 2022,Application Server,28.95,44.24,55.76,75.92,24.08,99.7668,0,Healthy
2026-02-19T16:00,2026-02-19,2026-02,NSS-DC01,Windows Server 2022,Domain Controller,24.38,81.38,18.62,75.64,24.36,99.9988,0,Warning
2026-02-16T17:00,2026-02-16,2026-02,NSS-LINUX-DB01,Rocky Linux 9,Database Server,16.66,62.64,37.36,72.96,27.04,99.8829,0,Healthy
2026-07-06T08:00,2026-07-06,2026-07,NSS-DC01,Windows Server 2022,Domain Controller,26.62,61.14,38.86,78.27,21.73,99.8107,0,Healthy
2026-06-04T18:00,2026-06-04,2026-06,NSS-MON01,Ubuntu 24.04,Monitoring Server,34.9,62.43,37.57,24.9,75.1,99.818,0,Healthy
2026-07-11T12:00,2026-07-11,2026-07,NSS-DC01,Windows Server 2022,Domain Controller,50.69,43.48,56.52,49.33,50.67,99.8883,0,Healthy
2026-04-16T14:00,2026-04-16,2026-04,NSS-LINUX-DB01,Rocky Linux 9,Database Server,51.93,18.81,81.19,90.97,9.03,99.774,1,Critical
2026-02-07T04:00,2026-02-07,2026-02,NSS-DC01,Windows Server 2022,Domain Controller,4.5,73.82,26.18,56.48,43.52,99.9007,0,Healthy
2026-04-01T04:00,2026-04-01,2026-04,NSS-FILE01,Windows Server 2022,File Server,24.77,52.51,47.49,69.91,30.09,99.9506,0,Healthy
2026-04-22T18:00,2026-04-22,2026-04,NSS-MON01,Ubuntu 24.04,Monitoring Server,21.07,29.92,70.08,55.91,44.09,99.7663,0,Healthy
2026-01-29T06:00,2026-01-29,2026-01,NSS-DC01,Windows Server 2022,Domain Controller,21.42,30.71,69.29,75.17,24.83,99.9181,0,Healthy
2026-04-29T07:00,2026-04-29,2026-04,NSS-DC01,Windows Server 2022,Domain Controller,24.37,35.09,64.91,67.97,32.03,99.784,0,Healthy
2026-01-21T14:00,2026-01-21,2026-01,NSS-APP01,Windows Server 2022,Application Server,43.72,53.47,46.53,57.48,42.52,99.8383,0,Healthy
2026-07-04T17:00,2026-07-04,2026-07,NSS-DC01,Windows Server 2022,Domain Controller,22.4,56.05,43.95,62.36,37.64,99.999,0,Healthy
2026-05-11T00:00,2026-05-11,2026-05,NSS-LINUX-DB01,Rocky Linux 9,Database Server,21.31,44.85,55.15,42.02,57.98,99.7782,0,Healthy
2026-03-09T09:00,2026-03-09,2026-03,NSS-APP01,Windows Server 2022,Application Server,12.08,52.64,47.36,73.72,26.28,99.9356,0,Healthy
2026-07-28T16:00,2026-07-28,2026-07,NSS-APP01,Windows Server 2022,Application Server,44.48,62.53,37.47,76.65,23.35,99.9136,0,Healthy
2026-04-26T09:00,2026-04-26,2026-04,NSS-LINUX-DB01,Rocky Linux 9,Database Server,24.44,85.04,14.96,72.64,27.36,99.8137,0,Warning
2026-05-20T20:00,2026-05-20,2026-05,NSS-FILE01,Windows Server 2022,File Server,43.29,51.02,48.98,73.73,26.27,99.9826,0,Healthy
2026-01-08T08:00,2026-01-08,2026-01,NSS-DC01,Windows Server 2022,Domain Controller,10.95,78.01,21.99,70.01,29.99,99.9544,0,Healthy
2026-01-10T07:00,2026-01-10,2026-01,NSS-MON01,Ubuntu 24.04,Monitoring Server,9.14,74.75,25.25,60.01,39.99,99.9874,0,Healthy
2026-02-09T03:00,2026-02-09,2026-02,NSS-LINUX-DB01,Rocky Linux 9,Database Server,23.52,67.78,32.22,38.08,61.92,99.8922,0,Healthy
2026-01-29T20:00,2026-01-29,2026-01,NSS-DC01,Windows Server 2022,Domain Controller,54.55,62.43,37.57,54.54,45.46,99.7752,0,Healthy
2026-05-26T01:00,2026-05-26,2026-05,NSS-DC01,Windows Server 2022,Domain Controller,29.79,56.51,43.49,59.04,40.96,99.8686,0,Healthy
2026-06-13T09:00,2026-06-13,2026-06,NSS-FILE01,Windows Server 2022,File Server,25.37,63.56,36.44,54.8,45.2,99.9385,0,Healthy
2026-06-27T18:00,2026-06-27,2026-06,NSS-LINUX-APP01,Ubuntu 24.04,Application Server,23.37,67.54,32.46,66.52,33.48,99.8554,0,Healthy
2026-02-14T17:00,2026-02-14,2026-02,NSS-DC01,Windows Server 2022,Domain Controller,34.1,55.48,44.52,56.6,43.4,99.8079,0,Healthy
2026-04-23T00:00,2026-04-23,2026-04,NSS-APP01,Windows Server 2022,Application Server,23.96,51.96,48.04,45.43,54.57,99.8341,0,Healthy
2026-05-11T22:00,2026-05-11,2026-05,NSS-DC02,Windows Server 2022,Domain Controller,10.54,55.99,44.01,54.09,45.91,99.9288,0,Healthy
2026-02-09T21:00,2026-02-09,2026-02,NSS-FILE01,Windows Server 2022,File Server,4.48,38.36,61.64,73.68,26.32,99.865,0,Healthy
2026-03-25T17:00,2026-03-25,2026-03,NSS-MON01,Ubuntu 24.04,Monitoring Server,43.28,66.36,33.64,65.25,34.75,99.8938,0,Healthy
2026-03-19T07:00,2026-03-19,2026-03,NSS-MON01,Ubuntu 24.04,Monitoring Server,31.3,30.87,69.13,48.1,51.9,99.7665,0,Healthy
2026-06-15T21:00,2026-06-15,2026-06,NSS-MON01,Ubuntu 24.04,Monitoring Server,47.74,38.57,61.43,62.3,37.7,99.7676,0,Healthy
2026-03-19T09:00,2026-03-19,2026-03,NSS-LINUX-APP01,Ubuntu 24.04,Application Server,11.63,19.83,80.17,49.55,50.45,99.7655,0,Healthy
2026-05-04T18:00,2026-05-04,2026-05,NSS-LINUX-DB01,Rocky Linux 9,Database Server,55.5,64.73,35.27,69.75,30.25,99.7931,0,Healthy
2026-06-10T16:00,2026-06-10,2026-06,NSS-MON01,Ubuntu 24.04,Monitoring Server,48.93,26.42,73.58,75.75,24.25,99.996,0,Healthy
2026-02-13T16:00,2026-02-13,2026-02,NSS-DC02,Windows Server 2022,Domain Controller,21.11,50.92,49.08,31.01,68.99,99.8575,0,Healthy
2026-02-13T04:00,2026-02-13,2026-02,NSS-DC01,Windows Server 2022,Domain Controller,8.73,38.81,61.19,64.99,35.01,99.8374,0,Healthy
2026-07-28T03:00,2026-07-28,2026-07,NSS-FILE01,Windows Server 2022,File Server,35.17,55.16,44.84,62.05,37.95,99.9176,0,Healthy
2026-06-30T18:00,2026-06-30,2026-06,NSS-DC02,Windows Server 2022,Domain Controller,6.22,49.17,50.83,63.51,36.49,99.9237,0,Healthy
2026-03-17T08:00,2026-03-17,2026-03,NSS-MON01,Ubuntu 24.04,Monitoring Server,17.61,44.31,55.69,40.92,59.08,99.8716,0,Healthy
2026-03-28T21:00,2026-03-28,2026-03,NSS-LINUX-APP01,Ubuntu 24.04,Application Server,23.04,82.62,17.38,60.56,39.44,99.8405,0,Warning
2026-07-20T12:00,2026-07-20,2026-07,NSS-DC01,Windows Server 2022,Domain Controller,2.0,43.13,56.87,58.45,41.55,99.9444,0,Healthy
2026-01-22T09:00,2026-01-22,2026-01,NSS-APP01,Windows Server 2022,Application Server,28.22,67.64,32.36,74.42,25.58,99.9621,0,Healthy
2026-07-15T00:00,2026-07-15,2026-07,NSS-LINUX-APP01,Ubuntu 24.04,Application Server,26.86,48.47,51.53,63.76,36.24,99.7574,0,Healthy
2026-04-15T14:00,2026-04-15,2026-04,NSS-DC02,Windows Server 2022,Domain Controller,30.16,72.25,27.75,59.48,40.52,99.852,0,Healthy
2026-01-13T06:00,2026-01-13,2026-01,NSS-FILE01,Windows Server 2022,File Server,34.37,68.98,31.02,41.54,58.46,99.9107,0,Healthy
2026-03-20T22:00,2026-03-20,2026-03,NSS-DC02,Windows Server 2022,Domain Controller,34.29,62.47,37.53,26.12,73.88,99.9032,0,Healthy
2026-07-07T17:00,2026-07-07,2026-07,NSS-LINUX-APP01,Ubuntu 24.04,Application Server,23.08,47.41,52.59,66.92,33.08,99.9138,0,Healthy
2026-07-08T11:00,2026-07-08,2026-07,NSS-LINUX-APP01,Ubuntu 24.04,Application Server,12.69,42.7,57.3,88.57,11.43,99.81,1,Warning
2026-04-05T04:00,2026-04-05,2026-04,NSS-LINUX-APP01,Ubuntu 24.04,Application Server,63.83,53.14,46.86,37.29,62.71,99.9691,0,Healthy
2026-01-06T05:00,2026-01-06,2026-01,NSS-LINUX-DB01,Rocky Linux 9,Database Server,13.14,64.05,35.95,42.78,57.22,99.8541,0,Healthy
2026-07-14T00:00,2026-07-14,2026-07,NSS-MON01,Ubuntu 24.04,Monitoring Server,23.69,52.03,47.97,63.27,36.73,99.7812,0,Healthy
2026-07-07T07:00,2026-07-07,2026-07,NSS-APP01,Windows Server 2022,Application Server,46.15,57.96,42.04,87.62,12.38,99.978,1,Warning
2026-05-21T07:00,2026-05-21,2026-05,NSS-DC01,Windows Server 2022,Domain Controller,30.51,61.0,39.0,41.72,58.28,99.8084,0,Healthy
2026-07-28T09:00,2026-07-28,2026-07,NSS-FILE01,Windows Server 2022,File Server,32.1,76.37,23.63,54.55,45.45,99.9948,0,Healthy
2026-04-16T09:00,2026-04-16,2026-04,NSS-APP01,Windows Server 2022,Application Server,22.07,85.54,14.46,65.98,34.02,99.757,0,Warning
2026-03-12T01:00,2026-03-12,2026-03,NSS-DC02,Windows Server 2022,Domain Controller,31.28,31.28,68.72,56.91,43.09,99.9372,0,Healthy
2026-02-18T22:00,2026-02-18,2026-02,NSS-APP01,Windows Server 2022,Application Server,36.55,52.94,47.06,74.72,25.28,99.9207,0,Healthy
2026-05-30T04:00,2026-05-30,2026-05,NSS-FILE01,Windows Server 2022,File Server,63.42,23.35,76.65,45.17,54.83,99.9973,0,Healthy
2026-02-24T18:00,2026-02-24,2026-02,NSS-LINUX-DB01,Rocky Linux 9,Database Server,39.55,80.01,19.99,60.09,39.91,99.7749,0,Warning
2026-05-16T11:00,2026-05-16,2026-05,NSS-LINUX-DB01,Rocky Linux 9,Database Server,32.52,59.13,40.87,62.74,37.26,99.889,0,Healthy
2026-04-02T05:00,2026-04-02,2026-04,NSS-DC02,Windows Server 2022,Domain Controller,18.34,50.2,49.8,74.94,25.06,99.807,0,Healthy
2026-03-27T21:00,2026-03-27,2026-03,NSS-LINUX-DB01,Rocky Linux 9,Database Server,30.74,46.04,53.96,84.72,15.28,99.9127,0,Warning
2026-04-30T19:00,2026-04-30,2026-04,NSS-DC01,Windows Server 2022,Domain Controller,21.16,48.51,51.49,88.04,11.96,99.9057,1,Warning
2026-02-04T04:00,2026-02-04,2026-02,NSS-DC01,Windows Server 2022,Domain Controller,31.97,33.39,66.61,68.73,31.27,99.8137,0,Healthy
2026-05-15T02:00,2026-05-15,2026-05,NSS-LINUX-DB01,Rocky Linux 9,Database Server,14.09,55.91,44.09,71.13,28.87,99.9655,0,Healthy
2026-01-22T12:00,2026-01-22,2026-01,NSS-APP01,Windows Server 2022,Application Server,56.33,42.76,57.24,50.02,49.98,99.754,0,Healthy
2026-04-07T20:00,2026-04-07,2026-04,NSS-FILE01,Windows Server 2022,File Server,20.59,44.69,55.31,37.97,62.03,99.9509,0,Healthy
2026-03-11T18:00,2026-03-11,2026-03,NSS-APP01,Windows Server 2022,Application Server,30.64,68.89,31.11,44.37,55.63,99.855,0,Healthy
2026-03-17T18:00,2026-03-17,2026-03,NSS-LINUX-APP01,Ubuntu 24.04,Application Server,25.31,49.76,50.24,52.62,47.38,99.7769,0,Healthy
2026-02-11T00:00,2026-02-11,2026-02,NSS-LINUX-APP01,Ubuntu 24.04,Application Server,42.72,98.0,2.0,73.22,26.78,99.8838,1,Critical
2026-07-27T21:00,2026-07-27,2026-07,NSS-APP01,Windows Server 2022,Application Server,7.91,47.99,52.01,76.21,23.79,99.7559,0,Healthy
2026-03-28T16:00,2026-03-28,2026-03,NSS-LINUX-APP01,Ubuntu 24.04,Application Server,22.71,67.36,32.64,53.69,46.31,99.8841,0,Healthy
2026-06-01T01:00,2026-06-01,2026-06,NSS-MON01,Ubuntu 24.04,Monitoring Server,40.98,58.33,41.67,42.82,57.18,99.8233,0,Healthy
2026-07-15T13:00,2026-07-15,2026-07,NSS-LINUX-DB01,Rocky Linux 9,Database Server,29.92,69.72,30.28,60.82,39.18,99.8353,0,Healthy
2026-05-19T16:00,2026-05-19,2026-05,NSS-FILE01,Windows Server 2022,File Server,16.85,53.58,46.42,47.9,52.1,99.9405,0,Healthy
2026-06-25T06:00,2026-06-25,2026-06,NSS-DC02,Windows Server 2022,Domain Controller,19.07,45.07,54.93,42.8,57.2,99.9041,0,Healthy
2026-01-22T11:00,2026-01-22,2026-01,NSS-DC02,Windows Server 2022,Domain Controller,38.13,39.74,60.26,55.59,44.41,99.9498,0,Healthy
2026-01-09T20:00,2026-01-09,2026-01,NSS-MON01,Ubuntu 24.04,Monitoring Server,3.03,61.02,38.98,24.08,75.92,99.9015,0,Healthy
2026-06-15T20:00,2026-06-15,2026-06,NSS-MON01,Ubuntu 24.04,Monitoring Server,21.53,52.52,47.48,52.06,47.94,99.8767,0,Healthy
2026-06-16T18:00,2026-06-16,2026-06,NSS-LINUX-APP01,Ubuntu 24.04,Application Server,30.85,71.37,28.63,78.98,21.02,99.9667,0,Healthy
2026-01-14T09:00,2026-01-14,2026-01,NSS-MON01,Ubuntu 24.04,Monitoring Server,9.05,43.4,56.6,49.4,50.6,99.8876,0,Healthy
2026-04-14T13:00,2026-04-14,2026-04,NSS-LINUX-APP01,Ubuntu 24.04,Application Server,15.19,66.17,33.83,15.95,84.05,99.7754,0,Healthy
2026-02-05T08:00,2026-02-05,2026-02,NSS-DC02,Windows Server 2022,Domain Controller,54.88,56.42,43.58,59.77,40.23,99.8719,0,Healthy
2026-04-22T04:00,2026-04-22,2026-04,NSS-DC02,Windows Server 2022,Domain Controller,27.08,31.61,68.39,72.09,27.91,99.7669,0,Healthy
2026-01-12T15:00,2026-01-12,2026-01,NSS-DC02,Windows Server 2022,Domain Controller,35.68,62.92,37.08,53.79,46.21,99.9406,0,Healthy
2026-07-18T21:00,2026-07-18,2026-07,NSS-APP01,Windows Server 2022,Application Server,19.81,44.89,55.11,65.87,34.13,99.8786,0,Healthy
2026-04-10T02:00,2026-04-10,2026-04,NSS-APP01,Windows Server 2022,Application Server,21.22,71.76,28.24,72.39,27.61,99.9972,0,Healthy
2026-04-02T09:00,2026-04-02,2026-04,NSS-LINUX-APP01,Ubuntu 24.04,Application Server,50.46,48.49,51.51,92.83,7.17,99.9584,1,Critical
2026-01-15T01:00,2026-01-15,2026-01,NSS-DC01,Windows Server 2022,Domain Controller,5.06,56.02,43.98,80.29,19.71,99.7945,0,Warning
2026-01-31T05:00,2026-01-31,2026-01,NSS-LINUX-APP01,Ubuntu 24.04,Application Server,43.91,30.09,69.91,73.37,26.63,99.7781,0,Healthy
2026-02-21T11:00,2026-02-21,2026-02,NSS-LINUX-APP01,Ubuntu 24.04,Application Server,39.2,24.74,75.26,88.5,11.5,99.7703,1,Warning
2026-01-05T00:00,2026-01-05,2026-01,NSS-LINUX-DB01,Rocky Linux 9,Database Server,21.89,49.69,50.31,84.44,15.56,99.9078,0,Warning
2026-05-27T09:00,2026-05-27,2026-05,NSS-DC01,Windows Server 2022,Domain Controller,46.45,61.11,38.89,63.04,36.96,99.8379,0,Healthy
2026-03-12T13:00,2026-03-12,2026-03,NSS-DC01,Windows Server 2022,Domain Controller,43.5,90.19,9.81,51.64,48.36,99.9574,1,Critical
2026-02-07T04:00,2026-02-07,2026-02,NSS-FILE01,Windows Server 2022,File Server,49.67,42.52,57.48,60.87,39.13,99.9048,0,Healthy
2026-01-03T00:00,2026-01-03,2026-01,NSS-DC02,Windows Server 2022,Domain Controller,14.61,42.76,57.24,45.63,54.37,99.797,0,Healthy
2026-07-21T08:00,2026-07-21,2026-07,NSS-MON01,Ubuntu 24.04,Monitoring Server,2.0,49.92,50.08,50.3,49.7,99.9096,0,Healthy
2026-01-09T04:00,2026-01-09,2026-01,NSS-DC02,Windows Server 2022,Domain Controller,12.6,57.53,42.47,42.66,57.34,99.9319,0,Healthy
2026-05-31T17:00,2026-05-31,2026-05,NSS-DC02,Windows Server 2022,Domain Controller,14.34,46.88,53.12,55.92,44.08,99.9733,0,Healthy
2026-06-02T12:00,2026-06-02,2026-06,NSS-FILE01,Windows Server 2022,File Server,36.92,43.64,56.36,53.61,46.39,99.8869,0,Healthy
2026-05-12T11:00,2026-05-12,2026-05,NSS-MON01,Ubuntu 24.04,Monitoring Server,31.14,49.7,50.3,43.95,56.05,99.8547,0,Healthy
2026-04-26T17:00,2026-04-26,2026-04,NSS-LINUX-DB01,Rocky Linux 9,Database Server,9.05,61.84,38.16,68.48,31.52,99.9792,0,Healthy
2026-03-01T08:00,2026-03-01,2026-03,NSS-APP01,Windows Server 2022,Application Server,31.43,63.27,36.73,42.95,57.05,99.997,0,Healthy
2026-03-27T16:00,2026-03-27,2026-03,NSS-APP01,Windows Server 2022,Application Server,40.79,42.55,57.45,43.6,56.4,99.7785,0,Healthy
2026-03-21T20:00,2026-03-21,2026-03,NSS-DC02,Windows Server 2022,Domain Controller,28.11,46.42,53.58,57.22,42.78,99.9292,0,Healthy
2026-07-12T18:00,2026-07-12,2026-07,NSS-DC02,Windows Server 2022,Domain Controller,36.07,69.2,30.8,68.55,31.45,99.9564,0,Healthy
2026-03-31T07:00,2026-03-31,2026-03,NSS-FILE01,Windows Server 2022,File Server,8.22,46.44,53.56,55.49,44.51,99.9746,0,Healthy
2026-02-25T04:00,2026-02-25,2026-02,NSS-APP01,Windows Server 2022,Application Server,23.31,62.84,37.16,68.4,31.6,99.819,0,Healthy
2026-02-16T02:00,2026-02-16,2026-02,NSS-LINUX-DB01,Rocky Linux 9,Database Server,41.56,79.57,20.43,58.74,41.26,99.9572,0,Healthy
2026-06-10T03:00,2026-06-10,2026-06,NSS-DC02,Windows Server 2022,Domain Controller,41.64,68.9,31.1,59.74,40.26,99.953,0,Healthy
2026-04-04T13:00,2026-04-04,2026-04,NSS-DC01,Windows Server 2022,Domain Controller,20.77,59.43,40.57,56.12,43.88,99.869,0,Healthy
2026-01-24T05:00,2026-01-24,2026-01,NSS-LINUX-APP01,Ubuntu 24.04,Application Server,28.42,66.16,33.84,62.19,37.81,99.8552,0,Healthy
2026-07-07T08:00,2026-07-07,2026-07,NSS-MON01,Ubuntu 24.04,Monitoring Server,39.21,46.3,53.7,57.47,42.53,99.8618,0,Healthy
2026-03-01T08:00,2026-03-01,2026-03,NSS-MON01,Ubuntu 24.04,Monitoring Server,50.44,86.66,13.34,85.05,14.95,99.8946,1,Warning
2026-03-06T04:00,2026-03-06,2026-03,NSS-DC02,Windows Server 2022,Domain Controller,12.53,53.73,46.27,48.75,51.25,99.9451,0,Healthy
2026-05-23T16:00,2026-05-23,2026-05,NSS-LINUX-DB01,Rocky Linux 9,Database Server,11.36,40.89,59.11,94.21,5.79,99.9663,1,Critical
2026-05-12T00:00,2026-05-12,2026-05,NSS-LINUX-APP01,Ubuntu 24.04,Application Server,30.3,58.3,41.7,55.37,44.63,99.9065,0,Healthy
2026-06-21T12:00,2026-06-21,2026-06,NSS-LINUX-APP01,Ubuntu 24.04,Application Server,11.91,57.11,42.89,47.38,52.62,99.8635,0,Healthy
2026-04-30T09:00,2026-04-30,2026-04,NSS-LINUX-APP01,Ubuntu 24.04,Application Server,44.51,66.79,33.21,50.36,49.64,99.9494,0,Healthy
2026-06-11T20:00,2026-06-11,2026-06,NSS-LINUX-DB01,Rocky Linux 9,Database Server,34.03,33.81,66.19,71.57,28.43,99.7856,0,Healthy
2026-05-05T14:00,2026-05-05,2026-05,NSS-FILE01,Windows Server 2022,File Server,34.72,61.86,38.14,70.14,29.86,99.9001,0,Healthy
2026-05-01T03:00,2026-05-01,2026-05,NSS-FILE01,Windows Server 2022,File Server,27.81,25.26,74.74,65.09,34.91,99.9981,0,Healthy
2026-05-09T12:00,2026-05-09,2026-05,NSS-LINUX-DB01,Rocky Linux 9,Database Server,30.04,59.34,40.66,49.63,50.37,99.8256,0,Healthy
2026-02-15T22:00,2026-02-15,2026-02,NSS-LINUX-APP01,Ubuntu 24.04,Application Server,23.64,57.96,42.04,66.69,33.31,99.7824,0,Healthy
2026-03-24T22:00,2026-03-24,2026-03,NSS-LINUX-DB01,Rocky Linux 9,Database Server,17.72,77.31,22.69,32.26,67.74,99.7635,0,Healthy
2026-07-27T10:00,2026-07-27,2026-07,NSS-DC01,Windows Server 2022,Domain Controller,29.08,21.28,78.72,71.46,28.54,99.9077,0,Healthy
2026-06-06T06:00,2026-06-06,2026-06,NSS-APP01,Windows Server 2022,Application Server,42.07,54.3,45.7,58.12,41.88,99.8371,0,Healthy
2026-03-23T11:00,2026-03-23,2026-03,NSS-MON01,Ubuntu 24.04,Monitoring Server,29.44,72.29,27.71,78.73,21.27,99.9824,0,Healthy
2026-04-18T06:00,2026-04-18,2026-04,NSS-MON01,Ubuntu 24.04,Monitoring Server,15.18,57.91,42.09,38.24,61.76,99.8766,0,Healthy
2026-05-20T03:00,2026-05-20,2026-05,NSS-LINUX-DB01,Rocky Linux 9,Database Server,30.0,85.73,14.27,56.52,43.48,99.848,0,Warning
2026-05-09T04:00,2026-05-09,2026-05,NSS-DC01,Windows Server 2022,Domain Controller,17.89,69.61,30.39,60.66,39.34,99.9119,0,Healthy
2026-02-15T05:00,2026-02-15,2026-02,NSS-APP01,Windows Server 2022,Application Server,39.11,53.5,46.5,50.5,49.5,99.9319,0,Healthy
2026-03-01T06:00,2026-03-01,2026-03,NSS-LINUX-APP01,Ubuntu 24.04,Application Server,18.32,9.15,90.85,79.95,20.05,99.9491,0,Healthy
2026-03-06T03:00,2026-03-06,2026-03,NSS-FILE01,Windows Server 2022,File Server,34.57,36.13,63.87,32.94,67.06,99.808,0,Healthy
2026-03-05T15:00,2026-03-05,2026-03,NSS-APP01,Windows Server 2022,Application Server,37.82,63.09,36.91,58.97,41.03,99.8387,0,Healthy
2026-02-05T02:00,2026-02-05,2026-02,NSS-DC02,Windows Server 2022,Domain Controller,24.94,35.9,64.1,58.7,41.3,99.8501,0,Healthy
2026-05-10T13:00,2026-05-10,2026-05,NSS-MON01,Ubuntu 24.04,Monitoring Server,25.63,28.46,71.54,39.11,60.89,99.862,0,Healthy
2026-06-17T10:00,2026-06-17,2026-06,NSS-LINUX-APP01,Ubuntu 24.04,Application Server,22.19,47.03,52.97,67.95,32.05,99.9469,0,Healthy
2026-06-01T21:00,2026-06-01,2026-06,NSS-FILE01,Windows Server 2022,File Server,41.79,64.46,35.54,76.46,23.54,99.9152,0,Healthy
2026-06-09T03:00,2026-06-09,2026-06,NSS-LINUX-DB01,Rocky Linux 9,Database Server,2.62,46.91,53.09,76.03,23.97,99.8336,0,Healthy
2026-07-03T00:00,2026-07-03,2026-07,NSS-FILE01,Windows Server 2022,File Server,24.48,44.77,55.23,77.14,22.86,99.9908,0,Healthy
2026-07-13T10:00,2026-07-13,2026-07,NSS-FILE01,Windows Server 2022,File Server,14.14,51.61,48.39,50.6,49.4,99.8737,0,Healthy
2026-04-04T08:00,2026-04-04,2026-04,NSS-MON01,Ubuntu 24.04,Monitoring Server,11.64,37.65,62.35,61.95,38.05,99.8569,0,Healthy
2026-04-19T17:00,2026-04-19,2026-04,NSS-LINUX-DB01,Rocky Linux 9,Database Server,19.62,52.81,47.19,85.6,14.4,99.9107,1,Warning
2026-03-09T05:00,2026-03-09,2026-03,NSS-DC01,Windows Server 2022,Domain Controller,47.15,60.41,39.59,72.11,27.89,99.9128,0,Healthy
2026-02-10T08:00,2026-02-10,2026-02,NSS-LINUX-DB01,Rocky Linux 9,Database Server,21.24,55.56,44.44,65.39,34.61,99.7762,0,Healthy
2026-01-09T10:00,2026-01-09,2026-01,NSS-MON01,Ubuntu 24.04,Monitoring Server,40.04,69.92,30.08,63.77,36.23,99.9829,0,Healthy
2026-02-26T11:00,2026-02-26,2026-02,NSS-LINUX-APP01,Ubuntu 24.04,Application Server,32.54,81.32,18.68,42.36,57.64,99.8761,0,Warning
2026-07-14T11:00,2026-07-14,2026-07,NSS-DC01,Windows Server 2022,Domain Controller,14.67,41.77,58.23,25.69,74.31,99.7609,0,Healthy
2026-05-16T05:00,2026-05-16,2026-05,NSS-LINUX-APP01,Ubuntu 24.04,Application Server,30.27,56.83,43.17,80.84,19.16,99.959,0,Warning
2026-01-26T19:00,2026-01-26,2026-01,NSS-FILE01,Windows Server 2022,File Server,23.59,37.62,62.38,59.48,40.52,99.7769,0,Healthy
2026-01-23T09:00,2026-01-23,2026-01,NSS-APP01,Windows Server 2022,Application Server,28.35,46.36,53.64,74.58,25.42,99.861,0,Healthy
2026-03-10T15:00,2026-03-10,2026-03,NSS-APP01,Windows Server 2022,Application Server,43.25,95.03,4.97,56.64,43.36,99.927,1,Critical
2026-03-23T13:00,2026-03-23,2026-03,NSS-LINUX-DB01,Rocky Linux 9,Database Server,38.49,33.6,66.4,42.68,57.32,99.9837,0,Healthy
2026-03-06T22:00,2026-03-06,2026-03,NSS-DC01,Windows Server 2022,Domain Controller,2.46,73.98,26.02,55.56,44.44,99.963,0,Healthy
2026-03-13T14:00,2026-03-13,2026-03,NSS-MON01,Ubuntu 24.04,Monitoring Server,9.66,43.32,56.68,43.7,56.3,99.9063,0,Healthy
2026-03-30T04:00,2026-03-30,2026-03,NSS-FILE01,Windows Server 2022,File Server,13.48,36.27,63.73,64.33,35.67,99.9547,0,Healthy
2026-01-28T21:00,2026-01-28,2026-01,NSS-LINUX-DB01,Rocky Linux 9,Database Server,23.6,79.13,20.87,63.55,36.45,99.9,0,Healthy
2026-02-21T18:00,2026-02-21,2026-02,NSS-DC02,Windows Server 2022,Domain Controller,29.85,53.44,46.56,58.37,41.63,99.8288,0,Healthy
2026-03-16T07:00,2026-03-16,2026-03,NSS-DC01,Windows Server 2022,Domain Controller,34.83,77.94,22.06,66.05,33.95,99.846,0,Healthy
2026-01-24T14:00,2026-01-24,2026-01,NSS-LINUX-DB01,Rocky Linux 9,Database Server,16.88,36.22,63.78,41.05,58.95,99.8978,0,Healthy
2026-05-07T01:00,2026-05-07,2026-05,NSS-FILE01,Windows Server 2022,File Server,42.19,61.06,38.94,46.91,53.09,99.9315,0,Healthy
2026-07-20T19:00,2026-07-20,2026-07,NSS-APP01,Windows Server 2022,Application Server,5.59,79.27,20.73,83.05,16.95,99.9748,0,Warning
2026-01-25T19:00,2026-01-25,2026-01,NSS-FILE01,Windows Server 2022,File Server,4.33,49.09,50.91,71.86,28.14,99.9372,0,Healthy
2026-05-17T03:00,2026-05-17,2026-05,NSS-FILE01,Windows Server 2022,File Server,34.28,40.43,59.57,58.11,41.89,99.7933,0,Healthy
2026-06-19T09:00,2026-06-19,2026-06,NSS-APP01,Windows Server 2022,Application Server,46.38,47.04,52.96,54.76,45.24,99.7949,0,Healthy
2026-04-03T21:00,2026-04-03,2026-04,NSS-LINUX-APP01,Ubuntu 24.04,Application Server,48.49,64.83,35.17,61.06,38.94,99.9097,0,Healthy
2026-04-17T14:00,2026-04-17,2026-04,NSS-DC01,Windows Server 2022,Domain Controller,41.81,56.43,43.57,68.86,31.14,99.827,0,Healthy
2026-07-24T23:00,2026-07-24,2026-07,NSS-APP01,Windows Server 2022,Application Server,33.63,45.08,54.92,45.67,54.33,99.9045,0,Healthy
2026-07-28T04:00,2026-07-28,2026-07,NSS-LINUX-DB01,Rocky Linux 9,Database Server,36.06,63.0,37.0,59.79,40.21,99.8791,0,Healthy
2026-05-15T09:00,2026-05-15,2026-05,NSS-FILE01,Windows Server 2022,File Server,15.25,23.08,76.92,69.0,31.0,99.9365,0,Healthy
2026-01-23T17:00,2026-01-23,2026-01,NSS-FILE01,Windows Server 2022,File Server,34.94,24.23,75.77,57.31,42.69,99.9611,0,Healthy
2026-02-28T19:00,2026-02-28,2026-02,NSS-FILE01,Windows Server 2022,File Server,12.17,64.47,35.53,56.93,43.07,99.9237,0,Healthy
2026-06-16T11:00,2026-06-16,2026-06,NSS-DC01,Windows Server 2022,Domain Controller,23.22,39.78,60.22,68.12,31.88,99.9255,0,Healthy
2026-06-27T07:00,2026-06-27,2026-06,NSS-LINUX-DB01,Rocky Linux 9,Database Server,16.59,67.3,32.7,65.47,34.53,99.8839,0,Healthy
2026-03-04T13:00,2026-03-04,2026-03,NSS-DC02,Windows Server 2022,Domain Controller,26.67,68.32,31.68,65.11,34.89,99.7857,0,Healthy
2026-07-29T00:00,2026-07-29,2026-07,NSS-APP01,Windows Server 2022,Application Server,41.57,78.15,21.85,66.41,33.59,99.9067,0,Healthy
2026-01-22T07:00,2026-01-22,2026-01,NSS-MON01,Ubuntu 24.04,Monitoring Server,10.63,66.05,33.95,44.68,55.32,99.9309,0,Healthy
2026-06-01T19:00,2026-06-01,2026-06,NSS-LINUX-DB01,Rocky Linux 9,Database Server,39.08,64.84,35.16,55.61,44.39,99.9735,0,Healthy
2026-04-12T10:00,2026-04-12,2026-04,NSS-LINUX-APP01,Ubuntu 24.04,Application Server,10.02,42.2,57.8,41.41,58.59,99.9312,0,Healthy
2026-01-31T20:00,2026-01-31,2026-01,NSS-LINUX-APP01,Ubuntu 24.04,Application Server,41.8,49.16,50.84,66.65,33.35,99.9093,0,Healthy
2026-03-14T04:00,2026-03-14,2026-03,NSS-FILE01,Windows Server 2022,File Server,26.06,36.34,63.66,50.28,49.72,99.9063,0,Healthy
2026-01-09T14:00,2026-01-09,2026-01,NSS-MON01,Ubuntu 24.04,Monitoring Server,39.4,62.76,37.24,76.18,23.82,99.8286,0,Healthy
2026-01-20T16:00,2026-01-20,2026-01,NSS-LINUX-APP01,Ubuntu 24.04,Application Server,3.51,33.02,66.98,60.14,39.86,99.8733,0,Healthy
2026-01-31T15:00,2026-01-31,2026-01,NSS-LINUX-DB01,Rocky Linux 9,Database Server,2.85,67.67,32.33,60.13,39.87,99.8519,0,Healthy
2026-07-12T12:00,2026-07-12,2026-07,NSS-FILE01,Windows Server 2022,File Server,8.31,30.91,69.09,36.77,63.23,99.9208,0,Healthy
2026-03-03T01:00,2026-03-03,2026-03,NSS-MON01,Ubuntu 24.04,Monitoring Server,27.75,68.62,31.38,55.0,45.0,99.8052,0,Healthy
2026-07-19T23:00,2026-07-19,2026-07,NSS-APP01,Windows Server 2022,Application Server,31.73,48.64,51.36,35.03,64.97,99.9586,0,Healthy
2026-01-17T15:00,2026-01-17,2026-01,NSS-DC02,Windows Server 2022,Domain Controller,38.26,80.79,19.21,71.37,28.63,99.7573,0,Warning
2026-02-21T17:00,2026-02-21,2026-02,NSS-DC02,Windows Server 2022,Domain Controller,7.11,41.36,58.64,62.99,37.01,99.7885,0,Healthy
2026-03-02T13:00,2026-03-02,2026-03,NSS-FILE01,Windows Server 2022,File Server,13.62,59.39,40.61,45.65,54.35,99.7803,0,Healthy
2026-03-17T08:00,2026-03-17,2026-03,NSS-DC01,Windows Server 2022,Domain Controller,38.72,73.17,26.83,78.99,21.01,99.8607,0,Healthy
2026-05-25T03:00,2026-05-25,2026-05,NSS-FILE01,Windows Server 2022,File Server,23.41,66.56,33.44,39.96,60.04,99.8076,0,Healthy
2026-03-03T02:00,2026-03-03,2026-03,NSS-LINUX-DB01,Rocky Linux 9,Database Server,13.71,51.09,48.91,54.45,45.55,99.7723,0,Healthy
2026-01-10T11:00,2026-01-10,2026-01,NSS-LINUX-APP01,Ubuntu 24.04,Application Server,5.59,84.81,15.19,53.73,46.27,99.8504,0,Warning
2026-06-22T20:00,2026-06-22,2026-06,NSS-MON01,Ubuntu 24.04,Monitoring Server,47.4,63.3,36.7,71.0,29.0,99.9442,0,Healthy
2026-02-16T12:00,2026-02-16,2026-02,NSS-DC01,Windows Server 2022,Domain Controller,32.87,17.47,82.53,71.34,28.66,99.982,0,Healthy
2026-04-19T04:00,2026-04-19,2026-04,NSS-APP01,Windows Server 2022,Application Server,39.62,39.5,60.5,61.34,38.66,99.9583,0,Healthy
2026-01-04T07:00,2026-01-04,2026-01,NSS-LINUX-DB01,Rocky Linux 9,Database Server,46.52,64.08,35.92,53.96,46.04,99.916,0,Healthy
2026-04-11T20:00,2026-04-11,2026-04,NSS-FILE01,Windows Server 2022,File Server,38.55,69.32,30.68,80.53,19.47,99.8832,0,Warning
2026-04-24T07:00,2026-04-24,2026-04,NSS-FILE01,Windows Server 2022,File Server,2.0,43.64,56.36,67.18,32.82,99.8683,0,Healthy
2026-07-19T02:00,2026-07-19,2026-07,NSS-DC02,Windows Server 2022,Domain Controller,36.74,51.62,48.38,47.58,52.42,99.8679,0,Healthy
2026-06-04T08:00,2026-06-04,2026-06,NSS-MON01,Ubuntu 24.04,Monitoring Server,24.78,38.14,61.86,74.25,25.75,99.9094,0,Healthy
2026-07-20T16:00,2026-07-20,2026-07,NSS-LINUX-DB01,Rocky Linux 9,Database Server,31.83,40.6,59.4,52.16,47.84,99.9585,0,Healthy
2026-05-16T02:00,2026-05-16,2026-05,NSS-LINUX-DB01,Rocky Linux 9,Database Server,18.5,69.79,30.21,50.84,49.16,99.7805,0,Healthy
2026-03-05T04:00,2026-03-05,2026-03,NSS-DC02,Windows Server 2022,Domain Controller,33.47,57.77,42.23,63.19,36.81,99.7615,0,Healthy
2026-04-11T06:00,2026-04-11,2026-04,NSS-LINUX-DB01,Rocky Linux 9,Database Server,18.77,59.77,40.23,36.76,63.24,99.8512,0,Healthy
2026-02-01T08:00,2026-02-01,2026-02,NSS-APP01,Windows Server 2022,Application Server,62.7,51.08,48.92,54.69,45.31,99.8441,0,Healthy
2026-05-07T22:00,2026-05-07,2026-05,NSS-LINUX-APP01,Ubuntu 24.04,Application Server,15.24,51.0,49.0,61.8,38.2,99.9326,0,Healthy
2026-03-05T03:00,2026-03-05,2026-03,NSS-DC01,Windows Server 2022,Domain Controller,35.65,56.9,43.1,59.36,40.64,99.8992,0,Healthy
2026-07-25T13:00,2026-07-25,2026-07,NSS-DC01,Windows Server 2022,Domain Controller,29.37,67.48,32.52,54.95,45.05,99.7666,0,Healthy
2026-06-22T22:00,2026-06-22,2026-06,NSS-DC02,Windows Server 2022,Domain Controller,20.32,56.64,43.36,69.33,30.67,99.916,0,Healthy
2026-03-08T14:00,2026-03-08,2026-03,NSS-APP01,Windows Server 2022,Application Server,23.81,48.42,51.58,57.88,42.12,99.9946,0,Healthy
2026-02-02T04:00,2026-02-02,2026-02,NSS-LINUX-APP01,Ubuntu 24.04,Application Server,2.0,42.69,57.31,54.25,45.75,99.7787,0,Healthy
2026-02-09T14:00,2026-02-09,2026-02,NSS-APP01,Windows Server 2022,Application Server,23.37,55.09,44.91,36.67,63.33,99.8334,0,Healthy
2026-05-31T08:00,2026-05-31,2026-05,NSS-LINUX-DB01,Rocky Linux 9,Database Server,10.16,36.49,63.51,56.65,43.35,99.9559,0,Healthy
2026-06-14T04:00,2026-06-14,2026-06,NSS-FILE01,Windows Server 2022,File Server,35.5,53.23,46.77,73.01,26.99,99.9959,0,Healthy
2026-03-31T19:00,2026-03-31,2026-03,NSS-FILE01,Windows Server 2022,File Server,26.17,53.66,46.34,48.97,51.03,99.959,0,Healthy
2026-02-16T09:00,2026-02-16,2026-02,NSS-DC01,Windows Server 2022,Domain Controller,69.52,42.37,57.63,69.0,31.0,99.7864,0,Healthy
2026-05-02T07:00,2026-05-02,2026-05,NSS-DC01,Windows Server 2022,Domain Controller,29.63,78.27,21.73,66.65,33.35,99.8058,0,Healthy
2026-05-29T13:00,2026-05-29,2026-05,NSS-FILE01,Windows Server 2022,File Server,25.66,53.32,46.68,40.8,59.2,99.9728,0,Healthy
2026-06-09T07:00,2026-06-09,2026-06,NSS-LINUX-APP01,Ubuntu 24.04,Application Server,25.92,70.64,29.36,50.12,49.88,99.9686,0,Healthy
2026-03-06T19:00,2026-03-06,2026-03,NSS-LINUX-APP01,Ubuntu 24.04,Application Server,26.56,61.63,38.37,68.02,31.98,99.81,0,Healthy
2026-02-15T12:00,2026-02-15,2026-02,NSS-FILE01,Windows Server 2022,File Server,30.73,72.09,27.91,61.51,38.49,99.7837,0,Healthy
2026-02-27T06:00,2026-02-27,2026-02,NSS-LINUX-DB01,Rocky Linux 9,Database Server,37.04,23.97,76.03,70.28,29.72,99.992,0,Healthy
2026-04-15T09:00,2026-04-15,2026-04,NSS-DC01,Windows Server 2022,Domain Controller,38.75,41.68,58.32,75.52,24.48,99.9461,0,Healthy
2026-06-30T03:00,2026-06-30,2026-06,NSS-APP01,Windows Server 2022,Application Server,30.3,37.81,62.19,45.74,54.26,99.8377,0,Healthy
2026-01-31T23:00,2026-01-31,2026-01,NSS-DC01,Windows Server 2022,Domain Controller,26.12,46.86,53.14,74.79,25.21,99.9908,0,Healthy
2026-05-07T19:00,2026-05-07,2026-05,NSS-LINUX-DB01,Rocky Linux 9,Database Server,7.4,37.48,62.52,25.36,74.64,99.7807,0,Healthy
2026-06-14T15:00,2026-06-14,2026-06,NSS-LINUX-DB01,Rocky Linux 9,Database Server,25.27,78.83,21.17,68.63,31.37,99.7602,0,Healthy
2026-02-24T17:00,2026-02-24,2026-02,NSS-FILE01,Windows Server 2022,File Server,13.99,47.21,52.79,62.63,37.37,99.8425,0,Healthy
2026-03-20T21:00,2026-03-20,2026-03,NSS-DC01,Windows Server 2022,Domain Controller,34.81,77.38,22.62,64.14,35.86,99.922,0,Healthy
2026-01-16T04:00,2026-01-16,2026-01,NSS-FILE01,Windows Server 2022,File Server,36.32,64.17,35.83,34.52,65.48,99.7804,0,Healthy
2026-04-29T23:00,2026-04-29,2026-04,NSS-LINUX-DB01,Rocky Linux 9,Database Server,21.96,41.68,58.32,45.61,54.39,99.8158,0,Healthy
2026-02-15T22:00,2026-02-15,2026-02,NSS-FILE01,Windows Server 2022,File Server,25.93,46.81,53.19,52.27,47.73,99.9119,0,Healthy
2026-07-03T02:00,2026-07-03,2026-07,NSS-FILE01,Windows Server 2022,File Server,3.13,36.13,63.87,71.28,28.72,99.7915,0,Healthy
2026-03-12T19:00,2026-03-12,2026-03,NSS-DC01,Windows Server 2022,Domain Controller,12.26,47.38,52.62,55.68,44.32,99.9957,0,Healthy
2026-01-24T17:00,2026-01-24,2026-01,NSS-DC01,Windows Server 2022,Domain Controller,22.21,48.95,51.05,76.66,23.34,99.882,0,Healthy
2026-06-09T00:00,2026-06-09,2026-06,NSS-LINUX-APP01,Ubuntu 24.04,Application Server,33.46,55.01,44.99,60.07,39.93,99.8581,0,Healthy
2026-06-19T18:00,2026-06-19,2026-06,NSS-LINUX-APP01,Ubuntu 24.04,Application Server,37.26,69.06,30.94,41.96,58.04,99.785,0,Healthy
2026-01-16T02:00,2026-01-16,2026-01,NSS-LINUX-DB01,Rocky Linux 9,Database Server,16.5,72.65,27.35,67.23,32.77,99.9337,0,Healthy
2026-04-23T06:00,2026-04-23,2026-04,NSS-DC02,Windows Server 2022,Domain Controller,31.79,40.07,59.93,47.74,52.26,99.82,0,Healthy
2026-04-06T22:00,2026-04-06,2026-04,NSS-APP01,Windows Server 2022,Application Server,19.43,29.39,70.61,82.61,17.39,99.9502,0,Warning
2026-05-18T15:00,2026-05-18,2026-05,NSS-LINUX-APP01,Ubuntu 24.04,Application Server,13.99,53.46,46.54,75.3,24.7,99.9938,0,Healthy
2026-06-25T21:00,2026-06-25,2026-06,NSS-FILE01,Windows Server 2022,File Server,28.54,33.89,66.11,64.66,35.34,99.9986,0,Healthy
2026-03-31T06:00,2026-03-31,2026-03,NSS-MON01,Ubuntu 24.04,Monitoring Server,2.0,44.99,55.01,66.39,33.61,99.9995,0,Healthy
2026-01-03T00:00,2026-01-03,2026-01,NSS-MON01,Ubuntu 24.04,Monitoring Server,50.8,36.42,63.58,52.45,47.55,99.9766,0,Healthy
2026-01-30T20:00,2026-01-30,2026-01,NSS-DC01,Windows Server 2022,Domain Controller,16.83,63.35,36.65,81.32,18.68,99.8387,0,Warning
2026-01-04T12:00,2026-01-04,2026-01,NSS-APP01,Windows Server 2022,Application Server,17.64,76.75,23.25,89.43,10.57,99.9217,1,Warning
2026-02-28T19:00,2026-02-28,2026-02,NSS-DC02,Windows Server 2022,Domain Controller,37.25,49.82,50.18,75.73,24.27,99.982,0,Healthy
2026-05-11T09:00,2026-05-11,2026-05,NSS-DC02,Windows Server 2022,Domain Controller,20.73,56.7,43.3,75.1,24.9,99.9206,0,Healthy
2026-02-25T22:00,2026-02-25,2026-02,NSS-DC02,Windows Server 2022,Domain Controller,32.36,67.16,32.84,57.55,42.45,99.7644,0,Healthy
2026-01-15T11:00,2026-01-15,2026-01,NSS-APP01,Windows Server 2022,Application Server,29.67,47.94,52.06,65.5,34.5,99.7618,0,Healthy
2026-04-18T07:00,2026-04-18,2026-04,NSS-LINUX-DB01,Rocky Linux 9,Database Server,28.3,54.25,45.75,43.8,56.2,99.8911,0,Healthy
2026-07-25T10:00,2026-07-25,2026-07,NSS-DC01,Windows Server 2022,Domain Controller,43.94,69.3,30.7,59.56,40.44,99.9899,0,Healthy
2026-02-06T03:00,2026-02-06,2026-02,NSS-DC02,Windows Server 2022,Domain Controller,37.58,51.52,48.48,71.81,28.19,99.8826,0,Healthy
2026-03-16T01:00,2026-03-16,2026-03,NSS-FILE01,Windows Server 2022,File Server,17.63,43.4,56.6,59.4,40.6,99.7746,0,Healthy
2026-04-29T06:00,2026-04-29,2026-04,NSS-MON01,Ubuntu 24.04,Monitoring Server,14.78,67.82,32.18,78.15,21.85,99.9269,0,Healthy
2026-07-30T00:00,2026-07-30,2026-07,NSS-MON01,Ubuntu 24.04,Monitoring Server,28.74,52.07,47.93,49.1,50.9,99.8675,0,Healthy
2026-04-26T14:00,2026-04-26,2026-04,NSS-APP01,Windows Server 2022,Application Server,51.78,40.71,59.29,38.01,61.99,99.9648,0,Healthy
2026-03-01T14:00,2026-03-01,2026-03,NSS-MON01,Ubuntu 24.04,Monitoring Server,2.0,54.03,45.97,39.32,60.68,99.7889,0,Healthy
2026-05-19T03:00,2026-05-19,2026-05,NSS-LINUX-APP01,Ubuntu 24.04,Application Server,22.55,55.65,44.35,51.95,48.05,99.7688,0,Healthy
2026-03-21T15:00,2026-03-21,2026-03,NSS-LINUX-DB01,Rocky Linux 9,Database Server,10.88,77.21,22.79,50.69,49.31,99.8859,0,Healthy
2026-05-01T20:00,2026-05-01,2026-05,NSS-LINUX-APP01,Ubuntu 24.04,Application Server,12.6,69.44,30.56,76.83,23.17,99.8306,0,Healthy
2026-07-03T15:00,2026-07-03,2026-07,NSS-DC02,Windows Server 2022,Domain Controller,22.54,60.69,39.31,81.26,18.74,99.8647,0,Warning
2026-06-22T15:00,2026-06-22,2026-06,NSS-DC02,Windows Server 2022,Domain Controller,57.52,71.88,28.12,50.65,49.35,99.929,0,Healthy
2026-06-01T01:00,2026-06-01,2026-06,NSS-LINUX-APP01,Ubuntu 24.04,Application Server,14.57,47.77,52.23,54.19,45.81,99.7783,0,Healthy
2026-02-17T14:00,2026-02-17,2026-02,NSS-FILE01,Windows Server 2022,File Server,14.35,73.63,26.37,62.01,37.99,99.8443,0,Healthy
2026-06-17T06:00,2026-06-17,2026-06,NSS-MON01,Ubuntu 24.04,Monitoring Server,11.76,56.51,43.49,59.13,40.87,99.7529,0,Healthy
2026-02-17T17:00,2026-02-17,2026-02,NSS-LINUX-APP01,Ubuntu 24.04,Application Server,16.5,69.91,30.09,42.33,57.67,99.7708,0,Healthy
2026-04-14T12:00,2026-04-14,2026-04,NSS-MON01,Ubuntu 24.04,Monitoring Server,14.54,63.34,36.66,47.68,52.32,99.9717,0,Healthy
2026-04-06T23:00,2026-04-06,2026-04,NSS-LINUX-DB01,Rocky Linux 9,Database Server,40.67,70.07,29.93,48.88,51.12,99.7785,0,Healthy
2026-05-23T10:00,2026-05-23,2026-05,NSS-FILE01,Windows Server 2022,File Server,38.26,51.51,48.49,79.08,20.92,99.8336,0,Healthy
2026-05-12T07:00,2026-05-12,2026-05,NSS-LINUX-APP01,Ubuntu 24.04,Application Server,40.26,35.05,64.95,20.05,79.95,99.9397,0,Healthy
2026-05-08T05:00,2026-05-08,2026-05,NSS-LINUX-APP01,Ubuntu 24.04,Application Server,37.32,78.69,21.31,30.82,69.18,99.8178,0,Healthy
2026-06-07T22:00,2026-06-07,2026-06,NSS-LINUX-DB01,Rocky Linux 9,Database Server,30.91,59.85,40.15,62.44,37.56,99.9438,0,Healthy
2026-06-27T14:00,2026-06-27,2026-06,NSS-FILE01,Windows Server 2022,File Server,23.37,53.69,46.31,53.25,46.75,99.8731,0,Healthy
2026-03-27T20:00,2026-03-27,2026-03,NSS-DC01,Windows Server 2022,Domain Controller,15.41,56.23,43.77,35.3,64.7,99.945,0,Healthy
2026-04-18T14:00,2026-04-18,2026-04,NSS-LINUX-DB01,Rocky Linux 9,Database Server,30.51,51.85,48.15,43.74,56.26,99.7732,0,Healthy
2026-07-01T20:00,2026-07-01,2026-07,NSS-LINUX-DB01,Rocky Linux 9,Database Server,18.34,45.2,54.8,89.12,10.88,99.8944,1,Warning
2026-02-03T15:00,2026-02-03,2026-02,NSS-LINUX-APP01,Ubuntu 24.04,Application Server,43.57,43.12,56.88,53.11,46.89,99.9949,0,Healthy
2026-05-07T11:00,2026-05-07,2026-05,NSS-DC01,Windows Server 2022,Domain Controller,32.4,44.84,55.16,62.79,37.21,99.994,0,Healthy
2026-02-13T17:00,2026-02-13,2026-02,NSS-LINUX-DB01,Rocky Linux 9,Database Server,42.05,45.37,54.63,76.27,23.73,99.9277,0,Healthy
2026-06-26T06:00,2026-06-26,2026-06,NSS-DC02,Windows Server 2022,Domain Controller,5.93,65.0,35.0,61.68,38.32,99.9683,0,Healthy
2026-05-27T12:00,2026-05-27,2026-05,NSS-LINUX-DB01,Rocky Linux 9,Database Server,2.0,49.32,50.68,34.63,65.37,99.8246,0,Healthy
2026-02-21T00:00,2026-02-21,2026-02,NSS-LINUX-DB01,Rocky Linux 9,Database Server,26.41,51.96,48.04,43.15,56.85,99.9025,0,Healthy
2026-01-22T02:00,2026-01-22,2026-01,NSS-DC01,Windows Server 2022,Domain Controller,13.63,67.21,32.79,50.86,49.14,99.9605,0,Healthy
2026-03-30T20:00,2026-03-30,2026-03,NSS-LINUX-DB01,Rocky Linux 9,Database Server,15.5,52.08,47.92,71.41,28.59,99.7783,0,Healthy
2026-06-24T05:00,2026-06-24,2026-06,NSS-DC02,Windows Server 2022,Domain Controller,2.0,45.89,54.11,61.02,38.98,99.8053,0,Healthy
2026-01-23T00:00,2026-01-23,2026-01,NSS-LINUX-APP01,Ubuntu 24.04,Application Server,19.41,95.9,4.1,48.67,51.33,99.8008,1,Critical
2026-06-14T12:00,2026-06-14,2026-06,NSS-APP01,Windows Server 2022,Application Server,16.11,38.15,61.85,40.69,59.31,99.912,0,Healthy
2026-02-23T02:00,2026-02-23,2026-02,NSS-LINUX-APP01,Ubuntu 24.04,Application Server,34.46,53.94,46.06,54.19,45.81,99.7644,0,Healthy
2026-02-26T17:00,2026-02-26,2026-02,NSS-APP01,Windows Server 2022,Application Server,27.59,59.65,40.35,74.34,25.66,99.9291,0,Healthy
2026-03-28T22:00,2026-03-28,2026-03,NSS-FILE01,Windows Server 2022,File Server,7.61,39.14,60.86,46.82,53.18,99.9436,0,Healthy
2026-01-15T01:00,2026-01-15,2026-01,NSS-FILE01,Windows Server 2022,File Server,34.0,64.09,35.91,63.05,36.95,99.9212,0,Healthy
2026-01-27T18:00,2026-01-27,2026-01,NSS-APP01,Windows Server 2022,Application Server,15.76,64.56,35.44,58.81,41.19,99.943,0,Healthy
2026-06-18T22:00,2026-06-18,2026-06,NSS-LINUX-DB01,Rocky Linux 9,Database Server,32.07,45.98,54.02,65.98,34.02,99.9211,0,Healthy
2026-06-06T19:00,2026-06-06,2026-06,NSS-MON01,Ubuntu 24.04,Monitoring Server,19.32,37.92,62.08,45.31,54.69,99.7777,0,Healthy
2026-06-14T21:00,2026-06-14,2026-06,NSS-FILE01,Windows Server 2022,File Server,3.18,33.79,66.21,57.93,42.07,99.8479,0,Healthy
2026-01-24T12:00,2026-01-24,2026-01,NSS-FILE01,Windows Server 2022,File Server,18.27,41.02,58.98,75.2,24.8,99.9471,0,Healthy
2026-04-21T14:00,2026-04-21,2026-04,NSS-DC02,Windows Server 2022,Domain Controller,30.43,56.21,43.79,66.26,33.74,99.8643,0,Healthy
2026-01-18T17:00,2026-01-18,2026-01,NSS-APP01,Windows Server 2022,Application Server,23.99,62.29,37.71,62.93,37.07,99.8819,0,Healthy
2026-06-27T18:00,2026-06-27,2026-06,NSS-APP01,Windows Server 2022,Application Server,24.18,52.63,47.37,53.01,46.99,99.962,0,Healthy
2026-03-23T14:00,2026-03-23,2026-03,NSS-FILE01,Windows Server 2022,File Server,27.0,42.31,57.69,72.75,27.25,99.7937,0,Healthy
2026-01-29T01:00,2026-01-29,2026-01,NSS-APP01,Windows Server 2022,Application Server,6.56,60.26,39.74,35.31,64.69,99.7684,0,Healthy
2026-06-09T20:00,2026-06-09,2026-06,NSS-LINUX-APP01,Ubuntu 24.04,Application Server,38.47,56.7,43.3,83.73,16.27,99.8105,0,Warning
2026-01-04T11:00,2026-01-04,2026-01,NSS-DC02,Windows Server 2022,Domain Controller,18.1,78.31,21.69,53.44,46.56,99.7815,0,Healthy
2026-05-18T13:00,2026-05-18,2026-05,NSS-FILE01,Windows Server 2022,File Server,49.64,49.73,50.27,66.04,33.96,99.7916,0,Healthy
2026-06-18T23:00,2026-06-18,2026-06,NSS-DC01,Windows Server 2022,Domain Controller,39.67,58.04,41.96,62.64,37.36,99.9077,0,Healthy
2026-07-27T04:00,2026-07-27,2026-07,NSS-MON01,Ubuntu 24.04,Monitoring Server,39.71,53.63,46.37,75.65,24.35,99.767,0,Healthy
2026-06-15T06:00,2026-06-15,2026-06,NSS-DC02,Windows Server 2022,Domain Controller,14.74,63.6,36.4,73.25,26.75,99.8523,0,Healthy
2026-04-27T16:00,2026-04-27,2026-04,NSS-FILE01,Windows Server 2022,File Server,36.19,63.28,36.72,46.32,53.68,99.9106,0,Healthy
2026-07-25T14:00,2026-07-25,2026-07,NSS-DC02,Windows Server 2022,Domain Controller,23.25,39.0,61.0,43.45,56.55,99.9568,0,Healthy
2026-05-02T06:00,2026-05-02,2026-05,NSS-APP01,Windows Server 2022,Application Server,20.44,62.85,37.15,67.02,32.98,99.8985,0,Healthy
2026-02-24T05:00,2026-02-24,2026-02,NSS-LINUX-DB01,Rocky Linux 9,Database Server,16.04,55.13,44.87,59.84,40.16,99.9495,0,Healthy
2026-05-26T10:00,2026-05-26,2026-05,NSS-APP01,Windows Server 2022,Application Server,27.13,47.69,52.31,86.74,13.26,99.8383,1,Warning
2026-07-14T07:00,2026-07-14,2026-07,NSS-FILE01,Windows Server 2022,File Server,18.81,59.8,40.2,49.76,50.24,99.9529,0,Healthy
2026-06-05T20:00,2026-06-05,2026-06,NSS-LINUX-APP01,Ubuntu 24.04,Application Server,28.88,27.54,72.46,64.05,35.95,99.7952,0,Healthy
2026-01-25T04:00,2026-01-25,2026-01,NSS-FILE01,Windows Server 2022,File Server,9.19,40.31,59.69,54.65,45.35,99.8426,0,Healthy
2026-04-14T18:00,2026-04-14,2026-04,NSS-LINUX-APP01,Ubuntu 24.04,Application Server,39.87,69.65,30.35,60.68,39.32,99.861,0,Healthy
2026-03-12T07:00,2026-03-12,2026-03,NSS-LINUX-DB01,Rocky Linux 9,Database Server,2.0,54.36,45.64,48.63,51.37,99.8705,0,Healthy
2026-07-28T22:00,2026-07-28,2026-07,NSS-MON01,Ubuntu 24.04,Monitoring Server,32.48,54.22,45.78,45.54,54.46,99.9758,0,Healthy
2026-01-24T20:00,2026-01-24,2026-01,NSS-DC02,Windows Server 2022,Domain Controller,48.84,59.33,40.67,68.22,31.78,99.7921,0,Healthy
2026-05-22T03:00,2026-05-22,2026-05,NSS-DC01,Windows Server 2022,Domain Controller,33.01,45.47,54.53,86.54,13.46,99.8157,1,Warning
2026-03-18T15:00,2026-03-18,2026-03,NSS-DC02,Windows Server 2022,Domain Controller,35.28,48.77,51.23,56.94,43.06,99.8612,0,Healthy
2026-05-25T11:00,2026-05-25,2026-05,NSS-LINUX-APP01,Ubuntu 24.04,Application Server,52.38,70.62,29.38,64.46,35.54,99.8305,0,Healthy
2026-01-13T01:00,2026-01-13,2026-01,NSS-DC01,Windows Server 2022,Domain Controller,12.54,46.37,53.63,45.11,54.89,99.9228,0,Healthy
2026-07-11T19:00,2026-07-11,2026-07,NSS-DC02,Windows Server 2022,Domain Controller,13.39,68.3,31.7,69.43,30.57,99.9632,0,Healthy
2026-06-25T18:00,2026-06-25,2026-06,NSS-DC01,Windows Server 2022,Domain Controller,36.68,35.77,64.23,54.9,45.1,99.9965,0,Healthy
2026-07-03T08:00,2026-07-03,2026-07,NSS-MON01,Ubuntu 24.04,Monitoring Server,21.73,55.39,44.61,59.08,40.92,99.9367,0,Healthy
2026-07-22T09:00,2026-07-22,2026-07,NSS-FILE01,Windows Server 2022,File Server,26.99,37.61,62.39,68.27,31.73,99.7596,0,Healthy
2026-01-29T22:00,2026-01-29,2026-01,NSS-LINUX-DB01,Rocky Linux 9,Database Server,43.14,58.03,41.97,37.54,62.46,99.9303,0,Healthy
2026-07-22T00:00,2026-07-22,2026-07,NSS-DC02,Windows Server 2022,Domain Controller,26.68,87.69,12.31,66.99,33.01,99.8146,0,Warning
2026-06-18T00:00,2026-06-18,2026-06,NSS-LINUX-DB01,Rocky Linux 9,Database Server,30.5,42.74,57.26,56.38,43.62,99.8338,0,Healthy
2026-02-16T23:00,2026-02-16,2026-02,NSS-DC01,Windows Server 2022,Domain Controller,27.51,27.11,72.89,54.04,45.96,99.9203,0,Healthy
2026-07-25T18:00,2026-07-25,2026-07,NSS-APP01,Windows Server 2022,Application Server,26.5,52.01,47.99,49.21,50.79,99.8798,0,Healthy
2026-03-29T03:00,2026-03-29,2026-03,NSS-FILE01,Windows Server 2022,File Server,24.75,33.6,66.4,63.25,36.75,99.9702,0,Healthy
2026-04-01T12:00,2026-04-01,2026-04,NSS-MON01,Ubuntu 24.04,Monitoring Server,43.57,58.6,41.4,66.5,33.5,99.8613,0,Healthy
2026-01-07T15:00,2026-01-07,2026-01,NSS-FILE01,Windows Server 2022,File Server,2.0,43.44,56.56,55.65,44.35,99.8311,0,Healthy
2026-03-09T09:00,2026-03-09,2026-03,NSS-MON01,Ubuntu 24.04,Monitoring Server,4.26,70.09,29.91,69.33,30.67,99.8217,0,Healthy
2026-01-28T03:00,2026-01-28,2026-01,NSS-DC01,Windows Server 2022,Domain Controller,10.01,62.37,37.63,54.6,45.4,99.9638,0,Healthy
2026-02-14T23:00,2026-02-14,2026-02,NSS-FILE01,Windows Server 2022,File Server,3.86,48.28,51.72,70.65,29.35,99.945,0,Healthy
2026-05-26T20:00,2026-05-26,2026-05,NSS-DC02,Windows Server 2022,Domain Controller,30.4,67.92,32.08,64.96,35.04,99.7863,0,Healthy
2026-04-01T01:00,2026-04-01,2026-04,NSS-APP01,Windows Server 2022,Application Server,32.64,66.46,33.54,48.56,51.44,99.872,0,Healthy
2026-05-29T23:00,2026-05-29,2026-05,NSS-DC02,Windows Server 2022,Domain Controller,19.32,91.21,8.79,56.05,43.95,99.9079,1,Critical
2026-01-07T00:00,2026-01-07,2026-01,NSS-FILE01,Windows Server 2022,File Server,2.0,45.21,54.79,40.28,59.72,99.7606,0,Healthy
2026-05-18T21:00,2026-05-18,2026-05,NSS-FILE01,Windows Server 2022,File Server,36.51,43.68,56.32,43.77,56.23,99.8161,0,Healthy
2026-05-18T06:00,2026-05-18,2026-05,NSS-LINUX-DB01,Rocky Linux 9,Database Server,22.07,33.54,66.46,86.13,13.87,99.8614,1,Warning
2026-05-06T01:00,2026-05-06,2026-05,NSS-MON01,Ubuntu 24.04,Monitoring Server,28.39,63.64,36.36,28.54,71.46,99.805,0,Healthy
2026-01-15T20:00,2026-01-15,2026-01,NSS-DC01,Windows Server 2022,Domain Controller,17.88,66.08,33.92,56.91,43.09,99.9943,0,Healthy
2026-06-20T15:00,2026-06-20,2026-06,NSS-LINUX-APP01,Ubuntu 24.04,Application Server,10.84,25.28,74.72,74.92,25.08,99.8857,0,Healthy
2026-03-12T16:00,2026-03-12,2026-03,NSS-LINUX-APP01,Ubuntu 24.04,Application Server,28.94,64.43,35.57,69.45,30.55,99.9205,0,Healthy
2026-05-19T16:00,2026-05-19,2026-05,NSS-FILE01,Windows Server 2022,File Server,12.8,65.13,34.87,65.29,34.71,99.7891,0,Healthy
2026-02-17T17:00,2026-02-17,2026-02,NSS-DC01,Windows Server 2022,Domain Controller,24.75,58.59,41.41,52.2,47.8,99.7881,0,Healthy
2026-04-28T09:00,2026-04-28,2026-04,NSS-FILE01,Windows Server 2022,File Server,10.05,72.19,27.81,28.81,71.19,99.7585,0,Healthy
2026-05-08T10:00,2026-05-08,2026-05,NSS-FILE01,Windows Server 2022,File Server,20.06,57.91,42.09,66.56,33.44,99.9563,0,Healthy
2026-04-07T09:00,2026-04-07,2026-04,NSS-MON01,Ubuntu 24.04,Monitoring Server,38.07,36.15,63.85,71.75,28.25,99.8562,0,Healthy
2026-03-27T16:00,2026-03-27,2026-03,NSS-LINUX-DB01,Rocky Linux 9,Database Server,41.78,56.67,43.33,62.17,37.83,99.9466,0,Healthy
2026-06-14T07:00,2026-06-14,2026-06,NSS-APP01,Windows Server 2022,Application Server,31.9,62.14,37.86,77.56,22.44,99.9424,0,Healthy
2026-03-24T22:00,2026-03-24,2026-03,NSS-DC02,Windows Server 2022,Domain Controller,27.72,44.4,55.6,72.24,27.76,99.8285,0,Healthy
2026-04-14T09:00,2026-04-14,2026-04,NSS-LINUX-DB01,Rocky Linux 9,Database Server,41.61,66.53,33.47,78.02,21.98,99.888,0,Healthy
2026-05-01T09:00,2026-05-01,2026-05,NSS-FILE01,Windows Server 2022,File Server,30.09,54.3,45.7,50.63,49.37,99.9759,0,Healthy
2026-06-24T08:00,2026-06-24,2026-06,NSS-DC01,Windows Server 2022,Domain Controller,39.71,48.56,51.44,29.19,70.81,99.896,0,Healthy
2026-07-25T18:00,2026-07-25,2026-07,NSS-DC02,Windows Server 2022,Domain Controller,15.53,43.76,56.24,59.87,40.13,99.8142,0,Healthy
2026-04-06T19:00,2026-04-06,2026-04,NSS-LINUX-DB01,Rocky Linux 9,Database Server,44.54,76.45,23.55,40.74,59.26,99.7982,0,Healthy
2026-01-03T16:00,2026-01-03,2026-01,NSS-LINUX-APP01,Ubuntu 24.04,Application Server,29.54,42.58,57.42,73.53,26.47,99.8397,0,Healthy
2026-04-27T08:00,2026-04-27,2026-04,NSS-DC02,Windows Server 2022,Domain Controller,7.7,62.4,37.6,74.14,25.86,99.8177,0,Healthy
2026-02-28T00:00,2026-02-28,2026-02,NSS-FILE01,Windows Server 2022,File Server,33.13,62.44,37.56,62.94,37.06,99.97,0,Healthy
2026-03-22T12:00,2026-03-22,2026-03,NSS-DC02,Windows Server 2022,Domain Controller,51.85,59.55,40.45,69.96,30.04,99.8101,0,Healthy
2026-01-28T21:00,2026-01-28,2026-01,NSS-APP01,Windows Server 2022,Application Server,42.96,57.91,42.09,61.71,38.29,99.8386,0,Healthy
2026-05-17T02:00,2026-05-17,2026-05,NSS-FILE01,Windows Server 2022,File Server,48.28,36.79,63.21,47.7,52.3,99.9891,0,Healthy
2026-05-06T03:00,2026-05-06,2026-05,NSS-LINUX-APP01,Ubuntu 24.04,Application Server,20.1,47.54,52.46,59.06,40.94,99.9382,0,Healthy
2026-04-04T21:00,2026-04-04,2026-04,NSS-LINUX-DB01,Rocky Linux 9,Database Server,24.51,43.19,56.81,65.69,34.31,99.9999,0,Healthy
2026-05-07T17:00,2026-05-07,2026-05,NSS-FILE01,Windows Server 2022,File Server,31.32,56.89,43.11,57.23,42.77,99.7999,0,Healthy
2026-05-11T13:00,2026-05-11,2026-05,NSS-APP01,Windows Server 2022,Application Server,53.5,75.24,24.76,43.88,56.12,99.8552,0,Healthy
2026-05-15T22:00,2026-05-15,2026-05,NSS-MON01,Ubuntu 24.04,Monitoring Server,7.18,51.71,48.29,62.22,37.78,99.7909,0,Healthy
2026-04-17T03:00,2026-04-17,2026-04,NSS-DC01,Windows Server 2022,Domain Controller,34.85,83.38,16.62,51.41,48.59,99.7546,0,Warning
2026-07-03T00:00,2026-07-03,2026-07,NSS-FILE01,Windows Server 2022,File Server,14.7,76.39,23.61,56.01,43.99,99.8703,0,Healthy
2026-06-05T20:00,2026-06-05,2026-06,NSS-APP01,Windows Server 2022,Application Server,23.17,58.42,41.58,79.11,20.89,99.7971,0,Healthy
2026-02-01T13:00,2026-02-01,2026-02,NSS-APP01,Windows Server 2022,Application Server,28.35,62.23,37.77,95.0,5.0,99.9971,1,Critical
2026-04-14T02:00,2026-04-14,2026-04,NSS-LINUX-APP01,Ubuntu 24.04,Application Server,7.23,71.09,28.91,58.4,41.6,99.8008,0,Healthy
2026-01-17T05:00,2026-01-17,2026-01,NSS-LINUX-DB01,Rocky Linux 9,Database Server,48.66,59.62,40.38,79.15,20.85,99.8048,0,Healthy
2026-01-29T08:00,2026-01-29,2026-01,NSS-DC01,Windows Server 2022,Domain Controller,34.0,68.46,31.54,48.71,51.29,99.8732,0,Healthy
2026-06-20T00:00,2026-06-20,2026-06,NSS-LINUX-APP01,Ubuntu 24.04,Application Server,29.89,74.04,25.96,73.0,27.0,99.7526,0,Healthy
2026-07-22T08:00,2026-07-22,2026-07,NSS-FILE01,Windows Server 2022,File Server,40.18,52.65,47.35,49.36,50.64,99.9601,0,Healthy
2026-01-28T22:00,2026-01-28,2026-01,NSS-DC01,Windows Server 2022,Domain Controller,12.79,65.4,34.6,81.15,18.85,99.965,0,Warning
2026-04-11T23:00,2026-04-11,2026-04,NSS-FILE01,Windows Server 2022,File Server,28.87,47.27,52.73,71.57,28.43,99.8219,0,Healthy
2026-07-07T11:00,2026-07-07,2026-07,NSS-FILE01,Windows Server 2022,File Server,45.48,38.86,61.14,38.49,61.51,99.9112,0,Healthy
2026-04-24T17:00,2026-04-24,2026-04,NSS-FILE01,Windows Server 2022,File Server,11.47,79.48,20.52,50.3,49.7,99.9225,0,Healthy
2026-04-14T11:00,2026-04-14,2026-04,NSS-DC01,Windows Server 2022,Domain Controller,10.27,24.58,75.42,51.72,48.28,99.9538,0,Healthy
2026-02-12T11:00,2026-02-12,2026-02,NSS-LINUX-DB01,Rocky Linux 9,Database Server,40.85,63.16,36.84,71.75,28.25,99.7714,0,Healthy
2026-01-21T15:00,2026-01-21,2026-01,NSS-DC01,Windows Server 2022,Domain Controller,33.27,45.02,54.98,69.3,30.7,99.7652,0,Healthy
2026-06-02T00:00,2026-06-02,2026-06,NSS-LINUX-DB01,Rocky Linux 9,Database Server,13.99,54.36,45.64,51.52,48.48,99.7581,0,Healthy
2026-04-11T02:00,2026-04-11,2026-04,NSS-LINUX-APP01,Ubuntu 24.04,Application Server,4.61,77.62,22.38,57.53,42.47,99.7636,0,Healthy
2026-07-08T19:00,2026-07-08,2026-07,NSS-APP01,Windows Server 2022,Application Server,8.15,45.27,54.73,29.33,70.67,99.7867,0,Healthy
2026-01-22T03:00,2026-01-22,2026-01,NSS-MON01,Ubuntu 24.04,Monitoring Server,25.07,77.83,22.17,55.54,44.46,99.8462,0,Healthy
2026-04-05T14:00,2026-04-05,2026-04,NSS-LINUX-APP01,Ubuntu 24.04,Application Server,23.49,70.55,29.45,47.46,52.54,99.7933,0,Healthy
2026-01-21T12:00,2026-01-21,2026-01,NSS-DC02,Windows Server 2022,Domain Controller,35.89,56.47,43.53,64.57,35.43,99.7782,0,Healthy
2026-03-17T05:00,2026-03-17,2026-03,NSS-FILE01,Windows Server 2022,File Server,23.32,61.57,38.43,56.73,43.27,99.8026,0,Healthy
2026-05-21T22:00,2026-05-21,2026-05,NSS-APP01,Windows Server 2022,Application Server,35.95,45.72,54.28,55.34,44.66,99.9116,0,Healthy
2026-07-27T19:00,2026-07-27,2026-07,NSS-FILE01,Windows Server 2022,File Server,16.85,52.58,47.42,52.05,47.95,99.752,0,Healthy
2026-04-26T12:00,2026-04-26,2026-04,NSS-LINUX-APP01,Ubuntu 24.04,Application Server,19.42,18.71,81.29,41.41,58.59,99.8854,0,Healthy
2026-05-10T03:00,2026-05-10,2026-05,NSS-FILE01,Windows Server 2022,File Server,25.34,71.53,28.47,52.52,47.48,99.9349,0,Healthy
2026-06-19T00:00,2026-06-19,2026-06,NSS-LINUX-DB01,Rocky Linux 9,Database Server,31.72,33.6,66.4,73.09,26.91,99.9051,0,Healthy
2026-02-22T04:00,2026-02-22,2026-02,NSS-APP01,Windows Server 2022,Application Server,49.25,55.44,44.56,72.18,27.82,99.9055,0,Healthy
2026-01-31T05:00,2026-01-31,2026-01,NSS-LINUX-APP01,Ubuntu 24.04,Application Server,20.91,41.18,58.82,59.56,40.44,99.9897,0,Healthy
2026-01-10T08:00,2026-01-10,2026-01,NSS-LINUX-APP01,Ubuntu 24.04,Application Server,7.6,65.06,34.94,67.8,32.2,99.9295,0,Healthy
2026-03-21T21:00,2026-03-21,2026-03,NSS-DC01,Windows Server 2022,Domain Controller,21.5,66.82,33.18,50.01,49.99,99.7508,0,Healthy
2026-05-18T20:00,2026-05-18,2026-05,NSS-DC01,Windows Server 2022,Domain Controller,13.57,58.54,41.46,50.82,49.18,99.9422,0,Healthy
2026-04-28T13:00,2026-04-28,2026-04,NSS-DC02,Windows Server 2022,Domain Controller,29.1,57.53,42.47,53.79,46.21,99.8775,0,Healthy
2026-05-16T14:00,2026-05-16,2026-05,NSS-DC01,Windows Server 2022,Domain Controller,25.18,53.18,46.82,53.59,46.41,99.7847,0,Healthy
2026-04-28T01:00,2026-04-28,2026-04,NSS-FILE01,Windows Server 2022,File Server,21.01,60.91,39.09,70.06,29.94,99.926,0,Healthy
2026-05-22T03:00,2026-05-22,2026-05,NSS-FILE01,Windows Server 2022,File Server,15.85,55.47,44.53,59.13,40.87,99.9271,0,Healthy
2026-07-08T16:00,2026-07-08,2026-07,NSS-FILE01,Windows Server 2022,File Server,41.29,57.67,42.33,70.65,29.35,99.8323,0,Healthy
2026-06-24T10:00,2026-06-24,2026-06,NSS-DC02,Windows Server 2022,Domain Controller,27.15,49.37,50.63,73.93,26.07,99.8253,0,Healthy
2026-07-02T13:00,2026-07-02,2026-07,NSS-DC01,Windows Server 2022,Domain Controller,49.68,56.15,43.85,66.93,33.07,99.9635,0,Healthy
2026-07-01T03:00,2026-07-01,2026-07,NSS-FILE01,Windows Server 2022,File Server,6.5,59.8,40.2,52.44,47.56,99.9283,0,Healthy
2026-07-23T06:00,2026-07-23,2026-07,NSS-DC02,Windows Server 2022,Domain Controller,41.44,49.17,50.83,40.12,59.88,99.7767,0,Healthy
2026-05-27T02:00,2026-05-27,2026-05,NSS-APP01,Windows Server 2022,Application Server,55.91,37.23,62.77,67.96,32.04,99.9357,0,Healthy
2026-01-23T18:00,2026-01-23,2026-01,NSS-LINUX-APP01,Ubuntu 24.04,Application Server,18.78,46.19,53.81,49.71,50.29,99.9446,0,Healthy
2026-06-08T01:00,2026-06-08,2026-06,NSS-FILE01,Windows Server 2022,File Server,35.92,46.72,53.28,56.41,43.59,99.8555,0,Healthy
2026-01-06T04:00,2026-01-06,2026-01,NSS-LINUX-APP01,Ubuntu 24.04,Application Server,24.0,57.95,42.05,79.03,20.97,99.7838,0,Healthy
2026-07-08T03:00,2026-07-08,2026-07,NSS-DC01,Windows Server 2022,Domain Controller,14.74,28.52,71.48,45.46,54.54,99.7592,0,Healthy
2026-02-16T01:00,2026-02-16,2026-02,NSS-DC01,Windows Server 2022,Domain Controller,30.51,55.27,44.73,56.39,43.61,99.8445,0,Healthy
2026-03-05T22:00,2026-03-05,2026-03,NSS-FILE01,Windows Server 2022,File Server,14.31,64.28,35.72,72.83,27.17,99.7967,0,Healthy
2026-04-24T10:00,2026-04-24,2026-04,NSS-DC01,Windows Server 2022,Domain Controller,31.74,38.11,61.89,57.12,42.88,99.9525,0,Healthy
2026-01-22T01:00,2026-01-22,2026-01,NSS-MON01,Ubuntu 24.04,Monitoring Server,48.02,65.96,34.04,82.39,17.61,99.9227,0,Warning
2026-03-31T15:00,2026-03-31,2026-03,NSS-LINUX-DB01,Rocky Linux 9,Database Server,33.91,71.52,28.48,43.28,56.72,99.7772,0,Healthy
2026-01-25T04:00,2026-01-25,2026-01,NSS-LINUX-APP01,Ubuntu 24.04,Application Server,2.0,56.56,43.44,58.95,41.05,99.8647,0,Healthy
2026-01-01T23:00,2026-01-01,2026-01,NSS-FILE01,Windows Server 2022,File Server,10.53,62.88,37.12,55.88,44.12,99.9025,0,Healthy
2026-03-24T19:00,2026-03-24,2026-03,NSS-MON01,Ubuntu 24.04,Monitoring Server,21.12,28.51,71.49,89.17,10.83,99.8239,1,Warning
2026-02-21T09:00,2026-02-21,2026-02,NSS-MON01,Ubuntu 24.04,Monitoring Server,26.12,52.98,47.02,77.74,22.26,99.8098,0,Healthy
2026-01-07T01:00,2026-01-07,2026-01,NSS-FILE01,Windows Server 2022,File Server,11.12,51.78,48.22,70.16,29.84,99.8856,0,Healthy
2026-04-11T15:00,2026-04-11,2026-04,NSS-LINUX-DB01,Rocky Linux 9,Database Server,32.23,66.22,33.78,63.91,36.09,99.9095,0,Healthy
2026-01-03T18:00,2026-01-03,2026-01,NSS-MON01,Ubuntu 24.04,Monitoring Server,51.96,62.95,37.05,60.9,39.1,99.9999,0,Healthy
2026-03-21T11:00,2026-03-21,2026-03,NSS-LINUX-APP01,Ubuntu 24.04,Application Server,32.92,77.42,22.58,63.88,36.12,99.8117,0,Healthy
2026-06-24T12:00,2026-06-24,2026-06,NSS-LINUX-APP01,Ubuntu 24.04,Application Server,31.29,45.92,54.08,48.98,51.02,99.8611,0,Healthy
2026-01-15T21:00,2026-01-15,2026-01,NSS-DC02,Windows Server 2022,Domain Controller,18.01,19.46,80.54,89.52,10.48,99.7647,1,Warning
2026-03-28T05:00,2026-03-28,2026-03,NSS-LINUX-APP01,Ubuntu 24.04,Application Server,28.28,31.51,68.49,59.76,40.24,99.7522,0,Healthy
2026-06-04T07:00,2026-06-04,2026-06,NSS-FILE01,Windows Server 2022,File Server,9.89,55.88,44.12,65.99,34.01,99.9843,0,Healthy
2026-06-20T12:00,2026-06-20,2026-06,NSS-FILE01,Windows Server 2022,File Server,23.95,61.11,38.89,65.27,34.73,99.9377,0,Healthy
2026-01-19T07:00,2026-01-19,2026-01,NSS-LINUX-DB01,Rocky Linux 9,Database Server,40.9,31.52,68.48,28.79,71.21,99.9357,0,Healthy
2026-01-04T01:00,2026-01-04,2026-01,NSS-DC02,Windows Server 2022,Domain Controller,6.13,56.29,43.71,42.31,57.69,99.9726,0,Healthy
2026-01-01T09:00,2026-01-01,2026-01,NSS-DC02,Windows Server 2022,Domain Controller,23.87,72.9,27.1,57.85,42.15,99.9506,0,Healthy
2026-07-09T10:00,2026-07-09,2026-07,NSS-FILE01,Windows Server 2022,File Server,19.0,51.8,48.2,86.64,13.36,99.9189,1,Warning
2026-04-15T23:00,2026-04-15,2026-04,NSS-MON01,Ubuntu 24.04,Monitoring Server,25.87,30.88,69.12,62.0,38.0,99.9354,0,Healthy
2026-07-21T22:00,2026-07-21,2026-07,NSS-LINUX-APP01,Ubuntu 24.04,Application Server,21.71,51.43,48.57,69.7,30.3,99.8478,0,Healthy
2026-04-11T15:00,2026-04-11,2026-04,NSS-DC01,Windows Server 2022,Domain Controller,34.94,78.03,21.97,66.61,33.39,99.8619,0,Healthy
2026-03-08T09:00,2026-03-08,2026-03,NSS-FILE01,Windows Server 2022,File Server,29.57,66.13,33.87,62.77,37.23,99.7617,0,Healthy
2026-02-06T04:00,2026-02-06,2026-02,NSS-FILE01,Windows Server 2022,File Server,8.82,65.77,34.23,42.91,57.09,99.814,0,Healthy
2026-03-29T19:00,2026-03-29,2026-03,NSS-LINUX-APP01,Ubuntu 24.04,Application Server,34.97,77.9,22.1,68.72,31.28,99.752,0,Healthy
2026-04-22T18:00,2026-04-22,2026-04,NSS-LINUX-DB01,Rocky Linux 9,Database Server,16.16,72.54,27.46,65.98,34.02,99.9109,0,Healthy
2026-03-30T13:00,2026-03-30,2026-03,NSS-DC01,Windows Server 2022,Domain Controller,20.8,27.01,72.99,78.82,21.18,99.8689,0,Healthy
2026-03-23T22:00,2026-03-23,2026-03,NSS-FILE01,Windows Server 2022,File Server,40.51,46.06,53.94,75.67,24.33,99.8727,0,Healthy
2026-03-15T09:00,2026-03-15,2026-03,NSS-DC02,Windows Server 2022,Domain Controller,18.88,86.04,13.96,57.29,42.71,99.9949,0,Warning
2026-01-10T18:00,2026-01-10,2026-01,NSS-LINUX-APP01,Ubuntu 24.04,Application Server,6.39,37.07,62.93,68.92,31.08,99.8421,0,Healthy
2026-03-21T15:00,2026-03-21,2026-03,NSS-LINUX-APP01,Ubuntu 24.04,Application Server,31.81,19.13,80.87,79.84,20.16,99.9707,0,Healthy
2026-06-17T12:00,2026-06-17,2026-06,NSS-LINUX-APP01,Ubuntu 24.04,Application Server,22.77,68.21,31.79,31.33,68.67,99.9652,0,Healthy
2026-02-20T12:00,2026-02-20,2026-02,NSS-LINUX-DB01,Rocky Linux 9,Database Server,16.23,58.8,41.2,64.05,35.95,99.9227,0,Healthy
2026-04-22T06:00,2026-04-22,2026-04,NSS-APP01,Windows Server 2022,Application Server,33.16,17.75,82.25,56.32,43.68,99.8581,0,Healthy
2026-03-25T03:00,2026-03-25,2026-03,NSS-DC01,Windows Server 2022,Domain Controller,2.0,65.29,34.71,59.14,40.86,99.9713,0,Healthy
2026-04-15T14:00,2026-04-15,2026-04,NSS-DC01,Windows Server 2022,Domain Controller,33.83,60.74,39.26,46.96,53.04,99.9132,0,Healthy
2026-03-30T01:00,2026-03-30,2026-03,NSS-LINUX-DB01,Rocky Linux 9,Database Server,17.2,76.51,23.49,59.75,40.25,99.9218,0,Healthy
2026-03-19T03:00,2026-03-19,2026-03,NSS-LINUX-APP01,Ubuntu 24.04,Application Server,26.11,52.13,47.87,57.45,42.55,99.8996,0,Healthy
2026-05-30T00:00,2026-05-30,2026-05,NSS-MON01,Ubuntu 24.04,Monitoring Server,21.31,41.63,58.37,42.27,57.73,99.9661,0,Healthy
2026-01-23T03:00,2026-01-23,2026-01,NSS-MON01,Ubuntu 24.04,Monitoring Server,31.85,52.21,47.79,83.96,16.04,99.8912,0,Warning
2026-03-15T19:00,2026-03-15,2026-03,NSS-MON01,Ubuntu 24.04,Monitoring Server,28.82,39.43,60.57,51.0,49.0,99.84,0,Healthy
2026-04-11T13:00,2026-04-11,2026-04,NSS-LINUX-DB01,Rocky Linux 9,Database Server,2.0,42.63,57.37,48.48,51.52,99.7706,0,Healthy
2026-01-08T05:00,2026-01-08,2026-01,NSS-MON01,Ubuntu 24.04,Monitoring Server,18.85,65.3,34.7,66.05,33.95,99.9981,0,Healthy
2026-03-03T03:00,2026-03-03,2026-03,NSS-DC02,Windows Server 2022,Domain Controller,36.53,48.78,51.22,53.79,46.21,99.7685,0,Healthy
2026-06-03T09:00,2026-06-03,2026-06,NSS-MON01,Ubuntu 24.04,Monitoring Server,54.09,58.61,41.39,76.79,23.21,99.7556,0,Healthy
2026-01-23T07:00,2026-01-23,2026-01,NSS-DC02,Windows Server 2022,Domain Controller,19.02,29.92,70.08,67.03,32.97,99.9497,0,Healthy
2026-05-26T13:00,2026-05-26,2026-05,NSS-MON01,Ubuntu 24.04,Monitoring Server,16.83,43.4,56.6,59.26,40.74,99.8335,0,Healthy
2026-01-27T15:00,2026-01-27,2026-01,NSS-LINUX-APP01,Ubuntu 24.04,Application Server,36.35,36.02,63.98,78.92,21.08,99.8556,0,Healthy
2026-04-20T08:00,2026-04-20,2026-04,NSS-LINUX-APP01,Ubuntu 24.04,Application Server,22.01,50.01,49.99,51.23,48.77,99.8137,0,Healthy
2026-04-15T18:00,2026-04-15,2026-04,NSS-FILE01,Windows Server 2022,File Server,10.38,26.6,73.4,57.25,42.75,99.8226,0,Healthy
2026-01-06T21:00,2026-01-06,2026-01,NSS-DC02,Windows Server 2022,Domain Controller,29.04,72.87,27.13,62.45,37.55,99.7948,0,Healthy
2026-03-22T18:00,2026-03-22,2026-03,NSS-APP01,Windows Server 2022,Application Server,7.69,19.77,80.23,63.97,36.03,99.9156,0,Healthy
2026-05-03T08:00,2026-05-03,2026-05,NSS-DC01,Windows Server 2022,Domain Controller,28.82,68.08,31.92,60.03,39.97,99.8151,0,Healthy
2026-06-12T02:00,2026-06-12,2026-06,NSS-DC01,Windows Server 2022,Domain Controller,24.53,65.67,34.33,77.39,22.61,99.96,0,Healthy
2026-05-01T17:00,2026-05-01,2026-05,NSS-FILE01,Windows Server 2022,File Server,18.8,41.85,58.15,70.64,29.36,99.8109,0,Healthy
2026-03-26T00:00,2026-03-26,2026-03,NSS-LINUX-DB01,Rocky Linux 9,Database Server,2.0,52.6,47.4,79.14,20.86,99.7783,0,Healthy
2026-06-13T15:00,2026-06-13,2026-06,NSS-LINUX-DB01,Rocky Linux 9,Database Server,27.6,37.79,62.21,52.32,47.68,99.879,0,Healthy
2026-06-01T02:00,2026-06-01,2026-06,NSS-MON01,Ubuntu 24.04,Monitoring Server,43.65,58.19,41.81,57.96,42.04,99.9545,0,Healthy
2026-07-29T02:00,2026-07-29,2026-07,NSS-MON01,Ubuntu 24.04,Monitoring Server,15.46,35.92,64.08,62.51,37.49,99.8234,0,Healthy
2026-06-28T06:00,2026-06-28,2026-06,NSS-MON01,Ubuntu 24.04,Monitoring Server,17.61,85.78,14.22,40.36,59.64,99.9058,0,Warning
2026-04-11T13:00,2026-04-11,2026-04,NSS-MON01,Ubuntu 24.04,Monitoring Server,8.23,47.5,52.5,49.8,50.2,99.9352,0,Healthy
2026-03-30T16:00,2026-03-30,2026-03,NSS-DC02,Windows Server 2022,Domain Controller,50.36,56.0,44.0,57.61,42.39,99.9337,0,Healthy
2026-01-25T00:00,2026-01-25,2026-01,NSS-FILE01,Windows Server 2022,File Server,35.05,60.15,39.85,47.14,52.86,99.7611,0,Healthy
2026-01-18T15:00,2026-01-18,2026-01,NSS-FILE01,Windows Server 2022,File Server,27.39,45.87,54.13,84.23,15.77,99.8176,0,Warning
2026-02-27T09:00,2026-02-27,2026-02,NSS-FILE01,Windows Server 2022,File Server,18.98,66.6,33.4,75.06,24.94,99.9322,0,Healthy
2026-02-24T15:00,2026-02-24,2026-02,NSS-APP01,Windows Server 2022,Application Server,7.25,51.27,48.73,59.74,40.26,99.9623,0,Healthy
2026-03-09T21:00,2026-03-09,2026-03,NSS-LINUX-APP01,Ubuntu 24.04,Application Server,39.18,48.99,51.01,73.95,26.05,99.7999,0,Healthy
2026-03-22T06:00,2026-03-22,2026-03,NSS-DC01,Windows Server 2022,Domain Controller,33.24,63.32,36.68,78.06,21.94,99.8921,0,Healthy
2026-07-03T16:00,2026-07-03,2026-07,NSS-APP01,Windows Server 2022,Application Server,20.64,27.29,72.71,53.47,46.53,99.9219,0,Healthy
2026-04-12T17:00,2026-04-12,2026-04,NSS-DC01,Windows Server 2022,Domain Controller,39.74,39.31,60.69,77.87,22.13,99.8585,0,Healthy
2026-04-17T20:00,2026-04-17,2026-04,NSS-MON01,Ubuntu 24.04,Monitoring Server,29.71,32.89,67.11,53.24,46.76,99.7859,0,Healthy
2026-05-26T17:00,2026-05-26,2026-05,NSS-FILE01,Windows Server 2022,File Server,2.25,71.88,28.12,78.95,21.05,99.7805,0,Healthy
2026-04-26T05:00,2026-04-26,2026-04,NSS-DC02,Windows Server 2022,Domain Controller,34.75,52.95,47.05,69.26,30.74,99.9942,0,Healthy
2026-04-15T07:00,2026-04-15,2026-04,NSS-FILE01,Windows Server 2022,File Server,39.45,62.19,37.81,49.1,50.9,99.9725,0,Healthy
2026-02-13T12:00,2026-02-13,2026-02,NSS-FILE01,Windows Server 2022,File Server,32.85,57.63,42.37,93.44,6.56,99.8705,1,Critical
2026-06-21T05:00,2026-06-21,2026-06,NSS-DC01,Windows Server 2022,Domain Controller,22.29,77.79,22.21,52.41,47.59,99.8002,0,Healthy
2026-04-18T21:00,2026-04-18,2026-04,NSS-DC02,Windows Server 2022,Domain Controller,6.09,60.59,39.41,67.66,32.34,99.8132,0,Healthy
2026-06-13T15:00,2026-06-13,2026-06,NSS-DC02,Windows Server 2022,Domain Controller,13.35,30.32,69.68,70.99,29.01,99.9434,0,Healthy
2026-05-28T04:00,2026-05-28,2026-05,NSS-APP01,Windows Server 2022,Application Server,22.42,66.24,33.76,68.53,31.47,99.8741,0,Healthy
2026-02-26T00:00,2026-02-26,2026-02,NSS-LINUX-DB01,Rocky Linux 9,Database Server,13.03,21.11,78.89,66.35,33.65,99.8772,0,Healthy
2026-03-16T11:00,2026-03-16,2026-03,NSS-APP01,Windows Server 2022,Application Server,8.02,81.11,18.89,37.08,62.92,99.9718,0,Warning
2026-07-03T00:00,2026-07-03,2026-07,NSS-LINUX-DB01,Rocky Linux 9,Database Server,25.09,42.23,57.77,49.78,50.22,99.9557,0,Healthy
2026-06-12T06:00,2026-06-12,2026-06,NSS-LINUX-DB01,Rocky Linux 9,Database Server,27.28,66.01,33.99,54.2,45.8,99.8278,0,Healthy
2026-07-15T04:00,2026-07-15,2026-07,NSS-LINUX-DB01,Rocky Linux 9,Database Server,31.07,60.56,39.44,55.72,44.28,99.9166,0,Healthy
2026-03-11T00:00,2026-03-11,2026-03,NSS-DC01,Windows Server 2022,Domain Controller,16.53,44.54,55.46,54.6,45.4,99.751,0,Healthy
2026-06-12T07:00,2026-06-12,2026-06,NSS-DC02,Windows Server 2022,Domain Controller,24.01,64.94,35.06,60.15,39.85,99.8198,0,Healthy
2026-04-27T14:00,2026-04-27,2026-04,NSS-DC02,Windows Server 2022,Domain Controller,49.71,55.12,44.88,46.63,53.37,99.7828,0,Healthy
2026-07-10T05:00,2026-07-10,2026-07,NSS-APP01,Windows Server 2022,Application Server,2.0,54.7,45.3,59.9,40.1,99.8282,0,Healthy
2026-06-27T14:00,2026-06-27,2026-06,NSS-DC02,Windows Server 2022,Domain Controller,47.93,58.03,41.97,32.73,67.27,99.8696,0,Healthy
2026-06-06T11:00,2026-06-06,2026-06,NSS-LINUX-APP01,Ubuntu 24.04,Application Server,5.8,68.15,31.85,69.4,30.6,99.8816,0,Healthy
2026-06-16T04:00,2026-06-16,2026-06,NSS-DC01,Windows Server 2022,Domain Controller,28.77,47.39,52.61,37.2,62.8,99.9461,0,Healthy
2026-06-08T14:00,2026-06-08,2026-06,NSS-FILE01,Windows Server 2022,File Server,47.04,71.26,28.74,91.81,8.19,99.9731,1,Critical
2026-01-03T22:00,2026-01-03,2026-01,NSS-DC02,Windows Server 2022,Domain Controller,16.15,67.52,32.48,48.13,51.87,99.9836,0,Healthy
2026-06-01T17:00,2026-06-01,2026-06,NSS-DC02,Windows Server 2022,Domain Controller,20.87,44.4,55.6,54.39,45.61,99.9283,0,Healthy
2026-04-21T05:00,2026-04-21,2026-04,NSS-MON01,Ubuntu 24.04,Monitoring Server,66.67,58.42,41.58,62.52,37.48,99.7711,0,Healthy
2026-03-19T21:00,2026-03-19,2026-03,NSS-LINUX-DB01,Rocky Linux 9,Database Server,26.71,72.18,27.82,34.73,65.27,99.8402,0,Healthy
2026-04-27T00:00,2026-04-27,2026-04,NSS-DC01,Windows Server 2022,Domain Controller,38.21,57.09,42.91,59.08,40.92,99.8021,0,Healthy
2026-06-08T01:00,2026-06-08,2026-06,NSS-LINUX-DB01,Rocky Linux 9,Database Server,27.99,57.88,42.12,44.98,55.02,99.7616,0,Healthy
2026-06-20T03:00,2026-06-20,2026-06,NSS-FILE01,Windows Server 2022,File Server,36.11,43.12,56.88,63.93,36.07,99.8458,0,Healthy
2026-03-05T00:00,2026-03-05,2026-03,NSS-FILE01,Windows Server 2022,File Server,28.26,40.04,59.96,59.89,40.11,99.8689,0,Healthy
2026-02-03T22:00,2026-02-03,2026-02,NSS-FILE01,Windows Server 2022,File Server,38.5,69.68,30.32,59.46,40.54,99.8283,0,Healthy
2026-02-22T22:00,2026-02-22,2026-02,NSS-LINUX-APP01,Ubuntu 24.04,Application Server,15.49,55.13,44.87,59.33,40.67,99.8901,0,Healthy
2026-07-10T00:00,2026-07-10,2026-07,NSS-APP01,Windows Server 2022,Application Server,19.49,38.05,61.95,93.04,6.96,99.8185,1,Critical
2026-05-18T11:00,2026-05-18,2026-05,NSS-FILE01,Windows Server 2022,File Server,32.86,46.88,53.12,38.83,61.17,99.8126,0,Healthy
2026-05-04T09:00,2026-05-04,2026-05,NSS-FILE01,Windows Server 2022,File Server,33.04,35.51,64.49,66.78,33.22,99.9515,0,Healthy
2026-02-01T03:00,2026-02-01,2026-02,NSS-FILE01,Windows Server 2022,File Server,19.08,52.54,47.46,83.16,16.84,99.8122,0,Warning
2026-03-02T15:00,2026-03-02,2026-03,NSS-FILE01,Windows Server 2022,File Server,36.87,49.34,50.66,58.8,41.2,99.8276,0,Healthy
2026-05-06T15:00,2026-05-06,2026-05,NSS-APP01,Windows Server 2022,Application Server,7.02,49.78,50.22,63.14,36.86,99.9497,0,Healthy
2026-07-06T00:00,2026-07-06,2026-07,NSS-LINUX-APP01,Ubuntu 24.04,Application Server,53.35,76.37,23.63,48.48,51.52,99.9877,0,Healthy
2026-02-04T00:00,2026-02-04,2026-02,NSS-APP01,Windows Server 2022,Application Server,14.04,51.69,48.31,54.53,45.47,99.9676,0,Healthy
2026-04-06T07:00,2026-04-06,2026-04,NSS-DC02,Windows Server 2022,Domain Controller,2.0,81.36,18.64,59.84,40.16,99.9529,0,Warning
2026-04-03T10:00,2026-04-03,2026-04,NSS-LINUX-APP01,Ubuntu 24.04,Application Server,33.91,65.55,34.45,73.05,26.95,99.7897,0,Healthy
2026-03-14T19:00,2026-03-14,2026-03,NSS-FILE01,Windows Server 2022,File Server,37.12,33.79,66.21,73.36,26.64,99.7532,0,Healthy
2026-01-23T14:00,2026-01-23,2026-01,NSS-LINUX-APP01,Ubuntu 24.04,Application Server,9.15,71.66,28.34,95.0,5.0,99.7915,1,Critical
2026-03-16T15:00,2026-03-16,2026-03,NSS-LINUX-DB01,Rocky Linux 9,Database Server,52.86,28.72,71.28,46.96,53.04,99.7663,0,Healthy
2026-05-04T01:00,2026-05-04,2026-05,NSS-MON01,Ubuntu 24.04,Monitoring Server,9.65,37.15,62.85,73.84,26.16,99.9235,0,Healthy
2026-05-20T05:00,2026-05-20,2026-05,NSS-APP01,Windows Server 2022,Application Server,45.55,60.9,39.1,51.48,48.52,99.9761,0,Healthy
2026-04-08T14:00,2026-04-08,2026-04,NSS-MON01,Ubuntu 24.04,Monitoring Server,23.84,48.0,52.0,72.47,27.53,99.9736,0,Healthy
2026-07-06T04:00,2026-07-06,2026-07,NSS-FILE01,Windows Server 2022,File Server,2.0,30.0,70.0,61.99,38.01,99.8971,0,Healthy
2026-04-10T05:00,2026-04-10,2026-04,NSS-DC01,Windows Server 2022,Domain Controller,30.37,38.52,61.48,66.67,33.33,99.8586,0,Healthy
2026-06-05T04:00,2026-06-05,2026-06,NSS-MON01,Ubuntu 24.04,Monitoring Server,23.38,65.83,34.17,62.54,37.46,99.7965,0,Healthy
2026-01-20T17:00,2026-01-20,2026-01,NSS-LINUX-DB01,Rocky Linux 9,Database Server,38.58,71.38,28.62,38.62,61.38,99.9365,0,Healthy
2026-03-21T09:00,2026-03-21,2026-03,NSS-FILE01,Windows Server 2022,File Server,2.72,58.1,41.9,51.03,48.97,99.7522,0,Healthy
2026-04-21T14:00,2026-04-21,2026-04,NSS-MON01,Ubuntu 24.04,Monitoring Server,45.36,73.0,27.0,48.99,51.01,99.8914,0,Healthy
2026-01-07T02:00,2026-01-07,2026-01,NSS-DC02,Windows Server 2022,Domain Controller,4.82,46.16,53.84,66.01,33.99,99.783,0,Healthy
2026-01-01T10:00,2026-01-01,2026-01,NSS-FILE01,Windows Server 2022,File Server,27.14,65.73,34.27,59.34,40.66,99.9155,0,Healthy
2026-01-23T06:00,2026-01-23,2026-01,NSS-DC01,Windows Server 2022,Domain Controller,14.88,82.01,17.99,89.89,10.11,99.7987,1,Warning
2026-05-05T09:00,2026-05-05,2026-05,NSS-DC01,Windows Server 2022,Domain Controller,2.0,37.94,62.06,48.8,51.2,99.8137,0,Healthy
2026-03-28T18:00,2026-03-28,2026-03,NSS-MON01,Ubuntu 24.04,Monitoring Server,14.77,23.67,76.33,67.81,32.19,99.7909,0,Healthy
2026-06-22T09:00,2026-06-22,2026-06,NSS-LINUX-APP01,Ubuntu 24.04,Application Server,10.0,47.72,52.28,59.55,40.45,99.8949,0,Healthy
2026-04-12T03:00,2026-04-12,2026-04,NSS-FILE01,Windows Server 2022,File Server,57.9,48.65,51.35,50.89,49.11,99.8119,0,Healthy
2026-05-11T14:00,2026-05-11,2026-05,NSS-APP01,Windows Server 2022,Application Server,2.0,79.22,20.78,60.08,39.92,99.8825,0,Healthy
2026-07-28T07:00,2026-07-28,2026-07,NSS-MON01,Ubuntu 24.04,Monitoring Server,35.75,64.35,35.65,81.33,18.67,99.9491,0,Warning
2026-03-18T20:00,2026-03-18,2026-03,NSS-APP01,Windows Server 2022,Application Server,40.66,50.37,49.63,52.26,47.74,99.975,0,Healthy
2026-07-02T20:00,2026-07-02,2026-07,NSS-LINUX-APP01,Ubuntu 24.04,Application Server,12.18,54.99,45.01,63.75,36.25,99.8741,0,Healthy
2026-06-15T06:00,2026-06-15,2026-06,NSS-LINUX-APP01,Ubuntu 24.04,Application Server,31.93,65.71,34.29,76.48,23.52,99.8925,0,Healthy
2026-07-07T02:00,2026-07-07,2026-07,NSS-MON01,Ubuntu 24.04,Monitoring Server,15.05,61.73,38.27,95.0,5.0,99.952,1,Critical
2026-03-26T11:00,2026-03-26,2026-03,NSS-LINUX-APP01,Ubuntu 24.04,Application Server,25.55,54.22,45.78,49.32,50.68,99.9718,0,Healthy
2026-05-15T12:00,2026-05-15,2026-05,NSS-DC02,Windows Server 2022,Domain Controller,6.52,50.09,49.91,69.7,30.3,99.8204,0,Healthy
2026-03-14T00:00,2026-03-14,2026-03,NSS-LINUX-APP01,Ubuntu 24.04,Application Server,23.61,36.17,63.83,73.59,26.41,99.803,0,Healthy
2026-05-31T08:00,2026-05-31,2026-05,NSS-FILE01,Windows Server 2022,File Server,48.94,42.2,57.8,74.91,25.09,99.8842,0,Healthy
2026-03-02T01:00,2026-03-02,2026-03,NSS-FILE01,Windows Server 2022,File Server,14.27,42.8,57.2,20.43,79.57,99.994,0,Healthy
2026-02-23T23:00,2026-02-23,2026-02,NSS-LINUX-APP01,Ubuntu 24.04,Application Server,33.48,57.9,42.1,72.91,27.09,99.894,0,Healthy
2026-05-03T09:00,2026-05-03,2026-05,NSS-APP01,Windows Server 2022,Application Server,2.77,78.99,21.01,61.15,38.85,99.9259,0,Healthy
2026-04-25T20:00,2026-04-25,2026-04,NSS-FILE01,Windows Server 2022,File Server,30.43,30.87,69.13,63.12,36.88,99.8514,0,Healthy
2026-03-14T03:00,2026-03-14,2026-03,NSS-DC01,Windows Server 2022,Domain Controller,33.03,29.48,70.52,59.11,40.89,99.8319,0,Healthy
2026-05-28T08:00,2026-05-28,2026-05,NSS-DC01,Windows Server 2022,Domain Controller,34.72,31.82,68.18,57.47,42.53,99.8394,0,Healthy
2026-05-21T15:00,2026-05-21,2026-05,NSS-FILE01,Windows Server 2022,File Server,26.48,53.61,46.39,57.1,42.9,99.8306,0,Healthy
2026-03-16T09:00,2026-03-16,2026-03,NSS-LINUX-APP01,Ubuntu 24.04,Application Server,37.34,50.22,49.78,66.48,33.52,99.7893,0,Healthy
2026-05-22T19:00,2026-05-22,2026-05,NSS-LINUX-APP01,Ubuntu 24.04,Application Server,19.91,74.08,25.92,92.56,7.44,99.8345,1,Critical
2026-01-01T16:00,2026-01-01,2026-01,NSS-FILE01,Windows Server 2022,File Server,40.8,81.53,18.47,60.39,39.61,99.8149,0,Warning
2026-04-30T09:00,2026-04-30,2026-04,NSS-FILE01,Windows Server 2022,File Server,18.0,50.5,49.5,75.61,24.39,99.9661,0,Healthy
2026-01-15T15:00,2026-01-15,2026-01,NSS-MON01,Ubuntu 24.04,Monitoring Server,50.54,68.44,31.56,52.96,47.04,99.7928,0,Healthy
2026-01-12T01:00,2026-01-12,2026-01,NSS-APP01,Windows Server 2022,Application Server,33.91,82.38,17.62,57.43,42.57,99.7795,0,Warning
2026-01-04T20:00,2026-01-04,2026-01,NSS-DC01,Windows Server 2022,Domain Controller,23.71,55.63,44.37,71.86,28.14,99.9646,0,Healthy
2026-05-06T01:00,2026-05-06,2026-05,NSS-LINUX-APP01,Ubuntu 24.04,Application Server,25.41,50.2,49.8,57.01,42.99,99.8591,0,Healthy
2026-05-03T11:00,2026-05-03,2026-05,NSS-FILE01,Windows Server 2022,File Server,34.65,71.29,28.71,92.66,7.34,99.8942,1,Critical
2026-06-03T02:00,2026-06-03,2026-06,NSS-APP01,Windows Server 2022,Application Server,14.7,56.55,43.45,63.19,36.81,99.7735,0,Healthy
2026-07-28T01:00,2026-07-28,2026-07,NSS-LINUX-DB01,Rocky Linux 9,Database Server,31.45,44.29,55.71,58.96,41.04,99.9546,0,Healthy
2026-04-16T05:00,2026-04-16,2026-04,NSS-DC01,Windows Server 2022,Domain Controller,41.04,70.63,29.37,34.18,65.82,99.8654,0,Healthy
2026-01-28T07:00,2026-01-28,2026-01,NSS-MON01,Ubuntu 24.04,Monitoring Server,30.67,50.88,49.12,45.28,54.72,99.9774,0,Healthy
2026-02-27T10:00,2026-02-27,2026-02,NSS-MON01,Ubuntu 24.04,Monitoring Server,26.94,51.09,48.91,79.12,20.88,99.7649,0,Healthy
2026-06-19T06:00,2026-06-19,2026-06,NSS-LINUX-DB01,Rocky Linux 9,Database Server,20.21,47.11,52.89,62.19,37.81,99.8906,0,Healthy
2026-03-14T23:00,2026-03-14,2026-03,NSS-LINUX-DB01,Rocky Linux 9,Database Server,17.07,78.37,21.63,56.19,43.81,99.884,0,Healthy
2026-05-11T18:00,2026-05-11,2026-05,NSS-FILE01,Windows Server 2022,File Server,41.44,31.81,68.19,73.31,26.69,99.9761,0,Healthy
2026-05-02T02:00,2026-05-02,2026-05,NSS-MON01,Ubuntu 24.04,Monitoring Server,17.85,16.11,83.89,40.66,59.34,99.7848,0,Healthy
2026-07-16T03:00,2026-07-16,2026-07,NSS-APP01,Windows Server 2022,Application Server,28.78,60.89,39.11,33.2,66.8,99.8285,0,Healthy
2026-02-25T16:00,2026-02-25,2026-02,NSS-DC01,Windows Server 2022,Domain Controller,11.86,59.36,40.64,34.84,65.16,99.8595,0,Healthy
2026-07-22T10:00,2026-07-22,2026-07,NSS-MON01,Ubuntu 24.04,Monitoring Server,40.7,56.25,43.75,67.47,32.53,99.8117,0,Healthy
2026-02-06T02:00,2026-02-06,2026-02,NSS-MON01,Ubuntu 24.04,Monitoring Server,32.57,66.18,33.82,64.64,35.36,99.9326,0,Healthy
2026-04-12T14:00,2026-04-12,2026-04,NSS-FILE01,Windows Server 2022,File Server,44.1,33.71,66.29,45.74,54.26,99.9514,0,Healthy
2026-02-24T23:00,2026-02-24,2026-02,NSS-APP01,Windows Server 2022,Application Server,33.01,71.3,28.7,79.98,20.02,99.8545,0,Healthy
2026-02-28T03:00,2026-02-28,2026-02,NSS-LINUX-APP01,Ubuntu 24.04,Application Server,23.64,56.01,43.99,75.77,24.23,99.912,0,Healthy
2026-03-21T14:00,2026-03-21,2026-03,NSS-MON01,Ubuntu 24.04,Monitoring Server,29.14,47.42,52.58,67.16,32.84,99.767,0,Healthy
2026-06-13T12:00,2026-06-13,2026-06,NSS-LINUX-DB01,Rocky Linux 9,Database Server,28.0,42.6,57.4,49.32,50.68,99.9868,0,Healthy
2026-03-13T05:00,2026-03-13,2026-03,NSS-DC01,Windows Server 2022,Domain Controller,14.71,22.29,77.71,83.71,16.29,99.8598,0,Warning
2026-05-11T01:00,2026-05-11,2026-05,NSS-APP01,Windows Server 2022,Application Server,37.24,53.23,46.77,41.76,58.24,99.8023,0,Healthy
2026-02-19T08:00,2026-02-19,2026-02,NSS-FILE01,Windows Server 2022,File Server,24.8,78.92,21.08,64.01,35.99,99.9461,0,Healthy
2026-05-19T13:00,2026-05-19,2026-05,NSS-LINUX-DB01,Rocky Linux 9,Database Server,34.67,61.11,38.89,85.62,14.38,99.92,1,Warning
2026-07-29T01:00,2026-07-29,2026-07,NSS-FILE01,Windows Server 2022,File Server,36.43,64.84,35.16,59.4,40.6,99.7708,0,Healthy
2026-06-17T20:00,2026-06-17,2026-06,NSS-APP01,Windows Server 2022,Application Server,21.5,75.4,24.6,57.85,42.15,99.9961,0,Healthy
2026-05-19T23:00,2026-05-19,2026-05,NSS-MON01,Ubuntu 24.04,Monitoring Server,25.47,41.37,58.63,56.05,43.95,99.94,0,Healthy
2026-03-05T17:00,2026-03-05,2026-03,NSS-LINUX-DB01,Rocky Linux 9,Database Server,43.13,47.48,52.52,51.93,48.07,99.8804,0,Healthy
2026-01-27T08:00,2026-01-27,2026-01,NSS-LINUX-DB01,Rocky Linux 9,Database Server,31.83,61.39,38.61,64.42,35.58,99.7873,0,Healthy
2026-07-08T00:00,2026-07-08,2026-07,NSS-DC01,Windows Server 2022,Domain Controller,23.69,51.78,48.22,78.82,21.18,99.9883,0,Healthy
2026-06-27T04:00,2026-06-27,2026-06,NSS-FILE01,Windows Server 2022,File Server,25.09,43.26,56.74,36.71,63.29,99.9775,0,Healthy
2026-03-28T10:00,2026-03-28,2026-03,NSS-LINUX-DB01,Rocky Linux 9,Database Server,35.42,51.85,48.15,68.91,31.09,99.7932,0,Healthy
2026-06-05T07:00,2026-06-05,2026-06,NSS-DC02,Windows Server 2022,Domain Controller,22.79,38.24,61.76,50.86,49.14,99.863,0,Healthy
2026-03-28T03:00,2026-03-28,2026-03,NSS-MON01,Ubuntu 24.04,Monitoring Server,48.02,47.08,52.92,67.07,32.93,99.8911,0,Healthy
2026-05-14T10:00,2026-05-14,2026-05,NSS-APP01,Windows Server 2022,Application Server,14.73,52.34,47.66,65.75,34.25,99.7972,0,Healthy
2026-01-16T00:00,2026-01-16,2026-01,NSS-APP01,Windows Server 2022,Application Server,28.07,67.4,32.6,40.12,59.88,99.7894,0,Healthy
2026-05-10T15:00,2026-05-10,2026-05,NSS-MON01,Ubuntu 24.04,Monitoring Server,13.63,21.22,78.78,51.83,48.17,99.876,0,Healthy
2026-03-03T14:00,2026-03-03,2026-03,NSS-APP01,Windows Server 2022,Application Server,26.5,66.78,33.22,84.92,15.08,99.7705,0,Warning
2026-02-20T20:00,2026-02-20,2026-02,NSS-FILE01,Windows Server 2022,File Server,38.03,64.68,35.32,67.78,32.22,99.7722,0,Healthy
2026-07-07T13:00,2026-07-07,2026-07,NSS-DC02,Windows Server 2022,Domain Controller,45.45,50.98,49.02,34.24,65.76,99.8543,0,Healthy
2026-02-02T03:00,2026-02-02,2026-02,NSS-MON01,Ubuntu 24.04,Monitoring Server,39.06,56.96,43.04,64.43,35.57,99.8042,0,Healthy
2026-04-12T13:00,2026-04-12,2026-04,NSS-APP01,Windows Server 2022,Application Server,25.74,48.89,51.11,58.52,41.48,99.9518,0,Healthy
2026-07-09T11:00,2026-07-09,2026-07,NSS-FILE01,Windows Server 2022,File Server,7.08,44.3,55.7,62.8,37.2,99.8932,0,Healthy
2026-05-22T02:00,2026-05-22,2026-05,NSS-DC01,Windows Server 2022,Domain Controller,30.67,58.48,41.52,48.57,51.43,99.8669,0,Healthy
2026-03-19T00:00,2026-03-19,2026-03,NSS-FILE01,Windows Server 2022,File Server,14.84,56.8,43.2,55.1,44.9,99.8771,0,Healthy
2026-06-21T10:00,2026-06-21,2026-06,NSS-FILE01,Windows Server 2022,File Server,23.74,45.89,54.11,69.25,30.75,99.9225,0,Healthy
2026-06-25T05:00,2026-06-25,2026-06,NSS-LINUX-DB01,Rocky Linux 9,Database Server,35.55,60.7,39.3,51.94,48.06,99.8756,0,Healthy
2026-07-19T17:00,2026-07-19,2026-07,NSS-APP01,Windows Server 2022,Application Server,26.14,78.65,21.35,56.0,44.0,99.9194,0,Healthy
2026-01-18T18:00,2026-01-18,2026-01,NSS-FILE01,Windows Server 2022,File Server,34.91,63.52,36.48,54.62,45.38,99.8131,0,Healthy
2026-01-28T20:00,2026-01-28,2026-01,NSS-MON01,Ubuntu 24.04,Monitoring Server,16.78,72.12,27.88,72.64,27.36,99.9881,0,Healthy
2026-05-01T22:00,2026-05-01,2026-05,NSS-FILE01,Windows Server 2022,File Server,29.02,30.42,69.58,77.34,22.66,99.9709,0,Healthy
2026-01-24T07:00,2026-01-24,2026-01,NSS-MON01,Ubuntu 24.04,Monitoring Server,28.93,34.44,65.56,55.65,44.35,99.8081,0,Healthy
2026-02-21T20:00,2026-02-21,2026-02,NSS-DC01,Windows Server 2022,Domain Controller,2.0,62.18,37.82,42.13,57.87,99.8124,0,Healthy
2026-03-29T10:00,2026-03-29,2026-03,NSS-DC01,Windows Server 2022,Domain Controller,25.91,85.42,14.58,68.88,31.12,99.8921,0,Warning
2026-02-12T19:00,2026-02-12,2026-02,NSS-MON01,Ubuntu 24.04,Monitoring Server,37.8,54.35,45.65,62.84,37.16,99.796,0,Healthy
2026-06-03T04:00,2026-06-03,2026-06,NSS-MON01,Ubuntu 24.04,Monitoring Server,48.04,55.49,44.51,74.9,25.1,99.9045,0,Healthy
2026-07-27T16:00,2026-07-27,2026-07,NSS-LINUX-APP01,Ubuntu 24.04,Application Server,32.56,47.25,52.75,62.23,37.77,99.9801,0,Healthy
2026-02-05T15:00,2026-02-05,2026-02,NSS-DC01,Windows Server 2022,Domain Controller,36.28,38.7,61.3,40.87,59.13,99.8596,0,Healthy
2026-07-04T07:00,2026-07-04,2026-07,NSS-DC01,Windows Server 2022,Domain Controller,22.25,31.25,68.75,49.14,50.86,99.8651,0,Healthy
2026-07-23T23:00,2026-07-23,2026-07,NSS-MON01,Ubuntu 24.04,Monitoring Server,24.35,70.59,29.41,70.09,29.91,99.9389,0,Healthy
2026-05-13T09:00,2026-05-13,2026-05,NSS-MON01,Ubuntu 24.04,Monitoring Server,32.73,29.34,70.66,62.74,37.26,99.8662,0,Healthy
2026-04-27T05:00,2026-04-27,2026-04,NSS-FILE01,Windows Server 2022,File Server,12.96,23.36,76.64,73.31,26.69,99.8408,0,Healthy
2026-07-09T22:00,2026-07-09,2026-07,NSS-LINUX-APP01,Ubuntu 24.04,Application Server,20.26,65.96,34.04,49.71,50.29,99.9693,0,Healthy
2026-01-30T05:00,2026-01-30,2026-01,NSS-LINUX-DB01,Rocky Linux 9,Database Server,32.98,68.36,31.64,63.0,37.0,99.8735,0,Healthy
2026-02-10T15:00,2026-02-10,2026-02,NSS-FILE01,Windows Server 2022,File Server,2.0,17.34,82.66,66.18,33.82,99.9464,0,Healthy
2026-01-21T21:00,2026-01-21,2026-01,NSS-LINUX-APP01,Ubuntu 24.04,Application Server,36.32,56.26,43.74,60.89,39.11,99.7708,0,Healthy
2026-07-08T09:00,2026-07-08,2026-07,NSS-APP01,Windows Server 2022,Application Server,37.57,47.72,52.28,73.77,26.23,99.8831,0,Healthy
2026-03-04T16:00,2026-03-04,2026-03,NSS-DC01,Windows Server 2022,Domain Controller,6.43,53.36,46.64,53.37,46.63,99.7825,0,Healthy
2026-01-15T22:00,2026-01-15,2026-01,NSS-DC02,Windows Server 2022,Domain Controller,28.74,45.83,54.17,63.72,36.28,99.7552,0,Healthy
2026-05-12T07:00,2026-05-12,2026-05,NSS-APP01,Windows Server 2022,Application Server,16.59,69.97,30.03,31.22,68.78,99.8375,0,Healthy
2026-02-19T16:00,2026-02-19,2026-02,NSS-LINUX-DB01,Rocky Linux 9,Database Server,8.12,58.93,41.07,58.76,41.24,99.7898,0,Healthy
2026-04-09T18:00,2026-04-09,2026-04,NSS-FILE01,Windows Server 2022,File Server,22.82,68.77,31.23,81.27,18.73,99.8111,0,Warning
2026-02-24T15:00,2026-02-24,2026-02,NSS-DC02,Windows Server 2022,Domain Controller,25.4,47.13,52.87,63.86,36.14,99.8832,0,Healthy
2026-03-16T12:00,2026-03-16,2026-03,NSS-DC02,Windows Server 2022,Domain Controller,36.9,60.93,39.07,70.04,29.96,99.7647,0,Healthy
2026-04-04T16:00,2026-04-04,2026-04,NSS-DC01,Windows Server 2022,Domain Controller,49.04,34.31,65.69,41.28,58.72,99.9056,0,Healthy
2026-03-20T10:00,2026-03-20,2026-03,NSS-MON01,Ubuntu 24.04,Monitoring Server,14.41,66.73,33.27,78.87,21.13,99.8273,0,Healthy
2026-01-16T09:00,2026-01-16,2026-01,NSS-LINUX-DB01,Rocky Linux 9,Database Server,10.75,79.53,20.47,76.93,23.07,99.764,0,Healthy
2026-03-27T10:00,2026-03-27,2026-03,NSS-FILE01,Windows Server 2022,File Server,29.26,45.48,54.52,71.15,28.85,99.8108,0,Healthy
2026-04-25T12:00,2026-04-25,2026-04,NSS-LINUX-APP01,Ubuntu 24.04,Application Server,14.63,65.4,34.6,66.43,33.57,99.8548,0,Healthy
2026-01-10T18:00,2026-01-10,2026-01,NSS-APP01,Windows Server 2022,Application Server,27.68,54.01,45.99,68.49,31.51,99.8024,0,Healthy
2026-01-03T06:00,2026-01-03,2026-01,NSS-APP01,Windows Server 2022,Application Server,39.95,37.81,62.19,83.53,16.47,99.901,0,Warning
2026-04-11T08:00,2026-04-11,2026-04,NSS-MON01,Ubuntu 24.04,Monitoring Server,31.91,64.48,35.52,48.45,51.55,99.8023,0,Healthy
2026-02-07T08:00,2026-02-07,2026-02,NSS-LINUX-DB01,Rocky Linux 9,Database Server,19.97,47.95,52.05,60.73,39.27,99.8127,0,Healthy
2026-04-29T05:00,2026-04-29,2026-04,NSS-APP01,Windows Server 2022,Application Server,17.65,54.59,45.41,76.32,23.68,99.8197,0,Healthy
2026-02-13T06:00,2026-02-13,2026-02,NSS-DC02,Windows Server 2022,Domain Controller,30.99,76.08,23.92,76.72,23.28,99.9,0,Healthy
2026-02-27T00:00,2026-02-27,2026-02,NSS-FILE01,Windows Server 2022,File Server,25.98,44.99,55.01,39.42,60.58,99.9942,0,Healthy
2026-01-24T22:00,2026-01-24,2026-01,NSS-FILE01,Windows Server 2022,File Server,15.13,47.72,52.28,74.39,25.61,99.7896,0,Healthy
2026-07-27T04:00,2026-07-27,2026-07,NSS-MON01,Ubuntu 24.04,Monitoring Server,35.38,75.8,24.2,56.21,43.79,99.7978,0,Healthy
2026-03-09T22:00,2026-03-09,2026-03,NSS-LINUX-DB01,Rocky Linux 9,Database Server,36.94,53.56,46.44,44.89,55.11,99.7687,0,Healthy
2026-07-17T03:00,2026-07-17,2026-07,NSS-DC02,Windows Server 2022,Domain Controller,29.54,49.25,50.75,49.59,50.41,99.8865,0,Healthy
2026-02-02T04:00,2026-02-02,2026-02,NSS-APP01,Windows Server 2022,Application Server,30.59,74.61,25.39,53.75,46.25,99.7937,0,Healthy
2026-05-19T15:00,2026-05-19,2026-05,NSS-LINUX-APP01,Ubuntu 24.04,Application Server,31.63,65.81,34.19,45.63,54.37,99.8859,0,Healthy
2026-05-30T19:00,2026-05-30,2026-05,NSS-APP01,Windows Server 2022,Application Server,44.96,20.73,79.27,63.96,36.04,99.8196,0,Healthy
2026-05-17T03:00,2026-05-17,2026-05,NSS-DC02,Windows Server 2022,Domain Controller,38.64,45.5,54.5,76.45,23.55,99.7573,0,Healthy
2026-07-15T17:00,2026-07-15,2026-07,NSS-APP01,Windows Server 2022,Application Server,22.31,58.85,41.15,54.82,45.18,99.7914,0,Healthy
2026-06-29T00:00,2026-06-29,2026-06,NSS-LINUX-APP01,Ubuntu 24.04,Application Server,41.33,49.9,50.1,55.9,44.1,99.888,0,Healthy
2026-03-24T04:00,2026-03-24,2026-03,NSS-APP01,Windows Server 2022,Application Server,24.43,66.28,33.72,59.82,40.18,99.8783,0,Healthy
2026-01-24T21:00,2026-01-24,2026-01,NSS-LINUX-APP01,Ubuntu 24.04,Application Server,49.92,50.36,49.64,47.6,52.4,99.9366,0,Healthy
2026-05-02T15:00,2026-05-02,2026-05,NSS-LINUX-APP01,Ubuntu 24.04,Application Server,35.0,76.51,23.49,57.59,42.41,99.9885,0,Healthy
2026-07-27T14:00,2026-07-27,2026-07,NSS-LINUX-DB01,Rocky Linux 9,Database Server,16.5,59.72,40.28,71.19,28.81,99.7641,0,Healthy
2026-01-21T12:00,2026-01-21,2026-01,NSS-MON01,Ubuntu 24.04,Monitoring Server,44.5,36.78,63.22,61.38,38.62,99.8838,0,Healthy
2026-02-19T20:00,2026-02-19,2026-02,NSS-DC01,Windows Server 2022,Domain Controller,25.33,57.23,42.77,57.22,42.78,99.776,0,Healthy
2026-02-24T12:00,2026-02-24,2026-02,NSS-DC02,Windows Server 2022,Domain Controller,41.2,53.22,46.78,65.85,34.15,99.9962,0,Healthy
2026-05-09T02:00,2026-05-09,2026-05,NSS-APP01,Windows Server 2022,Application Server,22.96,64.63,35.37,73.12,26.88,99.8543,0,Healthy
2026-04-19T13:00,2026-04-19,2026-04,NSS-DC01,Windows Server 2022,Domain Controller,19.95,54.73,45.27,78.7,21.3,99.9132,0,Healthy
2026-05-25T20:00,2026-05-25,2026-05,NSS-DC02,Windows Server 2022,Domain Controller,46.46,59.21,40.79,73.1,26.9,99.8555,0,Healthy
2026-02-05T22:00,2026-02-05,2026-02,NSS-APP01,Windows Server 2022,Application Server,7.48,38.97,61.03,41.13,58.87,99.7846,0,Healthy
2026-06-28T16:00,2026-06-28,2026-06,NSS-FILE01,Windows Server 2022,File Server,36.73,59.97,40.03,39.58,60.42,99.842,0,Healthy
2026-03-20T22:00,2026-03-20,2026-03,NSS-LINUX-DB01,Rocky Linux 9,Database Server,41.14,36.7,63.3,49.12,50.88,99.9699,0,Healthy
2026-02-08T13:00,2026-02-08,2026-02,NSS-DC02,Windows Server 2022,Domain Controller,16.37,9.24,90.76,39.73,60.27,99.8698,0,Healthy
2026-05-05T18:00,2026-05-05,2026-05,NSS-DC02,Windows Server 2022,Domain Controller,2.52,39.65,60.35,68.68,31.32,99.9218,0,Healthy
2026-05-17T14:00,2026-05-17,2026-05,NSS-DC01,Windows Server 2022,Domain Controller,31.15,56.62,43.38,80.33,19.67,99.9998,0,Warning
2026-04-30T23:00,2026-04-30,2026-04,NSS-LINUX-APP01,Ubuntu 24.04,Application Server,24.29,58.06,41.94,46.12,53.88,99.7681,0,Healthy
2026-01-02T23:00,2026-01-02,2026-01,NSS-MON01,Ubuntu 24.04,Monitoring Server,38.57,70.17,29.83,32.09,67.91,99.8555,0,Healthy
2026-05-15T20:00,2026-05-15,2026-05,NSS-APP01,Windows Server 2022,Application Server,2.0,56.62,43.38,61.61,38.39,99.9943,0,Healthy
2026-02-15T07:00,2026-02-15,2026-02,NSS-APP01,Windows Server 2022,Application Server,28.98,53.97,46.03,74.14,25.86,99.8641,0,Healthy
2026-05-04T16:00,2026-05-04,2026-05,NSS-DC02,Windows Server 2022,Domain Controller,45.43,56.59,43.41,94.41,5.59,99.8286,1,Critical
2026-04-20T23:00,2026-04-20,2026-04,NSS-LINUX-DB01,Rocky Linux 9,Database Server,34.35,42.15,57.85,81.35,18.65,99.7581,0,Warning
2026-04-17T01:00,2026-04-17,2026-04,NSS-LINUX-DB01,Rocky Linux 9,Database Server,25.57,53.03,46.97,54.04,45.96,99.8893,0,Healthy
2026-04-29T05:00,2026-04-29,2026-04,NSS-DC01,Windows Server 2022,Domain Controller,18.4,57.38,42.62,56.56,43.44,99.943,0,Healthy
2026-02-03T20:00,2026-02-03,2026-02,NSS-LINUX-APP01,Ubuntu 24.04,Application Server,10.22,67.44,32.56,56.58,43.42,99.7537,0,Healthy
2026-02-03T01:00,2026-02-03,2026-02,NSS-DC01,Windows Server 2022,Domain Controller,33.27,48.08,51.92,56.64,43.36,99.8353,0,Healthy
2026-04-09T23:00,2026-04-09,2026-04,NSS-LINUX-APP01,Ubuntu 24.04,Application Server,32.86,54.2,45.8,49.23,50.77,99.8515,0,Healthy
2026-02-11T08:00,2026-02-11,2026-02,NSS-APP01,Windows Server 2022,Application Server,36.43,67.59,32.41,33.56,66.44,99.7578,0,Healthy
2026-06-15T14:00,2026-06-15,2026-06,NSS-DC01,Windows Server 2022,Domain Controller,17.05,50.29,49.71,60.92,39.08,99.7733,0,Healthy
2026-04-20T02:00,2026-04-20,2026-04,NSS-DC01,Windows Server 2022,Domain Controller,21.44,40.64,59.36,59.66,40.34,99.8329,0,Healthy
2026-06-02T00:00,2026-06-02,2026-06,NSS-LINUX-DB01,Rocky Linux 9,Database Server,40.62,70.6,29.4,54.25,45.75,99.9141,0,Healthy
2026-06-19T05:00,2026-06-19,2026-06,NSS-DC01,Windows Server 2022,Domain Controller,44.06,76.35,23.65,66.04,33.96,99.8755,0,Healthy
2026-07-01T00:00,2026-07-01,2026-07,NSS-DC02,Windows Server 2022,Domain Controller,27.79,57.74,42.26,85.14,14.86,99.9955,1,Warning
2026-04-23T14:00,2026-04-23,2026-04,NSS-FILE01,Windows Server 2022,File Server,26.26,48.09,51.91,65.04,34.96,99.7562,0,Healthy
2026-07-26T06:00,2026-07-26,2026-07,NSS-DC01,Windows Server 2022,Domain Controller,52.49,38.26,61.74,61.83,38.17,99.7926,0,Healthy
2026-03-07T14:00,2026-03-07,2026-03,NSS-LINUX-APP01,Ubuntu 24.04,Application Server,17.49,54.36,45.64,52.55,47.45,99.9752,0,Healthy
2026-02-02T18:00,2026-02-02,2026-02,NSS-FILE01,Windows Server 2022,File Server,23.24,46.42,53.58,46.94,53.06,99.9064,0,Healthy
2026-03-15T10:00,2026-03-15,2026-03,NSS-LINUX-DB01,Rocky Linux 9,Database Server,24.16,72.4,27.6,62.15,37.85,99.8479,0,Healthy
2026-06-22T13:00,2026-06-22,2026-06,NSS-APP01,Windows Server 2022,Application Server,30.31,57.81,42.19,50.89,49.11,99.8181,0,Healthy
2026-05-29T21:00,2026-05-29,2026-05,NSS-MON01,Ubuntu 24.04,Monitoring Server,46.15,56.79,43.21,68.25,31.75,99.7682,0,Healthy
2026-02-16T11:00,2026-02-16,2026-02,NSS-DC02,Windows Server 2022,Domain Controller,31.56,79.86,20.14,43.1,56.9,99.9996,0,Healthy
2026-04-04T20:00,2026-04-04,2026-04,NSS-LINUX-DB01,Rocky Linux 9,Database Server,50.87,60.25,39.75,62.76,37.24,99.9649,0,Healthy
2026-05-04T00:00,2026-05-04,2026-05,NSS-MON01,Ubuntu 24.04,Monitoring Server,26.66,57.53,42.47,55.63,44.37,99.7612,0,Healthy
2026-05-27T09:00,2026-05-27,2026-05,NSS-FILE01,Windows Server 2022,File Server,37.98,52.68,47.32,55.62,44.38,99.9709,0,Healthy
2026-01-07T19:00,2026-01-07,2026-01,NSS-APP01,Windows Server 2022,Application Server,22.28,55.33,44.67,68.14,31.86,99.9176,0,Healthy
2026-07-17T23:00,2026-07-17,2026-07,NSS-MON01,Ubuntu 24.04,Monitoring Server,39.55,43.44,56.56,70.47,29.53,99.9283,0,Healthy
2026-05-13T05:00,2026-05-13,2026-05,NSS-MON01,Ubuntu 24.04,Monitoring Server,20.14,60.06,39.94,55.06,44.94,99.9825,0,Healthy
2026-05-13T09:00,2026-05-13,2026-05,NSS-DC02,Windows Server 2022,Domain Controller,23.34,68.85,31.15,46.58,53.42,99.7789,0,Healthy
2026-03-14T14:00,2026-03-14,2026-03,NSS-DC02,Windows Server 2022,Domain Controller,47.24,43.23,56.77,47.47,52.53,99.8803,0,Healthy
2026-05-11T13:00,2026-05-11,2026-05,NSS-DC01,Windows Server 2022,Domain Controller,40.88,59.1,40.9,83.96,16.04,99.9458,0,Warning
2026-01-22T05:00,2026-01-22,2026-01,NSS-APP01,Windows Server 2022,Application Server,8.21,50.87,49.13,94.01,5.99,99.9136,1,Critical
2026-03-30T01:00,2026-03-30,2026-03,NSS-DC01,Windows Server 2022,Domain Controller,22.67,65.48,34.52,57.92,42.08,99.8222,0,Healthy
2026-04-22T15:00,2026-04-22,2026-04,NSS-LINUX-DB01,Rocky Linux 9,Database Server,15.43,49.02,50.98,65.92,34.08,99.9223,0,Healthy
2026-03-30T10:00,2026-03-30,2026-03,NSS-DC01,Windows Server 2022,Domain Controller,34.14,40.34,59.66,54.4,45.6,99.9538,0,Healthy
2026-04-10T08:00,2026-04-10,2026-04,NSS-FILE01,Windows Server 2022,File Server,34.83,34.97,65.03,83.45,16.55,99.8006,0,Warning
2026-01-12T05:00,2026-01-12,2026-01,NSS-APP01,Windows Server 2022,Application Server,20.81,61.75,38.25,33.53,66.47,99.8891,0,Healthy
2026-07-20T17:00,2026-07-20,2026-07,NSS-FILE01,Windows Server 2022,File Server,41.17,45.91,54.09,95.0,5.0,99.7817,1,Critical
2026-05-08T08:00,2026-05-08,2026-05,NSS-LINUX-APP01,Ubuntu 24.04,Application Server,43.34,53.53,46.47,56.16,43.84,99.7951,0,Healthy
2026-07-17T07:00,2026-07-17,2026-07,NSS-DC01,Windows Server 2022,Domain Controller,16.87,36.95,63.05,26.7,73.3,99.775,0,Healthy
2026-01-15T19:00,2026-01-15,2026-01,NSS-LINUX-APP01,Ubuntu 24.04,Application Server,14.35,71.42,28.58,50.54,49.46,99.8277,0,Healthy
2026-07-29T23:00,2026-07-29,2026-07,NSS-LINUX-DB01,Rocky Linux 9,Database Server,32.41,38.56,61.44,72.66,27.34,99.9844,0,Healthy
2026-03-31T00:00,2026-03-31,2026-03,NSS-DC02,Windows Server 2022,Domain Controller,43.75,43.68,56.32,58.97,41.03,99.8296,0,Healthy
2026-03-29T21:00,2026-03-29,2026-03,NSS-FILE01,Windows Server 2022,File Server,43.79,41.36,58.64,57.7,42.3,99.9157,0,Healthy
2026-01-07T08:00,2026-01-07,2026-01,NSS-DC02,Windows Server 2022,Domain Controller,12.96,43.29,56.71,86.6,13.4,99.8274,1,Warning
2026-05-01T11:00,2026-05-01,2026-05,NSS-FILE01,Windows Server 2022,File Server,41.38,53.09,46.91,48.35,51.65,99.9537,0,Healthy
2026-03-18T04:00,2026-03-18,2026-03,NSS-DC02,Windows Server 2022,Domain Controller,29.8,55.51,44.49,35.53,64.47,99.9826,0,Healthy
2026-01-27T12:00,2026-01-27,2026-01,NSS-DC01,Windows Server 2022,Domain Controller,10.28,40.92,59.08,68.04,31.96,99.9641,0,Healthy
2026-03-31T03:00,2026-03-31,2026-03,NSS-DC02,Windows Server 2022,Domain Controller,59.54,48.41,51.59,64.18,35.82,99.762,0,Healthy
2026-05-13T20:00,2026-05-13,2026-05,NSS-DC02,Windows Server 2022,Domain Controller,50.85,47.55,52.45,70.56,29.44,99.7531,0,Healthy
2026-01-21T23:00,2026-01-21,2026-01,NSS-LINUX-APP01,Ubuntu 24.04,Application Server,13.65,48.54,51.46,74.73,25.27,99.8574,0,Healthy
2026-05-26T09:00,2026-05-26,2026-05,NSS-APP01,Windows Server 2022,Application Server,43.67,77.34,22.66,51.46,48.54,99.8785,0,Healthy
2026-06-03T05:00,2026-06-03,2026-06,NSS-APP01,Windows Server 2022,Application Server,46.87,55.36,44.64,67.83,32.17,99.9222,0,Healthy
2026-05-29T00:00,2026-05-29,2026-05,NSS-LINUX-DB01,Rocky Linux 9,Database Server,12.39,18.89,81.11,59.81,40.19,99.8641,0,Healthy
2026-02-24T14:00,2026-02-24,2026-02,NSS-DC01,Windows Server 2022,Domain Controller,33.0,43.14,56.86,72.06,27.94,99.9938,0,Healthy
2026-04-04T06:00,2026-04-04,2026-04,NSS-FILE01,Windows Server 2022,File Server,19.5,61.44,38.56,71.72,28.28,99.9554,0,Healthy
2026-06-29T01:00,2026-06-29,2026-06,NSS-LINUX-APP01,Ubuntu 24.04,Application Server,32.9,43.63,56.37,59.68,40.32,99.7735,0,Healthy
2026-04-19T19:00,2026-04-19,2026-04,NSS-LINUX-APP01,Ubuntu 24.04,Application Server,17.41,43.71,56.29,46.44,53.56,99.8996,0,Healthy
2026-01-14T04:00,2026-01-14,2026-01,NSS-APP01,Windows Server 2022,Application Server,40.92,77.48,22.52,80.44,19.56,99.8374,0,Warning
2026-05-09T22:00,2026-05-09,2026-05,NSS-DC01,Windows Server 2022,Domain Controller,15.82,46.29,53.71,67.5,32.5,99.7562,0,Healthy
2026-05-07T01:00,2026-05-07,2026-05,NSS-DC02,Windows Server 2022,Domain Controller,40.76,69.91,30.09,92.85,7.15,99.936,1,Critical
2026-01-08T19:00,2026-01-08,2026-01,NSS-DC02,Windows Server 2022,Domain Controller,34.25,45.71,54.29,66.33,33.67,99.8464,0,Healthy
2026-03-28T20:00,2026-03-28,2026-03,NSS-LINUX-DB01,Rocky Linux 9,Database Server,53.86,55.99,44.01,42.07,57.93,99.8186,0,Healthy
2026-05-19T10:00,2026-05-19,2026-05,NSS-DC01,Windows Server 2022,Domain Controller,37.21,64.99,35.01,54.93,45.07,99.8595,0,Healthy
2026-04-13T13:00,2026-04-13,2026-04,NSS-MON01,Ubuntu 24.04,Monitoring Server,15.14,51.43,48.57,60.53,39.47,99.8756,0,Healthy
2026-02-09T11:00,2026-02-09,2026-02,NSS-MON01,Ubuntu 24.04,Monitoring Server,33.47,65.04,34.96,58.07,41.93,99.9312,0,Healthy
2026-01-24T12:00,2026-01-24,2026-01,NSS-LINUX-DB01,Rocky Linux 9,Database Server,17.75,76.36,23.64,59.35,40.65,99.9116,0,Healthy
2026-04-28T16:00,2026-04-28,2026-04,NSS-MON01,Ubuntu 24.04,Monitoring Server,29.26,42.51,57.49,28.59,71.41,99.9084,0,Healthy
2026-02-24T05:00,2026-02-24,2026-02,NSS-FILE01,Windows Server 2022,File Server,46.32,59.12,40.88,59.68,40.32,99.9437,0,Healthy
2026-06-22T03:00,2026-06-22,2026-06,NSS-APP01,Windows Server 2022,Application Server,28.86,79.57,20.43,56.56,43.44,99.9898,0,Healthy
2026-03-22T20:00,2026-03-22,2026-03,NSS-DC02,Windows Server 2022,Domain Controller,25.61,88.11,11.89,76.02,23.98,99.8944,0,Warning
2026-04-18T13:00,2026-04-18,2026-04,NSS-APP01,Windows Server 2022,Application Server,36.61,27.1,72.9,92.97,7.03,99.8451,1,Critical
2026-06-14T22:00,2026-06-14,2026-06,NSS-APP01,Windows Server 2022,Application Server,17.64,36.49,63.51,81.33,18.67,99.7948,0,Warning
2026-03-17T15:00,2026-03-17,2026-03,NSS-MON01,Ubuntu 24.04,Monitoring Server,42.54,58.77,41.23,60.52,39.48,99.7994,0,Healthy
2026-03-07T02:00,2026-03-07,2026-03,NSS-LINUX-DB01,Rocky Linux 9,Database Server,6.85,33.31,66.69,43.5,56.5,99.7688,0,Healthy
2026-02-02T02:00,2026-02-02,2026-02,NSS-LINUX-DB01,Rocky Linux 9,Database Server,42.38,53.9,46.1,55.01,44.99,99.7967,0,Healthy
2026-04-14T02:00,2026-04-14,2026-04,NSS-APP01,Windows Server 2022,Application Server,11.81,62.95,37.05,82.48,17.52,99.9044,0,Warning
2026-05-14T16:00,2026-05-14,2026-05,NSS-DC02,Windows Server 2022,Domain Controller,24.18,37.82,62.18,73.35,26.65,99.7565,0,Healthy
2026-04-16T14:00,2026-04-16,2026-04,NSS-LINUX-DB01,Rocky Linux 9,Database Server,25.3,60.44,39.56,53.89,46.11,99.8246,0,Healthy
2026-02-23T22:00,2026-02-23,2026-02,NSS-DC01,Windows Server 2022,Domain Controller,2.0,62.66,37.34,38.0,62.0,99.8531,0,Healthy
2026-03-03T02:00,2026-03-03,2026-03,NSS-MON01,Ubuntu 24.04,Monitoring Server,31.16,60.19,39.81,62.85,37.15,99.9646,0,Healthy
2026-01-22T02:00,2026-01-22,2026-01,NSS-DC02,Windows Server 2022,Domain Controller,19.26,49.73,50.27,56.68,43.32,99.946,0,Healthy
2026-05-09T19:00,2026-05-09,2026-05,NSS-DC02,Windows Server 2022,Domain Controller,28.68,56.94,43.06,72.75,27.25,99.7521,0,Healthy
2026-03-09T02:00,2026-03-09,2026-03,NSS-FILE01,Windows Server 2022,File Server,35.67,27.97,72.03,63.94,36.06,99.8944,0,Healthy
2026-07-09T10:00,2026-07-09,2026-07,NSS-FILE01,Windows Server 2022,File Server,14.46,27.51,72.49,59.96,40.04,99.9573,0,Healthy
2026-05-23T15:00,2026-05-23,2026-05,NSS-LINUX-APP01,Ubuntu 24.04,Application Server,34.28,76.72,23.28,59.09,40.91,99.8695,0,Healthy
2026-03-05T12:00,2026-03-05,2026-03,NSS-DC01,Windows Server 2022,Domain Controller,29.79,67.38,32.62,36.34,63.66,99.79,0,Healthy
2026-05-25T03:00,2026-05-25,2026-05,NSS-APP01,Windows Server 2022,Application Server,17.72,31.09,68.91,64.76,35.24,99.9541,0,Healthy
2026-02-07T23:00,2026-02-07,2026-02,NSS-DC01,Windows Server 2022,Domain Controller,24.61,52.6,47.4,55.17,44.83,99.8447,0,Healthy
2026-01-02T21:00,2026-01-02,2026-01,NSS-MON01,Ubuntu 24.04,Monitoring Server,39.7,38.41,61.59,70.33,29.67,99.8975,0,Healthy
2026-02-09T15:00,2026-02-09,2026-02,NSS-MON01,Ubuntu 24.04,Monitoring Server,21.21,53.06,46.94,60.02,39.98,99.9189,0,Healthy
2026-01-24T08:00,2026-01-24,2026-01,NSS-FILE01,Windows Server 2022,File Server,31.42,71.67,28.33,63.72,36.28,99.8986,0,Healthy
2026-06-15T13:00,2026-06-15,2026-06,NSS-LINUX-APP01,Ubuntu 24.04,Application Server,47.28,44.58,55.42,73.85,26.15,99.9038,0,Healthy
2026-05-13T03:00,2026-05-13,2026-05,NSS-LINUX-APP01,Ubuntu 24.04,Application Server,2.0,53.65,46.35,60.61,39.39,99.7961,0,Healthy
2026-07-02T13:00,2026-07-02,2026-07,NSS-FILE01,Windows Server 2022,File Server,43.09,64.73,35.27,72.18,27.82,99.9425,0,Healthy
2026-06-30T12:00,2026-06-30,2026-06,NSS-LINUX-DB01,Rocky Linux 9,Database Server,17.36,30.48,69.52,52.74,47.26,99.9286,0,Healthy
2026-06-12T19:00,2026-06-12,2026-06,NSS-DC01,Windows Server 2022,Domain Controller,40.02,29.3,70.7,54.33,45.67,99.755,0,Healthy
2026-07-07T21:00,2026-07-07,2026-07,NSS-LINUX-APP01,Ubuntu 24.04,Application Server,21.15,53.38,46.62,81.33,18.67,99.8533,0,Warning
2026-07-01T23:00,2026-07-01,2026-07,NSS-APP01,Windows Server 2022,Application Server,37.22,68.13,31.87,51.02,48.98,99.8758,0,Healthy
2026-01-26T22:00,2026-01-26,2026-01,NSS-LINUX-DB01,Rocky Linux 9,Database Server,46.42,44.87,55.13,51.58,48.42,99.8549,0,Healthy
2026-06-16T07:00,2026-06-16,2026-06,NSS-APP01,Windows Server 2022,Application Server,29.51,22.51,77.49,76.27,23.73,99.9666,0,Healthy
2026-04-18T19:00,2026-04-18,2026-04,NSS-LINUX-DB01,Rocky Linux 9,Database Server,32.04,36.39,63.61,79.89,20.11,99.9362,0,Healthy
2026-01-12T00:00,2026-01-12,2026-01,NSS-MON01,Ubuntu 24.04,Monitoring Server,44.63,58.86,41.14,53.44,46.56,99.7629,0,Healthy
2026-03-11T14:00,2026-03-11,2026-03,NSS-LINUX-APP01,Ubuntu 24.04,Application Server,43.1,68.59,31.41,61.67,38.33,99.8838,0,Healthy
2026-06-04T02:00,2026-06-04,2026-06,NSS-MON01,Ubuntu 24.04,Monitoring Server,46.26,45.16,54.84,38.06,61.94,99.7575,0,Healthy
2026-07-01T03:00,2026-07-01,2026-07,NSS-LINUX-DB01,Rocky Linux 9,Database Server,37.85,24.36,75.64,63.26,36.74,99.9216,0,Healthy
2026-01-21T10:00,2026-01-21,2026-01,NSS-LINUX-APP01,Ubuntu 24.04,Application Server,19.65,53.04,46.96,47.62,52.38,99.7811,0,Healthy
2026-03-17T22:00,2026-03-17,2026-03,NSS-LINUX-DB01,Rocky Linux 9,Database Server,35.49,42.3,57.7,58.5,41.5,99.9037,0,Healthy
2026-03-14T08:00,2026-03-14,2026-03,NSS-DC02,Windows Server 2022,Domain Controller,34.72,30.02,69.98,13.49,86.51,99.984,0,Healthy
2026-05-17T10:00,2026-05-17,2026-05,NSS-DC01,Windows Server 2022,Domain Controller,36.79,41.44,58.56,70.1,29.9,99.8465,0,Healthy
2026-03-17T03:00,2026-03-17,2026-03,NSS-APP01,Windows Server 2022,Application Server,36.12,84.88,15.12,50.76,49.24,99.9859,0,Warning
2026-03-01T19:00,2026-03-01,2026-03,NSS-DC01,Windows Server 2022,Domain Controller,15.2,54.39,45.61,68.69,31.31,99.9668,0,Healthy
2026-05-15T07:00,2026-05-15,2026-05,NSS-LINUX-DB01,Rocky Linux 9,Database Server,45.14,56.64,43.36,38.02,61.98,99.9459,0,Healthy
2026-06-03T12:00,2026-06-03,2026-06,NSS-FILE01,Windows Server 2022,File Server,34.01,60.23,39.77,56.8,43.2,99.8085,0,Healthy
2026-02-15T06:00,2026-02-15,2026-02,NSS-LINUX-DB01,Rocky Linux 9,Database Server,22.91,58.9,41.1,54.15,45.85,99.7603,0,Healthy
2026-04-29T13:00,2026-04-29,2026-04,NSS-APP01,Windows Server 2022,Application Server,35.65,54.57,45.43,54.11,45.89,99.8134,0,Healthy
2026-03-11T11:00,2026-03-11,2026-03,NSS-DC01,Windows Server 2022,Domain Controller,2.0,10.32,89.68,49.71,50.29,99.8166,0,Healthy
2026-03-14T04:00,2026-03-14,2026-03,NSS-FILE01,Windows Server 2022,File Server,6.29,77.9,22.1,62.58,37.42,99.9436,0,Healthy
2026-05-19T02:00,2026-05-19,2026-05,NSS-MON01,Ubuntu 24.04,Monitoring Server,2.0,79.06,20.94,63.56,36.44,99.9803,0,Healthy
2026-05-29T20:00,2026-05-29,2026-05,NSS-DC02,Windows Server 2022,Domain Controller,32.47,71.94,28.06,59.99,40.01,99.9699,0,Healthy
2026-03-29T13:00,2026-03-29,2026-03,NSS-LINUX-APP01,Ubuntu 24.04,Application Server,25.14,22.65,77.35,52.1,47.9,99.7561,0,Healthy
2026-06-29T12:00,2026-06-29,2026-06,NSS-MON01,Ubuntu 24.04,Monitoring Server,45.92,48.52,51.48,75.89,24.11,99.8795,0,Healthy
2026-03-25T05:00,2026-03-25,2026-03,NSS-DC01,Windows Server 2022,Domain Controller,2.0,59.02,40.98,36.58,63.42,99.7548,0,Healthy
2026-03-13T01:00,2026-03-13,2026-03,NSS-LINUX-APP01,Ubuntu 24.04,Application Server,30.68,41.99,58.01,60.45,39.55,99.944,0,Healthy
2026-05-08T17:00,2026-05-08,2026-05,NSS-FILE01,Windows Server 2022,File Server,36.76,53.44,46.56,61.0,39.0,99.9207,0,Healthy
2026-05-28T19:00,2026-05-28,2026-05,NSS-LINUX-DB01,Rocky Linux 9,Database Server,26.86,43.39,56.61,44.17,55.83,99.8106,0,Healthy
2026-02-13T07:00,2026-02-13,2026-02,NSS-LINUX-APP01,Ubuntu 24.04,Application Server,34.41,69.19,30.81,62.66,37.34,99.8053,0,Healthy
2026-04-11T00:00,2026-04-11,2026-04,NSS-DC02,Windows Server 2022,Domain Controller,41.65,62.6,37.4,66.69,33.31,99.9236,0,Healthy
2026-06-22T17:00,2026-06-22,2026-06,NSS-LINUX-DB01,Rocky Linux 9,Database Server,24.35,70.97,29.03,69.18,30.82,99.8485,0,Healthy
2026-03-08T23:00,2026-03-08,2026-03,NSS-FILE01,Windows Server 2022,File Server,42.81,54.7,45.3,60.35,39.65,99.9566,0,Healthy
2026-05-29T14:00,2026-05-29,2026-05,NSS-DC01,Windows Server 2022,Domain Controller,26.77,60.04,39.96,50.22,49.78,99.9951,0,Healthy
2026-03-11T10:00,2026-03-11,2026-03,NSS-LINUX-APP01,Ubuntu 24.04,Application Server,18.1,81.48,18.52,80.11,19.89,99.9923,0,Warning
2026-01-11T01:00,2026-01-11,2026-01,NSS-LINUX-APP01,Ubuntu 24.04,Application Server,8.28,32.23,67.77,54.94,45.06,99.9269,0,Healthy
2026-05-24T03:00,2026-05-24,2026-05,NSS-LINUX-DB01,Rocky Linux 9,Database Server,32.05,55.51,44.49,75.73,24.27,99.8232,0,Healthy
2026-01-08T19:00,2026-01-08,2026-01,NSS-DC01,Windows Server 2022,Domain Controller,33.81,73.23,26.77,36.39,63.61,99.798,0,Healthy
2026-03-14T20:00,2026-03-14,2026-03,NSS-DC02,Windows Server 2022,Domain Controller,16.05,49.53,50.47,86.26,13.74,99.8209,1,Warning
2026-02-19T11:00,2026-02-19,2026-02,NSS-LINUX-DB01,Rocky Linux 9,Database Server,16.35,62.1,37.9,75.39,24.61,99.9732,0,Healthy
2026-02-15T07:00,2026-02-15,2026-02,NSS-FILE01,Windows Server 2022,File Server,38.49,43.77,56.23,75.11,24.89,99.9108,0,Healthy
2026-06-30T13:00,2026-06-30,2026-06,NSS-LINUX-APP01,Ubuntu 24.04,Application Server,19.29,53.91,46.09,71.95,28.05,99.9772,0,Healthy
2026-03-25T11:00,2026-03-25,2026-03,NSS-LINUX-APP01,Ubuntu 24.04,Application Server,20.07,56.44,43.56,65.46,34.54,99.9353,0,Healthy
2026-07-19T12:00,2026-07-19,2026-07,NSS-FILE01,Windows Server 2022,File Server,14.18,69.02,30.98,49.77,50.23,99.8827,0,Healthy
2026-02-23T00:00,2026-02-23,2026-02,NSS-FILE01,Windows Server 2022,File Server,24.63,61.36,38.64,87.79,12.21,99.9011,1,Warning
2026-04-30T13:00,2026-04-30,2026-04,NSS-LINUX-DB01,Rocky Linux 9,Database Server,29.99,62.12,37.88,39.6,60.4,99.9309,0,Healthy
2026-07-10T23:00,2026-07-10,2026-07,NSS-MON01,Ubuntu 24.04,Monitoring Server,6.54,66.78,33.22,53.87,46.13,99.9203,0,Healthy
2026-01-17T14:00,2026-01-17,2026-01,NSS-APP01,Windows Server 2022,Application Server,29.57,80.26,19.74,56.37,43.63,99.8061,0,Warning
2026-01-06T22:00,2026-01-06,2026-01,NSS-FILE01,Windows Server 2022,File Server,14.38,54.53,45.47,32.57,67.43,99.8892,0,Healthy
2026-05-21T21:00,2026-05-21,2026-05,NSS-DC01,Windows Server 2022,Domain Controller,35.87,61.44,38.56,40.85,59.15,99.8977,0,Healthy
2026-04-26T17:00,2026-04-26,2026-04,NSS-LINUX-APP01,Ubuntu 24.04,Application Server,7.32,37.5,62.5,49.52,50.48,99.9125,0,Healthy
2026-02-10T21:00,2026-02-10,2026-02,NSS-FILE01,Windows Server 2022,File Server,37.89,51.98,48.02,90.54,9.46,99.7918,1,Critical
2026-03-24T18:00,2026-03-24,2026-03,NSS-LINUX-DB01,Rocky Linux 9,Database Server,4.84,47.41,52.59,51.11,48.89,99.9368,0,Healthy
2026-03-31T00:00,2026-03-31,2026-03,NSS-APP01,Windows Server 2022,Application Server,40.5,57.16,42.84,66.5,33.5,99.7593,0,Healthy
2026-05-16T07:00,2026-05-16,2026-05,NSS-MON01,Ubuntu 24.04,Monitoring Server,2.0,12.06,87.94,40.73,59.27,99.8222,0,Healthy
2026-05-30T02:00,2026-05-30,2026-05,NSS-APP01,Windows Server 2022,Application Server,15.9,32.58,67.42,94.65,5.35,99.9865,1,Critical
2026-02-08T06:00,2026-02-08,2026-02,NSS-LINUX-DB01,Rocky Linux 9,Database Server,2.0,31.07,68.93,33.84,66.16,99.998,0,Healthy
2026-07-04T20:00,2026-07-04,2026-07,NSS-LINUX-APP01,Ubuntu 24.04,Application Server,35.38,98.0,2.0,57.65,42.35,99.8444,1,Critical
2026-05-03T18:00,2026-05-03,2026-05,NSS-DC02,Windows Server 2022,Domain Controller,38.56,75.35,24.65,64.1,35.9,99.8347,0,Healthy
2026-04-16T13:00,2026-04-16,2026-04,NSS-LINUX-DB01,Rocky Linux 9,Database Server,53.86,42.2,57.8,37.76,62.24,99.7868,0,Healthy
2026-06-02T13:00,2026-06-02,2026-06,NSS-LINUX-DB01,Rocky Linux 9,Database Server,35.68,75.25,24.75,58.26,41.74,99.8351,0,Healthy
2026-07-11T16:00,2026-07-11,2026-07,NSS-DC01,Windows Server 2022,Domain Controller,24.87,71.25,28.75,89.52,10.48,99.8973,1,Warning
2026-06-25T03:00,2026-06-25,2026-06,NSS-LINUX-APP01,Ubuntu 24.04,Application Server,4.14,62.61,37.39,62.8,37.2,99.7503,0,Healthy
2026-01-02T01:00,2026-01-02,2026-01,NSS-FILE01,Windows Server 2022,File Server,9.28,68.11,31.89,61.73,38.27,99.8926,0,Healthy
2026-02-16T05:00,2026-02-16,2026-02,NSS-APP01,Windows Server 2022,Application Server,18.77,32.29,67.71,47.84,52.16,99.7585,0,Healthy
2026-02-14T08:00,2026-02-14,2026-02,NSS-LINUX-DB01,Rocky Linux 9,Database Server,41.68,59.02,40.98,67.2,32.8,99.7971,0,Healthy
2026-05-20T20:00,2026-05-20,2026-05,NSS-FILE01,Windows Server 2022,File Server,11.46,77.25,22.75,53.73,46.27,99.9289,0,Healthy
2026-05-07T05:00,2026-05-07,2026-05,NSS-LINUX-DB01,Rocky Linux 9,Database Server,22.67,37.48,62.52,26.73,73.27,99.766,0,Healthy
2026-02-24T17:00,2026-02-24,2026-02,NSS-MON01,Ubuntu 24.04,Monitoring Server,23.85,51.22,48.78,80.33,19.67,99.8535,0,Warning
2026-04-24T16:00,2026-04-24,2026-04,NSS-DC02,Windows Server 2022,Domain Controller,39.61,60.35,39.65,48.04,51.96,99.9534,0,Healthy
2026-02-09T20:00,2026-02-09,2026-02,NSS-DC02,Windows Server 2022,Domain Controller,34.2,62.4,37.6,56.81,43.19,99.9158,0,Healthy
2026-06-24T07:00,2026-06-24,2026-06,NSS-LINUX-APP01,Ubuntu 24.04,Application Server,68.0,19.25,80.75,42.82,57.18,99.9001,0,Healthy
2026-06-03T01:00,2026-06-03,2026-06,NSS-LINUX-DB01,Rocky Linux 9,Database Server,34.61,57.85,42.15,60.92,39.08,99.8041,0,Healthy
2026-01-10T05:00,2026-01-10,2026-01,NSS-FILE01,Windows Server 2022,File Server,54.35,56.8,43.2,32.41,67.59,99.8716,0,Healthy
2026-06-11T01:00,2026-06-11,2026-06,NSS-LINUX-DB01,Rocky Linux 9,Database Server,17.63,53.25,46.75,95.0,5.0,99.8112,1,Critical
2026-04-21T07:00,2026-04-21,2026-04,NSS-FILE01,Windows Server 2022,File Server,31.14,51.94,48.06,49.45,50.55,99.9184,0,Healthy
2026-04-02T15:00,2026-04-02,2026-04,NSS-MON01,Ubuntu 24.04,Monitoring Server,19.19,71.83,28.17,64.27,35.73,99.9181,0,Healthy
2026-03-30T20:00,2026-03-30,2026-03,NSS-APP01,Windows Server 2022,Application Server,2.05,39.37,60.63,93.24,6.76,99.9103,1,Critical
2026-06-13T14:00,2026-06-13,2026-06,NSS-LINUX-DB01,Rocky Linux 9,Database Server,41.79,62.17,37.83,83.37,16.63,99.9156,0,Warning
2026-06-19T22:00,2026-06-19,2026-06,NSS-APP01,Windows Server 2022,Application Server,28.82,59.91,40.09,81.93,18.07,99.9658,0,Warning
2026-02-01T02:00,2026-02-01,2026-02,NSS-FILE01,Windows Server 2022,File Server,27.67,74.88,25.12,56.26,43.74,99.9529,0,Healthy
2026-06-06T05:00,2026-06-06,2026-06,NSS-MON01,Ubuntu 24.04,Monitoring Server,18.5,56.54,43.46,59.37,40.63,99.9973,0,Healthy
2026-04-23T23:00,2026-04-23,2026-04,NSS-DC02,Windows Server 2022,Domain Controller,16.04,60.64,39.36,86.07,13.93,99.8797,1,Warning
2026-06-21T09:00,2026-06-21,2026-06,NSS-DC01,Windows Server 2022,Domain Controller,11.97,44.94,55.06,59.63,40.37,99.9007,0,Healthy
2026-04-26T13:00,2026-04-26,2026-04,NSS-FILE01,Windows Server 2022,File Server,25.92,70.86,29.14,58.86,41.14,99.9408,0,Healthy
2026-02-11T10:00,2026-02-11,2026-02,NSS-DC01,Windows Server 2022,Domain Controller,26.17,45.84,54.16,60.69,39.31,99.9927,0,Healthy
2026-02-16T04:00,2026-02-16,2026-02,NSS-DC01,Windows Server 2022,Domain Controller,2.0,28.76,71.24,40.05,59.95,99.7839,0,Healthy
2026-03-03T09:00,2026-03-03,2026-03,NSS-DC01,Windows Server 2022,Domain Controller,23.78,53.19,46.81,68.61,31.39,99.9066,0,Healthy
2026-02-28T09:00,2026-02-28,2026-02,NSS-APP01,Windows Server 2022,Application Server,41.29,60.87,39.13,52.35,47.65,99.8786,0,Healthy
2026-03-25T04:00,2026-03-25,2026-03,NSS-MON01,Ubuntu 24.04,Monitoring Server,29.43,76.83,23.17,60.07,39.93,99.9717,0,Healthy
2026-03-30T14:00,2026-03-30,2026-03,NSS-MON01,Ubuntu 24.04,Monitoring Server,43.69,59.84,40.16,66.62,33.38,99.8615,0,Healthy
2026-05-01T01:00,2026-05-01,2026-05,NSS-APP01,Windows Server 2022,Application Server,35.76,63.7,36.3,54.04,45.96,99.9181,0,Healthy
2026-01-04T23:00,2026-01-04,2026-01,NSS-DC01,Windows Server 2022,Domain Controller,28.4,79.63,20.37,83.94,16.06,99.7788,0,Warning
2026-01-30T20:00,2026-01-30,2026-01,NSS-LINUX-DB01,Rocky Linux 9,Database Server,4.52,45.03,54.97,80.65,19.35,99.858,0,Warning
2026-01-23T19:00,2026-01-23,2026-01,NSS-LINUX-DB01,Rocky Linux 9,Database Server,23.4,42.52,57.48,38.82,61.18,99.9011,0,Healthy
2026-06-09T15:00,2026-06-09,2026-06,NSS-DC01,Windows Server 2022,Domain Controller,33.49,40.47,59.53,73.11,26.89,99.8684,0,Healthy
2026-06-16T14:00,2026-06-16,2026-06,NSS-FILE01,Windows Server 2022,File Server,23.84,58.64,41.36,52.54,47.46,99.9398,0,Healthy
2026-01-09T15:00,2026-01-09,2026-01,NSS-APP01,Windows Server 2022,Application Server,33.63,63.84,36.16,56.1,43.9,99.7648,0,Healthy
2026-06-20T06:00,2026-06-20,2026-06,NSS-DC01,Windows Server 2022,Domain Controller,21.16,67.45,32.55,59.8,40.2,99.8704,0,Healthy
2026-06-16T10:00,2026-06-16,2026-06,NSS-DC01,Windows Server 2022,Domain Controller,29.39,42.59,57.41,58.64,41.36,99.9764,0,Healthy
2026-07-08T22:00,2026-07-08,2026-07,NSS-DC02,Windows Server 2022,Domain Controller,14.37,54.99,45.01,56.94,43.06,99.7909,0,Healthy
2026-03-22T03:00,2026-03-22,2026-03,NSS-FILE01,Windows Server 2022,File Server,17.73,42.0,58.0,53.76,46.24,99.7899,0,Healthy
2026-07-17T12:00,2026-07-17,2026-07,NSS-MON01,Ubuntu 24.04,Monitoring Server,30.77,79.41,20.59,60.68,39.32,99.756,0,Healthy
2026-02-07T23:00,2026-02-07,2026-02,NSS-LINUX-APP01,Ubuntu 24.04,Application Server,43.09,44.3,55.7,51.25,48.75,99.8394,0,Healthy
2026-05-05T21:00,2026-05-05,2026-05,NSS-DC01,Windows Server 2022,Domain Controller,31.91,43.61,56.39,60.65,39.35,99.9924,0,Healthy
2026-03-31T05:00,2026-03-31,2026-03,NSS-APP01,Windows Server 2022,Application Server,41.55,41.81,58.19,62.74,37.26,99.7864,0,Healthy
2026-02-25T22:00,2026-02-25,2026-02,NSS-DC02,Windows Server 2022,Domain Controller,38.27,42.79,57.21,38.8,61.2,99.8252,0,Healthy
2026-03-03T22:00,2026-03-03,2026-03,NSS-LINUX-APP01,Ubuntu 24.04,Application Server,48.78,53.48,46.52,64.3,35.7,99.9241,0,Healthy
2026-01-22T15:00,2026-01-22,2026-01,NSS-MON01,Ubuntu 24.04,Monitoring Server,16.38,55.16,44.84,52.46,47.54,99.8151,0,Healthy
2026-03-28T08:00,2026-03-28,2026-03,NSS-LINUX-DB01,Rocky Linux 9,Database Server,28.91,54.43,45.57,52.07,47.93,99.7726,0,Healthy
2026-02-11T05:00,2026-02-11,2026-02,NSS-LINUX-DB01,Rocky Linux 9,Database Server,40.38,49.38,50.62,82.95,17.05,99.9818,0,Warning
2026-07-17T21:00,2026-07-17,2026-07,NSS-LINUX-DB01,Rocky Linux 9,Database Server,42.61,35.31,64.69,63.76,36.24,99.8968,0,Healthy
2026-02-22T00:00,2026-02-22,2026-02,NSS-LINUX-DB01,Rocky Linux 9,Database Server,3.69,43.61,56.39,52.23,47.77,99.9024,0,Healthy
2026-06-03T15:00,2026-06-03,2026-06,NSS-FILE01,Windows Server 2022,File Server,2.0,38.88,61.12,44.69,55.31,99.9079,0,Healthy
2026-02-27T04:00,2026-02-27,2026-02,NSS-LINUX-DB01,Rocky Linux 9,Database Server,18.89,72.37,27.63,82.21,17.79,99.8733,0,Warning
2026-07-17T17:00,2026-07-17,2026-07,NSS-LINUX-DB01,Rocky Linux 9,Database Server,20.16,63.8,36.2,63.27,36.73,99.8521,0,Healthy
2026-02-22T22:00,2026-02-22,2026-02,NSS-MON01,Ubuntu 24.04,Monitoring Server,8.16,56.3,43.7,87.83,12.17,99.877,1,Warning
2026-06-14T22:00,2026-06-14,2026-06,NSS-APP01,Windows Server 2022,Application Server,30.83,73.74,26.26,66.01,33.99,99.9735,0,Healthy
2026-04-27T14:00,2026-04-27,2026-04,NSS-LINUX-APP01,Ubuntu 24.04,Application Server,54.59,14.34,85.66,82.32,17.68,99.8385,0,Warning
2026-07-20T02:00,2026-07-20,2026-07,NSS-FILE01,Windows Server 2022,File Server,25.03,31.76,68.24,41.58,58.42,99.9618,0,Healthy
2026-04-02T10:00,2026-04-02,2026-04,NSS-LINUX-APP01,Ubuntu 24.04,Application Server,5.79,54.36,45.64,64.33,35.67,99.849,0,Healthy
2026-05-24T13:00,2026-05-24,2026-05,NSS-LINUX-APP01,Ubuntu 24.04,Application Server,12.29,55.83,44.17,83.04,16.96,99.9574,0,Warning
2026-07-03T20:00,2026-07-03,2026-07,NSS-FILE01,Windows Server 2022,File Server,38.44,40.7,59.3,62.54,37.46,99.8907,0,Healthy
2026-05-24T12:00,2026-05-24,2026-05,NSS-LINUX-APP01,Ubuntu 24.04,Application Server,30.56,35.34,64.66,58.83,41.17,99.8303,0,Healthy
2026-01-16T13:00,2026-01-16,2026-01,NSS-MON01,Ubuntu 24.04,Monitoring Server,5.83,51.18,48.82,40.92,59.08,99.7776,0,Healthy
2026-05-20T10:00,2026-05-20,2026-05,NSS-LINUX-APP01,Ubuntu 24.04,Application Server,21.3,62.03,37.97,83.2,16.8,99.8885,0,Warning
2026-07-18T12:00,2026-07-18,2026-07,NSS-DC01,Windows Server 2022,Domain Controller,39.29,66.48,33.52,55.11,44.89,99.815,0,Healthy
2026-03-25T02:00,2026-03-25,2026-03,NSS-FILE01,Windows Server 2022,File Server,19.48,59.16,40.84,76.65,23.35,99.8099,0,Healthy
2026-05-19T17:00,2026-05-19,2026-05,NSS-FILE01,Windows Server 2022,File Server,46.88,73.83,26.17,78.21,21.79,99.9714,0,Healthy
2026-06-01T17:00,2026-06-01,2026-06,NSS-APP01,Windows Server 2022,Application Server,2.0,53.22,46.78,73.08,26.92,99.9356,0,Healthy
2026-07-19T06:00,2026-07-19,2026-07,NSS-FILE01,Windows Server 2022,File Server,13.65,59.15,40.85,49.8,50.2,99.7719,0,Healthy
2026-01-19T23:00,2026-01-19,2026-01,NSS-LINUX-DB01,Rocky Linux 9,Database Server,16.95,62.03,37.97,68.97,31.03,99.7764,0,Healthy
2026-03-05T04:00,2026-03-05,2026-03,NSS-LINUX-APP01,Ubuntu 24.04,Application Server,35.71,61.11,38.89,52.23,47.77,99.8558,0,Healthy
2026-04-06T08:00,2026-04-06,2026-04,NSS-LINUX-APP01,Ubuntu 24.04,Application Server,27.8,24.95,75.05,67.5,32.5,99.7556,0,Healthy
2026-07-23T08:00,2026-07-23,2026-07,NSS-LINUX-DB01,Rocky Linux 9,Database Server,16.59,18.04,81.96,95.0,5.0,99.7638,1,Critical
2026-06-07T01:00,2026-06-07,2026-06,NSS-FILE01,Windows Server 2022,File Server,28.26,63.31,36.69,51.1,48.9,99.8546,0,Healthy
2026-04-12T18:00,2026-04-12,2026-04,NSS-LINUX-DB01,Rocky Linux 9,Database Server,53.32,51.55,48.45,61.37,38.63,99.8493,0,Healthy
2026-05-10T00:00,2026-05-10,2026-05,NSS-DC02,Windows Server 2022,Domain Controller,35.41,38.1,61.9,54.44,45.56,99.9388,0,Healthy
2026-01-19T21:00,2026-01-19,2026-01,NSS-MON01,Ubuntu 24.04,Monitoring Server,28.38,58.55,41.45,72.01,27.99,99.8059,0,Healthy
2026-03-02T09:00,2026-03-02,2026-03,NSS-DC02,Windows Server 2022,Domain Controller,7.89,58.75,41.25,48.27,51.73,99.957,0,Healthy
2026-06-13T14:00,2026-06-13,2026-06,NSS-FILE01,Windows Server 2022,File Server,14.44,54.23,45.77,59.73,40.27,99.9941,0,Healthy
2026-01-20T20:00,2026-01-20,2026-01,NSS-MON01,Ubuntu 24.04,Monitoring Server,22.48,59.16,40.84,33.02,66.98,99.9606,0,Healthy
2026-07-20T18:00,2026-07-20,2026-07,NSS-DC01,Windows Server 2022,Domain Controller,26.45,43.18,56.82,48.03,51.97,99.8619,0,Healthy
2026-06-10T10:00,2026-06-10,2026-06,NSS-LINUX-APP01,Ubuntu 24.04,Application Server,33.01,64.17,35.83,56.15,43.85,99.8663,0,Healthy
2026-04-25T10:00,2026-04-25,2026-04,NSS-DC01,Windows Server 2022,Domain Controller,25.53,61.47,38.53,55.94,44.06,99.8271,0,Healthy
2026-03-12T20:00,2026-03-12,2026-03,NSS-LINUX-APP01,Ubuntu 24.04,Application Server,13.35,71.96,28.04,61.42,38.58,99.9368,0,Healthy
2026-04-02T07:00,2026-04-02,2026-04,NSS-DC01,Windows Server 2022,Domain Controller,8.89,45.32,54.68,45.06,54.94,99.9897,0,Healthy
2026-04-26T16:00,2026-04-26,2026-04,NSS-MON01,Ubuntu 24.04,Monitoring Server,3.28,44.78,55.22,71.33,28.67,99.7753,0,Healthy
2026-03-09T17:00,2026-03-09,2026-03,NSS-DC02,Windows Server 2022,Domain Controller,40.9,77.74,22.26,33.68,66.32,99.9402,0,Healthy
2026-02-10T06:00,2026-02-10,2026-02,NSS-APP01,Windows Server 2022,Application Server,33.59,30.23,69.77,74.8,25.2,99.9363,0,Healthy
2026-07-25T09:00,2026-07-25,2026-07,NSS-DC01,Windows Server 2022,Domain Controller,33.11,54.96,45.04,80.99,19.01,99.7683,0,Warning
2026-04-20T01:00,2026-04-20,2026-04,NSS-LINUX-APP01,Ubuntu 24.04,Application Server,26.4,62.85,37.15,71.14,28.86,99.8782,0,Healthy
2026-04-23T08:00,2026-04-23,2026-04,NSS-FILE01,Windows Server 2022,File Server,22.36,51.51,48.49,63.01,36.99,99.9472,0,Healthy
2026-01-02T10:00,2026-01-02,2026-01,NSS-LINUX-DB01,Rocky Linux 9,Database Server,15.82,44.05,55.95,44.83,55.17,99.8298,0,Healthy
2026-05-24T19:00,2026-05-24,2026-05,NSS-DC01,Windows Server 2022,Domain Controller,14.0,65.81,34.19,50.87,49.13,99.8728,0,Healthy
2026-03-14T19:00,2026-03-14,2026-03,NSS-LINUX-APP01,Ubuntu 24.04,Application Server,53.71,44.1,55.9,46.7,53.3,99.8867,0,Healthy
2026-01-13T13:00,2026-01-13,2026-01,NSS-LINUX-DB01,Rocky Linux 9,Database Server,30.94,54.24,45.76,57.03,42.97,99.9561,0,Healthy
2026-07-13T11:00,2026-07-13,2026-07,NSS-LINUX-APP01,Ubuntu 24.04,Application Server,27.35,83.85,16.15,85.15,14.85,99.834,1,Warning
2026-06-04T00:00,2026-06-04,2026-06,NSS-LINUX-APP01,Ubuntu 24.04,Application Server,12.64,74.18,25.82,65.03,34.97,99.9716,0,Healthy
2026-05-08T08:00,2026-05-08,2026-05,NSS-LINUX-APP01,Ubuntu 24.04,Application Server,16.52,62.7,37.3,48.56,51.44,99.7832,0,Healthy
2026-07-23T16:00,2026-07-23,2026-07,NSS-DC02,Windows Server 2022,Domain Controller,48.77,47.96,52.04,57.96,42.04,99.8849,0,Healthy
2026-02-06T09:00,2026-02-06,2026-02,NSS-FILE01,Windows Server 2022,File Server,39.28,53.47,46.53,56.58,43.42,99.9316,0,Healthy
2026-06-06T03:00,2026-06-06,2026-06,NSS-DC01,Windows Server 2022,Domain Controller,42.69,42.28,57.72,54.0,46.0,99.9293,0,Healthy
2026-02-05T06:00,2026-02-05,2026-02,NSS-APP01,Windows Server 2022,Application Server,33.22,61.6,38.4,64.56,35.44,99.8665,0,Healthy
2026-02-20T00:00,2026-02-20,2026-02,NSS-MON01,Ubuntu 24.04,Monitoring Server,40.03,38.19,61.81,61.91,38.09,99.954,0,Healthy
2026-06-24T17:00,2026-06-24,2026-06,NSS-LINUX-APP01,Ubuntu 24.04,Application Server,32.1,66.97,33.03,51.18,48.82,99.9528,0,Healthy
2026-04-16T17:00,2026-04-16,2026-04,NSS-FILE01,Windows Server 2022,File Server,32.09,68.37,31.63,42.31,57.69,99.7636,0,Healthy
2026-04-07T19:00,2026-04-07,2026-04,NSS-LINUX-APP01,Ubuntu 24.04,Application Server,28.0,64.37,35.63,55.04,44.96,99.9928,0,Healthy
2026-05-26T16:00,2026-05-26,2026-05,NSS-FILE01,Windows Server 2022,File Server,32.88,81.59,18.41,59.56,40.44,99.7758,0,Warning
2026-04-24T10:00,2026-04-24,2026-04,NSS-APP01,Windows Server 2022,Application Server,18.66,78.98,21.02,61.52,38.48,99.9378,0,Healthy
2026-06-16T04:00,2026-06-16,2026-06,NSS-FILE01,Windows Server 2022,File Server,61.53,52.59,47.41,47.3,52.7,99.9442,0,Healthy
2026-04-18T10:00,2026-04-18,2026-04,NSS-LINUX-APP01,Ubuntu 24.04,Application Server,7.23,79.91,20.09,46.23,53.77,99.826,0,Healthy
2026-04-01T02:00,2026-04-01,2026-04,NSS-DC01,Windows Server 2022,Domain Controller,10.47,57.67,42.33,57.26,42.74,99.8378,0,Healthy
2026-03-02T02:00,2026-03-02,2026-03,NSS-MON01,Ubuntu 24.04,Monitoring Server,23.35,73.55,26.45,62.67,37.33,99.8585,0,Healthy
2026-02-25T19:00,2026-02-25,2026-02,NSS-FILE01,Windows Server 2022,File Server,17.39,59.13,40.87,52.78,47.22,99.8328,0,Healthy
2026-03-16T00:00,2026-03-16,2026-03,NSS-APP01,Windows Server 2022,Application Server,46.27,25.44,74.56,60.8,39.2,99.9568,0,Healthy
2026-03-05T01:00,2026-03-05,2026-03,NSS-APP01,Windows Server 2022,Application Server,34.15,74.94,25.06,41.99,58.01,99.756,0,Healthy
2026-04-07T02:00,2026-04-07,2026-04,NSS-FILE01,Windows Server 2022,File Server,5.26,39.99,60.01,60.93,39.07,99.9467,0,Healthy
2026-01-28T16:00,2026-01-28,2026-01,NSS-APP01,Windows Server 2022,Application Server,45.71,64.98,35.02,59.17,40.83,99.9986,0,Healthy
2026-07-16T16:00,2026-07-16,2026-07,NSS-DC01,Windows Server 2022,Domain Controller,29.88,60.45,39.55,58.26,41.74,99.8068,0,Healthy
2026-02-26T10:00,2026-02-26,2026-02,NSS-LINUX-DB01,Rocky Linux 9,Database Server,25.41,58.4,41.6,58.95,41.05,99.9874,0,Healthy
2026-04-02T06:00,2026-04-02,2026-04,NSS-FILE01,Windows Server 2022,File Server,34.13,72.13,27.87,82.22,17.78,99.9484,0,Warning
2026-03-07T13:00,2026-03-07,2026-03,NSS-DC02,Windows Server 2022,Domain Controller,21.59,49.74,50.26,50.01,49.99,99.7619,0,Healthy
2026-01-09T07:00,2026-01-09,2026-01,NSS-APP01,Windows Server 2022,Application Server,15.62,71.89,28.11,87.75,12.25,99.9413,1,Warning
2026-01-15T23:00,2026-01-15,2026-01,NSS-LINUX-DB01,Rocky Linux 9,Database Server,14.4,47.28,52.72,41.05,58.95,99.8732,0,Healthy
2026-02-02T23:00,2026-02-02,2026-02,NSS-APP01,Windows Server 2022,Application Server,41.43,63.2,36.8,46.2,53.8,99.9052,0,Healthy
2026-02-05T05:00,2026-02-05,2026-02,NSS-DC01,Windows Server 2022,Domain Controller,7.69,60.53,39.47,88.49,11.51,99.9677,1,Warning
2026-04-05T21:00,2026-04-05,2026-04,NSS-FILE01,Windows Server 2022,File Server,29.52,63.95,36.05,87.33,12.67,99.7943,1,Warning
2026-07-10T12:00,2026-07-10,2026-07,NSS-DC02,Windows Server 2022,Domain Controller,7.29,71.84,28.16,80.81,19.19,99.9874,0,Warning
2026-05-02T20:00,2026-05-02,2026-05,NSS-LINUX-DB01,Rocky Linux 9,Database Server,31.66,49.22,50.78,76.46,23.54,99.8937,0,Healthy
2026-06-17T05:00,2026-06-17,2026-06,NSS-LINUX-DB01,Rocky Linux 9,Database Server,41.58,66.36,33.64,57.35,42.65,99.7879,0,Healthy
2026-06-11T01:00,2026-06-11,2026-06,NSS-APP01,Windows Server 2022,Application Server,20.84,52.33,47.67,55.15,44.85,99.8286,0,Healthy
2026-07-23T23:00,2026-07-23,2026-07,NSS-DC02,Windows Server 2022,Domain Controller,8.85,45.99,54.01,72.12,27.88,99.7944,0,Healthy
2026-01-31T00:00,2026-01-31,2026-01,NSS-LINUX-APP01,Ubuntu 24.04,Application Server,20.46,45.64,54.36,75.56,24.44,99.7846,0,Healthy
2026-02-25T22:00,2026-02-25,2026-02,NSS-MON01,Ubuntu 24.04,Monitoring Server,46.14,57.69,42.31,54.89,45.11,99.9618,0,Healthy
2026-01-17T07:00,2026-01-17,2026-01,NSS-DC01,Windows Server 2022,Domain Controller,25.75,67.77,32.23,49.05,50.95,99.9803,0,Healthy
2026-03-03T13:00,2026-03-03,2026-03,NSS-FILE01,Windows Server 2022,File Server,37.23,93.17,6.83,63.34,36.66,99.941,1,Critical
2026-07-25T02:00,2026-07-25,2026-07,NSS-DC02,Windows Server 2022,Domain Controller,16.79,33.47,66.53,67.14,32.86,99.8764,0,Healthy
2026-02-05T05:00,2026-02-05,2026-02,NSS-DC02,Windows Server 2022,Domain Controller,45.6,53.87,46.13,62.5,37.5,99.8792,0,Healthy
2026-04-10T08:00,2026-04-10,2026-04,NSS-DC02,Windows Server 2022,Domain Controller,21.3,70.02,29.98,65.44,34.56,99.7681,0,Healthy
2026-04-20T07:00,2026-04-20,2026-04,NSS-LINUX-APP01,Ubuntu 24.04,Application Server,5.63,34.89,65.11,38.2,61.8,99.853,0,Healthy
2026-04-22T13:00,2026-04-22,2026-04,NSS-APP01,Windows Server 2022,Application Server,29.57,49.11,50.89,56.14,43.86,99.9769,0,Healthy
2026-02-27T07:00,2026-02-27,2026-02,NSS-FILE01,Windows Server 2022,File Server,36.79,54.08,45.92,47.64,52.36,99.7888,0,Healthy
2026-03-26T08:00,2026-03-26,2026-03,NSS-DC02,Windows Server 2022,Domain Controller,32.72,61.44,38.56,52.74,47.26,99.9553,0,Healthy
2026-01-06T02:00,2026-01-06,2026-01,NSS-APP01,Windows Server 2022,Application Server,64.56,48.46,51.54,86.93,13.07,99.8709,1,Warning
2026-03-02T15:00,2026-03-02,2026-03,NSS-LINUX-DB01,Rocky Linux 9,Database Server,41.29,48.8,51.2,61.58,38.42,99.7649,0,Healthy
2026-02-17T21:00,2026-02-17,2026-02,NSS-MON01,Ubuntu 24.04,Monitoring Server,30.45,31.09,68.91,67.98,32.02,99.8784,0,Healthy
2026-05-16T00:00,2026-05-16,2026-05,NSS-MON01,Ubuntu 24.04,Monitoring Server,36.66,28.82,71.18,72.9,27.1,99.8285,0,Healthy
2026-04-19T19:00,2026-04-19,2026-04,NSS-MON01,Ubuntu 24.04,Monitoring Server,18.97,56.29,43.71,59.14,40.86,99.865,0,Healthy
2026-01-06T11:00,2026-01-06,2026-01,NSS-DC01,Windows Server 2022,Domain Controller,41.07,53.75,46.25,64.02,35.98,99.8499,0,Healthy
2026-04-05T21:00,2026-04-05,2026-04,NSS-APP01,Windows Server 2022,Application Server,17.72,79.41,20.59,69.69,30.31,99.8561,0,Healthy
2026-05-18T18:00,2026-05-18,2026-05,NSS-LINUX-APP01,Ubuntu 24.04,Application Server,51.38,64.96,35.04,68.74,31.26,99.7978,0,Healthy
2026-02-01T10:00,2026-02-01,2026-02,NSS-DC01,Windows Server 2022,Domain Controller,27.98,56.36,43.64,65.46,34.54,99.9752,0,Healthy
2026-05-06T06:00,2026-05-06,2026-05,NSS-DC01,Windows Server 2022,Domain Controller,22.4,47.64,52.36,60.91,39.09,99.8206,0,Healthy
2026-04-09T15:00,2026-04-09,2026-04,NSS-LINUX-APP01,Ubuntu 24.04,Application Server,33.61,53.76,46.24,54.89,45.11,99.9413,0,Healthy
2026-02-28T23:00,2026-02-28,2026-02,NSS-LINUX-APP01,Ubuntu 24.04,Application Server,25.2,69.36,30.64,49.55,50.45,99.8587,0,Healthy
2026-01-02T20:00,2026-01-02,2026-01,NSS-LINUX-APP01,Ubuntu 24.04,Application Server,23.25,60.57,39.43,73.11,26.89,99.8108,0,Healthy
2026-04-06T08:00,2026-04-06,2026-04,NSS-DC02,Windows Server 2022,Domain Controller,12.36,23.89,76.11,30.94,69.06,99.8891,0,Healthy
2026-07-08T23:00,2026-07-08,2026-07,NSS-LINUX-DB01,Rocky Linux 9,Database Server,26.28,60.76,39.24,26.23,73.77,99.8873,0,Healthy
2026-07-09T04:00,2026-07-09,2026-07,NSS-APP01,Windows Server 2022,Application Server,16.59,17.28,82.72,60.15,39.85,99.9224,0,Healthy
2026-02-27T20:00,2026-02-27,2026-02,NSS-APP01,Windows Server 2022,Application Server,40.91,73.79,26.21,55.6,44.4,99.8685,0,Healthy
2026-05-03T23:00,2026-05-03,2026-05,NSS-APP01,Windows Server 2022,Application Server,18.85,51.84,48.16,83.28,16.72,99.8137,0,Warning
2026-06-11T03:00,2026-06-11,2026-06,NSS-DC01,Windows Server 2022,Domain Controller,39.47,46.51,53.49,69.5,30.5,99.7886,0,Healthy
2026-07-24T01:00,2026-07-24,2026-07,NSS-LINUX-DB01,Rocky Linux 9,Database Server,29.47,68.19,31.81,67.19,32.81,99.9272,0,Healthy
2026-05-29T09:00,2026-05-29,2026-05,NSS-MON01,Ubuntu 24.04,Monitoring Server,27.83,61.97,38.03,45.93,54.07,99.9689,0,Healthy
2026-05-13T20:00,2026-05-13,2026-05,NSS-MON01,Ubuntu 24.04,Monitoring Server,6.38,45.75,54.25,58.89,41.11,99.8451,0,Healthy
2026-07-06T18:00,2026-07-06,2026-07,NSS-LINUX-APP01,Ubuntu 24.04,Application Server,63.83,30.62,69.38,72.63,27.37,99.8372,0,Healthy
2026-02-25T15:00,2026-02-25,2026-02,NSS-APP01,Windows Server 2022,Application Server,28.68,54.45,45.55,70.75,29.25,99.7705,0,Healthy
2026-07-25T19:00,2026-07-25,2026-07,NSS-LINUX-DB01,Rocky Linux 9,Database Server,22.07,65.27,34.73,80.45,19.55,99.9756,0,Warning
2026-07-11T06:00,2026-07-11,2026-07,NSS-LINUX-APP01,Ubuntu 24.04,Application Server,18.91,46.55,53.45,60.79,39.21,99.9546,0,Healthy
2026-07-06T08:00,2026-07-06,2026-07,NSS-DC01,Windows Server 2022,Domain Controller,44.22,50.85,49.15,29.68,70.32,99.8515,0,Healthy
2026-04-15T18:00,2026-04-15,2026-04,NSS-LINUX-APP01,Ubuntu 24.04,Application Server,18.72,37.71,62.29,50.31,49.69,99.9711,0,Healthy
2026-07-24T05:00,2026-07-24,2026-07,NSS-APP01,Windows Server 2022,Application Server,28.24,46.55,53.45,51.11,48.89,99.8342,0,Healthy
2026-06-26T18:00,2026-06-26,2026-06,NSS-DC01,Windows Server 2022,Domain Controller,23.16,74.03,25.97,44.33,55.67,99.9396,0,Healthy
2026-03-24T14:00,2026-03-24,2026-03,NSS-DC01,Windows Server 2022,Domain Controller,25.21,44.23,55.77,50.27,49.73,99.7939,0,Healthy
2026-04-21T13:00,2026-04-21,2026-04,NSS-LINUX-APP01,Ubuntu 24.04,Application Server,11.78,34.44,65.56,71.01,28.99,99.7831,0,Healthy
2026-07-05T05:00,2026-07-05,2026-07,NSS-LINUX-APP01,Ubuntu 24.04,Application Server,40.26,37.27,62.73,75.03,24.97,99.805,0,Healthy
2026-04-18T23:00,2026-04-18,2026-04,NSS-APP01,Windows Server 2022,Application Server,47.3,65.86,34.14,65.61,34.39,99.8243,0,Healthy
2026-04-30T00:00,2026-04-30,2026-04,NSS-LINUX-APP01,Ubuntu 24.04,Application Server,45.62,50.72,49.28,53.63,46.37,99.7765,0,Healthy
2026-02-28T20:00,2026-02-28,2026-02,NSS-DC02,Windows Server 2022,Domain Controller,29.85,23.76,76.24,43.09,56.91,99.7564,0,Healthy
2026-02-19T06:00,2026-02-19,2026-02,NSS-DC01,Windows Server 2022,Domain Controller,35.64,53.63,46.37,80.35,19.65,99.8919,0,Warning
2026-07-07T13:00,2026-07-07,2026-07,NSS-LINUX-APP01,Ubuntu 24.04,Application Server,16.27,37.13,62.87,43.31,56.69,99.9755,0,Healthy
2026-07-21T07:00,2026-07-21,2026-07,NSS-LINUX-DB01,Rocky Linux 9,Database Server,26.67,44.72,55.28,66.73,33.27,99.9383,0,Healthy
2026-06-10T05:00,2026-06-10,2026-06,NSS-DC01,Windows Server 2022,Domain Controller,12.16,59.92,40.08,51.52,48.48,99.9161,0,Healthy
2026-05-26T13:00,2026-05-26,2026-05,NSS-APP01,Windows Server 2022,Application Server,31.13,42.96,57.04,53.73,46.27,99.8433,0,Healthy
2026-06-18T00:00,2026-06-18,2026-06,NSS-LINUX-APP01,Ubuntu 24.04,Application Server,21.13,56.01,43.99,47.92,52.08,99.793,0,Healthy
2026-04-06T09:00,2026-04-06,2026-04,NSS-DC02,Windows Server 2022,Domain Controller,16.63,45.55,54.45,69.72,30.28,99.8808,0,Healthy
2026-01-10T03:00,2026-01-10,2026-01,NSS-DC01,Windows Server 2022,Domain Controller,30.81,53.9,46.1,57.27,42.73,99.7719,0,Healthy
2026-05-17T13:00,2026-05-17,2026-05,NSS-FILE01,Windows Server 2022,File Server,16.25,57.22,42.78,63.74,36.26,99.9113,0,Healthy
2026-05-23T19:00,2026-05-23,2026-05,NSS-APP01,Windows Server 2022,Application Server,17.85,38.16,61.84,41.65,58.35,99.7887,0,Healthy
2026-03-26T10:00,2026-03-26,2026-03,NSS-MON01,Ubuntu 24.04,Monitoring Server,25.93,54.11,45.89,52.76,47.24,99.7951,0,Healthy
2026-04-05T11:00,2026-04-05,2026-04,NSS-DC02,Windows Server 2022,Domain Controller,41.89,53.61,46.39,70.79,29.21,99.9198,0,Healthy
2026-02-26T19:00,2026-02-26,2026-02,NSS-DC02,Windows Server 2022,Domain Controller,9.31,52.26,47.74,53.88,46.12,99.8516,0,Healthy
2026-04-16T15:00,2026-04-16,2026-04,NSS-MON01,Ubuntu 24.04,Monitoring Server,31.93,22.78,77.22,89.0,11.0,99.8178,1,Warning
2026-05-21T13:00,2026-05-21,2026-05,NSS-APP01,Windows Server 2022,Application Server,18.11,60.49,39.51,33.21,66.79,99.8993,0,Healthy
2026-07-28T06:00,2026-07-28,2026-07,NSS-LINUX-DB01,Rocky Linux 9,Database Server,11.75,38.86,61.14,61.89,38.11,99.8025,0,Healthy
2026-04-02T20:00,2026-04-02,2026-04,NSS-MON01,Ubuntu 24.04,Monitoring Server,24.27,84.76,15.24,43.05,56.95,99.9783,0,Warning
2026-07-05T05:00,2026-07-05,2026-07,NSS-FILE01,Windows Server 2022,File Server,15.13,47.49,52.51,69.38,30.62,99.8729,0,Healthy
2026-05-28T21:00,2026-05-28,2026-05,NSS-FILE01,Windows Server 2022,File Server,30.51,58.31,41.69,49.92,50.08,99.9133,0,Healthy
2026-05-07T20:00,2026-05-07,2026-05,NSS-LINUX-APP01,Ubuntu 24.04,Application Server,25.84,44.75,55.25,56.38,43.62,99.7757,0,Healthy
2026-05-25T02:00,2026-05-25,2026-05,NSS-APP01,Windows Server 2022,Application Server,9.7,65.82,34.18,73.76,26.24,99.7591,0,Healthy
2026-04-25T17:00,2026-04-25,2026-04,NSS-MON01,Ubuntu 24.04,Monitoring Server,33.84,60.16,39.84,48.78,51.22,99.7751,0,Healthy
2026-02-16T09:00,2026-02-16,2026-02,NSS-DC02,Windows Server 2022,Domain Controller,10.1,48.06,51.94,60.35,39.65,99.9309,0,Healthy
2026-05-21T02:00,2026-05-21,2026-05,NSS-FILE01,Windows Server 2022,File Server,27.8,67.88,32.12,70.05,29.95,99.904,0,Healthy
2026-06-30T00:00,2026-06-30,2026-06,NSS-MON01,Ubuntu 24.04,Monitoring Server,20.61,65.23,34.77,54.68,45.32,99.7622,0,Healthy
2026-03-25T19:00,2026-03-25,2026-03,NSS-MON01,Ubuntu 24.04,Monitoring Server,9.12,38.48,61.52,65.82,34.18,99.9177,0,Healthy
2026-07-20T14:00,2026-07-20,2026-07,NSS-APP01,Windows Server 2022,Application Server,18.28,56.12,43.88,61.44,38.56,99.8756,0,Healthy
2026-04-02T01:00,2026-04-02,2026-04,NSS-APP01,Windows Server 2022,Application Server,49.24,65.43,34.57,37.44,62.56,99.7899,0,Healthy
2026-03-06T22:00,2026-03-06,2026-03,NSS-APP01,Windows Server 2022,Application Server,34.24,60.87,39.13,51.13,48.87,99.9691,0,Healthy
2026-04-17T10:00,2026-04-17,2026-04,NSS-APP01,Windows Server 2022,Application Server,35.38,52.38,47.62,75.87,24.13,99.7721,0,Healthy
2026-03-13T14:00,2026-03-13,2026-03,NSS-DC02,Windows Server 2022,Domain Controller,18.45,45.91,54.09,57.31,42.69,99.8338,0,Healthy
2026-06-30T09:00,2026-06-30,2026-06,NSS-MON01,Ubuntu 24.04,Monitoring Server,40.24,56.79,43.21,48.39,51.61,99.9907,0,Healthy
2026-03-03T22:00,2026-03-03,2026-03,NSS-LINUX-DB01,Rocky Linux 9,Database Server,6.84,67.02,32.98,39.6,60.4,99.7955,0,Healthy
2026-05-18T15:00,2026-05-18,2026-05,NSS-FILE01,Windows Server 2022,File Server,36.94,67.1,32.9,75.04,24.96,99.7871,0,Healthy
2026-06-07T20:00,2026-06-07,2026-06,NSS-LINUX-APP01,Ubuntu 24.04,Application Server,35.2,62.98,37.02,86.75,13.25,99.9322,1,Warning
2026-01-17T13:00,2026-01-17,2026-01,NSS-LINUX-APP01,Ubuntu 24.04,Application Server,15.86,59.17,40.83,48.64,51.36,99.9606,0,Healthy
2026-07-11T18:00,2026-07-11,2026-07,NSS-MON01,Ubuntu 24.04,Monitoring Server,30.7,59.63,40.37,74.84,25.16,99.9172,0,Healthy
2026-04-07T21:00,2026-04-07,2026-04,NSS-DC01,Windows Server 2022,Domain Controller,12.18,37.84,62.16,61.12,38.88,99.7583,0,Healthy
2026-04-22T00:00,2026-04-22,2026-04,NSS-MON01,Ubuntu 24.04,Monitoring Server,33.14,66.04,33.96,84.68,15.32,99.7648,0,Warning
2026-07-08T11:00,2026-07-08,2026-07,NSS-DC01,Windows Server 2022,Domain Controller,2.0,71.51,28.49,87.29,12.71,99.9177,1,Warning
2026-07-08T16:00,2026-07-08,2026-07,NSS-LINUX-APP01,Ubuntu 24.04,Application Server,12.44,61.03,38.97,77.61,22.39,99.8181,0,Healthy
2026-06-12T18:00,2026-06-12,2026-06,NSS-APP01,Windows Server 2022,Application Server,48.62,79.64,20.36,50.31,49.69,99.7655,0,Healthy
2026-07-26T10:00,2026-07-26,2026-07,NSS-LINUX-APP01,Ubuntu 24.04,Application Server,7.25,34.02,65.98,65.88,34.12,99.7607,0,Healthy
2026-05-29T15:00,2026-05-29,2026-05,NSS-DC01,Windows Server 2022,Domain Controller,3.61,54.91,45.09,68.2,31.8,99.9386,0,Healthy
2026-07-29T21:00,2026-07-29,2026-07,NSS-APP01,Windows Server 2022,Application Server,42.77,50.68,49.32,44.21,55.79,99.8624,0,Healthy
2026-01-15T07:00,2026-01-15,2026-01,NSS-DC01,Windows Server 2022,Domain Controller,40.57,77.96,22.04,39.21,60.79,99.7625,0,Healthy
2026-07-16T23:00,2026-07-16,2026-07,NSS-LINUX-DB01,Rocky Linux 9,Database Server,17.22,42.3,57.7,60.56,39.44,99.8203,0,Healthy
2026-02-20T02:00,2026-02-20,2026-02,NSS-LINUX-APP01,Ubuntu 24.04,Application Server,45.03,86.93,13.07,68.8,31.2,99.8254,0,Warning
2026-06-21T12:00,2026-06-21,2026-06,NSS-DC01,Windows Server 2022,Domain Controller,32.69,77.83,22.17,53.93,46.07,99.969,0,Healthy
2026-05-20T07:00,2026-05-20,2026-05,NSS-FILE01,Windows Server 2022,File Server,29.37,53.85,46.15,66.6,33.4,99.8442,0,Healthy
2026-04-13T04:00,2026-04-13,2026-04,NSS-DC01,Windows Server 2022,Domain Controller,16.05,60.92,39.08,55.7,44.3,99.876,0,Healthy
2026-03-22T16:00,2026-03-22,2026-03,NSS-FILE01,Windows Server 2022,File Server,40.44,51.4,48.6,35.53,64.47,99.8157,0,Healthy
2026-01-06T10:00,2026-01-06,2026-01,NSS-LINUX-DB01,Rocky Linux 9,Database Server,23.02,62.47,37.53,48.27,51.73,99.7917,0,Healthy
2026-01-06T14:00,2026-01-06,2026-01,NSS-LINUX-DB01,Rocky Linux 9,Database Server,6.29,45.81,54.19,55.29,44.71,99.7678,0,Healthy
2026-01-28T02:00,2026-01-28,2026-01,NSS-LINUX-DB01,Rocky Linux 9,Database Server,43.18,58.79,41.21,47.46,52.54,99.7506,0,Healthy
2026-03-13T05:00,2026-03-13,2026-03,NSS-LINUX-DB01,Rocky Linux 9,Database Server,13.13,42.54,57.46,56.67,43.33,99.9709,0,Healthy
2026-02-13T22:00,2026-02-13,2026-02,NSS-MON01,Ubuntu 24.04,Monitoring Server,25.72,85.82,14.18,75.53,24.47,99.9986,0,Warning
2026-05-20T21:00,2026-05-20,2026-05,NSS-MON01,Ubuntu 24.04,Monitoring Server,29.3,81.87,18.13,67.24,32.76,99.8443,0,Warning
2026-05-15T15:00,2026-05-15,2026-05,NSS-APP01,Windows Server 2022,Application Server,12.2,47.63,52.37,34.69,65.31,99.8006,0,Healthy
2026-07-02T07:00,2026-07-02,2026-07,NSS-DC01,Windows Server 2022,Domain Controller,2.7,58.82,41.18,41.2,58.8,99.7581,0,Healthy
2026-01-14T01:00,2026-01-14,2026-01,NSS-FILE01,Windows Server 2022,File Server,6.06,65.95,34.05,76.41,23.59,99.9179,0,Healthy
2026-06-01T06:00,2026-06-01,2026-06,NSS-FILE01,Windows Server 2022,File Server,24.51,63.05,36.95,65.34,34.66,99.9237,0,Healthy
2026-02-03T12:00,2026-02-03,2026-02,NSS-FILE01,Windows Server 2022,File Server,30.94,53.03,46.97,65.38,34.62,99.7836,0,Healthy
2026-07-14T19:00,2026-07-14,2026-07,NSS-DC02,Windows Server 2022,Domain Controller,19.94,48.06,51.94,67.98,32.02,99.8839,0,Healthy
2026-04-16T15:00,2026-04-16,2026-04,NSS-APP01,Windows Server 2022,Application Server,37.79,42.39,57.61,58.02,41.98,99.9837,0,Healthy
2026-03-19T18:00,2026-03-19,2026-03,NSS-APP01,Windows Server 2022,Application Server,26.58,42.32,57.68,62.7,37.3,99.857,0,Healthy
2026-05-31T14:00,2026-05-31,2026-05,NSS-LINUX-APP01,Ubuntu 24.04,Application Server,43.33,46.93,53.07,42.61,57.39,99.889,0,Healthy
2026-01-30T04:00,2026-01-30,2026-01,NSS-LINUX-APP01,Ubuntu 24.04,Application Server,11.09,54.26,45.74,65.92,34.08,99.9559,0,Healthy
2026-06-29T13:00,2026-06-29,2026-06,NSS-LINUX-APP01,Ubuntu 24.04,Application Server,27.65,51.83,48.17,65.44,34.56,99.9568,0,Healthy
2026-01-19T18:00,2026-01-19,2026-01,NSS-MON01,Ubuntu 24.04,Monitoring Server,46.85,44.18,55.82,76.37,23.63,99.9329,0,Healthy
2026-01-21T02:00,2026-01-21,2026-01,NSS-APP01,Windows Server 2022,Application Server,20.93,69.95,30.05,83.47,16.53,99.7989,0,Warning
2026-06-01T07:00,2026-06-01,2026-06,NSS-MON01,Ubuntu 24.04,Monitoring Server,11.88,67.43,32.57,84.78,15.22,99.9588,0,Warning
2026-07-07T14:00,2026-07-07,2026-07,NSS-LINUX-APP01,Ubuntu 24.04,Application Server,18.75,57.99,42.01,58.1,41.9,99.9968,0,Healthy
2026-01-05T23:00,2026-01-05,2026-01,NSS-APP01,Windows Server 2022,Application Server,22.43,63.11,36.89,68.04,31.96,99.8452,0,Healthy
2026-01-09T19:00,2026-01-09,2026-01,NSS-DC01,Windows Server 2022,Domain Controller,8.86,46.53,53.47,75.27,24.73,99.7777,0,Healthy
2026-04-18T01:00,2026-04-18,2026-04,NSS-LINUX-DB01,Rocky Linux 9,Database Server,2.0,70.7,29.3,59.05,40.95,99.9639,0,Healthy
2026-01-22T00:00,2026-01-22,2026-01,NSS-LINUX-APP01,Ubuntu 24.04,Application Server,17.5,64.94,35.06,70.32,29.68,99.8937,0,Healthy
2026-03-23T13:00,2026-03-23,2026-03,NSS-LINUX-APP01,Ubuntu 24.04,Application Server,24.31,65.16,34.84,70.83,29.17,99.8027,0,Healthy
2026-04-04T21:00,2026-04-04,2026-04,NSS-DC02,Windows Server 2022,Domain Controller,5.01,33.34,66.66,71.62,28.38,99.8651,0,Healthy
2026-04-18T02:00,2026-04-18,2026-04,NSS-MON01,Ubuntu 24.04,Monitoring Server,31.59,78.86,21.14,52.19,47.81,99.8817,0,Healthy
2026-01-01T00:00,2026-01-01,2026-01,NSS-FILE01,Windows Server 2022,File Server,18.75,40.69,59.31,46.2,53.8,99.9803,0,Healthy
2026-05-03T01:00,2026-05-03,2026-05,NSS-LINUX-APP01,Ubuntu 24.04,Application Server,33.9,68.81,31.19,72.76,27.24,99.7639,0,Healthy
2026-02-23T05:00,2026-02-23,2026-02,NSS-MON01,Ubuntu 24.04,Monitoring Server,37.82,56.53,43.47,69.32,30.68,99.7564,0,Healthy
2026-02-13T23:00,2026-02-13,2026-02,NSS-LINUX-DB01,Rocky Linux 9,Database Server,32.31,35.4,64.6,65.12,34.88,99.8368,0,Healthy
2026-03-18T10:00,2026-03-18,2026-03,NSS-APP01,Windows Server 2022,Application Server,18.07,38.07,61.93,42.46,57.54,99.8769,0,Healthy
2026-01-06T09:00,2026-01-06,2026-01,NSS-MON01,Ubuntu 24.04,Monitoring Server,43.79,72.08,27.92,70.3,29.7,99.8294,0,Healthy
2026-02-16T21:00,2026-02-16,2026-02,NSS-APP01,Windows Server 2022,Application Server,13.54,28.06,71.94,42.0,58.0,99.7967,0,Healthy
2026-04-06T09:00,2026-04-06,2026-04,NSS-MON01,Ubuntu 24.04,Monitoring Server,48.06,78.56,21.44,45.61,54.39,99.9114,0,Healthy
2026-02-13T12:00,2026-02-13,2026-02,NSS-APP01,Windows Server 2022,Application Server,18.91,37.64,62.36,45.72,54.28,99.7788,0,Healthy
2026-01-04T07:00,2026-01-04,2026-01,NSS-DC01,Windows Server 2022,Domain Controller,46.29,60.76,39.24,60.9,39.1,99.8042,0,Healthy
2026-02-04T16:00,2026-02-04,2026-02,NSS-APP01,Windows Server 2022,Application Server,19.15,59.64,40.36,37.2,62.8,99.9625,0,Healthy
2026-05-22T11:00,2026-05-22,2026-05,NSS-LINUX-APP01,Ubuntu 24.04,Application Server,26.92,32.39,67.61,64.26,35.74,99.7567,0,Healthy
2026-03-14T22:00,2026-03-14,2026-03,NSS-LINUX-APP01,Ubuntu 24.04,Application Server,29.6,39.09,60.91,49.63,50.37,99.8186,0,Healthy
2026-01-16T08:00,2026-01-16,2026-01,NSS-DC02,Windows Server 2022,Domain Controller,14.4,67.5,32.5,79.95,20.05,99.8134,0,Healthy
2026-05-14T03:00,2026-05-14,2026-05,NSS-LINUX-APP01,Ubuntu 24.04,Application Server,31.36,40.46,59.54,52.22,47.78,99.9259,0,Healthy
2026-06-29T04:00,2026-06-29,2026-06,NSS-FILE01,Windows Server 2022,File Server,34.99,60.43,39.57,62.53,37.47,99.8163,0,Healthy
2026-04-23T16:00,2026-04-23,2026-04,NSS-APP01,Windows Server 2022,Application Server,22.96,44.39,55.61,79.38,20.62,99.8648,0,Healthy
2026-06-09T00:00,2026-06-09,2026-06,NSS-LINUX-DB01,Rocky Linux 9,Database Server,18.97,52.24,47.76,62.06,37.94,99.9772,0,Healthy
2026-05-22T02:00,2026-05-22,2026-05,NSS-LINUX-APP01,Ubuntu 24.04,Application Server,22.47,38.59,61.41,48.75,51.25,99.8897,0,Healthy
2026-04-09T16:00,2026-04-09,2026-04,NSS-DC01,Windows Server 2022,Domain Controller,18.97,58.03,41.97,75.12,24.88,99.9505,0,Healthy
2026-01-10T10:00,2026-01-10,2026-01,NSS-DC01,Windows Server 2022,Domain Controller,66.0,37.72,62.28,73.5,26.5,99.8732,0,Healthy
2026-07-13T09:00,2026-07-13,2026-07,NSS-LINUX-DB01,Rocky Linux 9,Database Server,21.97,32.44,67.56,68.17,31.83,99.8322,0,Healthy
2026-03-14T18:00,2026-03-14,2026-03,NSS-LINUX-DB01,Rocky Linux 9,Database Server,34.72,56.28,43.72,47.16,52.84,99.943,0,Healthy
2026-03-29T10:00,2026-03-29,2026-03,NSS-LINUX-DB01,Rocky Linux 9,Database Server,29.95,36.72,63.28,68.4,31.6,99.903,0,Healthy
2026-07-14T03:00,2026-07-14,2026-07,NSS-LINUX-APP01,Ubuntu 24.04,Application Server,20.24,43.76,56.24,71.99,28.01,99.8739,0,Healthy
2026-05-09T09:00,2026-05-09,2026-05,NSS-MON01,Ubuntu 24.04,Monitoring Server,23.88,61.32,38.68,49.49,50.51,99.8513,0,Healthy
2026-01-04T17:00,2026-01-04,2026-01,NSS-FILE01,Windows Server 2022,File Server,2.0,51.95,48.05,65.87,34.13,99.8889,0,Healthy
2026-05-09T06:00,2026-05-09,2026-05,NSS-DC02,Windows Server 2022,Domain Controller,25.28,67.87,32.13,41.81,58.19,99.8199,0,Healthy
2026-06-13T04:00,2026-06-13,2026-06,NSS-DC02,Windows Server 2022,Domain Controller,33.2,52.28,47.72,41.45,58.55,99.9602,0,Healthy
2026-06-03T09:00,2026-06-03,2026-06,NSS-DC02,Windows Server 2022,Domain Controller,28.53,82.52,17.48,74.39,25.61,99.8699,0,Warning
2026-06-24T18:00,2026-06-24,2026-06,NSS-DC02,Windows Server 2022,Domain Controller,2.0,55.15,44.85,53.94,46.06,99.8473,0,Healthy
2026-04-09T23:00,2026-04-09,2026-04,NSS-APP01,Windows Server 2022,Application Server,2.4,55.12,44.88,54.6,45.4,99.8846,0,Healthy
2026-03-28T02:00,2026-03-28,2026-03,NSS-APP01,Windows Server 2022,Application Server,36.48,75.7,24.3,52.46,47.54,99.7856,0,Healthy
2026-02-16T21:00,2026-02-16,2026-02,NSS-LINUX-DB01,Rocky Linux 9,Database Server,31.24,44.46,55.54,72.07,27.93,99.7899,0,Healthy
2026-01-28T03:00,2026-01-28,2026-01,NSS-DC01,Windows Server 2022,Domain Controller,32.4,42.04,57.96,39.68,60.32,99.9492,0,Healthy
2026-03-24T20:00,2026-03-24,2026-03,NSS-DC02,Windows Server 2022,Domain Controller,19.33,62.17,37.83,48.3,51.7,99.9602,0,Healthy
2026-03-15T13:00,2026-03-15,2026-03,NSS-DC01,Windows Server 2022,Domain Controller,20.01,41.99,58.01,66.61,33.39,99.9772,0,Healthy
2026-02-06T13:00,2026-02-06,2026-02,NSS-MON01,Ubuntu 24.04,Monitoring Server,32.34,56.04,43.96,50.36,49.64,99.82,0,Healthy
2026-02-28T08:00,2026-02-28,2026-02,NSS-DC02,Windows Server 2022,Domain Controller,12.85,46.12,53.88,49.53,50.47,99.8168,0,Healthy
2026-03-30T06:00,2026-03-30,2026-03,NSS-MON01,Ubuntu 24.04,Monitoring Server,53.27,75.01,24.99,44.79,55.21,99.9223,0,Healthy
2026-07-19T02:00,2026-07-19,2026-07,NSS-DC01,Windows Server 2022,Domain Controller,43.56,56.68,43.32,58.69,41.31,99.7554,0,Healthy
2026-01-08T17:00,2026-01-08,2026-01,NSS-DC01,Windows Server 2022,Domain Controller,35.82,54.84,45.16,43.9,56.1,99.8426,0,Healthy
2026-03-18T14:00,2026-03-18,2026-03,NSS-DC02,Windows Server 2022,Domain Controller,30.32,56.01,43.99,61.5,38.5,99.9229,0,Healthy
2026-06-23T01:00,2026-06-23,2026-06,NSS-LINUX-DB01,Rocky Linux 9,Database Server,57.58,69.21,30.79,52.97,47.03,99.7575,0,Healthy
2026-02-05T18:00,2026-02-05,2026-02,NSS-LINUX-DB01,Rocky Linux 9,Database Server,2.31,53.84,46.16,66.52,33.48,99.9897,0,Healthy
2026-07-13T04:00,2026-07-13,2026-07,NSS-DC02,Windows Server 2022,Domain Controller,31.39,35.58,64.42,38.42,61.58,99.974,0,Healthy
2026-06-05T05:00,2026-06-05,2026-06,NSS-APP01,Windows Server 2022,Application Server,9.64,73.55,26.45,43.89,56.11,99.9785,0,Healthy
2026-01-21T06:00,2026-01-21,2026-01,NSS-FILE01,Windows Server 2022,File Server,5.43,58.01,41.99,68.56,31.44,99.8952,0,Healthy
2026-01-04T23:00,2026-01-04,2026-01,NSS-DC02,Windows Server 2022,Domain Controller,29.27,46.56,53.44,62.01,37.99,99.9995,0,Healthy
2026-04-27T14:00,2026-04-27,2026-04,NSS-DC02,Windows Server 2022,Domain Controller,41.02,63.28,36.72,45.41,54.59,99.8808,0,Healthy
2026-07-26T05:00,2026-07-26,2026-07,NSS-LINUX-DB01,Rocky Linux 9,Database Server,24.08,47.13,52.87,82.85,17.15,99.9006,0,Warning
2026-02-03T15:00,2026-02-03,2026-02,NSS-DC01,Windows Server 2022,Domain Controller,20.2,66.55,33.45,82.04,17.96,99.963,0,Warning
2026-03-31T08:00,2026-03-31,2026-03,NSS-FILE01,Windows Server 2022,File Server,37.99,80.35,19.65,59.88,40.12,99.7607,0,Warning
2026-04-26T23:00,2026-04-26,2026-04,NSS-APP01,Windows Server 2022,Application Server,16.07,58.52,41.48,69.63,30.37,99.9838,0,Healthy
2026-05-21T20:00,2026-05-21,2026-05,NSS-FILE01,Windows Server 2022,File Server,13.82,46.25,53.75,89.46,10.54,99.7696,1,Warning
2026-01-01T23:00,2026-01-01,2026-01,NSS-MON01,Ubuntu 24.04,Monitoring Server,19.62,71.18,28.82,54.36,45.64,99.8291,0,Healthy
2026-07-09T20:00,2026-07-09,2026-07,NSS-MON01,Ubuntu 24.04,Monitoring Server,12.42,57.04,42.96,63.24,36.76,99.7678,0,Healthy
2026-06-06T14:00,2026-06-06,2026-06,NSS-DC02,Windows Server 2022,Domain Controller,13.08,35.59,64.41,36.29,63.71,99.7909,0,Healthy
2026-03-17T23:00,2026-03-17,2026-03,NSS-DC02,Windows Server 2022,Domain Controller,22.04,35.24,64.76,56.75,43.25,99.7745,0,Healthy
2026-05-07T13:00,2026-05-07,2026-05,NSS-FILE01,Windows Server 2022,File Server,5.36,49.33,50.67,71.93,28.07,99.7771,0,Healthy
2026-04-04T16:00,2026-04-04,2026-04,NSS-DC02,Windows Server 2022,Domain Controller,2.0,59.0,41.0,72.3,27.7,99.8583,0,Healthy
2026-06-28T16:00,2026-06-28,2026-06,NSS-APP01,Windows Server 2022,Application Server,33.28,74.1,25.9,46.06,53.94,99.9414,0,Healthy
2026-01-22T08:00,2026-01-22,2026-01,NSS-LINUX-DB01,Rocky Linux 9,Database Server,32.75,81.1,18.9,59.16,40.84,99.9964,0,Warning
2026-01-20T07:00,2026-01-20,2026-01,NSS-FILE01,Windows Server 2022,File Server,14.18,40.94,59.06,70.2,29.8,99.9193,0,Healthy
2026-06-04T17:00,2026-06-04,2026-06,NSS-DC01,Windows Server 2022,Domain Controller,49.44,57.55,42.45,41.31,58.69,99.7566,0,Healthy
2026-06-28T11:00,2026-06-28,2026-06,NSS-DC02,Windows Server 2022,Domain Controller,43.18,51.07,48.93,54.03,45.97,99.9674,0,Healthy
2026-04-03T16:00,2026-04-03,2026-04,NSS-MON01,Ubuntu 24.04,Monitoring Server,3.29,54.66,45.34,62.14,37.86,99.998,0,Healthy
2026-03-19T16:00,2026-03-19,2026-03,NSS-DC01,Windows Server 2022,Domain Controller,25.24,41.95,58.05,34.46,65.54,99.9553,0,Healthy
2026-07-08T15:00,2026-07-08,2026-07,NSS-DC01,Windows Server 2022,Domain Controller,2.0,55.37,44.63,59.65,40.35,99.8735,0,Healthy
2026-05-11T03:00,2026-05-11,2026-05,NSS-MON01,Ubuntu 24.04,Monitoring Server,34.79,51.64,48.36,55.17,44.83,99.8488,0,Healthy
2026-02-08T03:00,2026-02-08,2026-02,NSS-DC02,Windows Server 2022,Domain Controller,27.71,63.12,36.88,73.04,26.96,99.8383,0,Healthy
2026-01-26T14:00,2026-01-26,2026-01,NSS-LINUX-DB01,Rocky Linux 9,Database Server,21.09,56.02,43.98,46.51,53.49,99.9716,0,Healthy
2026-05-30T22:00,2026-05-30,2026-05,NSS-LINUX-APP01,Ubuntu 24.04,Application Server,30.4,61.31,38.69,43.13,56.87,99.8043,0,Healthy
2026-07-19T22:00,2026-07-19,2026-07,NSS-LINUX-APP01,Ubuntu 24.04,Application Server,7.84,57.7,42.3,65.0,35.0,99.9929,0,Healthy
2026-01-07T20:00,2026-01-07,2026-01,NSS-MON01,Ubuntu 24.04,Monitoring Server,17.7,27.31,72.69,48.74,51.26,99.945,0,Healthy
2026-05-27T05:00,2026-05-27,2026-05,NSS-DC01,Windows Server 2022,Domain Controller,17.76,77.04,22.96,68.46,31.54,99.8831,0,Healthy
2026-01-06T20:00,2026-01-06,2026-01,NSS-DC02,Windows Server 2022,Domain Controller,34.25,39.11,60.89,63.33,36.67,99.9213,0,Healthy
2026-02-08T13:00,2026-02-08,2026-02,NSS-MON01,Ubuntu 24.04,Monitoring Server,12.92,87.83,12.17,47.33,52.67,99.984,0,Warning
2026-01-03T03:00,2026-01-03,2026-01,NSS-LINUX-DB01,Rocky Linux 9,Database Server,21.87,76.07,23.93,49.31,50.69,99.8029,0,Healthy
2026-02-24T23:00,2026-02-24,2026-02,NSS-DC02,Windows Server 2022,Domain Controller,32.52,63.79,36.21,86.44,13.56,99.7785,1,Warning
2026-02-13T18:00,2026-02-13,2026-02,NSS-DC01,Windows Server 2022,Domain Controller,34.72,49.36,50.64,60.86,39.14,99.8826,0,Healthy
2026-07-16T04:00,2026-07-16,2026-07,NSS-APP01,Windows Server 2022,Application Server,34.93,66.68,33.32,71.55,28.45,99.839,0,Healthy
2026-04-12T12:00,2026-04-12,2026-04,NSS-FILE01,Windows Server 2022,File Server,35.93,29.21,70.79,70.29,29.71,99.9759,0,Healthy
2026-02-18T07:00,2026-02-18,2026-02,NSS-DC01,Windows Server 2022,Domain Controller,20.91,60.23,39.77,60.08,39.92,99.7727,0,Healthy
2026-01-31T07:00,2026-01-31,2026-01,NSS-FILE01,Windows Server 2022,File Server,23.49,46.7,53.3,55.82,44.18,99.8266,0,Healthy
2026-06-16T23:00,2026-06-16,2026-06,NSS-LINUX-DB01,Rocky Linux 9,Database Server,24.65,38.36,61.64,42.11,57.89,99.8351,0,Healthy
2026-03-24T19:00,2026-03-24,2026-03,NSS-LINUX-DB01,Rocky Linux 9,Database Server,26.27,46.48,53.52,64.88,35.12,99.7503,0,Healthy
2026-04-28T21:00,2026-04-28,2026-04,NSS-MON01,Ubuntu 24.04,Monitoring Server,22.98,55.69,44.31,75.07,24.93,99.7671,0,Healthy
2026-03-20T20:00,2026-03-20,2026-03,NSS-DC01,Windows Server 2022,Domain Controller,21.93,48.01,51.99,89.22,10.78,99.9705,1,Warning
2026-06-19T20:00,2026-06-19,2026-06,NSS-LINUX-DB01,Rocky Linux 9,Database Server,29.24,35.79,64.21,57.89,42.11,99.9286,0,Healthy
2026-06-11T05:00,2026-06-11,2026-06,NSS-DC02,Windows Server 2022,Domain Controller,31.35,56.03,43.97,70.88,29.12,99.7759,0,Healthy
2026-06-11T19:00,2026-06-11,2026-06,NSS-LINUX-APP01,Ubuntu 24.04,Application Server,46.95,47.55,52.45,81.21,18.79,99.7973,0,Warning
2026-05-27T23:00,2026-05-27,2026-05,NSS-LINUX-APP01,Ubuntu 24.04,Application Server,26.96,66.45,33.55,61.21,38.79,99.8169,0,Healthy
2026-02-02T02:00,2026-02-02,2026-02,NSS-LINUX-APP01,Ubuntu 24.04,Application Server,33.43,68.97,31.03,75.34,24.66,99.8275,0,Healthy
2026-06-15T00:00,2026-06-15,2026-06,NSS-APP01,Windows Server 2022,Application Server,10.97,59.1,40.9,45.82,54.18,99.8194,0,Healthy
2026-01-10T13:00,2026-01-10,2026-01,NSS-FILE01,Windows Server 2022,File Server,18.37,44.61,55.39,57.89,42.11,99.9412,0,Healthy
2026-01-23T04:00,2026-01-23,2026-01,NSS-APP01,Windows Server 2022,Application Server,7.93,46.15,53.85,47.94,52.06,99.8986,0,Healthy
2026-07-13T01:00,2026-07-13,2026-07,NSS-APP01,Windows Server 2022,Application Server,22.35,81.45,18.55,54.4,45.6,99.7569,0,Warning
2026-07-09T13:00,2026-07-09,2026-07,NSS-LINUX-DB01,Rocky Linux 9,Database Server,25.55,42.39,57.61,63.8,36.2,99.7897,0,Healthy
2026-04-07T22:00,2026-04-07,2026-04,NSS-APP01,Windows Server 2022,Application Server,29.74,54.87,45.13,69.31,30.69,99.9497,0,Healthy
2026-06-14T16:00,2026-06-14,2026-06,NSS-DC02,Windows Server 2022,Domain Controller,4.07,49.34,50.66,66.45,33.55,99.8607,0,Healthy
2026-01-25T14:00,2026-01-25,2026-01,NSS-LINUX-APP01,Ubuntu 24.04,Application Server,26.11,67.63,32.37,62.61,37.39,99.7765,0,Healthy
2026-01-21T19:00,2026-01-21,2026-01,NSS-DC01,Windows Server 2022,Domain Controller,46.79,53.38,46.62,58.92,41.08,99.986,0,Healthy
2026-06-24T02:00,2026-06-24,2026-06,NSS-FILE01,Windows Server 2022,File Server,29.86,53.78,46.22,53.46,46.54,99.9574,0,Healthy
2026-06-25T12:00,2026-06-25,2026-06,NSS-LINUX-DB01,Rocky Linux 9,Database Server,28.91,51.45,48.55,59.89,40.11,99.9038,0,Healthy
2026-05-22T10:00,2026-05-22,2026-05,NSS-FILE01,Windows Server 2022,File Server,43.1,56.88,43.12,50.32,49.68,99.7512,0,Healthy
2026-01-10T16:00,2026-01-10,2026-01,NSS-LINUX-APP01,Ubuntu 24.04,Application Server,49.74,64.73,35.27,78.87,21.13,99.9453,0,Healthy
2026-03-14T17:00,2026-03-14,2026-03,NSS-DC01,Windows Server 2022,Domain Controller,23.61,34.43,65.57,40.05,59.95,99.9304,0,Healthy
2026-04-22T10:00,2026-04-22,2026-04,NSS-LINUX-APP01,Ubuntu 24.04,Application Server,36.96,60.86,39.14,61.63,38.37,99.8858,0,Healthy
2026-03-25T00:00,2026-03-25,2026-03,NSS-MON01,Ubuntu 24.04,Monitoring Server,18.14,43.54,56.46,58.43,41.57,99.9365,0,Healthy
2026-02-28T01:00,2026-02-28,2026-02,NSS-DC01,Windows Server 2022,Domain Controller,25.82,35.55,64.45,61.16,38.84,99.8629,0,Healthy
2026-02-12T15:00,2026-02-12,2026-02,NSS-MON01,Ubuntu 24.04,Monitoring Server,23.24,59.22,40.78,59.24,40.76,99.8655,0,Healthy
2026-05-30T20:00,2026-05-30,2026-05,NSS-DC02,Windows Server 2022,Domain Controller,10.18,59.44,40.56,55.93,44.07,99.9358,0,Healthy
2026-05-06T22:00,2026-05-06,2026-05,NSS-APP01,Windows Server 2022,Application Server,8.02,32.68,67.32,42.65,57.35,99.7592,0,Healthy
2026-05-08T18:00,2026-05-08,2026-05,NSS-FILE01,Windows Server 2022,File Server,44.35,33.74,66.26,61.79,38.21,99.9818,0,Healthy
2026-03-10T05:00,2026-03-10,2026-03,NSS-APP01,Windows Server 2022,Application Server,6.11,55.3,44.7,91.52,8.48,99.9927,1,Critical
2026-01-28T08:00,2026-01-28,2026-01,NSS-LINUX-APP01,Ubuntu 24.04,Application Server,46.69,57.41,42.59,53.18,46.82,99.8301,0,Healthy
2026-02-01T00:00,2026-02-01,2026-02,NSS-LINUX-DB01,Rocky Linux 9,Database Server,52.23,63.75,36.25,72.4,27.6,99.8469,0,Healthy
2026-01-24T22:00,2026-01-24,2026-01,NSS-FILE01,Windows Server 2022,File Server,21.64,35.17,64.83,94.09,5.91,99.8149,1,Critical
2026-01-17T01:00,2026-01-17,2026-01,NSS-LINUX-DB01,Rocky Linux 9,Database Server,25.51,30.12,69.88,42.89,57.11,99.8135,0,Healthy
2026-07-26T08:00,2026-07-26,2026-07,NSS-FILE01,Windows Server 2022,File Server,18.66,29.6,70.4,81.74,18.26,99.8227,0,Warning
2026-03-08T20:00,2026-03-08,2026-03,NSS-DC01,Windows Server 2022,Domain Controller,25.04,69.87,30.13,61.37,38.63,99.8304,0,Healthy
2026-07-25T16:00,2026-07-25,2026-07,NSS-APP01,Windows Server 2022,Application Server,44.98,37.41,62.59,58.75,41.25,99.9674,0,Healthy
2026-02-14T18:00,2026-02-14,2026-02,NSS-DC02,Windows Server 2022,Domain Controller,25.5,57.94,42.06,39.85,60.15,99.905,0,Healthy
2026-03-03T23:00,2026-03-03,2026-03,NSS-LINUX-APP01,Ubuntu 24.04,Application Server,34.38,61.37,38.63,50.71,49.29,99.8215,0,Healthy
2026-03-02T15:00,2026-03-02,2026-03,NSS-MON01,Ubuntu 24.04,Monitoring Server,27.33,55.25,44.75,72.76,27.24,99.962,0,Healthy
2026-02-21T18:00,2026-02-21,2026-02,NSS-MON01,Ubuntu 24.04,Monitoring Server,35.36,56.07,43.93,59.37,40.63,99.8745,0,Healthy
2026-06-12T19:00,2026-06-12,2026-06,NSS-FILE01,Windows Server 2022,File Server,27.02,53.14,46.86,77.29,22.71,99.8398,0,Healthy
2026-05-31T10:00,2026-05-31,2026-05,NSS-APP01,Windows Server 2022,Application Server,33.36,61.44,38.56,57.99,42.01,99.7929,0,Healthy
2026-02-08T18:00,2026-02-08,2026-02,NSS-APP01,Windows Server 2022,Application Server,3.06,90.43,9.57,54.03,45.97,99.9845,1,Critical
2026-05-30T08:00,2026-05-30,2026-05,NSS-MON01,Ubuntu 24.04,Monitoring Server,33.32,53.33,46.67,70.56,29.44,99.9985,0,Healthy
2026-05-05T01:00,2026-05-05,2026-05,NSS-DC02,Windows Server 2022,Domain Controller,24.56,71.44,28.56,55.9,44.1,99.7628,0,Healthy
2026-01-12T23:00,2026-01-12,2026-01,NSS-DC02,Windows Server 2022,Domain Controller,2.0,48.34,51.66,67.21,32.79,99.9787,0,Healthy
2026-05-31T08:00,2026-05-31,2026-05,NSS-MON01,Ubuntu 24.04,Monitoring Server,11.37,36.23,63.77,54.74,45.26,99.8566,0,Healthy
2026-06-20T02:00,2026-06-20,2026-06,NSS-LINUX-DB01,Rocky Linux 9,Database Server,15.77,67.92,32.08,50.12,49.88,99.8204,0,Healthy
2026-03-22T19:00,2026-03-22,2026-03,NSS-DC02,Windows Server 2022,Domain Controller,36.63,62.75,37.25,64.53,35.47,99.8687,0,Healthy
2026-01-21T08:00,2026-01-21,2026-01,NSS-DC02,Windows Server 2022,Domain Controller,31.5,43.16,56.84,57.31,42.69,99.76,0,Healthy
2026-04-27T00:00,2026-04-27,2026-04,NSS-APP01,Windows Server 2022,Application Server,4.53,27.51,72.49,54.18,45.82,99.8784,0,Healthy
2026-04-09T09:00,2026-04-09,2026-04,NSS-DC01,Windows Server 2022,Domain Controller,18.72,62.04,37.96,81.83,18.17,99.7715,0,Warning
2026-06-05T10:00,2026-06-05,2026-06,NSS-LINUX-APP01,Ubuntu 24.04,Application Server,32.32,57.03,42.97,51.68,48.32,99.8357,0,Healthy
2026-03-19T11:00,2026-03-19,2026-03,NSS-APP01,Windows Server 2022,Application Server,37.21,86.48,13.52,61.03,38.97,99.8568,0,Warning
2026-06-07T13:00,2026-06-07,2026-06,NSS-DC01,Windows Server 2022,Domain Controller,39.47,72.08,27.92,53.34,46.66,99.9686,0,Healthy
2026-03-21T16:00,2026-03-21,2026-03,NSS-DC01,Windows Server 2022,Domain Controller,21.32,43.21,56.79,50.25,49.75,99.794,0,Healthy
2026-06-22T06:00,2026-06-22,2026-06,NSS-FILE01,Windows Server 2022,File Server,28.97,40.0,60.0,51.65,48.35,99.9823,0,Healthy
2026-04-18T12:00,2026-04-18,2026-04,NSS-MON01,Ubuntu 24.04,Monitoring Server,36.05,64.36,35.64,80.46,19.54,99.8817,0,Warning
2026-02-27T04:00,2026-02-27,2026-02,NSS-APP01,Windows Server 2022,Application Server,12.26,65.56,34.44,66.51,33.49,99.8863,0,Healthy
2026-07-07T06:00,2026-07-07,2026-07,NSS-APP01,Windows Server 2022,Application Server,38.02,58.73,41.27,74.95,25.05,99.9226,0,Healthy
2026-04-15T04:00,2026-04-15,2026-04,NSS-LINUX-APP01,Ubuntu 24.04,Application Server,8.07,63.37,36.63,53.13,46.87,99.7597,0,Healthy
2026-07-19T23:00,2026-07-19,2026-07,NSS-APP01,Windows Server 2022,Application Server,32.85,48.53,51.47,71.24,28.76,99.9172,0,Healthy
2026-05-09T06:00,2026-05-09,2026-05,NSS-FILE01,Windows Server 2022,File Server,28.36,44.68,55.32,62.19,37.81,99.8594,0,Healthy
2026-04-28T04:00,2026-04-28,2026-04,NSS-MON01,Ubuntu 24.04,Monitoring Server,23.22,31.18,68.82,78.32,21.68,99.8534,0,Healthy
2026-01-25T01:00,2026-01-25,2026-01,NSS-FILE01,Windows Server 2022,File Server,24.53,98.0,2.0,38.97,61.03,99.9026,1,Critical
2026-01-09T13:00,2026-01-09,2026-01,NSS-FILE01,Windows Server 2022,File Server,2.0,39.96,60.04,95.0,5.0,99.879,1,Critical
2026-07-07T04:00,2026-07-07,2026-07,NSS-FILE01,Windows Server 2022,File Server,23.15,51.36,48.64,72.52,27.48,99.8341,0,Healthy
2026-05-28T16:00,2026-05-28,2026-05,NSS-DC02,Windows Server 2022,Domain Controller,6.51,22.94,77.06,36.38,63.62,99.8993,0,Healthy
2026-02-14T16:00,2026-02-14,2026-02,NSS-DC01,Windows Server 2022,Domain Controller,37.03,66.78,33.22,46.87,53.13,99.8591,0,Healthy
2026-02-16T19:00,2026-02-16,2026-02,NSS-FILE01,Windows Server 2022,File Server,9.09,35.23,64.77,56.16,43.84,99.9839,0,Healthy
2026-01-02T22:00,2026-01-02,2026-01,NSS-LINUX-DB01,Rocky Linux 9,Database Server,16.41,52.89,47.11,53.35,46.65,99.7511,0,Healthy
2026-07-03T12:00,2026-07-03,2026-07,NSS-MON01,Ubuntu 24.04,Monitoring Server,29.19,44.88,55.12,64.51,35.49,99.794,0,Healthy
2026-06-22T15:00,2026-06-22,2026-06,NSS-APP01,Windows Server 2022,Application Server,9.65,52.6,47.4,63.25,36.75,99.8422,0,Healthy
2026-07-06T17:00,2026-07-06,2026-07,NSS-MON01,Ubuntu 24.04,Monitoring Server,27.24,60.44,39.56,74.51,25.49,99.9312,0,Healthy
2026-05-09T14:00,2026-05-09,2026-05,NSS-DC01,Windows Server 2022,Domain Controller,52.82,40.33,59.67,72.81,27.19,99.9783,0,Healthy
2026-04-21T02:00,2026-04-21,2026-04,NSS-DC02,Windows Server 2022,Domain Controller,18.78,48.62,51.38,59.67,40.33,99.7933,0,Healthy
2026-07-02T21:00,2026-07-02,2026-07,NSS-LINUX-APP01,Ubuntu 24.04,Application Server,30.33,56.31,43.69,71.66,28.34,99.9674,0,Healthy
2026-01-28T19:00,2026-01-28,2026-01,NSS-FILE01,Windows Server 2022,File Server,33.15,82.39,17.61,52.35,47.65,99.8174,0,Warning
2026-02-14T04:00,2026-02-14,2026-02,NSS-DC02,Windows Server 2022,Domain Controller,3.53,54.14,45.86,86.48,13.52,99.7817,1,Warning
2026-04-20T02:00,2026-04-20,2026-04,NSS-MON01,Ubuntu 24.04,Monitoring Server,25.12,50.74,49.26,52.95,47.05,99.7611,0,Healthy
2026-01-21T11:00,2026-01-21,2026-01,NSS-FILE01,Windows Server 2022,File Server,22.33,66.22,33.78,61.54,38.46,99.971,0,Healthy
2026-06-12T02:00,2026-06-12,2026-06,NSS-LINUX-APP01,Ubuntu 24.04,Application Server,27.46,78.05,21.95,58.52,41.48,99.9494,0,Healthy
2026-03-23T10:00,2026-03-23,2026-03,NSS-LINUX-APP01,Ubuntu 24.04,Application Server,6.74,43.04,56.96,80.9,19.1,99.7951,0,Warning
2026-04-05T19:00,2026-04-05,2026-04,NSS-LINUX-DB01,Rocky Linux 9,Database Server,12.19,59.57,40.43,75.35,24.65,99.9426,0,Healthy
2026-03-17T12:00,2026-03-17,2026-03,NSS-LINUX-APP01,Ubuntu 24.04,Application Server,25.17,44.06,55.94,37.11,62.89,99.7878,0,Healthy
2026-01-12T01:00,2026-01-12,2026-01,NSS-DC01,Windows Server 2022,Domain Controller,12.56,45.63,54.37,36.64,63.36,99.7534,0,Healthy
2026-01-23T18:00,2026-01-23,2026-01,NSS-FILE01,Windows Server 2022,File Server,15.05,45.99,54.01,69.36,30.64,99.8094,0,Healthy
2026-04-27T10:00,2026-04-27,2026-04,NSS-DC02,Windows Server 2022,Domain Controller,32.83,60.95,39.05,45.73,54.27,99.9476,0,Healthy
2026-04-27T01:00,2026-04-27,2026-04,NSS-LINUX-DB01,Rocky Linux 9,Database Server,22.58,40.0,60.0,56.19,43.81,99.9134,0,Healthy
2026-03-09T07:00,2026-03-09,2026-03,NSS-DC02,Windows Server 2022,Domain Controller,20.93,52.42,47.58,54.67,45.33,99.808,0,Healthy
2026-06-07T21:00,2026-06-07,2026-06,NSS-MON01,Ubuntu 24.04,Monitoring Server,34.01,61.0,39.0,51.08,48.92,99.9717,0,Healthy
2026-03-12T11:00,2026-03-12,2026-03,NSS-APP01,Windows Server 2022,Application Server,14.23,70.3,29.7,77.88,22.12,99.9857,0,Healthy
2026-05-17T06:00,2026-05-17,2026-05,NSS-FILE01,Windows Server 2022,File Server,23.28,59.52,40.48,85.54,14.46,99.985,1,Warning
2026-03-14T06:00,2026-03-14,2026-03,NSS-MON01,Ubuntu 24.04,Monitoring Server,58.04,60.96,39.04,46.6,53.4,99.9663,0,Healthy
2026-03-05T03:00,2026-03-05,2026-03,NSS-LINUX-DB01,Rocky Linux 9,Database Server,43.01,38.11,61.89,57.49,42.51,99.763,0,Healthy
2026-01-21T00:00,2026-01-21,2026-01,NSS-DC02,Windows Server 2022,Domain Controller,31.05,58.14,41.86,48.51,51.49,99.7751,0,Healthy
2026-02-02T13:00,2026-02-02,2026-02,NSS-APP01,Windows Server 2022,Application Server,26.7,69.81,30.19,73.33,26.67,99.9726,0,Healthy
2026-03-12T17:00,2026-03-12,2026-03,NSS-DC02,Windows Server 2022,Domain Controller,39.76,38.44,61.56,68.89,31.11,99.9169,0,Healthy
2026-06-11T20:00,2026-06-11,2026-06,NSS-FILE01,Windows Server 2022,File Server,44.98,67.36,32.64,35.42,64.58,99.7606,0,Healthy
2026-06-24T13:00,2026-06-24,2026-06,NSS-LINUX-APP01,Ubuntu 24.04,Application Server,52.26,61.48,38.52,70.21,29.79,99.8293,0,Healthy
2026-01-26T02:00,2026-01-26,2026-01,NSS-LINUX-APP01,Ubuntu 24.04,Application Server,43.91,40.12,59.88,62.04,37.96,99.8655,0,Healthy
2026-07-11T10:00,2026-07-11,2026-07,NSS-DC02,Windows Server 2022,Domain Controller,25.88,59.61,40.39,64.77,35.23,99.9992,0,Healthy
2026-01-27T12:00,2026-01-27,2026-01,NSS-LINUX-DB01,Rocky Linux 9,Database Server,17.9,40.79,59.21,68.94,31.06,99.84,0,Healthy
2026-04-08T02:00,2026-04-08,2026-04,NSS-LINUX-APP01,Ubuntu 24.04,Application Server,10.51,83.93,16.07,74.79,25.21,99.7561,0,Warning
2026-01-17T15:00,2026-01-17,2026-01,NSS-FILE01,Windows Server 2022,File Server,28.68,52.64,47.36,57.61,42.39,99.8631,0,Healthy
2026-07-25T17:00,2026-07-25,2026-07,NSS-LINUX-APP01,Ubuntu 24.04,Application Server,23.24,69.49,30.51,85.57,14.43,99.8222,1,Warning
2026-07-06T03:00,2026-07-06,2026-07,NSS-FILE01,Windows Server 2022,File Server,48.65,46.85,53.15,66.31,33.69,99.9537,0,Healthy
2026-01-25T13:00,2026-01-25,2026-01,NSS-LINUX-APP01,Ubuntu 24.04,Application Server,52.85,42.29,57.71,76.76,23.24,99.8139,0,Healthy
2026-05-09T17:00,2026-05-09,2026-05,NSS-DC02,Windows Server 2022,Domain Controller,47.36,38.65,61.35,80.13,19.87,99.7665,0,Warning
2026-01-22T04:00,2026-01-22,2026-01,NSS-DC02,Windows Server 2022,Domain Controller,26.59,36.17,63.83,64.43,35.57,99.817,0,Healthy
2026-06-17T18:00,2026-06-17,2026-06,NSS-LINUX-APP01,Ubuntu 24.04,Application Server,28.03,43.2,56.8,75.49,24.51,99.9879,0,Healthy
2026-02-28T07:00,2026-02-28,2026-02,NSS-FILE01,Windows Server 2022,File Server,46.46,88.73,11.27,75.23,24.77,99.8787,0,Warning
2026-05-01T20:00,2026-05-01,2026-05,NSS-LINUX-DB01,Rocky Linux 9,Database Server,25.49,68.29,31.71,35.6,64.4,99.9184,0,Healthy
2026-04-08T17:00,2026-04-08,2026-04,NSS-APP01,Windows Server 2022,Application Server,50.41,67.42,32.58,68.71,31.29,99.7835,0,Healthy
2026-03-24T19:00,2026-03-24,2026-03,NSS-LINUX-APP01,Ubuntu 24.04,Application Server,25.96,44.42,55.58,54.66,45.34,99.8058,0,Healthy
2026-06-23T00:00,2026-06-23,2026-06,NSS-FILE01,Windows Server 2022,File Server,37.89,50.53,49.47,63.08,36.92,99.9703,0,Healthy
2026-07-02T14:00,2026-07-02,2026-07,NSS-APP01,Windows Server 2022,Application Server,46.3,53.08,46.92,60.36,39.64,99.7537,0,Healthy
2026-06-16T09:00,2026-06-16,2026-06,NSS-FILE01,Windows Server 2022,File Server,21.86,58.74,41.26,51.95,48.05,99.9305,0,Healthy
2026-03-19T11:00,2026-03-19,2026-03,NSS-MON01,Ubuntu 24.04,Monitoring Server,35.23,35.02,64.98,64.63,35.37,99.9905,0,Healthy
2026-07-06T03:00,2026-07-06,2026-07,NSS-DC01,Windows Server 2022,Domain Controller,49.1,28.86,71.14,76.89,23.11,99.8762,0,Healthy
2026-07-05T07:00,2026-07-05,2026-07,NSS-MON01,Ubuntu 24.04,Monitoring Server,7.92,55.41,44.59,49.62,50.38,99.8461,0,Healthy
2026-07-20T01:00,2026-07-20,2026-07,NSS-DC02,Windows Server 2022,Domain Controller,21.34,64.92,35.08,62.28,37.72,99.7534,0,Healthy
2026-03-07T11:00,2026-03-07,2026-03,NSS-DC02,Windows Server 2022,Domain Controller,42.16,84.66,15.34,52.83,47.17,99.759,0,Warning
2026-01-21T15:00,2026-01-21,2026-01,NSS-LINUX-APP01,Ubuntu 24.04,Application Server,31.41,48.01,51.99,59.61,40.39,99.7853,0,Healthy
2026-01-04T11:00,2026-01-04,2026-01,NSS-LINUX-APP01,Ubuntu 24.04,Application Server,23.82,59.53,40.47,59.07,40.93,99.9312,0,Healthy
2026-04-20T05:00,2026-04-20,2026-04,NSS-APP01,Windows Server 2022,Application Server,6.82,50.8,49.2,36.33,63.67,99.7661,0,Healthy
2026-07-06T08:00,2026-07-06,2026-07,NSS-LINUX-DB01,Rocky Linux 9,Database Server,38.23,45.62,54.38,59.11,40.89,99.7813,0,Healthy
2026-03-16T09:00,2026-03-16,2026-03,NSS-DC01,Windows Server 2022,Domain Controller,11.17,33.21,66.79,70.03,29.97,99.9593,0,Healthy
2026-03-29T16:00,2026-03-29,2026-03,NSS-DC01,Windows Server 2022,Domain Controller,16.52,51.28,48.72,42.37,57.63,99.8487,0,Healthy
2026-01-24T10:00,2026-01-24,2026-01,NSS-MON01,Ubuntu 24.04,Monitoring Server,24.88,68.96,31.04,48.71,51.29,99.8937,0,Healthy
2026-06-12T20:00,2026-06-12,2026-06,NSS-DC02,Windows Server 2022,Domain Controller,31.07,37.8,62.2,77.68,22.32,99.946,0,Healthy
2026-02-08T14:00,2026-02-08,2026-02,NSS-FILE01,Windows Server 2022,File Server,30.58,66.98,33.02,74.49,25.51,99.7817,0,Healthy
2026-01-02T18:00,2026-01-02,2026-01,NSS-DC01,Windows Server 2022,Domain Controller,14.72,51.94,48.06,36.72,63.28,99.9667,0,Healthy
2026-03-01T13:00,2026-03-01,2026-03,NSS-LINUX-DB01,Rocky Linux 9,Database Server,37.05,36.35,63.65,43.25,56.75,99.8026,0,Healthy
2026-07-18T17:00,2026-07-18,2026-07,NSS-APP01,Windows Server 2022,Application Server,24.51,68.48,31.52,51.96,48.04,99.8726,0,Healthy
2026-03-23T18:00,2026-03-23,2026-03,NSS-DC02,Windows Server 2022,Domain Controller,15.82,54.29,45.71,81.11,18.89,99.9948,0,Warning
2026-03-13T23:00,2026-03-13,2026-03,NSS-DC02,Windows Server 2022,Domain Controller,32.72,28.71,71.29,40.26,59.74,99.9101,0,Healthy
2026-04-02T04:00,2026-04-02,2026-04,NSS-MON01,Ubuntu 24.04,Monitoring Server,46.7,66.12,33.88,51.58,48.42,99.8587,0,Healthy
2026-01-10T22:00,2026-01-10,2026-01,NSS-MON01,Ubuntu 24.04,Monitoring Server,33.63,60.5,39.5,53.17,46.83,99.8991,0,Healthy
2026-04-11T10:00,2026-04-11,2026-04,NSS-LINUX-APP01,Ubuntu 24.04,Application Server,23.35,49.19,50.81,95.0,5.0,99.7586,1,Critical
2026-07-01T12:00,2026-07-01,2026-07,NSS-DC01,Windows Server 2022,Domain Controller,24.54,56.81,43.19,33.15,66.85,99.8122,0,Healthy
2026-07-14T16:00,2026-07-14,2026-07,NSS-DC01,Windows Server 2022,Domain Controller,29.64,64.65,35.35,58.14,41.86,99.8356,0,Healthy
2026-05-23T09:00,2026-05-23,2026-05,NSS-FILE01,Windows Server 2022,File Server,2.0,60.24,39.76,46.73,53.27,99.7878,0,Healthy
2026-04-12T04:00,2026-04-12,2026-04,NSS-MON01,Ubuntu 24.04,Monitoring Server,7.21,47.23,52.77,68.71,31.29,99.9328,0,Healthy
2026-06-20T15:00,2026-06-20,2026-06,NSS-DC01,Windows Server 2022,Domain Controller,42.21,65.57,34.43,65.62,34.38,99.7599,0,Healthy
2026-07-07T17:00,2026-07-07,2026-07,NSS-MON01,Ubuntu 24.04,Monitoring Server,44.2,75.06,24.94,61.8,38.2,99.9983,0,Healthy
2026-05-02T06:00,2026-05-02,2026-05,NSS-LINUX-DB01,Rocky Linux 9,Database Server,20.77,44.57,55.43,40.43,59.57,99.8357,0,Healthy
2026-04-23T11:00,2026-04-23,2026-04,NSS-LINUX-APP01,Ubuntu 24.04,Application Server,20.62,54.69,45.31,64.76,35.24,99.9153,0,Healthy
2026-02-05T23:00,2026-02-05,2026-02,NSS-APP01,Windows Server 2022,Application Server,47.83,66.79,33.21,65.09,34.91,99.85,0,Healthy
2026-02-24T14:00,2026-02-24,2026-02,NSS-DC01,Windows Server 2022,Domain Controller,21.99,33.95,66.05,60.6,39.4,99.9655,0,Healthy
2026-07-15T10:00,2026-07-15,2026-07,NSS-DC02,Windows Server 2022,Domain Controller,7.15,22.17,77.83,71.57,28.43,99.7551,0,Healthy
2026-03-07T18:00,2026-03-07,2026-03,NSS-DC02,Windows Server 2022,Domain Controller,18.86,64.0,36.0,70.58,29.42,99.8386,0,Healthy
2026-06-04T01:00,2026-06-04,2026-06,NSS-FILE01,Windows Server 2022,File Server,33.9,35.64,64.36,70.72,29.28,99.7509,0,Healthy
2026-06-22T03:00,2026-06-22,2026-06,NSS-LINUX-APP01,Ubuntu 24.04,Application Server,30.21,56.01,43.99,55.18,44.82,99.8612,0,Healthy
2026-07-09T20:00,2026-07-09,2026-07,NSS-DC01,Windows Server 2022,Domain Controller,24.91,47.77,52.23,71.63,28.37,99.8059,0,Healthy
2026-07-06T21:00,2026-07-06,2026-07,NSS-LINUX-DB01,Rocky Linux 9,Database Server,49.48,66.76,33.24,66.06,33.94,99.9354,0,Healthy
2026-05-22T18:00,2026-05-22,2026-05,NSS-DC01,Windows Server 2022,Domain Controller,27.42,65.4,34.6,63.06,36.94,99.9133,0,Healthy
2026-02-23T15:00,2026-02-23,2026-02,NSS-LINUX-DB01,Rocky Linux 9,Database Server,23.89,34.75,65.25,75.58,24.42,99.9889,0,Healthy
2026-05-25T11:00,2026-05-25,2026-05,NSS-MON01,Ubuntu 24.04,Monitoring Server,24.49,46.84,53.16,95.0,5.0,99.8595,1,Critical
2026-07-25T03:00,2026-07-25,2026-07,NSS-LINUX-APP01,Ubuntu 24.04,Application Server,33.76,63.74,36.26,62.02,37.98,99.816,0,Healthy
2026-05-13T08:00,2026-05-13,2026-05,NSS-MON01,Ubuntu 24.04,Monitoring Server,48.19,24.22,75.78,47.36,52.64,99.762,0,Healthy
2026-07-01T17:00,2026-07-01,2026-07,NSS-LINUX-DB01,Rocky Linux 9,Database Server,23.12,58.8,41.2,52.6,47.4,99.881,0,Healthy
2026-01-27T03:00,2026-01-27,2026-01,NSS-MON01,Ubuntu 24.04,Monitoring Server,21.45,57.67,42.33,48.09,51.91,99.8387,0,Healthy
2026-04-17T05:00,2026-04-17,2026-04,NSS-FILE01,Windows Server 2022,File Server,2.0,90.22,9.78,66.48,33.52,99.8926,1,Critical
2026-03-19T21:00,2026-03-19,2026-03,NSS-FILE01,Windows Server 2022,File Server,8.66,35.27,64.73,54.94,45.06,99.9247,0,Healthy
2026-03-31T12:00,2026-03-31,2026-03,NSS-LINUX-APP01,Ubuntu 24.04,Application Server,2.36,57.47,42.53,55.2,44.8,99.7891,0,Healthy
2026-06-03T18:00,2026-06-03,2026-06,NSS-LINUX-DB01,Rocky Linux 9,Database Server,27.21,67.23,32.77,77.39,22.61,99.8739,0,Healthy
2026-04-28T16:00,2026-04-28,2026-04,NSS-LINUX-DB01,Rocky Linux 9,Database Server,41.6,39.41,60.59,54.29,45.71,99.9885,0,Healthy
2026-06-11T19:00,2026-06-11,2026-06,NSS-MON01,Ubuntu 24.04,Monitoring Server,27.67,48.68,51.32,74.21,25.79,99.8232,0,Healthy
2026-01-29T18:00,2026-01-29,2026-01,NSS-APP01,Windows Server 2022,Application Server,2.0,52.25,47.75,40.16,59.84,99.8218,0,Healthy
2026-05-26T05:00,2026-05-26,2026-05,NSS-MON01,Ubuntu 24.04,Monitoring Server,30.38,39.17,60.83,68.5,31.5,99.7632,0,Healthy
2026-03-10T20:00,2026-03-10,2026-03,NSS-MON01,Ubuntu 24.04,Monitoring Server,44.8,53.36,46.64,72.88,27.12,99.757,0,Healthy
2026-04-24T18:00,2026-04-24,2026-04,NSS-DC02,Windows Server 2022,Domain Controller,17.41,40.36,59.64,30.2,69.8,99.787,0,Healthy
2026-02-28T21:00,2026-02-28,2026-02,NSS-DC01,Windows Server 2022,Domain Controller,25.9,55.99,44.01,43.49,56.51,99.8532,0,Healthy
2026-01-20T09:00,2026-01-20,2026-01,NSS-MON01,Ubuntu 24.04,Monitoring Server,20.58,58.06,41.94,27.03,72.97,99.9364,0,Healthy
2026-05-27T22:00,2026-05-27,2026-05,NSS-LINUX-APP01,Ubuntu 24.04,Application Server,39.05,16.64,83.36,69.67,30.33,99.8421,0,Healthy
2026-07-11T19:00,2026-07-11,2026-07,NSS-DC02,Windows Server 2022,Domain Controller,37.7,34.32,65.68,70.05,29.95,99.9275,0,Healthy
2026-04-04T01:00,2026-04-04,2026-04,NSS-LINUX-APP01,Ubuntu 24.04,Application Server,18.5,60.22,39.78,74.15,25.85,99.9225,0,Healthy
2026-06-21T16:00,2026-06-21,2026-06,NSS-DC02,Windows Server 2022,Domain Controller,23.54,51.85,48.15,70.11,29.89,99.8311,0,Healthy
2026-07-17T21:00,2026-07-17,2026-07,NSS-MON01,Ubuntu 24.04,Monitoring Server,25.95,54.12,45.88,53.39,46.61,99.7804,0,Healthy
2026-04-25T02:00,2026-04-25,2026-04,NSS-LINUX-DB01,Rocky Linux 9,Database Server,26.5,66.74,33.26,59.08,40.92,99.8181,0,Healthy
2026-01-26T16:00,2026-01-26,2026-01,NSS-LINUX-DB01,Rocky Linux 9,Database Server,24.41,54.67,45.33,54.51,45.49,99.8301,0,Healthy
2026-04-30T01:00,2026-04-30,2026-04,NSS-LINUX-APP01,Ubuntu 24.04,Application Server,41.08,55.09,44.91,80.5,19.5,99.7814,0,Warning
2026-04-17T23:00,2026-04-17,2026-04,NSS-LINUX-APP01,Ubuntu 24.04,Application Server,28.63,65.7,34.3,63.13,36.87,99.8032,0,Healthy
2026-07-07T12:00,2026-07-07,2026-07,NSS-LINUX-DB01,Rocky Linux 9,Database Server,16.94,44.41,55.59,58.68,41.32,99.8881,0,Healthy
2026-07-09T04:00,2026-07-09,2026-07,NSS-FILE01,Windows Server 2022,File Server,55.4,57.16,42.84,34.65,65.35,99.9141,0,Healthy
2026-07-06T16:00,2026-07-06,2026-07,NSS-FILE01,Windows Server 2022,File Server,13.05,51.85,48.15,95.0,5.0,99.9236,1,Critical
2026-02-18T18:00,2026-02-18,2026-02,NSS-DC02,Windows Server 2022,Domain Controller,13.77,40.32,59.68,75.24,24.76,99.7839,0,Healthy
2026-01-04T01:00,2026-01-04,2026-01,NSS-LINUX-DB01,Rocky Linux 9,Database Server,20.87,51.03,48.97,63.55,36.45,99.8436,0,Healthy
2026-01-21T13:00,2026-01-21,2026-01,NSS-DC01,Windows Server 2022,Domain Controller,20.3,70.33,29.67,72.58,27.42,99.9305,0,Healthy
2026-03-30T07:00,2026-03-30,2026-03,NSS-DC01,Windows Server 2022,Domain Controller,31.02,48.67,51.33,53.49,46.51,99.8018,0,Healthy
2026-03-01T05:00,2026-03-01,2026-03,NSS-LINUX-DB01,Rocky Linux 9,Database Server,2.5,49.59,50.41,56.09,43.91,99.9001,0,Healthy
2026-02-06T09:00,2026-02-06,2026-02,NSS-LINUX-APP01,Ubuntu 24.04,Application Server,18.93,45.35,54.65,70.13,29.87,99.9827,0,Healthy
2026-02-06T23:00,2026-02-06,2026-02,NSS-FILE01,Windows Server 2022,File Server,24.33,76.96,23.04,69.13,30.87,99.8854,0,Healthy
2026-05-19T12:00,2026-05-19,2026-05,NSS-APP01,Windows Server 2022,Application Server,17.99,68.21,31.79,42.49,57.51,99.7533,0,Healthy
2026-03-26T04:00,2026-03-26,2026-03,NSS-LINUX-APP01,Ubuntu 24.04,Application Server,24.08,66.63,33.37,95.0,5.0,99.9414,1,Critical
2026-02-19T13:00,2026-02-19,2026-02,NSS-LINUX-APP01,Ubuntu 24.04,Application Server,3.66,50.28,49.72,52.57,47.43,99.8325,0,Healthy
2026-07-05T03:00,2026-07-05,2026-07,NSS-MON01,Ubuntu 24.04,Monitoring Server,34.7,47.08,52.92,35.04,64.96,99.7575,0,Healthy
2026-05-28T22:00,2026-05-28,2026-05,NSS-MON01,Ubuntu 24.04,Monitoring Server,44.38,69.63,30.37,29.26,70.74,99.8528,0,Healthy
2026-05-11T14:00,2026-05-11,2026-05,NSS-FILE01,Windows Server 2022,File Server,6.72,56.43,43.57,64.43,35.57,99.9444,0,Healthy
2026-01-06T23:00,2026-01-06,2026-01,NSS-APP01,Windows Server 2022,Application Server,22.67,57.3,42.7,66.88,33.12,99.9632,0,Healthy
2026-03-15T19:00,2026-03-15,2026-03,NSS-FILE01,Windows Server 2022,File Server,33.27,63.64,36.36,50.74,49.26,99.9554,0,Healthy
2026-05-16T19:00,2026-05-16,2026-05,NSS-MON01,Ubuntu 24.04,Monitoring Server,35.73,43.86,56.14,51.38,48.62,99.8243,0,Healthy
2026-04-17T14:00,2026-04-17,2026-04,NSS-DC02,Windows Server 2022,Domain Controller,43.09,64.11,35.89,38.86,61.14,99.9302,0,Healthy
2026-07-02T06:00,2026-07-02,2026-07,NSS-LINUX-DB01,Rocky Linux 9,Database Server,36.03,54.98,45.02,76.92,23.08,99.883,0,Healthy
2026-02-21T10:00,2026-02-21,2026-02,NSS-FILE01,Windows Server 2022,File Server,31.51,64.82,35.18,72.81,27.19,99.9352,0,Healthy
2026-04-11T05:00,2026-04-11,2026-04,NSS-APP01,Windows Server 2022,Application Server,2.0,66.45,33.55,71.46,28.54,99.8242,0,Healthy
2026-02-24T21:00,2026-02-24,2026-02,NSS-MON01,Ubuntu 24.04,Monitoring Server,35.29,54.34,45.66,63.72,36.28,99.8078,0,Healthy
2026-04-27T09:00,2026-04-27,2026-04,NSS-LINUX-APP01,Ubuntu 24.04,Application Server,56.78,53.83,46.17,56.46,43.54,99.9978,0,Healthy
2026-06-01T21:00,2026-06-01,2026-06,NSS-FILE01,Windows Server 2022,File Server,2.0,56.94,43.06,44.66,55.34,99.9478,0,Healthy
2026-07-25T21:00,2026-07-25,2026-07,NSS-LINUX-DB01,Rocky Linux 9,Database Server,19.84,43.97,56.03,80.93,19.07,99.9378,0,Warning
2026-01-05T04:00,2026-01-05,2026-01,NSS-DC01,Windows Server 2022,Domain Controller,35.2,41.92,58.08,50.18,49.82,99.8402,0,Healthy
2026-02-09T01:00,2026-02-09,2026-02,NSS-DC01,Windows Server 2022,Domain Controller,20.09,56.53,43.47,62.27,37.73,99.8643,0,Healthy
2026-03-01T21:00,2026-03-01,2026-03,NSS-MON01,Ubuntu 24.04,Monitoring Server,48.49,74.16,25.84,72.85,27.15,99.9738,0,Healthy
2026-04-04T04:00,2026-04-04,2026-04,NSS-DC02,Windows Server 2022,Domain Controller,2.37,55.97,44.03,52.62,47.38,99.8526,0,Healthy
2026-02-24T20:00,2026-02-24,2026-02,NSS-FILE01,Windows Server 2022,File Server,41.45,50.51,49.49,62.99,37.01,99.9295,0,Healthy
2026-01-23T10:00,2026-01-23,2026-01,NSS-APP01,Windows Server 2022,Application Server,8.44,55.48,44.52,58.25,41.75,99.9597,0,Healthy
2026-04-11T21:00,2026-04-11,2026-04,NSS-FILE01,Windows Server 2022,File Server,27.55,85.8,14.2,67.99,32.01,99.9259,0,Warning
2026-05-25T22:00,2026-05-25,2026-05,NSS-LINUX-DB01,Rocky Linux 9,Database Server,32.53,62.49,37.51,56.28,43.72,99.8505,0,Healthy
2026-06-16T02:00,2026-06-16,2026-06,NSS-LINUX-DB01,Rocky Linux 9,Database Server,36.08,93.45,6.55,51.34,48.66,99.8371,1,Critical
2026-06-06T11:00,2026-06-06,2026-06,NSS-LINUX-DB01,Rocky Linux 9,Database Server,35.95,52.35,47.65,53.81,46.19,99.8346,0,Healthy
2026-01-17T14:00,2026-01-17,2026-01,NSS-APP01,Windows Server 2022,Application Server,20.91,52.91,47.09,55.87,44.13,99.9727,0,Healthy
2026-06-08T15:00,2026-06-08,2026-06,NSS-APP01,Windows Server 2022,Application Server,22.28,37.74,62.26,80.23,19.77,99.9246,0,Warning
2026-06-20T00:00,2026-06-20,2026-06,NSS-LINUX-APP01,Ubuntu 24.04,Application Server,36.11,49.33,50.67,32.59,67.41,99.8899,0,Healthy
2026-04-17T09:00,2026-04-17,2026-04,NSS-DC02,Windows Server 2022,Domain Controller,32.51,40.49,59.51,58.39,41.61,99.8191,0,Healthy
2026-04-16T00:00,2026-04-16,2026-04,NSS-APP01,Windows Server 2022,Application Server,16.06,43.25,56.75,80.8,19.2,99.8879,0,Warning
2026-04-10T01:00,2026-04-10,2026-04,NSS-LINUX-DB01,Rocky Linux 9,Database Server,54.12,45.95,54.05,60.4,39.6,99.7967,0,Healthy
2026-04-03T03:00,2026-04-03,2026-04,NSS-FILE01,Windows Server 2022,File Server,34.22,44.35,55.65,37.68,62.32,99.8902,0,Healthy
2026-01-12T23:00,2026-01-12,2026-01,NSS-DC01,Windows Server 2022,Domain Controller,3.68,70.86,29.14,64.13,35.87,99.8544,0,Healthy
2026-03-21T01:00,2026-03-21,2026-03,NSS-DC02,Windows Server 2022,Domain Controller,39.81,79.76,20.24,65.9,34.1,99.841,0,Healthy
2026-07-28T11:00,2026-07-28,2026-07,NSS-DC01,Windows Server 2022,Domain Controller,21.32,44.8,55.2,72.21,27.79,99.7843,0,Healthy
2026-04-12T05:00,2026-04-12,2026-04,NSS-FILE01,Windows Server 2022,File Server,23.3,75.57,24.43,47.59,52.41,99.82,0,Healthy
2026-06-13T19:00,2026-06-13,2026-06,NSS-APP01,Windows Server 2022,Application Server,40.98,58.12,41.88,82.71,17.29,99.77,0,Warning
2026-07-17T02:00,2026-07-17,2026-07,NSS-LINUX-DB01,Rocky Linux 9,Database Server,28.02,68.6,31.4,55.92,44.08,99.886,0,Healthy
2026-02-16T20:00,2026-02-16,2026-02,NSS-FILE01,Windows Server 2022,File Server,24.11,40.99,59.01,44.94,55.06,99.7671,0,Healthy
2026-01-23T08:00,2026-01-23,2026-01,NSS-LINUX-DB01,Rocky Linux 9,Database Server,35.14,44.99,55.01,84.87,15.13,99.7512,0,Warning
2026-05-15T00:00,2026-05-15,2026-05,NSS-FILE01,Windows Server 2022,File Server,49.58,54.58,45.42,43.09,56.91,99.8841,0,Healthy
2026-04-25T00:00,2026-04-25,2026-04,NSS-APP01,Windows Server 2022,Application Server,31.76,29.39,70.61,60.24,39.76,99.8798,0,Healthy
2026-06-29T02:00,2026-06-29,2026-06,NSS-DC02,Windows Server 2022,Domain Controller,28.05,29.69,70.31,65.91,34.09,99.8287,0,Healthy
2026-02-24T13:00,2026-02-24,2026-02,NSS-MON01,Ubuntu 24.04,Monitoring Server,25.23,45.95,54.05,63.09,36.91,99.9027,0,Healthy
2026-01-27T20:00,2026-01-27,2026-01,NSS-MON01,Ubuntu 24.04,Monitoring Server,45.91,47.57,52.43,70.4,29.6,99.9167,0,Healthy
2026-07-05T11:00,2026-07-05,2026-07,NSS-DC02,Windows Server 2022,Domain Controller,41.25,58.59,41.41,61.2,38.8,99.8709,0,Healthy
2026-06-12T20:00,2026-06-12,2026-06,NSS-DC02,Windows Server 2022,Domain Controller,22.19,45.17,54.83,63.53,36.47,99.887,0,Healthy
2026-02-27T23:00,2026-02-27,2026-02,NSS-LINUX-DB01,Rocky Linux 9,Database Server,5.12,74.99,25.01,90.24,9.76,99.75,1,Critical
2026-03-16T05:00,2026-03-16,2026-03,NSS-DC02,Windows Server 2022,Domain Controller,30.57,61.25,38.75,53.36,46.64,99.9713,0,Healthy
2026-04-02T08:00,2026-04-02,2026-04,NSS-APP01,Windows Server 2022,Application Server,37.46,33.27,66.73,30.89,69.11,99.9324,0,Healthy
2026-06-25T13:00,2026-06-25,2026-06,NSS-DC01,Windows Server 2022,Domain Controller,37.8,53.91,46.09,72.33,27.67,99.9123,0,Healthy
2026-01-07T03:00,2026-01-07,2026-01,NSS-MON01,Ubuntu 24.04,Monitoring Server,21.87,52.26,47.74,66.17,33.83,99.8303,0,Healthy
2026-02-23T14:00,2026-02-23,2026-02,NSS-LINUX-APP01,Ubuntu 24.04,Application Server,25.06,66.16,33.84,46.16,53.84,99.8632,0,Healthy
2026-01-18T16:00,2026-01-18,2026-01,NSS-LINUX-DB01,Rocky Linux 9,Database Server,50.74,36.33,63.67,30.22,69.78,99.9023,0,Healthy
2026-02-14T01:00,2026-02-14,2026-02,NSS-LINUX-DB01,Rocky Linux 9,Database Server,31.85,43.63,56.37,52.3,47.7,99.7657,0,Healthy
2026-04-14T19:00,2026-04-14,2026-04,NSS-APP01,Windows Server 2022,Application Server,7.33,54.23,45.77,69.92,30.08,99.7624,0,Healthy
2026-05-03T06:00,2026-05-03,2026-05,NSS-APP01,Windows Server 2022,Application Server,18.37,53.56,46.44,68.09,31.91,99.7911,0,Healthy
2026-07-14T04:00,2026-07-14,2026-07,NSS-DC02,Windows Server 2022,Domain Controller,12.24,71.47,28.53,52.73,47.27,99.8657,0,Healthy
2026-07-20T14:00,2026-07-20,2026-07,NSS-FILE01,Windows Server 2022,File Server,28.63,77.74,22.26,64.96,35.04,99.8403,0,Healthy
2026-02-13T14:00,2026-02-13,2026-02,NSS-DC02,Windows Server 2022,Domain Controller,6.11,45.25,54.75,17.76,82.24,99.9235,0,Healthy
2026-05-16T09:00,2026-05-16,2026-05,NSS-DC01,Windows Server 2022,Domain Controller,29.51,71.09,28.91,66.8,33.2,99.9091,0,Healthy
2026-02-23T01:00,2026-02-23,2026-02,NSS-MON01,Ubuntu 24.04,Monitoring Server,47.37,43.83,56.17,60.07,39.93,99.9003,0,Healthy
2026-04-29T16:00,2026-04-29,2026-04,NSS-LINUX-APP01,Ubuntu 24.04,Application Server,33.02,54.52,45.48,58.48,41.52,99.9522,0,Healthy
2026-01-30T09:00,2026-01-30,2026-01,NSS-APP01,Windows Server 2022,Application Server,26.57,68.96,31.04,57.56,42.44,99.806,0,Healthy
2026-07-23T07:00,2026-07-23,2026-07,NSS-APP01,Windows Server 2022,Application Server,2.0,43.72,56.28,60.5,39.5,99.9313,0,Healthy
2026-05-31T23:00,2026-05-31,2026-05,NSS-MON01,Ubuntu 24.04,Monitoring Server,28.72,66.34,33.66,55.09,44.91,99.7889,0,Healthy
2026-05-01T08:00,2026-05-01,2026-05,NSS-DC02,Windows Server 2022,Domain Controller,34.04,41.64,58.36,65.87,34.13,99.8652,0,Healthy
2026-07-06T21:00,2026-07-06,2026-07,NSS-DC02,Windows Server 2022,Domain Controller,24.45,56.31,43.69,60.93,39.07,99.8955,0,Healthy
2026-02-03T21:00,2026-02-03,2026-02,NSS-FILE01,Windows Server 2022,File Server,24.64,63.18,36.82,55.34,44.66,99.9103,0,Healthy
2026-04-22T20:00,2026-04-22,2026-04,NSS-LINUX-DB01,Rocky Linux 9,Database Server,50.01,68.0,32.0,41.18,58.82,99.8941,0,Healthy
2026-05-11T22:00,2026-05-11,2026-05,NSS-DC02,Windows Server 2022,Domain Controller,43.38,92.93,7.07,38.94,61.06,99.919,1,Critical
2026-04-20T12:00,2026-04-20,2026-04,NSS-MON01,Ubuntu 24.04,Monitoring Server,15.32,72.99,27.01,43.93,56.07,99.8685,0,Healthy
2026-01-25T01:00,2026-01-25,2026-01,NSS-LINUX-DB01,Rocky Linux 9,Database Server,19.39,50.21,49.79,66.06,33.94,99.8819,0,Healthy
2026-03-19T19:00,2026-03-19,2026-03,NSS-FILE01,Windows Server 2022,File Server,11.03,24.44,75.56,73.16,26.84,99.7577,0,Healthy
2026-06-17T11:00,2026-06-17,2026-06,NSS-LINUX-APP01,Ubuntu 24.04,Application Server,21.77,79.78,20.22,56.6,43.4,99.8376,0,Healthy
2026-04-19T02:00,2026-04-19,2026-04,NSS-APP01,Windows Server 2022,Application Server,35.97,48.45,51.55,59.64,40.36,99.7777,0,Healthy
2026-05-24T18:00,2026-05-24,2026-05,NSS-DC01,Windows Server 2022,Domain Controller,12.7,65.71,34.29,74.23,25.77,99.9247,0,Healthy
2026-04-21T14:00,2026-04-21,2026-04,NSS-MON01,Ubuntu 24.04,Monitoring Server,23.6,48.73,51.27,72.59,27.41,99.7549,0,Healthy
2026-03-11T11:00,2026-03-11,2026-03,NSS-FILE01,Windows Server 2022,File Server,9.09,44.09,55.91,82.7,17.3,99.8045,0,Warning
2026-01-24T23:00,2026-01-24,2026-01,NSS-LINUX-APP01,Ubuntu 24.04,Application Server,40.79,45.62,54.38,61.05,38.95,99.763,0,Healthy
2026-07-25T18:00,2026-07-25,2026-07,NSS-MON01,Ubuntu 24.04,Monitoring Server,60.21,55.15,44.85,42.28,57.72,99.8025,0,Healthy
2026-05-17T21:00,2026-05-17,2026-05,NSS-LINUX-APP01,Ubuntu 24.04,Application Server,26.21,70.67,29.33,47.93,52.07,99.7686,0,Healthy
2026-04-08T22:00,2026-04-08,2026-04,NSS-APP01,Windows Server 2022,Application Server,24.32,37.65,62.35,59.09,40.91,99.7582,0,Healthy
2026-03-07T06:00,2026-03-07,2026-03,NSS-FILE01,Windows Server 2022,File Server,34.31,26.39,73.61,26.61,73.39,99.9725,0,Healthy
2026-07-13T04:00,2026-07-13,2026-07,NSS-LINUX-APP01,Ubuntu 24.04,Application Server,34.46,43.86,56.14,34.48,65.52,99.9867,0,Healthy
2026-04-24T10:00,2026-04-24,2026-04,NSS-FILE01,Windows Server 2022,File Server,13.1,51.99,48.01,70.77,29.23,99.8336,0,Healthy
2026-07-28T01:00,2026-07-28,2026-07,NSS-FILE01,Windows Server 2022,File Server,15.1,54.81,45.19,66.51,33.49,99.8927,0,Healthy
2026-06-28T18:00,2026-06-28,2026-06,NSS-MON01,Ubuntu 24.04,Monitoring Server,37.73,84.75,15.25,69.42,30.58,99.9465,0,Warning
2026-02-19T05:00,2026-02-19,2026-02,NSS-DC01,Windows Server 2022,Domain Controller,21.28,84.73,15.27,48.17,51.83,99.8668,0,Warning
2026-06-04T21:00,2026-06-04,2026-06,NSS-FILE01,Windows Server 2022,File Server,47.89,25.9,74.1,57.48,42.52,99.8528,0,Healthy
2026-06-28T18:00,2026-06-28,2026-06,NSS-DC02,Windows Server 2022,Domain Controller,30.76,46.55,53.45,64.94,35.06,99.9791,0,Healthy
2026-02-02T19:00,2026-02-02,2026-02,NSS-LINUX-APP01,Ubuntu 24.04,Application Server,19.1,40.28,59.72,52.6,47.4,99.9938,0,Healthy
2026-05-11T15:00,2026-05-11,2026-05,NSS-LINUX-DB01,Rocky Linux 9,Database Server,23.06,71.4,28.6,57.5,42.5,99.8923,0,Healthy
2026-04-29T23:00,2026-04-29,2026-04,NSS-LINUX-APP01,Ubuntu 24.04,Application Server,4.35,71.82,28.18,52.16,47.84,99.9205,0,Healthy
2026-05-02T19:00,2026-05-02,2026-05,NSS-DC02,Windows Server 2022,Domain Controller,15.15,48.03,51.97,61.46,38.54,99.9606,0,Healthy
2026-01-23T19:00,2026-01-23,2026-01,NSS-LINUX-DB01,Rocky Linux 9,Database Server,2.79,39.91,60.09,69.62,30.38,99.78,0,Healthy
2026-01-15T19:00,2026-01-15,2026-01,NSS-LINUX-APP01,Ubuntu 24.04,Application Server,19.23,47.77,52.23,59.09,40.91,99.8728,0,Healthy
2026-01-19T23:00,2026-01-19,2026-01,NSS-DC02,Windows Server 2022,Domain Controller,5.91,45.06,54.94,49.11,50.89,99.809,0,Healthy
2026-01-22T15:00,2026-01-22,2026-01,NSS-LINUX-DB01,Rocky Linux 9,Database Server,37.7,60.19,39.81,43.46,56.54,99.9472,0,Healthy
2026-02-28T21:00,2026-02-28,2026-02,NSS-APP01,Windows Server 2022,Application Server,38.35,50.35,49.65,50.99,49.01,99.8366,0,Healthy
2026-05-28T22:00,2026-05-28,2026-05,NSS-LINUX-APP01,Ubuntu 24.04,Application Server,13.61,52.37,47.63,45.54,54.46,99.8184,0,Healthy
2026-03-27T17:00,2026-03-27,2026-03,NSS-MON01,Ubuntu 24.04,Monitoring Server,17.23,54.91,45.09,57.85,42.15,99.8819,0,Healthy
2026-03-13T23:00,2026-03-13,2026-03,NSS-LINUX-DB01,Rocky Linux 9,Database Server,27.72,32.54,67.46,57.09,42.91,99.7519,0,Healthy
2026-06-16T14:00,2026-06-16,2026-06,NSS-MON01,Ubuntu 24.04,Monitoring Server,52.37,58.77,41.23,79.69,20.31,99.8935,0,Healthy
2026-05-01T02:00,2026-05-01,2026-05,NSS-DC01,Windows Server 2022,Domain Controller,59.24,36.36,63.64,70.01,29.99,99.9913,0,Healthy
2026-06-20T15:00,2026-06-20,2026-06,NSS-MON01,Ubuntu 24.04,Monitoring Server,17.56,58.63,41.37,41.16,58.84,99.7562,0,Healthy
2026-07-11T05:00,2026-07-11,2026-07,NSS-FILE01,Windows Server 2022,File Server,24.9,84.73,15.27,69.31,30.69,99.7769,0,Warning
2026-05-17T21:00,2026-05-17,2026-05,NSS-FILE01,Windows Server 2022,File Server,36.21,34.45,65.55,72.97,27.03,99.8003,0,Healthy
2026-01-24T19:00,2026-01-24,2026-01,NSS-DC01,Windows Server 2022,Domain Controller,26.25,43.27,56.73,62.95,37.05,99.8307,0,Healthy
2026-07-02T01:00,2026-07-02,2026-07,NSS-LINUX-DB01,Rocky Linux 9,Database Server,19.11,73.66,26.34,49.99,50.01,99.8131,0,Healthy
2026-03-23T19:00,2026-03-23,2026-03,NSS-LINUX-DB01,Rocky Linux 9,Database Server,21.74,63.94,36.06,58.59,41.41,99.9345,0,Healthy
2026-02-28T15:00,2026-02-28,2026-02,NSS-APP01,Windows Server 2022,Application Server,37.6,44.21,55.79,63.67,36.33,99.9719,0,Healthy
2026-05-30T21:00,2026-05-30,2026-05,NSS-LINUX-DB01,Rocky Linux 9,Database Server,4.33,63.02,36.98,50.88,49.12,99.7524,0,Healthy
2026-05-13T12:00,2026-05-13,2026-05,NSS-FILE01,Windows Server 2022,File Server,17.37,55.96,44.04,44.77,55.23,99.8118,0,Healthy
2026-02-06T21:00,2026-02-06,2026-02,NSS-FILE01,Windows Server 2022,File Server,34.83,34.85,65.15,49.3,50.7,99.8603,0,Healthy
2026-02-02T02:00,2026-02-02,2026-02,NSS-DC01,Windows Server 2022,Domain Controller,32.88,79.96,20.04,41.85,58.15,99.9255,0,Healthy
2026-02-26T09:00,2026-02-26,2026-02,NSS-MON01,Ubuntu 24.04,Monitoring Server,14.76,40.56,59.44,66.7,33.3,99.822,0,Healthy
2026-02-19T17:00,2026-02-19,2026-02,NSS-MON01,Ubuntu 24.04,Monitoring Server,30.97,42.59,57.41,62.43,37.57,99.9717,0,Healthy
2026-04-22T00:00,2026-04-22,2026-04,NSS-APP01,Windows Server 2022,Application Server,27.76,60.79,39.21,50.73,49.27,99.7551,0,Healthy
2026-06-22T16:00,2026-06-22,2026-06,NSS-FILE01,Windows Server 2022,File Server,15.2,54.71,45.29,69.99,30.01,99.8952,0,Healthy
2026-04-13T10:00,2026-04-13,2026-04,NSS-APP01,Windows Server 2022,Application Server,33.73,48.6,51.4,38.76,61.24,99.8343,0,Healthy
2026-01-28T18:00,2026-01-28,2026-01,NSS-APP01,Windows Server 2022,Application Server,34.0,65.22,34.78,71.02,28.98,99.8893,0,Healthy
2026-06-22T09:00,2026-06-22,2026-06,NSS-LINUX-DB01,Rocky Linux 9,Database Server,3.41,14.86,85.14,51.15,48.85,99.9879,0,Healthy
2026-05-11T14:00,2026-05-11,2026-05,NSS-DC01,Windows Server 2022,Domain Controller,27.98,87.22,12.78,84.87,15.13,99.8746,0,Warning
2026-02-27T19:00,2026-02-27,2026-02,NSS-LINUX-APP01,Ubuntu 24.04,Application Server,31.15,36.83,63.17,75.36,24.64,99.8059,0,Healthy
2026-04-08T11:00,2026-04-08,2026-04,NSS-LINUX-APP01,Ubuntu 24.04,Application Server,17.44,79.83,20.17,40.55,59.45,99.967,0,Healthy
2026-06-02T06:00,2026-06-02,2026-06,NSS-DC02,Windows Server 2022,Domain Controller,23.24,81.84,18.16,79.23,20.77,99.7573,0,Warning
2026-03-28T05:00,2026-03-28,2026-03,NSS-MON01,Ubuntu 24.04,Monitoring Server,11.87,47.26,52.74,59.84,40.16,99.9729,0,Healthy
2026-07-12T22:00,2026-07-12,2026-07,NSS-DC01,Windows Server 2022,Domain Controller,38.41,56.31,43.69,88.8,11.2,99.8529,1,Warning
2026-01-01T17:00,2026-01-01,2026-01,NSS-MON01,Ubuntu 24.04,Monitoring Server,22.74,66.49,33.51,55.61,44.39,99.8012,0,Healthy
2026-05-25T03:00,2026-05-25,2026-05,NSS-LINUX-DB01,Rocky Linux 9,Database Server,14.57,48.2,51.8,67.39,32.61,99.8472,0,Healthy
2026-04-02T17:00,2026-04-02,2026-04,NSS-LINUX-DB01,Rocky Linux 9,Database Server,22.89,56.58,43.42,28.78,71.22,99.761,0,Healthy
2026-07-26T05:00,2026-07-26,2026-07,NSS-LINUX-APP01,Ubuntu 24.04,Application Server,31.91,65.27,34.73,57.79,42.21,99.9784,0,Healthy
2026-03-06T20:00,2026-03-06,2026-03,NSS-LINUX-APP01,Ubuntu 24.04,Application Server,27.91,56.49,43.51,77.0,23.0,99.7625,0,Healthy
2026-03-28T10:00,2026-03-28,2026-03,NSS-FILE01,Windows Server 2022,File Server,47.36,32.21,67.79,38.59,61.41,99.9082,0,Healthy
2026-06-16T03:00,2026-06-16,2026-06,NSS-FILE01,Windows Server 2022,File Server,54.0,57.37,42.63,48.92,51.08,99.9268,0,Healthy
2026-04-26T20:00,2026-04-26,2026-04,NSS-LINUX-DB01,Rocky Linux 9,Database Server,35.58,70.81,29.19,84.28,15.72,99.9081,0,Warning
2026-02-15T11:00,2026-02-15,2026-02,NSS-DC02,Windows Server 2022,Domain Controller,12.4,47.12,52.88,76.13,23.87,99.8393,0,Healthy
2026-03-26T08:00,2026-03-26,2026-03,NSS-LINUX-APP01,Ubuntu 24.04,Application Server,40.62,53.69,46.31,53.48,46.52,99.8099,0,Healthy
2026-05-27T18:00,2026-05-27,2026-05,NSS-MON01,Ubuntu 24.04,Monitoring Server,38.5,40.04,59.96,65.44,34.56,99.7939,0,Healthy
2026-07-28T06:00,2026-07-28,2026-07,NSS-LINUX-DB01,Rocky Linux 9,Database Server,11.22,67.51,32.49,67.35,32.65,99.954,0,Healthy
2026-04-18T20:00,2026-04-18,2026-04,NSS-LINUX-APP01,Ubuntu 24.04,Application Server,13.42,50.86,49.14,66.49,33.51,99.9502,0,Healthy
2026-07-12T15:00,2026-07-12,2026-07,NSS-DC01,Windows Server 2022,Domain Controller,46.99,56.35,43.65,82.85,17.15,99.9739,0,Warning
2026-03-03T23:00,2026-03-03,2026-03,NSS-MON01,Ubuntu 24.04,Monitoring Server,63.63,25.58,74.42,52.88,47.12,99.8162,0,Healthy
2026-04-05T20:00,2026-04-05,2026-04,NSS-FILE01,Windows Server 2022,File Server,6.53,60.63,39.37,51.06,48.94,99.8518,0,Healthy
2026-03-18T10:00,2026-03-18,2026-03,NSS-MON01,Ubuntu 24.04,Monitoring Server,46.26,31.32,68.68,44.75,55.25,99.8011,0,Healthy
2026-02-09T19:00,2026-02-09,2026-02,NSS-LINUX-APP01,Ubuntu 24.04,Application Server,53.41,75.64,24.36,49.47,50.53,99.7696,0,Healthy
2026-07-22T14:00,2026-07-22,2026-07,NSS-APP01,Windows Server 2022,Application Server,11.4,33.21,66.79,57.21,42.79,99.9588,0,Healthy
2026-04-12T20:00,2026-04-12,2026-04,NSS-LINUX-APP01,Ubuntu 24.04,Application Server,19.0,60.17,39.83,91.16,8.84,99.9724,1,Critical
2026-01-31T11:00,2026-01-31,2026-01,NSS-DC01,Windows Server 2022,Domain Controller,23.12,23.35,76.65,68.79,31.21,99.8063,0,Healthy
2026-07-20T19:00,2026-07-20,2026-07,NSS-MON01,Ubuntu 24.04,Monitoring Server,9.36,70.89,29.11,64.36,35.64,99.7894,0,Healthy
2026-01-30T16:00,2026-01-30,2026-01,NSS-MON01,Ubuntu 24.04,Monitoring Server,16.14,66.35,33.65,50.46,49.54,99.8907,0,Healthy
2026-03-20T05:00,2026-03-20,2026-03,NSS-MON01,Ubuntu 24.04,Monitoring Server,42.1,76.09,23.91,49.7,50.3,99.8799,0,Healthy
2026-01-08T21:00,2026-01-08,2026-01,NSS-LINUX-APP01,Ubuntu 24.04,Application Server,30.69,67.91,32.09,77.06,22.94,99.8923,0,Healthy
2026-07-29T17:00,2026-07-29,2026-07,NSS-FILE01,Windows Server 2022,File Server,8.72,44.65,55.35,68.34,31.66,99.7782,0,Healthy
2026-04-10T10:00,2026-04-10,2026-04,NSS-DC01,Windows Server 2022,Domain Controller,48.88,45.41,54.59,56.19,43.81,99.7792,0,Healthy
2026-04-19T20:00,2026-04-19,2026-04,NSS-LINUX-APP01,Ubuntu 24.04,Application Server,4.79,36.13,63.87,46.86,53.14,99.9203,0,Healthy
2026-05-10T08:00,2026-05-10,2026-05,NSS-DC01,Windows Server 2022,Domain Controller,38.12,71.33,28.67,68.19,31.81,99.82,0,Healthy
2026-01-12T07:00,2026-01-12,2026-01,NSS-MON01,Ubuntu 24.04,Monitoring Server,39.86,66.03,33.97,60.5,39.5,99.9189,0,Healthy
2026-03-24T13:00,2026-03-24,2026-03,NSS-LINUX-APP01,Ubuntu 24.04,Application Server,30.1,66.07,33.93,71.52,28.48,99.7642,0,Healthy
2026-05-13T16:00,2026-05-13,2026-05,NSS-MON01,Ubuntu 24.04,Monitoring Server,35.23,61.16,38.84,42.38,57.62,99.8164,0,Healthy
2026-01-01T01:00,2026-01-01,2026-01,NSS-DC02,Windows Server 2022,Domain Controller,20.0,42.5,57.5,39.72,60.28,99.7766,0,Healthy
2026-05-19T12:00,2026-05-19,2026-05,NSS-DC02,Windows Server 2022,Domain Controller,11.93,89.28,10.72,61.9,38.1,99.88,0,Warning
2026-07-08T01:00,2026-07-08,2026-07,NSS-APP01,Windows Server 2022,Application Server,41.68,45.28,54.72,69.74,30.26,99.7905,0,Healthy
2026-07-27T11:00,2026-07-27,2026-07,NSS-MON01,Ubuntu 24.04,Monitoring Server,2.03,93.02,6.98,46.98,53.02,99.9513,1,Critical
2026-03-04T12:00,2026-03-04,2026-03,NSS-LINUX-APP01,Ubuntu 24.04,Application Server,2.03,84.48,15.52,76.51,23.49,99.8085,0,Warning
2026-04-22T07:00,2026-04-22,2026-04,NSS-APP01,Windows Server 2022,Application Server,10.24,40.21,59.79,57.14,42.86,99.7968,0,Healthy
2026-06-27T01:00,2026-06-27,2026-06,NSS-FILE01,Windows Server 2022,File Server,55.49,56.28,43.72,50.18,49.82,99.8481,0,Healthy
2026-04-23T00:00,2026-04-23,2026-04,NSS-APP01,Windows Server 2022,Application Server,27.69,38.89,61.11,50.35,49.65,99.9055,0,Healthy
2026-06-12T11:00,2026-06-12,2026-06,NSS-APP01,Windows Server 2022,Application Server,27.24,52.17,47.83,70.27,29.73,99.9742,0,Healthy
2026-05-25T01:00,2026-05-25,2026-05,NSS-DC02,Windows Server 2022,Domain Controller,25.64,63.62,36.38,63.29,36.71,99.8947,0,Healthy
2026-05-14T04:00,2026-05-14,2026-05,NSS-DC01,Windows Server 2022,Domain Controller,30.46,60.65,39.35,55.27,44.73,99.8263,0,Healthy
2026-02-26T13:00,2026-02-26,2026-02,NSS-LINUX-DB01,Rocky Linux 9,Database Server,28.87,43.85,56.15,25.4,74.6,99.8074,0,Healthy
2026-07-11T06:00,2026-07-11,2026-07,NSS-MON01,Ubuntu 24.04,Monitoring Server,30.68,46.49,53.51,52.79,47.21,99.9812,0,Healthy
2026-06-22T23:00,2026-06-22,2026-06,NSS-LINUX-APP01,Ubuntu 24.04,Application Server,11.17,66.21,33.79,59.79,40.21,99.9978,0,Healthy
2026-02-09T09:00,2026-02-09,2026-02,NSS-DC01,Windows Server 2022,Domain Controller,27.4,52.62,47.38,71.52,28.48,99.7905,0,Healthy
2026-01-01T15:00,2026-01-01,2026-01,NSS-APP01,Windows Server 2022,Application Server,11.3,48.0,52.0,72.85,27.15,99.8201,0,Healthy
2026-06-02T14:00,2026-06-02,2026-06,NSS-DC02,Windows Server 2022,Domain Controller,25.05,39.69,60.31,56.78,43.22,99.8926,0,Healthy
2026-05-17T02:00,2026-05-17,2026-05,NSS-DC02,Windows Server 2022,Domain Controller,24.34,57.23,42.77,54.73,45.27,99.8205,0,Healthy
2026-02-18T03:00,2026-02-18,2026-02,NSS-DC02,Windows Server 2022,Domain Controller,37.34,48.33,51.67,35.81,64.19,99.7769,0,Healthy
2026-07-17T15:00,2026-07-17,2026-07,NSS-DC02,Windows Server 2022,Domain Controller,18.6,85.2,14.8,46.78,53.22,99.789,0,Warning
2026-03-06T02:00,2026-03-06,2026-03,NSS-APP01,Windows Server 2022,Application Server,30.88,50.11,49.89,76.72,23.28,99.9476,0,Healthy
2026-06-07T06:00,2026-06-07,2026-06,NSS-DC02,Windows Server 2022,Domain Controller,44.73,32.44,67.56,95.0,5.0,99.9664,1,Critical
2026-06-12T22:00,2026-06-12,2026-06,NSS-DC01,Windows Server 2022,Domain Controller,38.9,24.86,75.14,43.02,56.98,99.9099,0,Healthy
2026-03-04T07:00,2026-03-04,2026-03,NSS-MON01,Ubuntu 24.04,Monitoring Server,2.38,61.16,38.84,70.25,29.75,99.8122,0,Healthy
2026-07-25T13:00,2026-07-25,2026-07,NSS-FILE01,Windows Server 2022,File Server,21.46,61.54,38.46,67.94,32.06,99.9763,0,Healthy
2026-07-25T20:00,2026-07-25,2026-07,NSS-LINUX-APP01,Ubuntu 24.04,Application Server,29.07,66.89,33.11,66.5,33.5,99.7639,0,Healthy
2026-07-02T06:00,2026-07-02,2026-07,NSS-DC02,Windows Server 2022,Domain Controller,39.97,40.87,59.13,74.04,25.96,99.8862,0,Healthy
2026-01-11T03:00,2026-01-11,2026-01,NSS-LINUX-APP01,Ubuntu 24.04,Application Server,2.0,29.41,70.59,70.04,29.96,99.9248,0,Healthy
2026-06-24T02:00,2026-06-24,2026-06,NSS-LINUX-APP01,Ubuntu 24.04,Application Server,31.96,72.88,27.12,38.28,61.72,99.8865,0,Healthy
2026-07-22T18:00,2026-07-22,2026-07,NSS-MON01,Ubuntu 24.04,Monitoring Server,14.45,55.0,45.0,42.57,57.43,99.8505,0,Healthy
2026-07-14T14:00,2026-07-14,2026-07,NSS-FILE01,Windows Server 2022,File Server,28.61,32.43,67.57,76.78,23.22,99.8171,0,Healthy
2026-07-08T17:00,2026-07-08,2026-07,NSS-LINUX-APP01,Ubuntu 24.04,Application Server,11.81,84.79,15.21,58.49,41.51,99.7865,0,Warning
2026-02-17T10:00,2026-02-17,2026-02,NSS-LINUX-DB01,Rocky Linux 9,Database Server,12.84,35.57,64.43,53.79,46.21,99.8223,0,Healthy
2026-02-14T21:00,2026-02-14,2026-02,NSS-LINUX-DB01,Rocky Linux 9,Database Server,17.19,89.8,10.2,56.96,43.04,99.7907,0,Warning
2026-06-13T00:00,2026-06-13,2026-06,NSS-LINUX-APP01,Ubuntu 24.04,Application Server,15.75,51.04,48.96,87.84,12.16,99.7747,1,Warning
2026-02-16T05:00,2026-02-16,2026-02,NSS-LINUX-APP01,Ubuntu 24.04,Application Server,43.11,37.59,62.41,70.92,29.08,99.8376,0,Healthy
2026-01-02T21:00,2026-01-02,2026-01,NSS-DC02,Windows Server 2022,Domain Controller,13.64,53.94,46.06,61.98,38.02,99.967,0,Healthy
2026-04-11T16:00,2026-04-11,2026-04,NSS-APP01,Windows Server 2022,Application Server,17.06,54.53,45.47,43.43,56.57,99.9034,0,Healthy
2026-04-22T22:00,2026-04-22,2026-04,NSS-DC01,Windows Server 2022,Domain Controller,2.94,47.21,52.79,60.24,39.76,99.8856,0,Healthy
2026-04-22T06:00,2026-04-22,2026-04,NSS-LINUX-APP01,Ubuntu 24.04,Application Server,17.08,40.34,59.66,52.28,47.72,99.752,0,Healthy
2026-03-04T15:00,2026-03-04,2026-03,NSS-DC01,Windows Server 2022,Domain Controller,34.93,40.52,59.48,45.16,54.84,99.9996,0,Healthy
2026-07-19T08:00,2026-07-19,2026-07,NSS-FILE01,Windows Server 2022,File Server,39.09,41.58,58.42,64.89,35.11,99.8423,0,Healthy
2026-06-07T02:00,2026-06-07,2026-06,NSS-DC02,Windows Server 2022,Domain Controller,5.26,67.32,32.68,63.6,36.4,99.9897,0,Healthy
2026-04-25T14:00,2026-04-25,2026-04,NSS-DC02,Windows Server 2022,Domain Controller,24.96,23.38,76.62,54.5,45.5,99.8709,0,Healthy
2026-01-21T01:00,2026-01-21,2026-01,NSS-DC02,Windows Server 2022,Domain Controller,30.61,57.05,42.95,50.85,49.15,99.9299,0,Healthy
2026-01-17T05:00,2026-01-17,2026-01,NSS-LINUX-APP01,Ubuntu 24.04,Application Server,25.76,19.58,80.42,47.9,52.1,99.9639,0,Healthy
2026-01-08T09:00,2026-01-08,2026-01,NSS-DC01,Windows Server 2022,Domain Controller,17.04,77.21,22.79,41.28,58.72,99.7766,0,Healthy
2026-03-22T00:00,2026-03-22,2026-03,NSS-LINUX-APP01,Ubuntu 24.04,Application Server,28.36,39.55,60.45,68.47,31.53,99.9847,0,Healthy
2026-05-29T17:00,2026-05-29,2026-05,NSS-DC01,Windows Server 2022,Domain Controller,51.17,46.85,53.15,50.67,49.33,99.8168,0,Healthy
2026-07-22T19:00,2026-07-22,2026-07,NSS-DC01,Windows Server 2022,Domain Controller,17.77,23.15,76.85,53.36,46.64,99.751,0,Healthy
2026-05-19T01:00,2026-05-19,2026-05,NSS-LINUX-DB01,Rocky Linux 9,Database Server,35.4,47.65,52.35,56.63,43.37,99.9622,0,Healthy
2026-05-25T09:00,2026-05-25,2026-05,NSS-LINUX-DB01,Rocky Linux 9,Database Server,36.39,55.82,44.18,73.37,26.63,99.7559,0,Healthy
2026-04-07T12:00,2026-04-07,2026-04,NSS-MON01,Ubuntu 24.04,Monitoring Server,40.82,51.58,48.42,58.55,41.45,99.8441,0,Healthy
2026-04-29T00:00,2026-04-29,2026-04,NSS-LINUX-APP01,Ubuntu 24.04,Application Server,40.55,22.45,77.55,53.05,46.95,99.7796,0,Healthy
2026-06-22T04:00,2026-06-22,2026-06,NSS-FILE01,Windows Server 2022,File Server,29.54,47.99,52.01,68.71,31.29,99.7775,0,Healthy
2026-05-22T07:00,2026-05-22,2026-05,NSS-LINUX-APP01,Ubuntu 24.04,Application Server,10.6,66.03,33.97,43.1,56.9,99.758,0,Healthy
2026-04-18T16:00,2026-04-18,2026-04,NSS-APP01,Windows Server 2022,Application Server,36.74,61.4,38.6,74.66,25.34,99.9102,0,Healthy
2026-06-15T01:00,2026-06-15,2026-06,NSS-DC02,Windows Server 2022,Domain Controller,18.48,76.13,23.87,85.82,14.18,99.8422,1,Warning
2026-02-04T08:00,2026-02-04,2026-02,NSS-LINUX-APP01,Ubuntu 24.04,Application Server,30.14,5.0,95.0,59.63,40.37,99.9774,0,Healthy
2026-06-17T21:00,2026-06-17,2026-06,NSS-LINUX-DB01,Rocky Linux 9,Database Server,30.89,26.34,73.66,43.26,56.74,99.8343,0,Healthy
2026-02-13T19:00,2026-02-13,2026-02,NSS-DC01,Windows Server 2022,Domain Controller,48.31,57.74,42.26,68.89,31.11,99.8001,0,Healthy
2026-03-21T10:00,2026-03-21,2026-03,NSS-MON01,Ubuntu 24.04,Monitoring Server,23.4,50.65,49.35,52.44,47.56,99.9983,0,Healthy
2026-07-15T05:00,2026-07-15,2026-07,NSS-FILE01,Windows Server 2022,File Server,47.26,49.01,50.99,77.81,22.19,99.9281,0,Healthy
2026-06-07T10:00,2026-06-07,2026-06,NSS-APP01,Windows Server 2022,Application Server,13.06,76.23,23.77,58.01,41.99,99.9617,0,Healthy
2026-07-29T15:00,2026-07-29,2026-07,NSS-LINUX-APP01,Ubuntu 24.04,Application Server,33.3,56.73,43.27,44.13,55.87,99.7948,0,Healthy
2026-03-19T12:00,2026-03-19,2026-03,NSS-LINUX-APP01,Ubuntu 24.04,Application Server,28.24,62.69,37.31,42.72,57.28,99.9566,0,Healthy
2026-01-18T11:00,2026-01-18,2026-01,NSS-MON01,Ubuntu 24.04,Monitoring Server,19.75,52.11,47.89,57.87,42.13,99.8804,0,Healthy
2026-05-11T17:00,2026-05-11,2026-05,NSS-DC01,Windows Server 2022,Domain Controller,18.98,79.96,20.04,57.58,42.42,99.9706,0,Healthy
2026-06-14T20:00,2026-06-14,2026-06,NSS-FILE01,Windows Server 2022,File Server,31.86,31.55,68.45,75.73,24.27,99.9041,0,Healthy
2026-04-21T22:00,2026-04-21,2026-04,NSS-DC02,Windows Server 2022,Domain Controller,43.82,65.91,34.09,39.85,60.15,99.7854,0,Healthy
2026-07-11T22:00,2026-07-11,2026-07,NSS-APP01,Windows Server 2022,Application Server,23.02,74.86,25.14,43.96,56.04,99.8403,0,Healthy
2026-01-02T16:00,2026-01-02,2026-01,NSS-DC02,Windows Server 2022,Domain Controller,45.08,47.62,52.38,80.56,19.44,99.9306,0,Warning
2026-06-21T09:00,2026-06-21,2026-06,NSS-LINUX-DB01,Rocky Linux 9,Database Server,25.36,34.28,65.72,41.68,58.32,99.8038,0,Healthy
2026-06-29T18:00,2026-06-29,2026-06,NSS-MON01,Ubuntu 24.04,Monitoring Server,16.37,62.86,37.14,71.54,28.46,99.966,0,Healthy
2026-01-23T13:00,2026-01-23,2026-01,NSS-LINUX-APP01,Ubuntu 24.04,Application Server,28.51,62.16,37.84,73.63,26.37,99.7745,0,Healthy
2026-07-23T10:00,2026-07-23,2026-07,NSS-LINUX-APP01,Ubuntu 24.04,Application Server,56.54,44.56,55.44,61.02,38.98,99.8847,0,Healthy
2026-06-18T14:00,2026-06-18,2026-06,NSS-LINUX-DB01,Rocky Linux 9,Database Server,27.8,58.25,41.75,57.81,42.19,99.9965,0,Healthy
2026-01-01T21:00,2026-01-01,2026-01,NSS-DC02,Windows Server 2022,Domain Controller,46.31,42.28,57.72,52.96,47.04,99.756,0,Healthy
2026-04-19T06:00,2026-04-19,2026-04,NSS-DC02,Windows Server 2022,Domain Controller,21.88,22.2,77.8,40.35,59.65,99.7696,0,Healthy
2026-02-11T13:00,2026-02-11,2026-02,NSS-DC01,Windows Server 2022,Domain Controller,52.09,33.99,66.01,56.04,43.96,99.969,0,Healthy
2026-04-17T08:00,2026-04-17,2026-04,NSS-LINUX-DB01,Rocky Linux 9,Database Server,31.2,47.15,52.85,69.2,30.8,99.9847,0,Healthy
2026-02-10T04:00,2026-02-10,2026-02,NSS-APP01,Windows Server 2022,Application Server,23.17,34.55,65.45,58.14,41.86,99.9671,0,Healthy
2026-07-04T23:00,2026-07-04,2026-07,NSS-MON01,Ubuntu 24.04,Monitoring Server,9.44,57.96,42.04,52.28,47.72,99.8375,0,Healthy
2026-02-02T15:00,2026-02-02,2026-02,NSS-DC01,Windows Server 2022,Domain Controller,39.84,46.5,53.5,71.0,29.0,99.9643,0,Healthy
2026-04-14T20:00,2026-04-14,2026-04,NSS-DC02,Windows Server 2022,Domain Controller,24.91,60.93,39.07,43.02,56.98,99.7865,0,Healthy
2026-02-15T13:00,2026-02-15,2026-02,NSS-LINUX-DB01,Rocky Linux 9,Database Server,23.86,74.99,25.01,62.85,37.15,99.8991,0,Healthy
2026-03-27T14:00,2026-03-27,2026-03,NSS-DC01,Windows Server 2022,Domain Controller,25.97,52.92,47.08,54.24,45.76,99.8849,0,Healthy
2026-01-28T10:00,2026-01-28,2026-01,NSS-LINUX-APP01,Ubuntu 24.04,Application Server,33.73,51.31,48.69,64.11,35.89,99.954,0,Healthy
2026-02-11T05:00,2026-02-11,2026-02,NSS-DC02,Windows Server 2022,Domain Controller,25.92,58.83,41.17,61.87,38.13,99.9098,0,Healthy
2026-06-06T01:00,2026-06-06,2026-06,NSS-DC02,Windows Server 2022,Domain Controller,26.14,48.43,51.57,48.36,51.64,99.9994,0,Healthy
2026-06-25T09:00,2026-06-25,2026-06,NSS-LINUX-DB01,Rocky Linux 9,Database Server,5.5,38.07,61.93,57.78,42.22,99.931,0,Healthy
2026-02-07T10:00,2026-02-07,2026-02,NSS-DC01,Windows Server 2022,Domain Controller,36.29,47.99,52.01,45.22,54.78,99.8616,0,Healthy
2026-03-17T02:00,2026-03-17,2026-03,NSS-MON01,Ubuntu 24.04,Monitoring Server,58.5,46.86,53.14,67.22,32.78,99.8586,0,Healthy
2026-01-03T01:00,2026-01-03,2026-01,NSS-MON01,Ubuntu 24.04,Monitoring Server,31.58,17.29,82.71,47.73,52.27,99.9836,0,Healthy
2026-01-31T16:00,2026-01-31,2026-01,NSS-MON01,Ubuntu 24.04,Monitoring Server,35.62,75.86,24.14,76.62,23.38,99.9799,0,Healthy
2026-07-20T17:00,2026-07-20,2026-07,NSS-FILE01,Windows Server 2022,File Server,26.45,52.54,47.46,75.03,24.97,99.9984,0,Healthy
2026-07-16T00:00,2026-07-16,2026-07,NSS-LINUX-APP01,Ubuntu 24.04,Application Server,60.85,39.67,60.33,74.14,25.86,99.9923,0,Healthy
2026-02-22T07:00,2026-02-22,2026-02,NSS-MON01,Ubuntu 24.04,Monitoring Server,25.05,64.56,35.44,59.77,40.23,99.8652,0,Healthy
2026-04-09T12:00,2026-04-09,2026-04,NSS-MON01,Ubuntu 24.04,Monitoring Server,23.09,47.57,52.43,71.55,28.45,99.8269,0,Healthy
2026-01-17T08:00,2026-01-17,2026-01,NSS-APP01,Windows Server 2022,Application Server,31.1,66.99,33.01,81.67,18.33,99.9086,0,Warning
2026-02-04T06:00,2026-02-04,2026-02,NSS-APP01,Windows Server 2022,Application Server,15.56,30.8,69.2,43.7,56.3,99.8192,0,Healthy
2026-05-07T23:00,2026-05-07,2026-05,NSS-LINUX-DB01,Rocky Linux 9,Database Server,25.6,80.14,19.86,50.14,49.86,99.9595,0,Warning
2026-07-12T21:00,2026-07-12,2026-07,NSS-APP01,Windows Server 2022,Application Server,14.42,49.02,50.98,56.67,43.33,99.7903,0,Healthy
2026-01-22T21:00,2026-01-22,2026-01,NSS-MON01,Ubuntu 24.04,Monitoring Server,26.13,66.98,33.02,49.38,50.62,99.9478,0,Healthy
2026-04-22T22:00,2026-04-22,2026-04,NSS-LINUX-DB01,Rocky Linux 9,Database Server,22.35,67.38,32.62,58.0,42.0,99.7605,0,Healthy
2026-02-23T14:00,2026-02-23,2026-02,NSS-APP01,Windows Server 2022,Application Server,46.83,41.84,58.16,54.3,45.7,99.9166,0,Healthy
2026-05-09T15:00,2026-05-09,2026-05,NSS-FILE01,Windows Server 2022,File Server,41.85,62.99,37.01,53.46,46.54,99.8873,0,Healthy
2026-03-23T19:00,2026-03-23,2026-03,NSS-DC02,Windows Server 2022,Domain Controller,5.54,61.36,38.64,69.26,30.74,99.765,0,Healthy
2026-05-10T08:00,2026-05-10,2026-05,NSS-LINUX-APP01,Ubuntu 24.04,Application Server,16.47,45.17,54.83,73.86,26.14,99.7829,0,Healthy
2026-06-24T11:00,2026-06-24,2026-06,NSS-APP01,Windows Server 2022,Application Server,37.29,60.27,39.73,61.44,38.56,99.9334,0,Healthy
2026-02-07T07:00,2026-02-07,2026-02,NSS-FILE01,Windows Server 2022,File Server,40.13,75.85,24.15,68.43,31.57,99.9555,0,Healthy
2026-04-26T01:00,2026-04-26,2026-04,NSS-DC01,Windows Server 2022,Domain Controller,22.61,56.28,43.72,65.47,34.53,99.8742,0,Healthy
2026-01-20T18:00,2026-01-20,2026-01,NSS-DC02,Windows Server 2022,Domain Controller,20.48,61.2,38.8,63.62,36.38,99.9668,0,Healthy
2026-03-27T13:00,2026-03-27,2026-03,NSS-APP01,Windows Server 2022,Application Server,35.67,23.0,77.0,63.47,36.53,99.8369,0,Healthy
2026-01-30T13:00,2026-01-30,2026-01,NSS-APP01,Windows Server 2022,Application Server,35.83,36.04,63.96,64.9,35.1,99.7972,0,Healthy
2026-01-07T00:00,2026-01-07,2026-01,NSS-DC02,Windows Server 2022,Domain Controller,29.07,26.45,73.55,55.8,44.2,99.9222,0,Healthy
2026-01-17T12:00,2026-01-17,2026-01,NSS-APP01,Windows Server 2022,Application Server,25.05,37.22,62.78,75.51,24.49,99.9637,0,Healthy
2026-01-21T04:00,2026-01-21,2026-01,NSS-LINUX-APP01,Ubuntu 24.04,Application Server,32.99,54.5,45.5,53.6,46.4,99.9884,0,Healthy
2026-06-08T11:00,2026-06-08,2026-06,NSS-LINUX-APP01,Ubuntu 24.04,Application Server,42.39,42.08,57.92,46.93,53.07,99.9617,0,Healthy
2026-02-13T08:00,2026-02-13,2026-02,NSS-LINUX-APP01,Ubuntu 24.04,Application Server,40.26,63.57,36.43,76.22,23.78,99.8235,0,Healthy
2026-02-02T12:00,2026-02-02,2026-02,NSS-MON01,Ubuntu 24.04,Monitoring Server,31.71,34.48,65.52,70.52,29.48,99.8031,0,Healthy
2026-05-19T13:00,2026-05-19,2026-05,NSS-DC02,Windows Server 2022,Domain Controller,49.44,62.84,37.16,67.7,32.3,99.8368,0,Healthy
2026-02-12T17:00,2026-02-12,2026-02,NSS-LINUX-DB01,Rocky Linux 9,Database Server,37.07,39.59,60.41,58.23,41.77,99.7552,0,Healthy
2026-03-20T11:00,2026-03-20,2026-03,NSS-DC02,Windows Server 2022,Domain Controller,48.35,61.93,38.07,36.4,63.6,99.9842,0,Healthy
2026-03-11T09:00,2026-03-11,2026-03,NSS-FILE01,Windows Server 2022,File Server,18.13,62.25,37.75,68.15,31.85,99.7883,0,Healthy
2026-03-10T07:00,2026-03-10,2026-03,NSS-DC02,Windows Server 2022,Domain Controller,23.97,49.65,50.35,57.65,42.35,99.8764,0,Healthy
2026-07-26T15:00,2026-07-26,2026-07,NSS-MON01,Ubuntu 24.04,Monitoring Server,27.74,59.58,40.42,69.57,30.43,99.8742,0,Healthy
2026-01-09T18:00,2026-01-09,2026-01,NSS-FILE01,Windows Server 2022,File Server,30.87,52.1,47.9,68.65,31.35,99.9447,0,Healthy
2026-05-20T20:00,2026-05-20,2026-05,NSS-MON01,Ubuntu 24.04,Monitoring Server,44.18,63.24,36.76,58.16,41.84,99.9846,0,Healthy
2026-02-21T20:00,2026-02-21,2026-02,NSS-MON01,Ubuntu 24.04,Monitoring Server,45.7,69.04,30.96,54.83,45.17,99.8389,0,Healthy
2026-04-26T19:00,2026-04-26,2026-04,NSS-DC02,Windows Server 2022,Domain Controller,21.13,20.52,79.48,66.45,33.55,99.9786,0,Healthy
2026-07-22T22:00,2026-07-22,2026-07,NSS-LINUX-DB01,Rocky Linux 9,Database Server,21.31,41.69,58.31,60.24,39.76,99.9147,0,Healthy
2026-04-08T08:00,2026-04-08,2026-04,NSS-FILE01,Windows Server 2022,File Server,22.91,60.44,39.56,74.8,25.2,99.8878,0,Healthy
2026-04-03T16:00,2026-04-03,2026-04,NSS-LINUX-DB01,Rocky Linux 9,Database Server,37.2,53.91,46.09,49.8,50.2,99.7699,0,Healthy
2026-04-14T08:00,2026-04-14,2026-04,NSS-FILE01,Windows Server 2022,File Server,27.25,43.87,56.13,81.15,18.85,99.7576,0,Warning
2026-02-17T08:00,2026-02-17,2026-02,NSS-APP01,Windows Server 2022,Application Server,47.04,75.53,24.47,75.13,24.87,99.796,0,Healthy
2026-04-25T22:00,2026-04-25,2026-04,NSS-LINUX-DB01,Rocky Linux 9,Database Server,23.58,24.17,75.83,49.11,50.89,99.9796,0,Healthy
2026-03-21T17:00,2026-03-21,2026-03,NSS-APP01,Windows Server 2022,Application Server,15.12,35.41,64.59,39.56,60.44,99.8571,0,Healthy
2026-07-14T20:00,2026-07-14,2026-07,NSS-APP01,Windows Server 2022,Application Server,3.21,51.02,48.98,64.74,35.26,99.9916,0,Healthy
2026-04-21T00:00,2026-04-21,2026-04,NSS-MON01,Ubuntu 24.04,Monitoring Server,19.29,24.53,75.47,54.79,45.21,99.8213,0,Healthy
2026-01-03T12:00,2026-01-03,2026-01,NSS-LINUX-DB01,Rocky Linux 9,Database Server,41.96,55.21,44.79,95.0,5.0,99.9533,1,Critical
2026-06-21T21:00,2026-06-21,2026-06,NSS-APP01,Windows Server 2022,Application Server,31.96,40.89,59.11,32.38,67.62,99.9812,0,Healthy
2026-06-13T06:00,2026-06-13,2026-06,NSS-LINUX-APP01,Ubuntu 24.04,Application Server,33.95,43.39,56.61,66.78,33.22,99.9877,0,Healthy
2026-05-06T15:00,2026-05-06,2026-05,NSS-DC01,Windows Server 2022,Domain Controller,32.99,54.29,45.71,51.31,48.69,99.8404,0,Healthy
2026-01-17T01:00,2026-01-17,2026-01,NSS-FILE01,Windows Server 2022,File Server,2.0,47.09,52.91,67.27,32.73,99.8473,0,Healthy
2026-01-11T07:00,2026-01-11,2026-01,NSS-DC02,Windows Server 2022,Domain Controller,25.79,44.63,55.37,63.6,36.4,99.8637,0,Healthy
2026-05-11T16:00,2026-05-11,2026-05,NSS-DC02,Windows Server 2022,Domain Controller,2.0,35.18,64.82,62.45,37.55,99.9561,0,Healthy
2026-04-13T06:00,2026-04-13,2026-04,NSS-LINUX-APP01,Ubuntu 24.04,Application Server,33.3,18.4,81.6,72.18,27.82,99.8671,0,Healthy
2026-06-22T19:00,2026-06-22,2026-06,NSS-DC01,Windows Server 2022,Domain Controller,34.89,39.08,60.92,58.28,41.72,99.9111,0,Healthy
2026-05-03T06:00,2026-05-03,2026-05,NSS-LINUX-DB01,Rocky Linux 9,Database Server,26.72,77.08,22.92,59.86,40.14,99.8347,0,Healthy
2026-05-12T16:00,2026-05-12,2026-05,NSS-MON01,Ubuntu 24.04,Monitoring Server,49.56,31.89,68.11,62.74,37.26,99.8791,0,Healthy
2026-02-22T16:00,2026-02-22,2026-02,NSS-DC01,Windows Server 2022,Domain Controller,2.0,50.99,49.01,67.1,32.9,99.762,0,Healthy
2026-04-17T11:00,2026-04-17,2026-04,NSS-LINUX-APP01,Ubuntu 24.04,Application Server,40.57,49.65,50.35,43.7,56.3,99.8782,0,Healthy
2026-04-06T02:00,2026-04-06,2026-04,NSS-LINUX-APP01,Ubuntu 24.04,Application Server,28.56,65.75,34.25,71.88,28.12,99.9922,0,Healthy
2026-03-06T08:00,2026-03-06,2026-03,NSS-DC02,Windows Server 2022,Domain Controller,2.0,62.91,37.09,62.06,37.94,99.8945,0,Healthy
2026-07-13T18:00,2026-07-13,2026-07,NSS-DC01,Windows Server 2022,Domain Controller,4.18,47.57,52.43,69.9,30.1,99.8956,0,Healthy
2026-04-02T03:00,2026-04-02,2026-04,NSS-APP01,Windows Server 2022,Application Server,17.49,52.71,47.29,78.48,21.52,99.8481,0,Healthy
2026-01-09T00:00,2026-01-09,2026-01,NSS-LINUX-DB01,Rocky Linux 9,Database Server,23.84,58.9,41.1,56.95,43.05,99.895,0,Healthy
2026-06-10T00:00,2026-06-10,2026-06,NSS-MON01,Ubuntu 24.04,Monitoring Server,8.06,54.45,45.55,89.13,10.87,99.9772,1,Warning
2026-06-08T06:00,2026-06-08,2026-06,NSS-LINUX-APP01,Ubuntu 24.04,Application Server,41.3,57.15,42.85,60.3,39.7,99.8689,0,Healthy
2026-05-08T03:00,2026-05-08,2026-05,NSS-DC02,Windows Server 2022,Domain Controller,7.21,70.61,29.39,50.83,49.17,99.8499,0,Healthy
2026-06-03T06:00,2026-06-03,2026-06,NSS-APP01,Windows Server 2022,Application Server,28.41,53.64,46.36,32.51,67.49,99.9089,0,Healthy
2026-07-02T22:00,2026-07-02,2026-07,NSS-LINUX-APP01,Ubuntu 24.04,Application Server,18.17,58.92,41.08,56.0,44.0,99.7559,0,Healthy
2026-07-05T10:00,2026-07-05,2026-07,NSS-LINUX-APP01,Ubuntu 24.04,Application Server,18.92,63.42,36.58,68.85,31.15,99.9525,0,Healthy
2026-03-16T00:00,2026-03-16,2026-03,NSS-DC01,Windows Server 2022,Domain Controller,30.96,76.69,23.31,86.32,13.68,99.7584,1,Warning
2026-07-20T13:00,2026-07-20,2026-07,NSS-DC01,Windows Server 2022,Domain Controller,33.29,76.26,23.74,59.68,40.32,99.8386,0,Healthy
2026-04-11T03:00,2026-04-11,2026-04,NSS-FILE01,Windows Server 2022,File Server,39.64,63.79,36.21,35.51,64.49,99.7716,0,Healthy
2026-03-22T02:00,2026-03-22,2026-03,NSS-APP01,Windows Server 2022,Application Server,29.21,63.34,36.66,61.09,38.91,99.9101,0,Healthy
2026-03-15T10:00,2026-03-15,2026-03,NSS-FILE01,Windows Server 2022,File Server,29.09,71.52,28.48,48.38,51.62,99.7812,0,Healthy
2026-03-29T22:00,2026-03-29,2026-03,NSS-LINUX-DB01,Rocky Linux 9,Database Server,10.2,47.22,52.78,55.4,44.6,99.7605,0,Healthy
2026-01-04T02:00,2026-01-04,2026-01,NSS-LINUX-APP01,Ubuntu 24.04,Application Server,17.98,46.53,53.47,58.08,41.92,99.9341,0,Healthy
2026-04-04T02:00,2026-04-04,2026-04,NSS-DC02,Windows Server 2022,Domain Controller,26.76,84.32,15.68,64.95,35.05,99.9769,0,Warning
2026-03-31T17:00,2026-03-31,2026-03,NSS-LINUX-DB01,Rocky Linux 9,Database Server,34.46,35.21,64.79,55.47,44.53,99.863,0,Healthy
2026-01-25T22:00,2026-01-25,2026-01,NSS-FILE01,Windows Server 2022,File Server,15.83,52.71,47.29,45.24,54.76,99.7737,0,Healthy
2026-03-12T09:00,2026-03-12,2026-03,NSS-APP01,Windows Server 2022,Application Server,22.8,75.0,25.0,71.0,29.0,99.978,0,Healthy
2026-05-13T05:00,2026-05-13,2026-05,NSS-DC01,Windows Server 2022,Domain Controller,27.86,56.57,43.43,92.65,7.35,99.8711,1,Critical
2026-02-15T17:00,2026-02-15,2026-02,NSS-DC01,Windows Server 2022,Domain Controller,17.42,32.43,67.57,63.18,36.82,99.8734,0,Healthy
2026-04-10T17:00,2026-04-10,2026-04,NSS-FILE01,Windows Server 2022,File Server,38.76,62.18,37.82,55.45,44.55,99.8609,0,Healthy
2026-05-12T03:00,2026-05-12,2026-05,NSS-DC02,Windows Server 2022,Domain Controller,37.17,38.12,61.88,74.18,25.82,99.9346,0,Healthy
2026-06-26T17:00,2026-06-26,2026-06,NSS-LINUX-APP01,Ubuntu 24.04,Application Server,35.66,49.89,50.11,23.87,76.13,99.8583,0,Healthy
2026-03-24T08:00,2026-03-24,2026-03,NSS-FILE01,Windows Server 2022,File Server,22.17,43.21,56.79,51.01,48.99,99.9655,0,Healthy
2026-07-05T16:00,2026-07-05,2026-07,NSS-APP01,Windows Server 2022,Application Server,33.56,33.14,66.86,59.83,40.17,99.9747,0,Healthy
2026-07-21T23:00,2026-07-21,2026-07,NSS-LINUX-DB01,Rocky Linux 9,Database Server,49.49,53.08,46.92,44.33,55.67,99.796,0,Healthy
2026-06-05T06:00,2026-06-05,2026-06,NSS-LINUX-DB01,Rocky Linux 9,Database Server,26.32,66.72,33.28,22.8,77.2,99.9246,0,Healthy
2026-01-10T07:00,2026-01-10,2026-01,NSS-DC01,Windows Server 2022,Domain Controller,9.57,31.82,68.18,90.57,9.43,99.9248,1,Critical
2026-02-04T04:00,2026-02-04,2026-02,NSS-FILE01,Windows Server 2022,File Server,2.0,42.41,57.59,68.73,31.27,99.9151,0,Healthy
2026-07-02T07:00,2026-07-02,2026-07,NSS-APP01,Windows Server 2022,Application Server,14.41,61.06,38.94,60.07,39.93,99.7946,0,Healthy
2026-06-11T10:00,2026-06-11,2026-06,NSS-LINUX-DB01,Rocky Linux 9,Database Server,18.39,47.82,52.18,38.01,61.99,99.8676,0,Healthy
2026-03-21T17:00,2026-03-21,2026-03,NSS-DC02,Windows Server 2022,Domain Controller,38.98,53.99,46.01,56.19,43.81,99.9734,0,Healthy
2026-04-08T23:00,2026-04-08,2026-04,NSS-LINUX-APP01,Ubuntu 24.04,Application Server,23.25,42.07,57.93,44.71,55.29,99.8305,0,Healthy
2026-07-15T02:00,2026-07-15,2026-07,NSS-DC01,Windows Server 2022,Domain Controller,35.54,22.46,77.54,54.49,45.51,99.8769,0,Healthy
2026-03-14T12:00,2026-03-14,2026-03,NSS-DC02,Windows Server 2022,Domain Controller,36.22,34.74,65.26,64.99,35.01,99.9374,0,Healthy
2026-04-28T09:00,2026-04-28,2026-04,NSS-DC01,Windows Server 2022,Domain Controller,20.29,39.5,60.5,60.94,39.06,99.7851,0,Healthy
2026-04-05T00:00,2026-04-05,2026-04,NSS-DC02,Windows Server 2022,Domain Controller,28.51,47.48,52.52,56.43,43.57,99.9525,0,Healthy
2026-07-26T03:00,2026-07-26,2026-07,NSS-LINUX-DB01,Rocky Linux 9,Database Server,38.25,51.07,48.93,63.98,36.02,99.7813,0,Healthy
2026-07-02T09:00,2026-07-02,2026-07,NSS-DC02,Windows Server 2022,Domain Controller,19.36,63.98,36.02,67.23,32.77,99.8984,0,Healthy
2026-05-11T11:00,2026-05-11,2026-05,NSS-LINUX-DB01,Rocky Linux 9,Database Server,36.22,45.4,54.6,72.42,27.58,99.8207,0,Healthy
2026-04-09T23:00,2026-04-09,2026-04,NSS-MON01,Ubuntu 24.04,Monitoring Server,22.7,65.36,34.64,85.05,14.95,99.7986,1,Warning
2026-04-21T13:00,2026-04-21,2026-04,NSS-FILE01,Windows Server 2022,File Server,24.59,54.89,45.11,47.16,52.84,99.8086,0,Healthy
2026-01-26T07:00,2026-01-26,2026-01,NSS-LINUX-DB01,Rocky Linux 9,Database Server,23.66,56.21,43.79,83.31,16.69,99.9839,0,Warning
2026-07-10T13:00,2026-07-10,2026-07,NSS-MON01,Ubuntu 24.04,Monitoring Server,17.54,70.95,29.05,40.05,59.95,99.8691,0,Healthy
2026-06-12T05:00,2026-06-12,2026-06,NSS-APP01,Windows Server 2022,Application Server,29.92,48.51,51.49,63.6,36.4,99.7785,0,Healthy
2026-07-26T09:00,2026-07-26,2026-07,NSS-DC02,Windows Server 2022,Domain Controller,29.7,32.89,67.11,72.5,27.5,99.9955,0,Healthy
2026-07-09T00:00,2026-07-09,2026-07,NSS-FILE01,Windows Server 2022,File Server,43.65,56.04,43.96,45.77,54.23,99.92,0,Healthy
2026-05-10T03:00,2026-05-10,2026-05,NSS-DC02,Windows Server 2022,Domain Controller,35.26,73.29,26.71,77.8,22.2,99.8614,0,Healthy
2026-07-24T04:00,2026-07-24,2026-07,NSS-LINUX-APP01,Ubuntu 24.04,Application Server,20.61,83.43,16.57,63.61,36.39,99.9602,0,Warning
2026-05-06T21:00,2026-05-06,2026-05,NSS-MON01,Ubuntu 24.04,Monitoring Server,46.01,54.8,45.2,50.73,49.27,99.9608,0,Healthy
2026-06-16T15:00,2026-06-16,2026-06,NSS-MON01,Ubuntu 24.04,Monitoring Server,17.38,75.0,25.0,40.56,59.44,99.9417,0,Healthy
2026-03-08T21:00,2026-03-08,2026-03,NSS-MON01,Ubuntu 24.04,Monitoring Server,20.22,64.88,35.12,59.66,40.34,99.9477,0,Healthy
2026-05-12T20:00,2026-05-12,2026-05,NSS-APP01,Windows Server 2022,Application Server,15.68,38.13,61.87,53.84,46.16,99.8892,0,Healthy
2026-03-27T23:00,2026-03-27,2026-03,NSS-MON01,Ubuntu 24.04,Monitoring Server,35.37,50.8,49.2,52.32,47.68,99.9381,0,Healthy
2026-06-30T01:00,2026-06-30,2026-06,NSS-LINUX-DB01,Rocky Linux 9,Database Server,2.0,56.58,43.42,53.65,46.35,99.9778,0,Healthy
2026-05-07T11:00,2026-05-07,2026-05,NSS-DC01,Windows Server 2022,Domain Controller,9.76,39.23,60.77,95.0,5.0,99.9695,1,Critical
2026-01-24T21:00,2026-01-24,2026-01,NSS-LINUX-APP01,Ubuntu 24.04,Application Server,34.18,40.4,59.6,64.81,35.19,99.9411,0,Healthy
2026-03-21T20:00,2026-03-21,2026-03,NSS-MON01,Ubuntu 24.04,Monitoring Server,15.21,59.48,40.52,54.66,45.34,99.8333,0,Healthy
2026-03-05T04:00,2026-03-05,2026-03,NSS-LINUX-DB01,Rocky Linux 9,Database Server,25.26,60.2,39.8,38.86,61.14,99.8927,0,Healthy
2026-05-08T12:00,2026-05-08,2026-05,NSS-DC02,Windows Server 2022,Domain Controller,16.47,39.52,60.48,53.7,46.3,99.9505,0,Healthy
2026-02-10T18:00,2026-02-10,2026-02,NSS-MON01,Ubuntu 24.04,Monitoring Server,29.87,30.37,69.63,62.75,37.25,99.9243,0,Healthy
2026-05-25T23:00,2026-05-25,2026-05,NSS-MON01,Ubuntu 24.04,Monitoring Server,22.86,58.78,41.22,68.74,31.26,99.8979,0,Healthy
2026-07-22T23:00,2026-07-22,2026-07,NSS-LINUX-DB01,Rocky Linux 9,Database Server,32.8,74.95,25.05,58.06,41.94,99.9471,0,Healthy
2026-03-06T08:00,2026-03-06,2026-03,NSS-DC01,Windows Server 2022,Domain Controller,25.09,61.94,38.06,47.91,52.09,99.9884,0,Healthy
2026-06-25T05:00,2026-06-25,2026-06,NSS-MON01,Ubuntu 24.04,Monitoring Server,26.27,45.71,54.29,46.19,53.81,99.8081,0,Healthy
2026-05-30T18:00,2026-05-30,2026-05,NSS-DC01,Windows Server 2022,Domain Controller,45.05,53.88,46.12,62.95,37.05,99.9988,0,Healthy
2026-04-26T11:00,2026-04-26,2026-04,NSS-LINUX-DB01,Rocky Linux 9,Database Server,33.33,82.46,17.54,59.81,40.19,99.9948,0,Warning
2026-01-17T21:00,2026-01-17,2026-01,NSS-DC02,Windows Server 2022,Domain Controller,40.61,41.22,58.78,66.09,33.91,99.779,0,Healthy
2026-03-09T10:00,2026-03-09,2026-03,NSS-DC02,Windows Server 2022,Domain Controller,44.71,67.76,32.24,60.39,39.61,99.9552,0,Healthy
2026-07-11T07:00,2026-07-11,2026-07,NSS-MON01,Ubuntu 24.04,Monitoring Server,46.8,41.64,58.36,60.21,39.79,99.9408,0,Healthy
2026-07-04T01:00,2026-07-04,2026-07,NSS-MON01,Ubuntu 24.04,Monitoring Server,11.26,64.86,35.14,75.91,24.09,99.78,0,Healthy
2026-05-27T15:00,2026-05-27,2026-05,NSS-MON01,Ubuntu 24.04,Monitoring Server,30.19,59.24,40.76,75.6,24.4,99.9965,0,Healthy
2026-03-24T05:00,2026-03-24,2026-03,NSS-FILE01,Windows Server 2022,File Server,44.4,59.62,40.38,59.02,40.98,99.8966,0,Healthy
2026-04-23T08:00,2026-04-23,2026-04,NSS-APP01,Windows Server 2022,Application Server,23.02,48.81,51.19,80.19,19.81,99.9454,0,Warning
2026-06-22T13:00,2026-06-22,2026-06,NSS-LINUX-DB01,Rocky Linux 9,Database Server,32.69,45.53,54.47,63.71,36.29,99.8445,0,Healthy
2026-01-20T18:00,2026-01-20,2026-01,NSS-FILE01,Windows Server 2022,File Server,21.29,68.46,31.54,55.64,44.36,99.832,0,Healthy
2026-04-08T21:00,2026-04-08,2026-04,NSS-DC01,Windows Server 2022,Domain Controller,41.14,49.35,50.65,65.35,34.65,99.9474,0,Healthy
2026-01-05T12:00,2026-01-05,2026-01,NSS-DC01,Windows Server 2022,Domain Controller,46.71,79.88,20.12,36.0,64.0,99.8755,0,Healthy
2026-01-04T19:00,2026-01-04,2026-01,NSS-DC01,Windows Server 2022,Domain Controller,19.98,36.04,63.96,69.04,30.96,99.8649,0,Healthy
2026-03-29T04:00,2026-03-29,2026-03,NSS-APP01,Windows Server 2022,Application Server,29.83,53.48,46.52,65.79,34.21,99.9024,0,Healthy
2026-06-30T08:00,2026-06-30,2026-06,NSS-APP01,Windows Server 2022,Application Server,2.0,44.44,55.56,49.23,50.77,99.7521,0,Healthy
2026-03-28T09:00,2026-03-28,2026-03,NSS-LINUX-APP01,Ubuntu 24.04,Application Server,48.07,56.13,43.87,95.0,5.0,99.7509,1,Critical
2026-03-19T22:00,2026-03-19,2026-03,NSS-LINUX-APP01,Ubuntu 24.04,Application Server,17.8,59.91,40.09,71.37,28.63,99.9175,0,Healthy
2026-01-20T15:00,2026-01-20,2026-01,NSS-FILE01,Windows Server 2022,File Server,31.06,67.62,32.38,70.01,29.99,99.9776,0,Healthy
2026-04-17T23:00,2026-04-17,2026-04,NSS-LINUX-APP01,Ubuntu 24.04,Application Server,34.49,80.73,19.27,48.43,51.57,99.9017,0,Warning
2026-05-17T09:00,2026-05-17,2026-05,NSS-APP01,Windows Server 2022,Application Server,16.3,75.87,24.13,70.95,29.05,99.7584,0,Healthy
2026-05-28T08:00,2026-05-28,2026-05,NSS-DC02,Windows Server 2022,Domain Controller,5.09,85.64,14.36,52.02,47.98,99.7816,0,Warning
2026-02-13T20:00,2026-02-13,2026-02,NSS-DC02,Windows Server 2022,Domain Controller,26.13,45.32,54.68,48.79,51.21,99.8054,0,Healthy
2026-01-18T06:00,2026-01-18,2026-01,NSS-FILE01,Windows Server 2022,File Server,46.43,40.2,59.8,64.35,35.65,99.9326,0,Healthy
2026-07-24T23:00,2026-07-24,2026-07,NSS-LINUX-APP01,Ubuntu 24.04,Application Server,13.8,75.99,24.01,88.15,11.85,99.9318,1,Warning
2026-01-18T16:00,2026-01-18,2026-01,NSS-FILE01,Windows Server 2022,File Server,27.11,35.46,64.54,75.98,24.02,99.751,0,Healthy
2026-04-01T03:00,2026-04-01,2026-04,NSS-LINUX-APP01,Ubuntu 24.04,Application Server,12.45,72.72,27.28,59.39,40.61,99.7668,0,Healthy
2026-07-25T03:00,2026-07-25,2026-07,NSS-DC01,Windows Server 2022,Domain Controller,22.39,53.89,46.11,59.85,40.15,99.7955,0,Healthy
2026-07-02T01:00,2026-07-02,2026-07,NSS-FILE01,Windows Server 2022,File Server,33.02,87.7,12.3,78.03,21.97,99.7524,0,Warning
2026-04-25T23:00,2026-04-25,2026-04,NSS-DC01,Windows Server 2022,Domain Controller,17.83,40.44,59.56,59.97,40.03,99.7538,0,Healthy
2026-03-08T07:00,2026-03-08,2026-03,NSS-DC02,Windows Server 2022,Domain Controller,27.84,48.96,51.04,62.65,37.35,99.8527,0,Healthy
2026-05-12T00:00,2026-05-12,2026-05,NSS-DC01,Windows Server 2022,Domain Controller,17.0,63.82,36.18,79.44,20.56,99.7594,0,Healthy
2026-03-21T20:00,2026-03-21,2026-03,NSS-MON01,Ubuntu 24.04,Monitoring Server,22.75,34.82,65.18,35.07,64.93,99.8142,0,Healthy
2026-02-10T15:00,2026-02-10,2026-02,NSS-LINUX-DB01,Rocky Linux 9,Database Server,16.13,46.63,53.37,61.87,38.13,99.9649,0,Healthy
2026-06-08T00:00,2026-06-08,2026-06,NSS-FILE01,Windows Server 2022,File Server,47.76,53.97,46.03,30.17,69.83,99.9917,0,Healthy
2026-06-02T09:00,2026-06-02,2026-06,NSS-LINUX-DB01,Rocky Linux 9,Database Server,24.74,54.24,45.76,71.58,28.42,99.7569,0,Healthy
2026-02-19T06:00,2026-02-19,2026-02,NSS-DC02,Windows Server 2022,Domain Controller,16.79,54.11,45.89,69.9,30.1,99.8617,0,Healthy
2026-07-16T21:00,2026-07-16,2026-07,NSS-DC01,Windows Server 2022,Domain Controller,33.32,33.08,66.92,71.07,28.93,99.8866,0,Healthy
2026-06-07T16:00,2026-06-07,2026-06,NSS-MON01,Ubuntu 24.04,Monitoring Server,53.84,54.57,45.43,69.81,30.19,99.9355,0,Healthy
2026-05-05T19:00,2026-05-05,2026-05,NSS-APP01,Windows Server 2022,Application Server,31.52,32.55,67.45,66.55,33.45,99.7845,0,Healthy
2026-02-07T15:00,2026-02-07,2026-02,NSS-APP01,Windows Server 2022,Application Server,35.48,67.23,32.77,55.88,44.12,99.8116,0,Healthy
2026-07-19T03:00,2026-07-19,2026-07,NSS-DC01,Windows Server 2022,Domain Controller,46.38,75.77,24.23,42.94,57.06,99.9427,0,Healthy
2026-01-20T05:00,2026-01-20,2026-01,NSS-LINUX-APP01,Ubuntu 24.04,Application Server,29.42,66.34,33.66,62.81,37.19,99.8539,0,Healthy
2026-02-05T18:00,2026-02-05,2026-02,NSS-LINUX-APP01,Ubuntu 24.04,Application Server,4.92,36.34,63.66,46.63,53.37,99.7805,0,Healthy
2026-03-22T04:00,2026-03-22,2026-03,NSS-LINUX-APP01,Ubuntu 24.04,Application Server,36.79,60.36,39.64,55.5,44.5,99.7653,0,Healthy
2026-06-23T09:00,2026-06-23,2026-06,NSS-MON01,Ubuntu 24.04,Monitoring Server,24.98,49.05,50.95,50.61,49.39,99.9796,0,Healthy
2026-05-21T01:00,2026-05-21,2026-05,NSS-LINUX-DB01,Rocky Linux 9,Database Server,32.77,48.4,51.6,49.25,50.75,99.7761,0,Healthy
2026-06-07T01:00,2026-06-07,2026-06,NSS-APP01,Windows Server 2022,Application Server,29.36,14.29,85.71,95.0,5.0,99.8191,1,Critical
2026-07-26T07:00,2026-07-26,2026-07,NSS-APP01,Windows Server 2022,Application Server,37.77,56.23,43.77,45.06,54.94,99.8223,0,Healthy
2026-01-14T02:00,2026-01-14,2026-01,NSS-FILE01,Windows Server 2022,File Server,13.77,64.14,35.86,50.42,49.58,99.8022,0,Healthy
2026-07-12T00:00,2026-07-12,2026-07,NSS-APP01,Windows Server 2022,Application Server,26.62,68.18,31.82,57.69,42.31,99.8582,0,Healthy
2026-01-25T12:00,2026-01-25,2026-01,NSS-APP01,Windows Server 2022,Application Server,9.99,53.25,46.75,62.03,37.97,99.7716,0,Healthy
2026-05-15T08:00,2026-05-15,2026-05,NSS-FILE01,Windows Server 2022,File Server,23.69,57.2,42.8,90.41,9.59,99.8897,1,Critical
2026-02-02T08:00,2026-02-02,2026-02,NSS-LINUX-DB01,Rocky Linux 9,Database Server,12.48,58.16,41.84,41.59,58.41,99.8361,0,Healthy
2026-04-16T02:00,2026-04-16,2026-04,NSS-DC01,Windows Server 2022,Domain Controller,17.74,38.23,61.77,36.29,63.71,99.9822,0,Healthy
2026-01-23T21:00,2026-01-23,2026-01,NSS-DC02,Windows Server 2022,Domain Controller,34.08,62.99,37.01,52.96,47.04,99.9158,0,Healthy
2026-02-21T14:00,2026-02-21,2026-02,NSS-FILE01,Windows Server 2022,File Server,33.64,36.99,63.01,77.97,22.03,99.8323,0,Healthy
2026-01-20T17:00,2026-01-20,2026-01,NSS-LINUX-DB01,Rocky Linux 9,Database Server,29.59,43.61,56.39,51.12,48.88,99.9411,0,Healthy
2026-03-05T08:00,2026-03-05,2026-03,NSS-LINUX-DB01,Rocky Linux 9,Database Server,45.92,59.05,40.95,69.5,30.5,99.7535,0,Healthy
2026-02-15T12:00,2026-02-15,2026-02,NSS-LINUX-APP01,Ubuntu 24.04,Application Server,22.48,36.28,63.72,73.96,26.04,99.8685,0,Healthy
2026-02-11T21:00,2026-02-11,2026-02,NSS-LINUX-DB01,Rocky Linux 9,Database Server,34.43,98.0,2.0,71.71,28.29,99.7568,1,Critical
2026-03-04T13:00,2026-03-04,2026-03,NSS-MON01,Ubuntu 24.04,Monitoring Server,36.8,28.16,71.84,63.6,36.4,99.9645,0,Healthy
2026-06-24T20:00,2026-06-24,2026-06,NSS-FILE01,Windows Server 2022,File Server,31.05,58.66,41.34,63.1,36.9,99.9365,0,Healthy
2026-05-30T18:00,2026-05-30,2026-05,NSS-MON01,Ubuntu 24.04,Monitoring Server,2.0,67.62,32.38,73.39,26.61,99.7636,0,Healthy
2026-03-08T16:00,2026-03-08,2026-03,NSS-APP01,Windows Server 2022,Application Server,30.98,65.14,34.86,66.76,33.24,99.9257,0,Healthy
2026-03-15T14:00,2026-03-15,2026-03,NSS-LINUX-DB01,Rocky Linux 9,Database Server,23.87,42.86,57.14,82.79,17.21,99.7879,0,Warning
2026-04-26T04:00,2026-04-26,2026-04,NSS-LINUX-DB01,Rocky Linux 9,Database Server,8.6,79.32,20.68,66.22,33.78,99.795,0,Healthy
2026-01-18T22:00,2026-01-18,2026-01,NSS-DC02,Windows Server 2022,Domain Controller,12.91,80.38,19.62,60.04,39.96,99.7602,0,Warning
2026-02-25T18:00,2026-02-25,2026-02,NSS-LINUX-APP01,Ubuntu 24.04,Application Server,5.27,63.53,36.47,92.4,7.6,99.9783,1,Critical
2026-06-16T08:00,2026-06-16,2026-06,NSS-MON01,Ubuntu 24.04,Monitoring Server,11.05,46.64,53.36,79.44,20.56,99.831,0,Healthy
2026-05-02T04:00,2026-05-02,2026-05,NSS-LINUX-DB01,Rocky Linux 9,Database Server,21.75,70.02,29.98,46.35,53.65,99.7843,0,Healthy
2026-03-18T20:00,2026-03-18,2026-03,NSS-MON01,Ubuntu 24.04,Monitoring Server,31.2,39.66,60.34,45.76,54.24,99.9177,0,Healthy
2026-03-08T18:00,2026-03-08,2026-03,NSS-FILE01,Windows Server 2022,File Server,43.1,50.58,49.42,59.97,40.03,99.8086,0,Healthy
2026-04-07T18:00,2026-04-07,2026-04,NSS-LINUX-APP01,Ubuntu 24.04,Application Server,36.68,36.04,63.96,63.46,36.54,99.8103,0,Healthy
2026-01-30T04:00,2026-01-30,2026-01,NSS-APP01,Windows Server 2022,Application Server,4.5,53.51,46.49,38.01,61.99,99.9704,0,Healthy
2026-05-02T17:00,2026-05-02,2026-05,NSS-LINUX-APP01,Ubuntu 24.04,Application Server,5.52,48.45,51.55,80.32,19.68,99.8382,0,Warning
2026-02-05T11:00,2026-02-05,2026-02,NSS-DC01,Windows Server 2022,Domain Controller,32.55,30.63,69.37,65.49,34.51,99.9266,0,Healthy
2026-03-08T09:00,2026-03-08,2026-03,NSS-MON01,Ubuntu 24.04,Monitoring Server,17.47,53.65,46.35,55.12,44.88,99.9721,0,Healthy
2026-06-04T15:00,2026-06-04,2026-06,NSS-LINUX-APP01,Ubuntu 24.04,Application Server,27.84,82.88,17.12,61.94,38.06,99.7558,0,Warning
2026-05-29T16:00,2026-05-29,2026-05,NSS-MON01,Ubuntu 24.04,Monitoring Server,16.38,44.07,55.93,47.81,52.19,99.9162,0,Healthy
2026-07-25T11:00,2026-07-25,2026-07,NSS-DC01,Windows Server 2022,Domain Controller,24.67,73.58,26.42,43.64,56.36,99.9345,0,Healthy
2026-07-29T07:00,2026-07-29,2026-07,NSS-MON01,Ubuntu 24.04,Monitoring Server,35.57,55.58,44.42,51.27,48.73,99.8454,0,Healthy
2026-02-19T22:00,2026-02-19,2026-02,NSS-APP01,Windows Server 2022,Application Server,26.18,69.52,30.48,61.54,38.46,99.9889,0,Healthy
2026-03-14T08:00,2026-03-14,2026-03,NSS-MON01,Ubuntu 24.04,Monitoring Server,38.8,61.29,38.71,47.73,52.27,99.7893,0,Healthy
2026-04-17T19:00,2026-04-17,2026-04,NSS-LINUX-APP01,Ubuntu 24.04,Application Server,24.13,42.16,57.84,59.87,40.13,99.8186,0,Healthy
2026-02-09T17:00,2026-02-09,2026-02,NSS-MON01,Ubuntu 24.04,Monitoring Server,30.16,26.62,73.38,63.52,36.48,99.9901,0,Healthy
2026-01-05T21:00,2026-01-05,2026-01,NSS-MON01,Ubuntu 24.04,Monitoring Server,15.44,58.97,41.03,59.32,40.68,99.7749,0,Healthy
2026-06-23T17:00,2026-06-23,2026-06,NSS-LINUX-DB01,Rocky Linux 9,Database Server,17.76,38.48,61.52,75.54,24.46,99.9466,0,Healthy
2026-04-19T09:00,2026-04-19,2026-04,NSS-LINUX-APP01,Ubuntu 24.04,Application Server,27.97,39.71,60.29,67.35,32.65,99.854,0,Healthy
2026-06-04T03:00,2026-06-04,2026-06,NSS-LINUX-APP01,Ubuntu 24.04,Application Server,13.75,36.75,63.25,29.28,70.72,99.9311,0,Healthy
2026-01-21T05:00,2026-01-21,2026-01,NSS-FILE01,Windows Server 2022,File Server,20.93,35.32,64.68,59.26,40.74,99.779,0,Healthy
2026-01-02T06:00,2026-01-02,2026-01,NSS-LINUX-DB01,Rocky Linux 9,Database Server,21.71,56.17,43.83,60.46,39.54,99.9828,0,Healthy
2026-01-04T04:00,2026-01-04,2026-01,NSS-LINUX-DB01,Rocky Linux 9,Database Server,45.68,58.83,41.17,47.22,52.78,99.7873,0,Healthy
2026-07-25T10:00,2026-07-25,2026-07,NSS-DC01,Windows Server 2022,Domain Controller,46.88,72.95,27.05,63.42,36.58,99.9822,0,Healthy
2026-05-24T14:00,2026-05-24,2026-05,NSS-FILE01,Windows Server 2022,File Server,23.55,44.76,55.24,54.3,45.7,99.9954,0,Healthy
2026-07-19T07:00,2026-07-19,2026-07,NSS-APP01,Windows Server 2022,Application Server,28.92,32.3,67.7,68.05,31.95,99.9978,0,Healthy
2026-03-31T08:00,2026-03-31,2026-03,NSS-LINUX-DB01,Rocky Linux 9,Database Server,39.56,50.73,49.27,73.39,26.61,99.9173,0,Healthy
2026-04-14T03:00,2026-04-14,2026-04,NSS-FILE01,Windows Server 2022,File Server,7.7,81.45,18.55,75.87,24.13,99.8644,0,Warning
2026-01-30T23:00,2026-01-30,2026-01,NSS-DC01,Windows Server 2022,Domain Controller,3.62,62.18,37.82,65.45,34.55,99.8148,0,Healthy
2026-04-02T13:00,2026-04-02,2026-04,NSS-DC01,Windows Server 2022,Domain Controller,11.97,66.3,33.7,70.9,29.1,99.9991,0,Healthy
2026-02-14T15:00,2026-02-14,2026-02,NSS-MON01,Ubuntu 24.04,Monitoring Server,20.61,68.07,31.93,59.72,40.28,99.9112,0,Healthy
2026-05-24T12:00,2026-05-24,2026-05,NSS-DC01,Windows Server 2022,Domain Controller,31.86,60.69,39.31,68.21,31.79,99.9134,0,Healthy
2026-01-10T22:00,2026-01-10,2026-01,NSS-LINUX-DB01,Rocky Linux 9,Database Server,37.18,39.68,60.32,75.16,24.84,99.9611,0,Healthy
2026-05-25T00:00,2026-05-25,2026-05,NSS-MON01,Ubuntu 24.04,Monitoring Server,12.03,67.1,32.9,46.29,53.71,99.9736,0,Healthy
2026-05-28T05:00,2026-05-28,2026-05,NSS-FILE01,Windows Server 2022,File Server,11.93,42.39,57.61,35.98,64.02,99.8852,0,Healthy
2026-04-09T01:00,2026-04-09,2026-04,NSS-LINUX-DB01,Rocky Linux 9,Database Server,26.8,40.55,59.45,48.53,51.47,99.9187,0,Healthy
2026-02-18T09:00,2026-02-18,2026-02,NSS-APP01,Windows Server 2022,Application Server,15.39,46.88,53.12,49.92,50.08,99.9801,0,Healthy
2026-06-27T10:00,2026-06-27,2026-06,NSS-LINUX-APP01,Ubuntu 24.04,Application Server,36.26,46.18,53.82,45.32,54.68,99.7606,0,Healthy
2026-07-15T07:00,2026-07-15,2026-07,NSS-MON01,Ubuntu 24.04,Monitoring Server,58.53,68.46,31.54,69.08,30.92,99.8508,0,Healthy
2026-06-02T01:00,2026-06-02,2026-06,NSS-DC02,Windows Server 2022,Domain Controller,20.44,49.7,50.3,38.42,61.58,99.8883,0,Healthy
2026-06-01T08:00,2026-06-01,2026-06,NSS-DC01,Windows Server 2022,Domain Controller,45.13,32.45,67.55,51.81,48.19,99.8423,0,Healthy
2026-04-24T04:00,2026-04-24,2026-04,NSS-MON01,Ubuntu 24.04,Monitoring Server,6.87,66.56,33.44,83.01,16.99,99.8497,0,Warning
2026-06-11T04:00,2026-06-11,2026-06,NSS-FILE01,Windows Server 2022,File Server,24.0,32.84,67.16,48.1,51.9,99.7781,0,Healthy
2026-04-22T21:00,2026-04-22,2026-04,NSS-MON01,Ubuntu 24.04,Monitoring Server,18.82,46.74,53.26,63.23,36.77,99.993,0,Healthy
2026-05-24T01:00,2026-05-24,2026-05,NSS-LINUX-APP01,Ubuntu 24.04,Application Server,10.54,64.57,35.43,56.83,43.17,99.8041,0,Healthy
2026-01-22T19:00,2026-01-22,2026-01,NSS-DC02,Windows Server 2022,Domain Controller,28.44,55.01,44.99,57.75,42.25,99.9143,0,Healthy
2026-06-01T23:00,2026-06-01,2026-06,NSS-FILE01,Windows Server 2022,File Server,31.89,72.73,27.27,56.27,43.73,99.892,0,Healthy
2026-05-26T20:00,2026-05-26,2026-05,NSS-DC02,Windows Server 2022,Domain Controller,17.04,50.48,49.52,74.57,25.43,99.7804,0,Healthy
2026-04-22T23:00,2026-04-22,2026-04,NSS-DC02,Windows Server 2022,Domain Controller,16.27,71.32,28.68,45.61,54.39,99.8602,0,Healthy
2026-04-21T17:00,2026-04-21,2026-04,NSS-MON01,Ubuntu 24.04,Monitoring Server,64.78,57.63,42.37,56.92,43.08,99.8794,0,Healthy
2026-03-02T13:00,2026-03-02,2026-03,NSS-DC01,Windows Server 2022,Domain Controller,2.46,47.72,52.28,47.81,52.19,99.8302,0,Healthy
2026-06-22T02:00,2026-06-22,2026-06,NSS-DC01,Windows Server 2022,Domain Controller,17.72,51.44,48.56,70.77,29.23,99.9195,0,Healthy
2026-06-17T18:00,2026-06-17,2026-06,NSS-DC01,Windows Server 2022,Domain Controller,11.62,66.18,33.82,49.19,50.81,99.8614,0,Healthy
2026-04-11T17:00,2026-04-11,2026-04,NSS-DC01,Windows Server 2022,Domain Controller,28.19,33.76,66.24,66.75,33.25,99.7635,0,Healthy
2026-02-10T00:00,2026-02-10,2026-02,NSS-MON01,Ubuntu 24.04,Monitoring Server,48.01,82.33,17.67,73.34,26.66,99.7928,0,Warning
2026-06-20T23:00,2026-06-20,2026-06,NSS-APP01,Windows Server 2022,Application Server,33.58,49.89,50.11,90.28,9.72,99.7846,1,Critical
2026-04-14T14:00,2026-04-14,2026-04,NSS-LINUX-DB01,Rocky Linux 9,Database Server,36.6,44.95,55.05,43.99,56.01,99.8984,0,Healthy
2026-01-30T16:00,2026-01-30,2026-01,NSS-DC02,Windows Server 2022,Domain Controller,2.0,64.35,35.65,67.18,32.82,99.979,0,Healthy
2026-05-17T21:00,2026-05-17,2026-05,NSS-DC02,Windows Server 2022,Domain Controller,15.43,66.01,33.99,55.58,44.42,99.9324,0,Healthy
2026-04-18T12:00,2026-04-18,2026-04,NSS-FILE01,Windows Server 2022,File Server,19.03,61.0,39.0,54.36,45.64,99.8178,0,Healthy
2026-03-01T05:00,2026-03-01,2026-03,NSS-LINUX-DB01,Rocky Linux 9,Database Server,29.38,46.37,53.63,43.46,56.54,99.9002,0,Healthy
2026-02-12T21:00,2026-02-12,2026-02,NSS-DC01,Windows Server 2022,Domain Controller,21.74,70.0,30.0,49.22,50.78,99.8593,0,Healthy
2026-07-06T00:00,2026-07-06,2026-07,NSS-DC02,Windows Server 2022,Domain Controller,15.54,40.37,59.63,40.92,59.08,99.8616,0,Healthy
2026-07-29T04:00,2026-07-29,2026-07,NSS-DC01,Windows Server 2022,Domain Controller,25.2,73.57,26.43,59.28,40.72,99.8958,0,Healthy
2026-02-23T11:00,2026-02-23,2026-02,NSS-MON01,Ubuntu 24.04,Monitoring Server,14.01,54.41,45.59,59.04,40.96,99.8878,0,Healthy
2026-07-05T01:00,2026-07-05,2026-07,NSS-MON01,Ubuntu 24.04,Monitoring Server,7.95,49.35,50.65,48.46,51.54,99.9788,0,Healthy
2026-01-25T17:00,2026-01-25,2026-01,NSS-LINUX-APP01,Ubuntu 24.04,Application Server,26.61,26.21,73.79,79.04,20.96,99.8375,0,Healthy
2026-04-27T18:00,2026-04-27,2026-04,NSS-LINUX-APP01,Ubuntu 24.04,Application Server,3.16,67.61,32.39,57.57,42.43,99.8569,0,Healthy
2026-04-03T16:00,2026-04-03,2026-04,NSS-LINUX-APP01,Ubuntu 24.04,Application Server,30.78,52.7,47.3,45.68,54.32,99.7882,0,Healthy
2026-04-06T07:00,2026-04-06,2026-04,NSS-APP01,Windows Server 2022,Application Server,2.0,55.13,44.87,53.29,46.71,99.7987,0,Healthy
2026-02-17T11:00,2026-02-17,2026-02,NSS-FILE01,Windows Server 2022,File Server,41.56,58.85,41.15,28.91,71.09,99.8209,0,Healthy
2026-06-27T21:00,2026-06-27,2026-06,NSS-DC01,Windows Server 2022,Domain Controller,17.34,65.81,34.19,39.95,60.05,99.9953,0,Healthy
2026-05-16T13:00,2026-05-16,2026-05,NSS-DC02,Windows Server 2022,Domain Controller,28.5,43.74,56.26,67.66,32.34,99.9978,0,Healthy
2026-01-29T17:00,2026-01-29,2026-01,NSS-DC01,Windows Server 2022,Domain Controller,14.83,62.42,37.58,78.81,21.19,99.8757,0,Healthy
2026-01-31T04:00,2026-01-31,2026-01,NSS-FILE01,Windows Server 2022,File Server,18.48,76.99,23.01,88.53,11.47,99.8099,1,Warning
2026-04-16T01:00,2026-04-16,2026-04,NSS-LINUX-APP01,Ubuntu 24.04,Application Server,33.82,59.42,40.58,91.36,8.64,99.7666,1,Critical
2026-07-20T20:00,2026-07-20,2026-07,NSS-APP01,Windows Server 2022,Application Server,14.56,68.13,31.87,40.56,59.44,99.798,0,Healthy
2026-01-26T09:00,2026-01-26,2026-01,NSS-LINUX-DB01,Rocky Linux 9,Database Server,21.82,70.84,29.16,30.76,69.24,99.7995,0,Healthy
2026-04-01T08:00,2026-04-01,2026-04,NSS-LINUX-DB01,Rocky Linux 9,Database Server,30.42,59.16,40.84,72.01,27.99,99.9151,0,Healthy
2026-06-16T20:00,2026-06-16,2026-06,NSS-MON01,Ubuntu 24.04,Monitoring Server,23.34,59.61,40.39,95.0,5.0,99.7712,1,Critical
2026-07-23T07:00,2026-07-23,2026-07,NSS-DC02,Windows Server 2022,Domain Controller,39.5,48.41,51.59,54.24,45.76,99.8871,0,Healthy
2026-06-23T03:00,2026-06-23,2026-06,NSS-LINUX-APP01,Ubuntu 24.04,Application Server,32.36,29.44,70.56,66.46,33.54,99.8388,0,Healthy
2026-06-20T17:00,2026-06-20,2026-06,NSS-LINUX-APP01,Ubuntu 24.04,Application Server,9.34,49.7,50.3,78.71,21.29,99.7899,0,Healthy
2026-05-05T01:00,2026-05-05,2026-05,NSS-MON01,Ubuntu 24.04,Monitoring Server,16.35,31.15,68.85,46.57,53.43,99.7896,0,Healthy
2026-04-27T06:00,2026-04-27,2026-04,NSS-FILE01,Windows Server 2022,File Server,12.72,47.95,52.05,55.92,44.08,99.7622,0,Healthy
2026-04-02T09:00,2026-04-02,2026-04,NSS-LINUX-APP01,Ubuntu 24.04,Application Server,42.99,66.82,33.18,44.92,55.08,99.8003,0,Healthy
2026-02-06T04:00,2026-02-06,2026-02,NSS-APP01,Windows Server 2022,Application Server,46.58,51.68,48.32,88.9,11.1,99.827,1,Warning
2026-04-15T14:00,2026-04-15,2026-04,NSS-DC01,Windows Server 2022,Domain Controller,2.97,64.43,35.57,51.55,48.45,99.8409,0,Healthy
2026-06-05T19:00,2026-06-05,2026-06,NSS-LINUX-APP01,Ubuntu 24.04,Application Server,36.3,57.63,42.37,49.85,50.15,99.8571,0,Healthy
2026-06-13T15:00,2026-06-13,2026-06,NSS-LINUX-APP01,Ubuntu 24.04,Application Server,38.28,55.57,44.43,64.28,35.72,99.8054,0,Healthy
2026-03-19T06:00,2026-03-19,2026-03,NSS-DC02,Windows Server 2022,Domain Controller,25.08,54.33,45.67,68.92,31.08,99.9166,0,Healthy
2026-07-16T16:00,2026-07-16,2026-07,NSS-MON01,Ubuntu 24.04,Monitoring Server,29.94,49.9,50.1,62.32,37.68,99.935,0,Healthy
2026-01-28T15:00,2026-01-28,2026-01,NSS-APP01,Windows Server 2022,Application Server,30.51,55.88,44.12,74.06,25.94,99.9028,0,Healthy
2026-02-05T21:00,2026-02-05,2026-02,NSS-APP01,Windows Server 2022,Application Server,2.0,57.52,42.48,69.36,30.64,99.7934,0,Healthy
2026-06-04T18:00,2026-06-04,2026-06,NSS-LINUX-DB01,Rocky Linux 9,Database Server,42.66,54.86,45.14,69.83,30.17,99.8456,0,Healthy
2026-04-17T03:00,2026-04-17,2026-04,NSS-DC02,Windows Server 2022,Domain Controller,40.69,58.38,41.62,64.24,35.76,99.8642,0,Healthy
2026-03-05T03:00,2026-03-05,2026-03,NSS-LINUX-DB01,Rocky Linux 9,Database Server,19.78,44.89,55.11,59.65,40.35,99.8825,0,Healthy
2026-01-22T02:00,2026-01-22,2026-01,NSS-APP01,Windows Server 2022,Application Server,27.24,56.02,43.98,73.71,26.29,99.8127,0,Healthy
2026-06-20T14:00,2026-06-20,2026-06,NSS-FILE01,Windows Server 2022,File Server,16.19,68.92,31.08,73.21,26.79,99.7891,0,Healthy
2026-03-18T22:00,2026-03-18,2026-03,NSS-FILE01,Windows Server 2022,File Server,29.66,53.66,46.34,62.43,37.57,99.858,0,Healthy
2026-06-06T15:00,2026-06-06,2026-06,NSS-DC02,Windows Server 2022,Domain Controller,34.38,39.97,60.03,58.39,41.61,99.8336,0,Healthy
2026-04-09T07:00,2026-04-09,2026-04,NSS-DC02,Windows Server 2022,Domain Controller,7.73,57.33,42.67,68.56,31.44,99.9935,0,Healthy
2026-01-22T03:00,2026-01-22,2026-01,NSS-DC02,Windows Server 2022,Domain Controller,42.53,30.46,69.54,63.97,36.03,99.8253,0,Healthy
2026-05-18T12:00,2026-05-18,2026-05,NSS-LINUX-APP01,Ubuntu 24.04,Application Server,35.48,65.97,34.03,42.75,57.25,99.9557,0,Healthy
2026-03-18T20:00,2026-03-18,2026-03,NSS-APP01,Windows Server 2022,Application Server,2.31,61.44,38.56,88.39,11.61,99.8404,1,Warning
2026-07-23T07:00,2026-07-23,2026-07,NSS-LINUX-APP01,Ubuntu 24.04,Application Server,35.6,55.98,44.02,67.03,32.97,99.9016,0,Healthy
2026-07-15T03:00,2026-07-15,2026-07,NSS-MON01,Ubuntu 24.04,Monitoring Server,36.02,29.44,70.56,63.37,36.63,99.8937,0,Healthy
2026-06-17T09:00,2026-06-17,2026-06,NSS-LINUX-APP01,Ubuntu 24.04,Application Server,83.91,30.63,69.37,41.67,58.33,99.8542,0,Warning
2026-03-27T08:00,2026-03-27,2026-03,NSS-DC02,Windows Server 2022,Domain Controller,32.01,67.25,32.75,52.0,48.0,99.8503,0,Healthy
2026-02-28T13:00,2026-02-28,2026-02,NSS-MON01,Ubuntu 24.04,Monitoring Server,20.52,73.67,26.33,70.44,29.56,99.8775,0,Healthy
2026-05-12T07:00,2026-05-12,2026-05,NSS-APP01,Windows Server 2022,Application Server,35.71,60.07,39.93,85.09,14.91,99.8948,1,Warning
2026-06-07T17:00,2026-06-07,2026-06,NSS-APP01,Windows Server 2022,Application Server,20.48,52.98,47.02,65.43,34.57,99.8798,0,Healthy
2026-02-21T14:00,2026-02-21,2026-02,NSS-DC02,Windows Server 2022,Domain Controller,32.39,36.54,63.46,80.58,19.42,99.9968,0,Warning
2026-04-07T11:00,2026-04-07,2026-04,NSS-LINUX-APP01,Ubuntu 24.04,Application Server,27.22,40.23,59.77,71.49,28.51,99.9561,0,Healthy
2026-06-02T16:00,2026-06-02,2026-06,NSS-FILE01,Windows Server 2022,File Server,46.72,70.76,29.24,58.87,41.13,99.9392,0,Healthy
2026-04-25T07:00,2026-04-25,2026-04,NSS-DC02,Windows Server 2022,Domain Controller,11.99,51.47,48.53,80.43,19.57,99.893,0,Warning
2026-03-28T17:00,2026-03-28,2026-03,NSS-APP01,Windows Server 2022,Application Server,61.09,52.03,47.97,54.36,45.64,99.8486,0,Healthy
2026-02-04T22:00,2026-02-04,2026-02,NSS-LINUX-DB01,Rocky Linux 9,Database Server,23.66,39.21,60.79,52.81,47.19,99.8187,0,Healthy
2026-01-28T10:00,2026-01-28,2026-01,NSS-FILE01,Windows Server 2022,File Server,2.0,39.12,60.88,42.74,57.26,99.7649,0,Healthy
2026-02-11T21:00,2026-02-11,2026-02,NSS-LINUX-DB01,Rocky Linux 9,Database Server,49.82,51.16,48.84,52.09,47.91,99.8742,0,Healthy
2026-03-19T10:00,2026-03-19,2026-03,NSS-MON01,Ubuntu 24.04,Monitoring Server,20.79,57.2,42.8,62.88,37.12,99.9744,0,Healthy
2026-03-02T07:00,2026-03-02,2026-03,NSS-LINUX-APP01,Ubuntu 24.04,Application Server,29.02,40.43,59.57,52.09,47.91,99.7576,0,Healthy
2026-04-29T09:00,2026-04-29,2026-04,NSS-LINUX-APP01,Ubuntu 24.04,Application Server,24.7,60.04,39.96,81.07,18.93,99.7914,0,Warning
2026-06-18T01:00,2026-06-18,2026-06,NSS-APP01,Windows Server 2022,Application Server,8.59,25.21,74.79,59.74,40.26,99.8822,0,Healthy
2026-03-25T09:00,2026-03-25,2026-03,NSS-MON01,Ubuntu 24.04,Monitoring Server,21.23,72.92,27.08,76.17,23.83,99.8786,0,Healthy
2026-01-20T07:00,2026-01-20,2026-01,NSS-DC02,Windows Server 2022,Domain Controller,27.98,82.32,17.68,55.01,44.99,99.9334,0,Warning
2026-01-16T14:00,2026-01-16,2026-01,NSS-LINUX-APP01,Ubuntu 24.04,Application Server,19.52,46.28,53.72,82.11,17.89,99.8041,0,Warning
2026-06-02T09:00,2026-06-02,2026-06,NSS-DC02,Windows Server 2022,Domain Controller,27.5,32.95,67.05,74.44,25.56,99.8598,0,Healthy
2026-05-09T19:00,2026-05-09,2026-05,NSS-LINUX-DB01,Rocky Linux 9,Database Server,22.29,72.54,27.46,55.56,44.44,99.9894,0,Healthy
2026-04-15T09:00,2026-04-15,2026-04,NSS-DC01,Windows Server 2022,Domain Controller,42.1,66.28,33.72,54.77,45.23,99.9834,0,Healthy
2026-06-04T06:00,2026-06-04,2026-06,NSS-LINUX-DB01,Rocky Linux 9,Database Server,64.75,52.95,47.05,53.08,46.92,99.7653,0,Healthy
2026-02-24T16:00,2026-02-24,2026-02,NSS-LINUX-APP01,Ubuntu 24.04,Application Server,8.41,58.06,41.94,49.92,50.08,99.8236,0,Healthy
2026-07-27T05:00,2026-07-27,2026-07,NSS-LINUX-APP01,Ubuntu 24.04,Application Server,15.28,36.42,63.58,68.96,31.04,99.8985,0,Healthy
2026-06-05T01:00,2026-06-05,2026-06,NSS-DC01,Windows Server 2022,Domain Controller,22.88,54.25,45.75,95.0,5.0,99.9197,1,Critical
2026-01-12T02:00,2026-01-12,2026-01,NSS-DC01,Windows Server 2022,Domain Controller,29.44,65.32,34.68,45.84,54.16,99.8906,0,Healthy
2026-03-12T01:00,2026-03-12,2026-03,NSS-MON01,Ubuntu 24.04,Monitoring Server,29.58,40.24,59.76,66.14,33.86,99.9712,0,Healthy
2026-02-22T20:00,2026-02-22,2026-02,NSS-FILE01,Windows Server 2022,File Server,29.83,50.07,49.93,64.38,35.62,99.7845,0,Healthy
2026-01-29T17:00,2026-01-29,2026-01,NSS-APP01,Windows Server 2022,Application Server,26.91,62.04,37.96,85.78,14.22,99.9277,1,Warning
2026-01-28T21:00,2026-01-28,2026-01,NSS-MON01,Ubuntu 24.04,Monitoring Server,38.45,21.52,78.48,59.32,40.68,99.9766,0,Healthy
2026-04-18T09:00,2026-04-18,2026-04,NSS-APP01,Windows Server 2022,Application Server,2.0,57.86,42.14,78.75,21.25,99.8545,0,Healthy
2026-01-21T22:00,2026-01-21,2026-01,NSS-MON01,Ubuntu 24.04,Monitoring Server,4.89,30.72,69.28,60.34,39.66,99.9107,0,Healthy
2026-07-29T23:00,2026-07-29,2026-07,NSS-LINUX-DB01,Rocky Linux 9,Database Server,33.1,46.39,53.61,39.91,60.09,99.8281,0,Healthy
2026-03-14T06:00,2026-03-14,2026-03,NSS-LINUX-APP01,Ubuntu 24.04,Application Server,10.87,77.23,22.77,38.23,61.77,99.9609,0,Healthy
2026-05-05T19:00,2026-05-05,2026-05,NSS-DC02,Windows Server 2022,Domain Controller,21.91,16.78,83.22,62.32,37.68,99.7762,0,Healthy
2026-02-28T05:00,2026-02-28,2026-02,NSS-MON01,Ubuntu 24.04,Monitoring Server,55.17,44.75,55.25,69.76,30.24,99.8781,0,Healthy
2026-05-02T02:00,2026-05-02,2026-05,NSS-FILE01,Windows Server 2022,File Server,38.94,75.46,24.54,67.99,32.01,99.8581,0,Healthy
2026-03-24T03:00,2026-03-24,2026-03,NSS-LINUX-APP01,Ubuntu 24.04,Application Server,21.72,30.59,69.41,82.35,17.65,99.8326,0,Warning
2026-06-01T07:00,2026-06-01,2026-06,NSS-FILE01,Windows Server 2022,File Server,32.33,49.25,50.75,51.39,48.61,99.9165,0,Healthy
2026-02-21T11:00,2026-02-21,2026-02,NSS-DC01,Windows Server 2022,Domain Controller,30.64,68.86,31.14,38.92,61.08,99.8077,0,Healthy
2026-03-22T13:00,2026-03-22,2026-03,NSS-MON01,Ubuntu 24.04,Monitoring Server,14.87,31.11,68.89,76.35,23.65,99.751,0,Healthy
2026-04-19T17:00,2026-04-19,2026-04,NSS-LINUX-DB01,Rocky Linux 9,Database Server,11.52,85.58,14.42,47.71,52.29,99.8737,0,Warning
2026-03-01T00:00,2026-03-01,2026-03,NSS-LINUX-APP01,Ubuntu 24.04,Application Server,16.27,40.05,59.95,76.88,23.12,99.9653,0,Healthy
2026-03-26T14:00,2026-03-26,2026-03,NSS-LINUX-APP01,Ubuntu 24.04,Application Server,19.03,72.63,27.37,69.11,30.89,99.8482,0,Healthy
2026-01-28T02:00,2026-01-28,2026-01,NSS-MON01,Ubuntu 24.04,Monitoring Server,38.49,56.78,43.22,60.42,39.58,99.8295,0,Healthy
2026-02-06T21:00,2026-02-06,2026-02,NSS-APP01,Windows Server 2022,Application Server,13.52,71.25,28.75,82.14,17.86,99.8329,0,Warning
2026-07-27T05:00,2026-07-27,2026-07,NSS-FILE01,Windows Server 2022,File Server,9.93,47.48,52.52,82.54,17.46,99.7517,0,Warning
2026-04-23T12:00,2026-04-23,2026-04,NSS-FILE01,Windows Server 2022,File Server,29.72,28.69,71.31,43.82,56.18,99.7832,0,Healthy
2026-03-16T05:00,2026-03-16,2026-03,NSS-LINUX-DB01,Rocky Linux 9,Database Server,32.82,43.4,56.6,67.39,32.61,99.9934,0,Healthy
2026-02-19T13:00,2026-02-19,2026-02,NSS-LINUX-DB01,Rocky Linux 9,Database Server,24.24,66.94,33.06,56.51,43.49,99.9077,0,Healthy
2026-05-07T08:00,2026-05-07,2026-05,NSS-DC02,Windows Server 2022,Domain Controller,25.17,82.6,17.4,61.33,38.67,99.8127,0,Warning
2026-01-21T06:00,2026-01-21,2026-01,NSS-LINUX-DB01,Rocky Linux 9,Database Server,17.36,59.94,40.06,67.65,32.35,99.8687,0,Healthy
2026-02-08T15:00,2026-02-08,2026-02,NSS-LINUX-DB01,Rocky Linux 9,Database Server,15.83,71.24,28.76,45.57,54.43,99.9339,0,Healthy
2026-07-28T04:00,2026-07-28,2026-07,NSS-DC02,Windows Server 2022,Domain Controller,20.68,58.13,41.87,55.74,44.26,99.9688,0,Healthy
2026-03-14T14:00,2026-03-14,2026-03,NSS-MON01,Ubuntu 24.04,Monitoring Server,53.01,51.03,48.97,38.5,61.5,99.8736,0,Healthy
2026-01-18T09:00,2026-01-18,2026-01,NSS-DC01,Windows Server 2022,Domain Controller,22.23,41.95,58.05,37.9,62.1,99.8255,0,Healthy
2026-02-23T03:00,2026-02-23,2026-02,NSS-APP01,Windows Server 2022,Application Server,11.5,58.13,41.87,32.42,67.58,99.8562,0,Healthy
2026-02-08T21:00,2026-02-08,2026-02,NSS-LINUX-APP01,Ubuntu 24.04,Application Server,17.29,69.46,30.54,47.36,52.64,99.8916,0,Healthy
2026-07-27T08:00,2026-07-27,2026-07,NSS-DC01,Windows Server 2022,Domain Controller,16.71,42.13,57.87,66.2,33.8,99.9945,0,Healthy
2026-04-24T05:00,2026-04-24,2026-04,NSS-DC02,Windows Server 2022,Domain Controller,2.0,61.68,38.32,83.14,16.86,99.9392,0,Warning
2026-07-29T18:00,2026-07-29,2026-07,NSS-LINUX-APP01,Ubuntu 24.04,Application Server,31.93,60.9,39.1,52.95,47.05,99.8804,0,Healthy
2026-05-06T02:00,2026-05-06,2026-05,NSS-DC02,Windows Server 2022,Domain Controller,32.87,66.4,33.6,55.65,44.35,99.9521,0,Healthy
2026-05-22T02:00,2026-05-22,2026-05,NSS-MON01,Ubuntu 24.04,Monitoring Server,25.26,69.27,30.73,56.69,43.31,99.7718,0,Healthy
2026-05-14T02:00,2026-05-14,2026-05,NSS-APP01,Windows Server 2022,Application Server,35.9,46.03,53.97,55.14,44.86,99.9765,0,Healthy
2026-03-09T08:00,2026-03-09,2026-03,NSS-LINUX-DB01,Rocky Linux 9,Database Server,30.84,93.11,6.89,73.65,26.35,99.8318,1,Critical
2026-04-30T17:00,2026-04-30,2026-04,NSS-LINUX-DB01,Rocky Linux 9,Database Server,29.8,45.21,54.79,56.84,43.16,99.9319,0,Healthy
2026-04-22T22:00,2026-04-22,2026-04,NSS-DC02,Windows Server 2022,Domain Controller,15.56,47.77,52.23,64.69,35.31,99.9906,0,Healthy
2026-03-05T01:00,2026-03-05,2026-03,NSS-DC01,Windows Server 2022,Domain Controller,24.31,71.09,28.91,67.66,32.34,99.999,0,Healthy
2026-05-23T14:00,2026-05-23,2026-05,NSS-DC01,Windows Server 2022,Domain Controller,26.31,51.0,49.0,64.97,35.03,99.7599,0,Healthy
2026-02-04T23:00,2026-02-04,2026-02,NSS-APP01,Windows Server 2022,Application Server,12.41,67.16,32.84,48.43,51.57,99.8138,0,Healthy
2026-02-22T21:00,2026-02-22,2026-02,NSS-DC01,Windows Server 2022,Domain Controller,29.92,70.26,29.74,57.33,42.67,99.8241,0,Healthy
2026-04-29T00:00,2026-04-29,2026-04,NSS-DC01,Windows Server 2022,Domain Controller,44.57,45.57,54.43,88.31,11.69,99.8192,1,Warning
2026-02-06T22:00,2026-02-06,2026-02,NSS-FILE01,Windows Server 2022,File Server,23.92,47.93,52.07,74.87,25.13,99.9083,0,Healthy
2026-04-17T15:00,2026-04-17,2026-04,NSS-DC01,Windows Server 2022,Domain Controller,31.12,62.18,37.82,52.94,47.06,99.9381,0,Healthy
2026-05-23T00:00,2026-05-23,2026-05,NSS-FILE01,Windows Server 2022,File Server,32.73,41.28,58.72,63.41,36.59,99.9453,0,Healthy
2026-02-09T03:00,2026-02-09,2026-02,NSS-DC01,Windows Server 2022,Domain Controller,2.0,59.24,40.76,69.62,30.38,99.8396,0,Healthy
2026-02-14T11:00,2026-02-14,2026-02,NSS-MON01,Ubuntu 24.04,Monitoring Server,15.42,45.58,54.42,66.38,33.62,99.9291,0,Healthy
2026-06-16T14:00,2026-06-16,2026-06,NSS-MON01,Ubuntu 24.04,Monitoring Server,21.72,35.23,64.77,49.72,50.28,99.784,0,Healthy
2026-01-14T22:00,2026-01-14,2026-01,NSS-DC01,Windows Server 2022,Domain Controller,37.08,49.43,50.57,30.75,69.25,99.8744,0,Healthy
2026-07-07T07:00,2026-07-07,2026-07,NSS-APP01,Windows Server 2022,Application Server,40.5,48.04,51.96,72.72,27.28,99.7762,0,Healthy
2026-06-11T16:00,2026-06-11,2026-06,NSS-APP01,Windows Server 2022,Application Server,41.96,41.98,58.02,74.51,25.49,99.8239,0,Healthy
2026-02-23T17:00,2026-02-23,2026-02,NSS-FILE01,Windows Server 2022,File Server,14.91,44.37,55.63,72.38,27.62,99.9156,0,Healthy
2026-01-04T12:00,2026-01-04,2026-01,NSS-DC02,Windows Server 2022,Domain Controller,30.21,59.88,40.12,75.58,24.42,99.9006,0,Healthy
2026-05-08T19:00,2026-05-08,2026-05,NSS-FILE01,Windows Server 2022,File Server,16.25,78.17,21.83,51.29,48.71,99.9122,0,Healthy
2026-04-30T05:00,2026-04-30,2026-04,NSS-FILE01,Windows Server 2022,File Server,16.18,44.38,55.62,57.06,42.94,99.8079,0,Healthy
2026-02-10T18:00,2026-02-10,2026-02,NSS-LINUX-APP01,Ubuntu 24.04,Application Server,31.59,46.54,53.46,47.27,52.73,99.9856,0,Healthy
2026-05-26T00:00,2026-05-26,2026-05,NSS-APP01,Windows Server 2022,Application Server,44.67,48.93,51.07,86.77,13.23,99.9958,1,Warning
2026-02-27T16:00,2026-02-27,2026-02,NSS-APP01,Windows Server 2022,Application Server,20.69,66.77,33.23,40.31,59.69,99.8857,0,Healthy
2026-03-15T22:00,2026-03-15,2026-03,NSS-DC02,Windows Server 2022,Domain Controller,46.16,56.77,43.23,53.71,46.29,99.8891,0,Healthy
2026-03-30T10:00,2026-03-30,2026-03,NSS-LINUX-DB01,Rocky Linux 9,Database Server,19.68,48.67,51.33,62.23,37.77,99.8244,0,Healthy
2026-05-02T17:00,2026-05-02,2026-05,NSS-LINUX-APP01,Ubuntu 24.04,Application Server,28.01,61.17,38.83,54.85,45.15,99.7724,0,Healthy
2026-03-11T04:00,2026-03-11,2026-03,NSS-LINUX-DB01,Rocky Linux 9,Database Server,51.7,51.79,48.21,66.88,33.12,99.7932,0,Healthy
2026-06-11T18:00,2026-06-11,2026-06,NSS-LINUX-DB01,Rocky Linux 9,Database Server,30.51,46.57,53.43,53.28,46.72,99.85,0,Healthy
2026-03-25T22:00,2026-03-25,2026-03,NSS-APP01,Windows Server 2022,Application Server,7.94,69.49,30.51,52.87,47.13,99.7983,0,Healthy
2026-07-08T14:00,2026-07-08,2026-07,NSS-FILE01,Windows Server 2022,File Server,7.15,34.31,65.69,76.77,23.23,99.9228,0,Healthy
2026-07-06T16:00,2026-07-06,2026-07,NSS-LINUX-APP01,Ubuntu 24.04,Application Server,47.59,48.15,51.85,73.78,26.22,99.8318,0,Healthy
2026-06-27T16:00,2026-06-27,2026-06,NSS-DC01,Windows Server 2022,Domain Controller,15.48,41.5,58.5,51.81,48.19,99.9343,0,Healthy
2026-07-20T11:00,2026-07-20,2026-07,NSS-DC01,Windows Server 2022,Domain Controller,14.98,74.13,25.87,75.01,24.99,99.8514,0,Healthy
2026-05-21T18:00,2026-05-21,2026-05,NSS-DC02,Windows Server 2022,Domain Controller,13.56,46.46,53.54,48.28,51.72,99.7529,0,Healthy
2026-01-05T17:00,2026-01-05,2026-01,NSS-APP01,Windows Server 2022,Application Server,28.26,65.17,34.83,43.71,56.29,99.8547,0,Healthy
2026-07-26T07:00,2026-07-26,2026-07,NSS-DC01,Windows Server 2022,Domain Controller,22.97,68.9,31.1,58.27,41.73,99.9454,0,Healthy
2026-05-12T17:00,2026-05-12,2026-05,NSS-FILE01,Windows Server 2022,File Server,17.19,36.69,63.31,57.54,42.46,99.9736,0,Healthy
2026-04-17T15:00,2026-04-17,2026-04,NSS-FILE01,Windows Server 2022,File Server,41.55,45.97,54.03,39.98,60.02,99.8357,0,Healthy
2026-05-28T19:00,2026-05-28,2026-05,NSS-LINUX-APP01,Ubuntu 24.04,Application Server,55.0,54.2,45.8,59.76,40.24,99.9096,0,Healthy
2026-04-18T08:00,2026-04-18,2026-04,NSS-MON01,Ubuntu 24.04,Monitoring Server,2.0,76.23,23.77,95.0,5.0,99.9876,1,Critical
2026-01-19T03:00,2026-01-19,2026-01,NSS-FILE01,Windows Server 2022,File Server,24.44,42.4,57.6,72.81,27.19,99.9687,0,Healthy
2026-01-06T09:00,2026-01-06,2026-01,NSS-FILE01,Windows Server 2022,File Server,37.46,51.01,48.99,50.88,49.12,99.8163,0,Healthy
2026-06-12T08:00,2026-06-12,2026-06,NSS-LINUX-APP01,Ubuntu 24.04,Application Server,31.92,50.72,49.28,64.21,35.79,99.7549,0,Healthy
2026-05-14T03:00,2026-05-14,2026-05,NSS-LINUX-DB01,Rocky Linux 9,Database Server,21.63,69.42,30.58,53.88,46.12,99.7855,0,Healthy
2026-03-18T08:00,2026-03-18,2026-03,NSS-DC02,Windows Server 2022,Domain Controller,58.24,40.93,59.07,42.42,57.58,99.9467,0,Healthy
2026-04-06T16:00,2026-04-06,2026-04,NSS-DC01,Windows Server 2022,Domain Controller,22.81,51.26,48.74,44.32,55.68,99.9958,0,Healthy
2026-05-13T19:00,2026-05-13,2026-05,NSS-FILE01,Windows Server 2022,File Server,13.64,70.72,29.28,65.32,34.68,99.8603,0,Healthy
2026-02-06T02:00,2026-02-06,2026-02,NSS-LINUX-APP01,Ubuntu 24.04,Application Server,23.51,38.97,61.03,37.02,62.98,99.8863,0,Healthy
2026-06-21T08:00,2026-06-21,2026-06,NSS-FILE01,Windows Server 2022,File Server,27.92,59.85,40.15,55.89,44.11,99.9954,0,Healthy
2026-03-01T15:00,2026-03-01,2026-03,NSS-APP01,Windows Server 2022,Application Server,41.47,75.91,24.09,94.56,5.44,99.8253,1,Critical
2026-07-29T03:00,2026-07-29,2026-07,NSS-LINUX-APP01,Ubuntu 24.04,Application Server,45.36,76.22,23.78,69.59,30.41,99.7921,0,Healthy
2026-04-24T00:00,2026-04-24,2026-04,NSS-FILE01,Windows Server 2022,File Server,14.1,51.46,48.54,48.85,51.15,99.8995,0,Healthy
2026-03-07T09:00,2026-03-07,2026-03,NSS-APP01,Windows Server 2022,Application Server,19.83,46.35,53.65,37.06,62.94,99.9366,0,Healthy
2026-02-02T22:00,2026-02-02,2026-02,NSS-FILE01,Windows Server 2022,File Server,37.11,37.55,62.45,47.31,52.69,99.7939,0,Healthy
2026-07-02T12:00,2026-07-02,2026-07,NSS-DC01,Windows Server 2022,Domain Controller,43.9,56.19,43.81,49.48,50.52,99.8561,0,Healthy
2026-03-17T11:00,2026-03-17,2026-03,NSS-MON01,Ubuntu 24.04,Monitoring Server,38.31,71.43,28.57,55.77,44.23,99.9433,0,Healthy
2026-01-10T07:00,2026-01-10,2026-01,NSS-MON01,Ubuntu 24.04,Monitoring Server,23.34,48.44,51.56,44.63,55.37,99.922,0,Healthy
2026-04-21T13:00,2026-04-21,2026-04,NSS-MON01,Ubuntu 24.04,Monitoring Server,20.99,81.31,18.69,67.16,32.84,99.8663,0,Warning
2026-04-04T22:00,2026-04-04,2026-04,NSS-LINUX-DB01,Rocky Linux 9,Database Server,28.08,41.41,58.59,65.17,34.83,99.9356,0,Healthy
2026-04-06T17:00,2026-04-06,2026-04,NSS-FILE01,Windows Server 2022,File Server,43.65,66.22,33.78,54.9,45.1,99.8966,0,Healthy
2026-05-12T18:00,2026-05-12,2026-05,NSS-APP01,Windows Server 2022,Application Server,68.66,63.21,36.79,64.95,35.05,99.9335,0,Healthy
2026-07-26T14:00,2026-07-26,2026-07,NSS-LINUX-APP01,Ubuntu 24.04,Application Server,5.51,74.44,25.56,78.56,21.44,99.9996,0,Healthy
2026-01-08T21:00,2026-01-08,2026-01,NSS-DC02,Windows Server 2022,Domain Controller,30.22,52.21,47.79,79.72,20.28,99.8021,0,Healthy
2026-05-10T21:00,2026-05-10,2026-05,NSS-FILE01,Windows Server 2022,File Server,18.89,52.35,47.65,62.21,37.79,99.7989,0,Healthy
2026-06-28T19:00,2026-06-28,2026-06,NSS-LINUX-DB01,Rocky Linux 9,Database Server,55.12,65.61,34.39,84.77,15.23,99.7589,0,Warning
2026-05-09T18:00,2026-05-09,2026-05,NSS-MON01,Ubuntu 24.04,Monitoring Server,30.76,43.72,56.28,49.45,50.55,99.8277,0,Healthy
2026-05-10T22:00,2026-05-10,2026-05,NSS-DC02,Windows Server 2022,Domain Controller,14.16,48.29,51.71,63.82,36.18,99.7786,0,Healthy
2026-07-25T13:00,2026-07-25,2026-07,NSS-DC02,Windows Server 2022,Domain Controller,37.26,48.27,51.73,63.0,37.0,99.8227,0,Healthy
2026-03-14T12:00,2026-03-14,2026-03,NSS-DC02,Windows Server 2022,Domain Controller,28.65,82.61,17.39,60.63,39.37,99.8957,0,Warning
2026-03-03T22:00,2026-03-03,2026-03,NSS-APP01,Windows Server 2022,Application Server,29.18,45.04,54.96,72.55,27.45,99.9087,0,Healthy
2026-06-19T17:00,2026-06-19,2026-06,NSS-LINUX-DB01,Rocky Linux 9,Database Server,30.58,63.0,37.0,78.63,21.37,99.9714,0,Healthy
2026-03-24T21:00,2026-03-24,2026-03,NSS-DC01,Windows Server 2022,Domain Controller,34.63,50.73,49.27,55.42,44.58,99.9025,0,Healthy
2026-02-12T01:00,2026-02-12,2026-02,NSS-APP01,Windows Server 2022,Application Server,35.57,49.22,50.78,74.25,25.75,99.7867,0,Healthy
2026-06-20T05:00,2026-06-20,2026-06,NSS-FILE01,Windows Server 2022,File Server,43.06,61.09,38.91,47.99,52.01,99.8886,0,Healthy
2026-07-02T01:00,2026-07-02,2026-07,NSS-MON01,Ubuntu 24.04,Monitoring Server,43.38,58.75,41.25,75.73,24.27,99.8085,0,Healthy
2026-03-06T09:00,2026-03-06,2026-03,NSS-MON01,Ubuntu 24.04,Monitoring Server,50.64,60.08,39.92,38.66,61.34,99.8871,0,Healthy
2026-07-17T18:00,2026-07-17,2026-07,NSS-MON01,Ubuntu 24.04,Monitoring Server,6.46,70.76,29.24,80.95,19.05,99.8402,0,Warning
2026-05-19T12:00,2026-05-19,2026-05,NSS-FILE01,Windows Server 2022,File Server,34.05,69.42,30.58,51.78,48.22,99.8242,0,Healthy
2026-02-25T23:00,2026-02-25,2026-02,NSS-DC02,Windows Server 2022,Domain Controller,32.16,60.53,39.47,95.0,5.0,99.7826,1,Critical
2026-04-11T12:00,2026-04-11,2026-04,NSS-APP01,Windows Server 2022,Application Server,36.78,53.43,46.57,52.2,47.8,99.9182,0,Healthy
2026-05-23T14:00,2026-05-23,2026-05,NSS-LINUX-APP01,Ubuntu 24.04,Application Server,40.03,60.02,39.98,66.73,33.27,99.8202,0,Healthy
2026-02-19T22:00,2026-02-19,2026-02,NSS-DC02,Windows Server 2022,Domain Controller,28.24,47.37,52.63,65.14,34.86,99.8801,0,Healthy
2026-06-16T05:00,2026-06-16,2026-06,NSS-LINUX-APP01,Ubuntu 24.04,Application Server,31.76,76.61,23.39,65.03,34.97,99.9863,0,Healthy
2026-06-23T08:00,2026-06-23,2026-06,NSS-APP01,Windows Server 2022,Application Server,30.27,72.32,27.68,72.91,27.09,99.8034,0,Healthy
2026-02-27T06:00,2026-02-27,2026-02,NSS-APP01,Windows Server 2022,Application Server,13.67,66.65,33.35,74.52,25.48,99.7506,0,Healthy
2026-06-15T09:00,2026-06-15,2026-06,NSS-FILE01,Windows Server 2022,File Server,24.5,44.19,55.81,55.95,44.05,99.9658,0,Healthy
2026-02-27T01:00,2026-02-27,2026-02,NSS-DC01,Windows Server 2022,Domain Controller,62.16,36.74,63.26,74.8,25.2,99.9218,0,Healthy
2026-07-03T17:00,2026-07-03,2026-07,NSS-LINUX-APP01,Ubuntu 24.04,Application Server,19.83,63.95,36.05,54.25,45.75,99.9741,0,Healthy
2026-05-21T00:00,2026-05-21,2026-05,NSS-DC02,Windows Server 2022,Domain Controller,29.94,26.41,73.59,39.25,60.75,99.9925,0,Healthy
2026-05-23T20:00,2026-05-23,2026-05,NSS-DC01,Windows Server 2022,Domain Controller,17.04,47.12,52.88,56.29,43.71,99.9854,0,Healthy
2026-07-17T03:00,2026-07-17,2026-07,NSS-APP01,Windows Server 2022,Application Server,36.99,62.53,37.47,65.91,34.09,99.9871,0,Healthy
2026-02-01T16:00,2026-02-01,2026-02,NSS-LINUX-APP01,Ubuntu 24.04,Application Server,27.9,53.87,46.13,52.59,47.41,99.9677,0,Healthy
2026-04-06T20:00,2026-04-06,2026-04,NSS-LINUX-APP01,Ubuntu 24.04,Application Server,16.3,62.75,37.25,72.13,27.87,99.9369,0,Healthy
2026-05-08T20:00,2026-05-08,2026-05,NSS-APP01,Windows Server 2022,Application Server,46.52,41.32,58.68,81.77,18.23,99.7738,0,Warning
2026-01-07T01:00,2026-01-07,2026-01,NSS-APP01,Windows Server 2022,Application Server,30.32,45.52,54.48,64.56,35.44,99.8038,0,Healthy
2026-01-05T10:00,2026-01-05,2026-01,NSS-MON01,Ubuntu 24.04,Monitoring Server,38.11,27.97,72.03,59.18,40.82,99.8745,0,Healthy
2026-02-23T11:00,2026-02-23,2026-02,NSS-FILE01,Windows Server 2022,File Server,25.03,32.36,67.64,67.55,32.45,99.7918,0,Healthy
2026-02-19T11:00,2026-02-19,2026-02,NSS-FILE01,Windows Server 2022,File Server,29.93,88.5,11.5,53.32,46.68,99.8327,0,Warning
2026-04-02T15:00,2026-04-02,2026-04,NSS-DC01,Windows Server 2022,Domain Controller,2.0,54.66,45.34,44.3,55.7,99.8185,0,Healthy
2026-03-10T16:00,2026-03-10,2026-03,NSS-LINUX-DB01,Rocky Linux 9,Database Server,21.9,51.41,48.59,53.5,46.5,99.7545,0,Healthy
2026-03-28T15:00,2026-03-28,2026-03,NSS-DC02,Windows Server 2022,Domain Controller,27.11,57.11,42.89,57.21,42.79,99.8127,0,Healthy
2026-07-08T16:00,2026-07-08,2026-07,NSS-DC01,Windows Server 2022,Domain Controller,52.6,50.85,49.15,85.49,14.51,99.8465,1,Warning
2026-04-27T16:00,2026-04-27,2026-04,NSS-DC02,Windows Server 2022,Domain Controller,2.0,64.46,35.54,39.58,60.42,99.8281,0,Healthy
2026-07-20T02:00,2026-07-20,2026-07,NSS-FILE01,Windows Server 2022,File Server,14.75,37.72,62.28,62.24,37.76,99.8028,0,Healthy
2026-04-16T16:00,2026-04-16,2026-04,NSS-DC02,Windows Server 2022,Domain Controller,20.19,62.49,37.51,75.67,24.33,99.9405,0,Healthy
2026-04-24T17:00,2026-04-24,2026-04,NSS-FILE01,Windows Server 2022,File Server,18.09,57.75,42.25,66.26,33.74,99.7945,0,Healthy
2026-05-07T09:00,2026-05-07,2026-05,NSS-DC01,Windows Server 2022,Domain Controller,2.0,55.43,44.57,43.57,56.43,99.8241,0,Healthy
2026-04-30T04:00,2026-04-30,2026-04,NSS-LINUX-DB01,Rocky Linux 9,Database Server,26.84,61.86,38.14,76.3,23.7,99.7788,0,Healthy
2026-01-24T14:00,2026-01-24,2026-01,NSS-APP01,Windows Server 2022,Application Server,13.25,60.79,39.21,72.39,27.61,99.9606,0,Healthy
2026-07-08T18:00,2026-07-08,2026-07,NSS-MON01,Ubuntu 24.04,Monitoring Server,33.62,58.48,41.52,56.73,43.27,99.873,0,Healthy
2026-01-31T06:00,2026-01-31,2026-01,NSS-DC02,Windows Server 2022,Domain Controller,8.27,58.1,41.9,74.29,25.71,99.8311,0,Healthy
2026-04-22T13:00,2026-04-22,2026-04,NSS-LINUX-DB01,Rocky Linux 9,Database Server,20.2,57.04,42.96,71.32,28.68,99.808,0,Healthy
2026-01-25T20:00,2026-01-25,2026-01,NSS-FILE01,Windows Server 2022,File Server,22.13,44.45,55.55,65.54,34.46,99.7712,0,Healthy
2026-04-13T06:00,2026-04-13,2026-04,NSS-MON01,Ubuntu 24.04,Monitoring Server,40.86,49.02,50.98,48.33,51.67,99.9386,0,Healthy
2026-02-04T06:00,2026-02-04,2026-02,NSS-LINUX-APP01,Ubuntu 24.04,Application Server,26.6,71.19,28.81,46.61,53.39,99.7805,0,Healthy
2026-05-30T10:00,2026-05-30,2026-05,NSS-FILE01,Windows Server 2022,File Server,33.12,48.5,51.5,53.4,46.6,99.9309,0,Healthy
2026-03-27T12:00,2026-03-27,2026-03,NSS-APP01,Windows Server 2022,Application Server,2.0,62.95,37.05,88.98,11.02,99.7615,1,Warning
2026-05-12T14:00,2026-05-12,2026-05,NSS-DC01,Windows Server 2022,Domain Controller,48.33,55.73,44.27,45.98,54.02,99.9628,0,Healthy
2026-02-08T21:00,2026-02-08,2026-02,NSS-APP01,Windows Server 2022,Application Server,55.48,51.58,48.42,46.23,53.77,99.9645,0,Healthy
2026-02-25T00:00,2026-02-25,2026-02,NSS-MON01,Ubuntu 24.04,Monitoring Server,25.53,64.53,35.47,67.37,32.63,99.9041,0,Healthy
2026-05-29T16:00,2026-05-29,2026-05,NSS-LINUX-DB01,Rocky Linux 9,Database Server,37.11,35.98,64.02,79.86,20.14,99.9744,0,Healthy
2026-01-07T17:00,2026-01-07,2026-01,NSS-LINUX-APP01,Ubuntu 24.04,Application Server,51.18,46.94,53.06,52.3,47.7,99.7811,0,Healthy
2026-01-15T02:00,2026-01-15,2026-01,NSS-LINUX-APP01,Ubuntu 24.04,Application Server,27.52,74.96,25.04,68.66,31.34,99.8633,0,Healthy
2026-03-30T21:00,2026-03-30,2026-03,NSS-APP01,Windows Server 2022,Application Server,2.0,40.57,59.43,42.58,57.42,99.8683,0,Healthy
2026-02-21T09:00,2026-02-21,2026-02,NSS-APP01,Windows Server 2022,Application Server,45.98,56.4,43.6,55.39,44.61,99.7985,0,Healthy
2026-01-07T10:00,2026-01-07,2026-01,NSS-FILE01,Windows Server 2022,File Server,33.08,48.65,51.35,49.36,50.64,99.7905,0,Healthy
2026-01-31T21:00,2026-01-31,2026-01,NSS-DC02,Windows Server 2022,Domain Controller,22.65,72.57,27.43,49.69,50.31,99.9145,0,Healthy
2026-06-23T11:00,2026-06-23,2026-06,NSS-LINUX-DB01,Rocky Linux 9,Database Server,12.77,27.32,72.68,70.02,29.98,99.9885,0,Healthy
2026-01-26T22:00,2026-01-26,2026-01,NSS-MON01,Ubuntu 24.04,Monitoring Server,47.57,62.73,37.27,73.71,26.29,99.921,0,Healthy
2026-03-31T16:00,2026-03-31,2026-03,NSS-FILE01,Windows Server 2022,File Server,21.73,39.08,60.92,51.52,48.48,99.8916,0,Healthy
2026-04-25T06:00,2026-04-25,2026-04,NSS-DC01,Windows Server 2022,Domain Controller,54.09,39.48,60.52,64.1,35.9,99.9854,0,Healthy
2026-03-12T22:00,2026-03-12,2026-03,NSS-APP01,Windows Server 2022,Application Server,46.77,43.89,56.11,85.54,14.46,99.9586,1,Warning
2026-03-02T06:00,2026-03-02,2026-03,NSS-LINUX-DB01,Rocky Linux 9,Database Server,11.45,63.18,36.82,48.7,51.3,99.8729,0,Healthy
2026-07-19T17:00,2026-07-19,2026-07,NSS-LINUX-APP01,Ubuntu 24.04,Application Server,35.64,62.73,37.27,34.08,65.92,99.7536,0,Healthy
2026-03-07T15:00,2026-03-07,2026-03,NSS-DC01,Windows Server 2022,Domain Controller,17.47,60.06,39.94,26.88,73.12,99.9352,0,Healthy
2026-01-28T13:00,2026-01-28,2026-01,NSS-DC01,Windows Server 2022,Domain Controller,4.61,27.81,72.19,57.35,42.65,99.9986,0,Healthy
2026-05-16T19:00,2026-05-16,2026-05,NSS-FILE01,Windows Server 2022,File Server,44.65,41.34,58.66,54.29,45.71,99.9754,0,Healthy
2026-04-17T00:00,2026-04-17,2026-04,NSS-DC02,Windows Server 2022,Domain Controller,10.07,61.23,38.77,69.88,30.12,99.9468,0,Healthy
2026-02-28T08:00,2026-02-28,2026-02,NSS-MON01,Ubuntu 24.04,Monitoring Server,13.17,38.1,61.9,49.7,50.3,99.757,0,Healthy
2026-05-01T07:00,2026-05-01,2026-05,NSS-DC02,Windows Server 2022,Domain Controller,11.42,54.78,45.22,59.69,40.31,99.8255,0,Healthy
2026-02-16T09:00,2026-02-16,2026-02,NSS-APP01,Windows Server 2022,Application Server,29.57,83.82,16.18,68.45,31.55,99.9407,0,Warning
2026-04-21T12:00,2026-04-21,2026-04,NSS-FILE01,Windows Server 2022,File Server,13.75,40.66,59.34,63.3,36.7,99.8663,0,Healthy
2026-01-12T14:00,2026-01-12,2026-01,NSS-DC02,Windows Server 2022,Domain Controller,24.33,80.16,19.84,56.87,43.13,99.9544,0,Warning
2026-06-05T15:00,2026-06-05,2026-06,NSS-FILE01,Windows Server 2022,File Server,31.32,71.3,28.7,62.4,37.6,99.8279,0,Healthy
2026-02-28T16:00,2026-02-28,2026-02,NSS-MON01,Ubuntu 24.04,Monitoring Server,23.04,83.59,16.41,51.85,48.15,99.8636,0,Warning
2026-07-27T21:00,2026-07-27,2026-07,NSS-DC01,Windows Server 2022,Domain Controller,14.22,56.52,43.48,88.55,11.45,99.9875,1,Warning
2026-05-15T12:00,2026-05-15,2026-05,NSS-DC02,Windows Server 2022,Domain Controller,29.01,58.74,41.26,43.76,56.24,99.7788,0,Healthy
2026-06-18T17:00,2026-06-18,2026-06,NSS-DC01,Windows Server 2022,Domain Controller,33.17,61.3,38.7,62.48,37.52,99.9737,0,Healthy
2026-07-13T13:00,2026-07-13,2026-07,NSS-DC01,Windows Server 2022,Domain Controller,28.23,29.84,70.16,42.87,57.13,99.9489,0,Healthy
2026-01-25T03:00,2026-01-25,2026-01,NSS-DC02,Windows Server 2022,Domain Controller,33.92,54.88,45.12,63.2,36.8,99.8655,0,Healthy
2026-03-18T20:00,2026-03-18,2026-03,NSS-DC01,Windows Server 2022,Domain Controller,2.0,56.86,43.14,71.2,28.8,99.8773,0,Healthy
2026-07-12T14:00,2026-07-12,2026-07,NSS-DC02,Windows Server 2022,Domain Controller,44.42,62.4,37.6,74.46,25.54,99.9452,0,Healthy
2026-06-03T07:00,2026-06-03,2026-06,NSS-FILE01,Windows Server 2022,File Server,9.36,65.97,34.03,54.81,45.19,99.7939,0,Healthy
2026-01-15T20:00,2026-01-15,2026-01,NSS-DC02,Windows Server 2022,Domain Controller,18.95,47.02,52.98,77.98,22.02,99.969,0,Healthy
2026-01-09T01:00,2026-01-09,2026-01,NSS-APP01,Windows Server 2022,Application Server,18.18,67.76,32.24,57.46,42.54,99.7575,0,Healthy
2026-07-29T20:00,2026-07-29,2026-07,NSS-LINUX-APP01,Ubuntu 24.04,Application Server,42.09,60.64,39.36,67.58,32.42,99.8682,0,Healthy
2026-02-10T02:00,2026-02-10,2026-02,NSS-FILE01,Windows Server 2022,File Server,31.89,31.73,68.27,50.44,49.56,99.8706,0,Healthy
2026-05-07T23:00,2026-05-07,2026-05,NSS-DC01,Windows Server 2022,Domain Controller,27.19,43.13,56.87,58.61,41.39,99.878,0,Healthy
2026-02-12T14:00,2026-02-12,2026-02,NSS-LINUX-DB01,Rocky Linux 9,Database Server,26.14,61.89,38.11,46.41,53.59,99.9542,0,Healthy
2026-01-29T00:00,2026-01-29,2026-01,NSS-MON01,Ubuntu 24.04,Monitoring Server,29.49,47.02,52.98,72.28,27.72,99.9631,0,Healthy
2026-05-14T21:00,2026-05-14,2026-05,NSS-FILE01,Windows Server 2022,File Server,9.2,52.88,47.12,50.38,49.62,99.8051,0,Healthy
2026-02-14T06:00,2026-02-14,2026-02,NSS-DC02,Windows Server 2022,Domain Controller,13.74,63.07,36.93,85.3,14.7,99.8824,1,Warning
2026-03-10T08:00,2026-03-10,2026-03,NSS-FILE01,Windows Server 2022,File Server,34.69,42.92,57.08,61.82,38.18,99.9514,0,Healthy
2026-02-06T17:00,2026-02-06,2026-02,NSS-FILE01,Windows Server 2022,File Server,49.58,49.86,50.14,57.28,42.72,99.8822,0,Healthy
2026-07-28T06:00,2026-07-28,2026-07,NSS-DC01,Windows Server 2022,Domain Controller,6.09,49.34,50.66,42.58,57.42,99.8101,0,Healthy
2026-07-24T11:00,2026-07-24,2026-07,NSS-LINUX-APP01,Ubuntu 24.04,Application Server,46.0,52.67,47.33,60.62,39.38,99.8441,0,Healthy
2026-05-20T19:00,2026-05-20,2026-05,NSS-LINUX-DB01,Rocky Linux 9,Database Server,28.01,42.6,57.4,67.73,32.27,99.9476,0,Healthy
2026-01-04T18:00,2026-01-04,2026-01,NSS-LINUX-APP01,Ubuntu 24.04,Application Server,31.26,29.39,70.61,54.76,45.24,99.871,0,Healthy
2026-07-08T14:00,2026-07-08,2026-07,NSS-DC02,Windows Server 2022,Domain Controller,14.41,80.46,19.54,48.35,51.65,99.8605,0,Warning
2026-07-27T10:00,2026-07-27,2026-07,NSS-APP01,Windows Server 2022,Application Server,17.37,54.89,45.11,81.52,18.48,99.9842,0,Warning
2026-07-24T00:00,2026-07-24,2026-07,NSS-LINUX-DB01,Rocky Linux 9,Database Server,11.83,71.19,28.81,68.17,31.83,99.9759,0,Healthy
2026-02-21T17:00,2026-02-21,2026-02,NSS-MON01,Ubuntu 24.04,Monitoring Server,57.5,66.22,33.78,74.27,25.73,99.8138,0,Healthy
2026-05-18T20:00,2026-05-18,2026-05,NSS-APP01,Windows Server 2022,Application Server,2.0,68.23,31.77,16.92,83.08,99.9924,0,Healthy
2026-02-20T19:00,2026-02-20,2026-02,NSS-DC01,Windows Server 2022,Domain Controller,36.28,63.55,36.45,62.09,37.91,99.9356,0,Healthy
2026-05-16T21:00,2026-05-16,2026-05,NSS-DC01,Windows Server 2022,Domain Controller,6.24,53.88,46.12,70.41,29.59,99.9442,0,Healthy
2026-01-24T02:00,2026-01-24,2026-01,NSS-LINUX-APP01,Ubuntu 24.04,Application Server,49.27,42.12,57.88,67.46,32.54,99.9799,0,Healthy
2026-07-07T18:00,2026-07-07,2026-07,NSS-FILE01,Windows Server 2022,File Server,58.66,68.54,31.46,72.46,27.54,99.9044,0,Healthy
2026-01-13T13:00,2026-01-13,2026-01,NSS-LINUX-DB01,Rocky Linux 9,Database Server,28.23,79.3,20.7,50.99,49.01,99.9059,0,Healthy
2026-07-10T06:00,2026-07-10,2026-07,NSS-MON01,Ubuntu 24.04,Monitoring Server,43.92,64.77,35.23,54.6,45.4,99.8106,0,Healthy
2026-06-29T04:00,2026-06-29,2026-06,NSS-APP01,Windows Server 2022,Application Server,31.24,64.36,35.64,45.61,54.39,99.9387,0,Healthy
2026-05-11T01:00,2026-05-11,2026-05,NSS-LINUX-APP01,Ubuntu 24.04,Application Server,37.15,46.13,53.87,42.21,57.79,99.9296,0,Healthy
2026-07-09T23:00,2026-07-09,2026-07,NSS-FILE01,Windows Server 2022,File Server,3.14,59.85,40.15,48.44,51.56,99.9775,0,Healthy
2026-05-23T19:00,2026-05-23,2026-05,NSS-LINUX-APP01,Ubuntu 24.04,Application Server,24.35,34.0,66.0,57.02,42.98,99.8557,0,Healthy
2026-04-19T05:00,2026-04-19,2026-04,NSS-DC01,Windows Server 2022,Domain Controller,2.67,40.84,59.16,77.37,22.63,99.9377,0,Healthy
2026-06-19T16:00,2026-06-19,2026-06,NSS-FILE01,Windows Server 2022,File Server,25.39,74.93,25.07,59.23,40.77,99.7553,0,Healthy
2026-02-26T02:00,2026-02-26,2026-02,NSS-FILE01,Windows Server 2022,File Server,2.0,51.54,48.46,87.46,12.54,99.9302,1,Warning
2026-01-16T22:00,2026-01-16,2026-01,NSS-LINUX-DB01,Rocky Linux 9,Database Server,5.58,39.88,60.12,70.29,29.71,99.9701,0,Healthy
2026-06-12T21:00,2026-06-12,2026-06,NSS-LINUX-DB01,Rocky Linux 9,Database Server,19.37,93.02,6.98,69.48,30.52,99.9706,1,Critical
2026-01-25T19:00,2026-01-25,2026-01,NSS-LINUX-DB01,Rocky Linux 9,Database Server,31.27,49.13,50.87,70.7,29.3,99.753,0,Healthy
2026-05-10T22:00,2026-05-10,2026-05,NSS-FILE01,Windows Server 2022,File Server,28.46,40.26,59.74,50.54,49.46,99.8522,0,Healthy
2026-05-09T20:00,2026-05-09,2026-05,NSS-DC01,Windows Server 2022,Domain Controller,40.78,54.07,45.93,64.27,35.73,99.8602,0,Healthy
2026-03-09T20:00,2026-03-09,2026-03,NSS-DC01,Windows Server 2022,Domain Controller,2.84,27.96,72.04,51.13,48.87,99.9626,0,Healthy
2026-07-18T17:00,2026-07-18,2026-07,NSS-LINUX-APP01,Ubuntu 24.04,Application Server,37.48,37.36,62.64,68.65,31.35,99.9131,0,Healthy
2026-06-05T01:00,2026-06-05,2026-06,NSS-DC02,Windows Server 2022,Domain Controller,23.46,81.77,18.23,31.67,68.33,99.9093,0,Warning
2026-03-27T06:00,2026-03-27,2026-03,NSS-DC01,Windows Server 2022,Domain Controller,17.05,50.99,49.01,82.49,17.51,99.9159,0,Warning
2026-02-28T16:00,2026-02-28,2026-02,NSS-MON01,Ubuntu 24.04,Monitoring Server,21.87,57.25,42.75,61.55,38.45,99.9382,0,Healthy
2026-06-03T04:00,2026-06-03,2026-06,NSS-DC02,Windows Server 2022,Domain Controller,33.83,70.57,29.43,40.85,59.15,99.7947,0,Healthy
2026-05-11T03:00,2026-05-11,2026-05,NSS-DC02,Windows Server 2022,Domain Controller,8.19,59.3,40.7,43.95,56.05,99.8941,0,Healthy
2026-03-08T00:00,2026-03-08,2026-03,NSS-DC02,Windows Server 2022,Domain Controller,2.0,72.64,27.36,77.13,22.87,99.908,0,Healthy
2026-07-27T14:00,2026-07-27,2026-07,NSS-MON01,Ubuntu 24.04,Monitoring Server,52.86,64.51,35.49,62.98,37.02,99.8254,0,Healthy
2026-04-11T02:00,2026-04-11,2026-04,NSS-DC01,Windows Server 2022,Domain Controller,28.42,55.79,44.21,77.76,22.24,99.9848,0,Healthy
2026-04-19T21:00,2026-04-19,2026-04,NSS-LINUX-DB01,Rocky Linux 9,Database Server,15.69,30.54,69.46,55.16,44.84,99.8136,0,Healthy
2026-02-01T19:00,2026-02-01,2026-02,NSS-DC01,Windows Server 2022,Domain Controller,29.99,46.74,53.26,67.0,33.0,99.9359,0,Healthy
2026-06-10T07:00,2026-06-10,2026-06,NSS-APP01,Windows Server 2022,Application Server,34.25,56.46,43.54,37.67,62.33,99.8853,0,Healthy
2026-01-12T02:00,2026-01-12,2026-01,NSS-DC02,Windows Server 2022,Domain Controller,16.2,67.84,32.16,49.79,50.21,99.9208,0,Healthy
2026-05-15T08:00,2026-05-15,2026-05,NSS-MON01,Ubuntu 24.04,Monitoring Server,43.01,44.87,55.13,70.54,29.46,99.8643,0,Healthy
2026-02-10T05:00,2026-02-10,2026-02,NSS-DC02,Windows Server 2022,Domain Controller,28.46,75.95,24.05,60.3,39.7,99.9642,0,Healthy
2026-06-02T20:00,2026-06-02,2026-06,NSS-LINUX-DB01,Rocky Linux 9,Database Server,36.4,67.12,32.88,59.89,40.11,99.7666,0,Healthy
2026-02-28T04:00,2026-02-28,2026-02,NSS-LINUX-APP01,Ubuntu 24.04,Application Server,21.34,74.65,25.35,49.58,50.42,99.7764,0,Healthy
2026-04-21T21:00,2026-04-21,2026-04,NSS-LINUX-APP01,Ubuntu 24.04,Application Server,20.46,22.81,77.19,52.68,47.32,99.777,0,Healthy
2026-05-22T09:00,2026-05-22,2026-05,NSS-LINUX-DB01,Rocky Linux 9,Database Server,20.96,81.73,18.27,74.18,25.82,99.7621,0,Warning
2026-04-07T08:00,2026-04-07,2026-04,NSS-DC02,Windows Server 2022,Domain Controller,15.36,53.58,46.42,54.93,45.07,99.9246,0,Healthy
2026-03-25T17:00,2026-03-25,2026-03,NSS-DC01,Windows Server 2022,Domain Controller,6.57,81.92,18.08,56.96,43.04,99.7987,0,Warning
2026-04-28T00:00,2026-04-28,2026-04,NSS-FILE01,Windows Server 2022,File Server,45.1,74.52,25.48,51.36,48.64,99.8845,0,Healthy
2026-02-01T08:00,2026-02-01,2026-02,NSS-LINUX-APP01,Ubuntu 24.04,Application Server,25.91,39.9,60.1,34.2,65.8,99.8038,0,Healthy
2026-03-03T17:00,2026-03-03,2026-03,NSS-FILE01,Windows Server 2022,File Server,49.08,36.72,63.28,72.78,27.22,99.8677,0,Healthy
2026-06-13T06:00,2026-06-13,2026-06,NSS-LINUX-DB01,Rocky Linux 9,Database Server,13.08,35.02,64.98,53.11,46.89,99.8916,0,Healthy
2026-03-08T07:00,2026-03-08,2026-03,NSS-FILE01,Windows Server 2022,File Server,18.26,56.24,43.76,76.29,23.71,99.8781,0,Healthy
2026-02-25T09:00,2026-02-25,2026-02,NSS-DC01,Windows Server 2022,Domain Controller,35.56,43.73,56.27,75.01,24.99,99.9299,0,Healthy
2026-01-08T09:00,2026-01-08,2026-01,NSS-FILE01,Windows Server 2022,File Server,19.22,68.88,31.12,61.93,38.07,99.875,0,Healthy
2026-04-08T06:00,2026-04-08,2026-04,NSS-DC02,Windows Server 2022,Domain Controller,20.63,52.16,47.84,59.34,40.66,99.9019,0,Healthy
2026-02-09T22:00,2026-02-09,2026-02,NSS-LINUX-APP01,Ubuntu 24.04,Application Server,19.24,61.02,38.98,33.41,66.59,99.799,0,Healthy
2026-07-26T11:00,2026-07-26,2026-07,NSS-DC02,Windows Server 2022,Domain Controller,2.18,55.23,44.77,62.42,37.58,99.9974,0,Healthy
2026-03-08T16:00,2026-03-08,2026-03,NSS-LINUX-DB01,Rocky Linux 9,Database Server,2.0,52.0,48.0,75.55,24.45,99.7561,0,Healthy
2026-04-24T23:00,2026-04-24,2026-04,NSS-APP01,Windows Server 2022,Application Server,22.81,55.01,44.99,61.87,38.13,99.8259,0,Healthy
2026-03-26T13:00,2026-03-26,2026-03,NSS-DC01,Windows Server 2022,Domain Controller,15.75,31.69,68.31,43.83,56.17,99.7979,0,Healthy
2026-03-01T23:00,2026-03-01,2026-03,NSS-DC01,Windows Server 2022,Domain Controller,29.26,63.39,36.61,59.94,40.06,99.9102,0,Healthy
2026-06-11T17:00,2026-06-11,2026-06,NSS-DC02,Windows Server 2022,Domain Controller,25.34,69.21,30.79,58.57,41.43,99.7546,0,Healthy
2026-02-18T01:00,2026-02-18,2026-02,NSS-DC01,Windows Server 2022,Domain Controller,8.89,59.59,40.41,89.34,10.66,99.7524,1,Warning
2026-07-18T02:00,2026-07-18,2026-07,NSS-MON01,Ubuntu 24.04,Monitoring Server,42.03,63.35,36.65,81.61,18.39,99.8278,0,Warning
2026-05-13T03:00,2026-05-13,2026-05,NSS-FILE01,Windows Server 2022,File Server,28.28,54.48,45.52,67.18,32.82,99.981,0,Healthy
2026-03-26T14:00,2026-03-26,2026-03,NSS-FILE01,Windows Server 2022,File Server,26.65,43.29,56.71,65.0,35.0,99.8027,0,Healthy
2026-06-17T12:00,2026-06-17,2026-06,NSS-APP01,Windows Server 2022,Application Server,16.21,54.83,45.17,55.83,44.17,99.9913,0,Healthy
2026-01-19T18:00,2026-01-19,2026-01,NSS-APP01,Windows Server 2022,Application Server,16.97,58.52,41.48,66.27,33.73,99.9745,0,Healthy
2026-03-27T18:00,2026-03-27,2026-03,NSS-MON01,Ubuntu 24.04,Monitoring Server,2.0,57.62,42.38,62.47,37.53,99.8286,0,Healthy
2026-02-14T22:00,2026-02-14,2026-02,NSS-FILE01,Windows Server 2022,File Server,2.0,54.89,45.11,61.73,38.27,99.9864,0,Healthy
2026-02-16T02:00,2026-02-16,2026-02,NSS-FILE01,Windows Server 2022,File Server,4.03,60.7,39.3,77.23,22.77,99.7798,0,Healthy
2026-07-11T18:00,2026-07-11,2026-07,NSS-MON01,Ubuntu 24.04,Monitoring Server,6.88,66.04,33.96,84.93,15.07,99.7977,0,Warning
2026-02-26T22:00,2026-02-26,2026-02,NSS-APP01,Windows Server 2022,Application Server,42.36,81.65,18.35,68.31,31.69,99.8909,0,Warning
2026-03-24T16:00,2026-03-24,2026-03,NSS-MON01,Ubuntu 24.04,Monitoring Server,45.38,81.71,18.29,44.82,55.18,99.8756,0,Warning
2026-03-28T11:00,2026-03-28,2026-03,NSS-DC02,Windows Server 2022,Domain Controller,20.23,68.78,31.22,42.89,57.11,99.7827,0,Healthy
2026-04-15T07:00,2026-04-15,2026-04,NSS-DC01,Windows Server 2022,Domain Controller,2.0,65.69,34.31,64.0,36.0,99.8814,0,Healthy
2026-01-11T22:00,2026-01-11,2026-01,NSS-LINUX-APP01,Ubuntu 24.04,Application Server,19.05,51.9,48.1,55.69,44.31,99.7631,0,Healthy
2026-03-24T18:00,2026-03-24,2026-03,NSS-APP01,Windows Server 2022,Application Server,26.64,65.79,34.21,58.14,41.86,99.855,0,Healthy
2026-04-19T04:00,2026-04-19,2026-04,NSS-APP01,Windows Server 2022,Application Server,29.23,49.26,50.74,56.92,43.08,99.9694,0,Healthy
2026-05-28T18:00,2026-05-28,2026-05,NSS-DC01,Windows Server 2022,Domain Controller,29.09,42.67,57.33,54.96,45.04,99.816,0,Healthy
2026-01-09T22:00,2026-01-09,2026-01,NSS-FILE01,Windows Server 2022,File Server,41.95,53.2,46.8,95.0,5.0,99.9219,1,Critical
2026-01-27T18:00,2026-01-27,2026-01,NSS-FILE01,Windows Server 2022,File Server,27.49,19.22,80.78,51.48,48.52,99.8466,0,Healthy
2026-01-31T09:00,2026-01-31,2026-01,NSS-FILE01,Windows Server 2022,File Server,12.57,57.0,43.0,57.61,42.39,99.9761,0,Healthy
2026-07-01T14:00,2026-07-01,2026-07,NSS-DC01,Windows Server 2022,Domain Controller,35.22,50.88,49.12,64.01,35.99,99.9705,0,Healthy
2026-05-18T21:00,2026-05-18,2026-05,NSS-FILE01,Windows Server 2022,File Server,59.81,44.22,55.78,56.78,43.22,99.9987,0,Healthy
2026-02-23T04:00,2026-02-23,2026-02,NSS-FILE01,Windows Server 2022,File Server,28.48,30.66,69.34,75.77,24.23,99.9043,0,Healthy
2026-05-27T14:00,2026-05-27,2026-05,NSS-FILE01,Windows Server 2022,File Server,28.18,62.1,37.9,72.2,27.8,99.8585,0,Healthy
2026-04-08T12:00,2026-04-08,2026-04,NSS-FILE01,Windows Server 2022,File Server,33.76,81.87,18.13,47.38,52.62,99.9928,0,Warning
2026-07-07T07:00,2026-07-07,2026-07,NSS-DC01,Windows Server 2022,Domain Controller,34.24,63.49,36.51,60.27,39.73,99.7663,0,Healthy
2026-04-03T23:00,2026-04-03,2026-04,NSS-LINUX-APP01,Ubuntu 24.04,Application Server,22.15,62.38,37.62,62.94,37.06,99.9165,0,Healthy
2026-06-02T12:00,2026-06-02,2026-06,NSS-MON01,Ubuntu 24.04,Monitoring Server,25.75,42.78,57.22,50.48,49.52,99.8879,0,Healthy
2026-04-20T05:00,2026-04-20,2026-04,NSS-MON01,Ubuntu 24.04,Monitoring Server,13.38,52.23,47.77,87.17,12.83,99.8699,1,Warning
2026-01-03T17:00,2026-01-03,2026-01,NSS-MON01,Ubuntu 24.04,Monitoring Server,18.0,33.54,66.46,61.96,38.04,99.8207,0,Healthy
2026-04-11T21:00,2026-04-11,2026-04,NSS-DC01,Windows Server 2022,Domain Controller,35.98,37.52,62.48,60.91,39.09,99.8122,0,Healthy
2026-03-21T22:00,2026-03-21,2026-03,NSS-APP01,Windows Server 2022,Application Server,67.03,73.39,26.61,85.77,14.23,99.9352,1,Warning
2026-01-29T16:00,2026-01-29,2026-01,NSS-LINUX-DB01,Rocky Linux 9,Database Server,23.63,49.9,50.1,18.67,81.33,99.7671,0,Healthy
2026-03-18T17:00,2026-03-18,2026-03,NSS-MON01,Ubuntu 24.04,Monitoring Server,18.85,58.4,41.6,47.93,52.07,99.7525,0,Healthy
2026-02-10T01:00,2026-02-10,2026-02,NSS-APP01,Windows Server 2022,Application Server,23.37,83.71,16.29,92.01,7.99,99.9076,1,Critical
2026-02-03T08:00,2026-02-03,2026-02,NSS-LINUX-APP01,Ubuntu 24.04,Application Server,31.43,46.92,53.08,67.13,32.87,99.9275,0,Healthy
2026-05-07T14:00,2026-05-07,2026-05,NSS-LINUX-DB01,Rocky Linux 9,Database Server,49.2,78.11,21.89,73.55,26.45,99.7583,0,Healthy
2026-06-15T03:00,2026-06-15,2026-06,NSS-LINUX-APP01,Ubuntu 24.04,Application Server,26.88,60.67,39.33,45.01,54.99,99.8537,0,Healthy
2026-05-17T14:00,2026-05-17,2026-05,NSS-LINUX-DB01,Rocky Linux 9,Database Server,32.81,35.22,64.78,88.31,11.69,99.8844,1,Warning
2026-07-19T04:00,2026-07-19,2026-07,NSS-DC02,Windows Server 2022,Domain Controller,40.76,62.36,37.64,65.39,34.61,99.98,0,Healthy
2026-07-14T15:00,2026-07-14,2026-07,NSS-APP01,Windows Server 2022,Application Server,16.96,36.72,63.28,67.78,32.22,99.9621,0,Healthy
2026-02-05T02:00,2026-02-05,2026-02,NSS-FILE01,Windows Server 2022,File Server,13.86,44.82,55.18,42.04,57.96,99.8535,0,Healthy
2026-05-16T04:00,2026-05-16,2026-05,NSS-LINUX-DB01,Rocky Linux 9,Database Server,35.8,56.44,43.56,70.53,29.47,99.7636,0,Healthy
2026-03-17T01:00,2026-03-17,2026-03,NSS-DC02,Windows Server 2022,Domain Controller,33.64,54.55,45.45,54.89,45.11,99.7993,0,Healthy
2026-05-04T18:00,2026-05-04,2026-05,NSS-APP01,Windows Server 2022,Application Server,10.52,75.68,24.32,49.76,50.24,99.8743,0,Healthy
2026-03-06T15:00,2026-03-06,2026-03,NSS-FILE01,Windows Server 2022,File Server,53.72,52.0,48.0,55.78,44.22,99.9845,0,Healthy
2026-01-09T09:00,2026-01-09,2026-01,NSS-DC01,Windows Server 2022,Domain Controller,37.56,47.69,52.31,61.69,38.31,99.9956,0,Healthy
2026-03-04T19:00,2026-03-04,2026-03,NSS-DC02,Windows Server 2022,Domain Controller,21.69,57.09,42.91,57.41,42.59,99.7677,0,Healthy
2026-07-30T00:00,2026-07-30,2026-07,NSS-FILE01,Windows Server 2022,File Server,2.0,70.71,29.29,58.91,41.09,99.871,0,Healthy
2026-03-31T08:00,2026-03-31,2026-03,NSS-DC01,Windows Server 2022,Domain Controller,46.15,47.85,52.15,67.66,32.34,99.9407,0,Healthy
2026-03-17T00:00,2026-03-17,2026-03,NSS-LINUX-APP01,Ubuntu 24.04,Application Server,23.2,66.5,33.5,51.53,48.47,99.841,0,Healthy
2026-06-23T14:00,2026-06-23,2026-06,NSS-MON01,Ubuntu 24.04,Monitoring Server,33.27,64.25,35.75,53.65,46.35,99.941,0,Healthy
2026-07-26T04:00,2026-07-26,2026-07,NSS-FILE01,Windows Server 2022,File Server,2.77,37.29,62.71,54.72,45.28,99.91,0,Healthy
2026-07-29T02:00,2026-07-29,2026-07,NSS-LINUX-DB01,Rocky Linux 9,Database Server,26.3,36.36,63.64,55.66,44.34,99.7833,0,Healthy
2026-02-18T01:00,2026-02-18,2026-02,NSS-DC01,Windows Server 2022,Domain Controller,28.26,67.91,32.09,48.07,51.93,99.8654,0,Healthy
2026-07-14T07:00,2026-07-14,2026-07,NSS-LINUX-DB01,Rocky Linux 9,Database Server,57.93,26.29,73.71,76.7,23.3,99.855,0,Healthy
2026-02-19T02:00,2026-02-19,2026-02,NSS-LINUX-DB01,Rocky Linux 9,Database Server,34.39,45.21,54.79,62.1,37.9,99.8423,0,Healthy
2026-06-10T22:00,2026-06-10,2026-06,NSS-DC01,Windows Server 2022,Domain Controller,20.77,39.15,60.85,75.64,24.36,99.8724,0,Healthy
2026-05-09T09:00,2026-05-09,2026-05,NSS-FILE01,Windows Server 2022,File Server,31.23,51.89,48.11,56.56,43.44,99.8213,0,Healthy
2026-06-03T21:00,2026-06-03,2026-06,NSS-LINUX-DB01,Rocky Linux 9,Database Server,47.34,52.68,47.32,66.36,33.64,99.962,0,Healthy
2026-04-19T21:00,2026-04-19,2026-04,NSS-DC01,Windows Server 2022,Domain Controller,38.61,46.29,53.71,68.66,31.34,99.7799,0,Healthy
2026-01-30T09:00,2026-01-30,2026-01,NSS-APP01,Windows Server 2022,Application Server,12.66,54.74,45.26,69.64,30.36,99.8704,0,Healthy
2026-01-05T19:00,2026-01-05,2026-01,NSS-DC01,Windows Server 2022,Domain Controller,3.38,60.01,39.99,94.1,5.9,99.9513,1,Critical
2026-06-22T13:00,2026-06-22,2026-06,NSS-LINUX-APP01,Ubuntu 24.04,Application Server,22.52,60.29,39.71,71.7,28.3,99.9211,0,Healthy
2026-03-18T07:00,2026-03-18,2026-03,NSS-LINUX-DB01,Rocky Linux 9,Database Server,24.39,56.71,43.29,75.51,24.49,99.7965,0,Healthy
2026-02-15T22:00,2026-02-15,2026-02,NSS-DC01,Windows Server 2022,Domain Controller,55.67,50.78,49.22,64.29,35.71,99.9596,0,Healthy
2026-07-01T02:00,2026-07-01,2026-07,NSS-DC01,Windows Server 2022,Domain Controller,27.47,47.17,52.83,60.76,39.24,99.7923,0,Healthy
2026-03-21T13:00,2026-03-21,2026-03,NSS-FILE01,Windows Server 2022,File Server,2.0,50.06,49.94,51.42,48.58,99.7901,0,Healthy
2026-01-10T14:00,2026-01-10,2026-01,NSS-FILE01,Windows Server 2022,File Server,32.23,49.55,50.45,78.7,21.3,99.9511,0,Healthy
2026-04-04T05:00,2026-04-04,2026-04,NSS-DC01,Windows Server 2022,Domain Controller,21.36,82.88,17.12,71.72,28.28,99.7996,0,Warning
2026-06-09T06:00,2026-06-09,2026-06,NSS-LINUX-DB01,Rocky Linux 9,Database Server,18.61,63.29,36.71,89.84,10.16,99.808,1,Warning
2026-01-05T00:00,2026-01-05,2026-01,NSS-FILE01,Windows Server 2022,File Server,36.54,47.9,52.1,56.27,43.73,99.9615,0,Healthy
2026-04-18T17:00,2026-04-18,2026-04,NSS-APP01,Windows Server 2022,Application Server,15.65,66.05,33.95,77.56,22.44,99.9735,0,Healthy
2026-04-07T14:00,2026-04-07,2026-04,NSS-DC02,Windows Server 2022,Domain Controller,28.64,55.68,44.32,40.15,59.85,99.9308,0,Healthy
2026-06-26T11:00,2026-06-26,2026-06,NSS-MON01,Ubuntu 24.04,Monitoring Server,12.56,10.9,89.1,64.66,35.34,99.9167,0,Healthy
2026-01-01T11:00,2026-01-01,2026-01,NSS-DC01,Windows Server 2022,Domain Controller,15.62,58.54,41.46,47.79,52.21,99.774,0,Healthy
2026-06-29T23:00,2026-06-29,2026-06,NSS-MON01,Ubuntu 24.04,Monitoring Server,41.47,61.12,38.88,53.26,46.74,99.9386,0,Healthy
2026-07-06T09:00,2026-07-06,2026-07,NSS-APP01,Windows Server 2022,Application Server,38.59,33.32,66.68,42.53,57.47,99.9033,0,Healthy
2026-06-13T13:00,2026-06-13,2026-06,NSS-DC01,Windows Server 2022,Domain Controller,32.84,65.89,34.11,43.03,56.97,99.7668,0,Healthy
2026-06-05T07:00,2026-06-05,2026-06,NSS-DC02,Windows Server 2022,Domain Controller,36.25,54.92,45.08,45.01,54.99,99.9627,0,Healthy
2026-05-27T10:00,2026-05-27,2026-05,NSS-DC01,Windows Server 2022,Domain Controller,23.97,64.13,35.87,89.04,10.96,99.7724,1,Warning
2026-07-02T09:00,2026-07-02,2026-07,NSS-DC01,Windows Server 2022,Domain Controller,36.91,43.2,56.8,52.54,47.46,99.9036,0,Healthy
2026-03-11T13:00,2026-03-11,2026-03,NSS-MON01,Ubuntu 24.04,Monitoring Server,11.08,29.43,70.57,67.16,32.84,99.8157,0,Healthy
2026-02-17T21:00,2026-02-17,2026-02,NSS-FILE01,Windows Server 2022,File Server,28.51,44.43,55.57,52.51,47.49,99.8106,0,Healthy
2026-07-02T00:00,2026-07-02,2026-07,NSS-APP01,Windows Server 2022,Application Server,36.61,49.1,50.9,55.92,44.08,99.8644,0,Healthy
2026-06-18T23:00,2026-06-18,2026-06,NSS-APP01,Windows Server 2022,Application Server,11.27,39.97,60.03,83.35,16.65,99.8605,0,Warning
2026-07-03T17:00,2026-07-03,2026-07,NSS-FILE01,Windows Server 2022,File Server,30.33,43.35,56.65,53.33,46.67,99.9599,0,Healthy
2026-07-07T15:00,2026-07-07,2026-07,NSS-LINUX-APP01,Ubuntu 24.04,Application Server,7.65,98.0,2.0,29.43,70.57,99.913,1,Critical
2026-03-08T09:00,2026-03-08,2026-03,NSS-FILE01,Windows Server 2022,File Server,61.18,54.31,45.69,58.06,41.94,99.8949,0,Healthy
2026-02-02T20:00,2026-02-02,2026-02,NSS-DC01,Windows Server 2022,Domain Controller,20.04,46.51,53.49,46.41,53.59,99.9126,0,Healthy
2026-01-19T01:00,2026-01-19,2026-01,NSS-DC01,Windows Server 2022,Domain Controller,25.94,61.53,38.47,79.93,20.07,99.9621,0,Healthy
2026-06-19T13:00,2026-06-19,2026-06,NSS-FILE01,Windows Server 2022,File Server,36.55,61.3,38.7,58.29,41.71,99.7668,0,Healthy
2026-02-26T16:00,2026-02-26,2026-02,NSS-LINUX-APP01,Ubuntu 24.04,Application Server,41.55,40.06,59.94,81.76,18.24,99.8078,0,Warning
2026-04-10T10:00,2026-04-10,2026-04,NSS-FILE01,Windows Server 2022,File Server,28.85,61.15,38.85,46.13,53.87,99.9441,0,Healthy
2026-05-02T18:00,2026-05-02,2026-05,NSS-LINUX-APP01,Ubuntu 24.04,Application Server,14.59,40.64,59.36,37.17,62.83,99.8081,0,Healthy
2026-02-22T10:00,2026-02-22,2026-02,NSS-DC02,Windows Server 2022,Domain Controller,15.48,63.34,36.66,58.25,41.75,99.8184,0,Healthy
2026-01-09T13:00,2026-01-09,2026-01,NSS-FILE01,Windows Server 2022,File Server,36.32,47.25,52.75,51.26,48.74,99.7567,0,Healthy
2026-05-15T07:00,2026-05-15,2026-05,NSS-MON01,Ubuntu 24.04,Monitoring Server,4.21,49.55,50.45,53.11,46.89,99.8429,0,Healthy
2026-04-11T04:00,2026-04-11,2026-04,NSS-DC01,Windows Server 2022,Domain Controller,27.99,49.01,50.99,65.4,34.6,99.8674,0,Healthy
2026-03-18T10:00,2026-03-18,2026-03,NSS-DC01,Windows Server 2022,Domain Controller,39.86,80.8,19.2,43.68,56.32,99.7552,0,Warning
2026-02-28T01:00,2026-02-28,2026-02,NSS-APP01,Windows Server 2022,Application Server,26.55,38.57,61.43,84.3,15.7,99.8636,0,Warning
2026-04-15T00:00,2026-04-15,2026-04,NSS-DC01,Windows Server 2022,Domain Controller,16.19,69.79,30.21,67.57,32.43,99.7998,0,Healthy
2026-02-13T07:00,2026-02-13,2026-02,NSS-APP01,Windows Server 2022,Application Server,21.14,69.9,30.1,77.35,22.65,99.8447,0,Healthy
2026-01-12T13:00,2026-01-12,2026-01,NSS-LINUX-DB01,Rocky Linux 9,Database Server,44.99,86.92,13.08,61.68,38.32,99.9227,0,Warning
2026-03-27T01:00,2026-03-27,2026-03,NSS-DC01,Windows Server 2022,Domain Controller,15.03,22.32,77.68,60.03,39.97,99.8025,0,Healthy
2026-07-01T22:00,2026-07-01,2026-07,NSS-MON01,Ubuntu 24.04,Monitoring Server,26.21,71.26,28.74,66.93,33.07,99.8094,0,Healthy
2026-04-21T07:00,2026-04-21,2026-04,NSS-DC01,Windows Server 2022,Domain Controller,29.19,33.97,66.03,58.9,41.1,99.7932,0,Healthy
2026-01-20T06:00,2026-01-20,2026-01,NSS-DC02,Windows Server 2022,Domain Controller,43.31,49.48,50.52,67.28,32.72,99.7784,0,Healthy
2026-06-29T22:00,2026-06-29,2026-06,NSS-LINUX-DB01,Rocky Linux 9,Database Server,17.48,54.58,45.42,57.8,42.2,99.8064,0,Healthy
2026-03-17T01:00,2026-03-17,2026-03,NSS-LINUX-DB01,Rocky Linux 9,Database Server,10.23,85.29,14.71,56.26,43.74,99.9523,0,Warning
2026-06-13T12:00,2026-06-13,2026-06,NSS-DC01,Windows Server 2022,Domain Controller,32.91,30.8,69.2,55.1,44.9,99.7815,0,Healthy
2026-02-17T04:00,2026-02-17,2026-02,NSS-FILE01,Windows Server 2022,File Server,3.57,56.95,43.05,56.58,43.42,99.8405,0,Healthy
2026-02-26T16:00,2026-02-26,2026-02,NSS-DC01,Windows Server 2022,Domain Controller,18.68,45.83,54.17,56.76,43.24,99.7879,0,Healthy
2026-03-28T18:00,2026-03-28,2026-03,NSS-FILE01,Windows Server 2022,File Server,47.34,64.01,35.99,86.98,13.02,99.8606,1,Warning
2026-07-21T21:00,2026-07-21,2026-07,NSS-LINUX-DB01,Rocky Linux 9,Database Server,16.54,42.37,57.63,36.22,63.78,99.8851,0,Healthy
2026-01-13T12:00,2026-01-13,2026-01,NSS-MON01,Ubuntu 24.04,Monitoring Server,26.29,49.56,50.44,59.35,40.65,99.8763,0,Healthy
2026-01-14T02:00,2026-01-14,2026-01,NSS-APP01,Windows Server 2022,Application Server,36.36,79.42,20.58,50.13,49.87,99.9813,0,Healthy
2026-04-01T01:00,2026-04-01,2026-04,NSS-APP01,Windows Server 2022,Application Server,16.66,34.16,65.84,64.15,35.85,99.9518,0,Healthy
2026-06-18T07:00,2026-06-18,2026-06,NSS-DC01,Windows Server 2022,Domain Controller,34.39,71.83,28.17,77.18,22.82,99.8296,0,Healthy
2026-04-29T10:00,2026-04-29,2026-04,NSS-DC01,Windows Server 2022,Domain Controller,21.99,49.95,50.05,73.49,26.51,99.9778,0,Healthy
2026-05-31T12:00,2026-05-31,2026-05,NSS-DC01,Windows Server 2022,Domain Controller,16.97,42.66,57.34,54.44,45.56,99.9631,0,Healthy
2026-01-25T21:00,2026-01-25,2026-01,NSS-APP01,Windows Server 2022,Application Server,31.0,68.12,31.88,54.69,45.31,99.9779,0,Healthy
2026-02-04T23:00,2026-02-04,2026-02,NSS-FILE01,Windows Server 2022,File Server,47.15,51.3,48.7,58.73,41.27,99.8052,0,Healthy
2026-06-21T05:00,2026-06-21,2026-06,NSS-FILE01,Windows Server 2022,File Server,21.47,88.2,11.8,61.66,38.34,99.7844,0,Warning
2026-07-21T22:00,2026-07-21,2026-07,NSS-DC01,Windows Server 2022,Domain Controller,5.48,80.08,19.92,45.33,54.67,99.7529,0,Warning
2026-06-04T18:00,2026-06-04,2026-06,NSS-DC01,Windows Server 2022,Domain Controller,29.74,52.44,47.56,49.51,50.49,99.7638,0,Healthy
2026-02-17T07:00,2026-02-17,2026-02,NSS-DC01,Windows Server 2022,Domain Controller,45.14,9.21,90.79,33.71,66.29,99.8938,0,Healthy
2026-06-04T14:00,2026-06-04,2026-06,NSS-DC01,Windows Server 2022,Domain Controller,13.56,53.69,46.31,50.18,49.82,99.8446,0,Healthy
2026-03-09T17:00,2026-03-09,2026-03,NSS-DC02,Windows Server 2022,Domain Controller,51.01,52.14,47.86,63.62,36.38,99.8102,0,Healthy
2026-03-25T14:00,2026-03-25,2026-03,NSS-DC01,Windows Server 2022,Domain Controller,35.18,74.6,25.4,62.23,37.77,99.8634,0,Healthy
2026-06-10T15:00,2026-06-10,2026-06,NSS-DC01,Windows Server 2022,Domain Controller,28.66,51.49,48.51,81.07,18.93,99.9767,0,Warning
2026-07-29T02:00,2026-07-29,2026-07,NSS-APP01,Windows Server 2022,Application Server,39.96,42.25,57.75,50.16,49.84,99.9583,0,Healthy
2026-03-22T11:00,2026-03-22,2026-03,NSS-LINUX-DB01,Rocky Linux 9,Database Server,45.24,31.7,68.3,51.31,48.69,99.9858,0,Healthy
2026-05-10T01:00,2026-05-10,2026-05,NSS-LINUX-APP01,Ubuntu 24.04,Application Server,37.98,46.69,53.31,65.97,34.03,99.8087,0,Healthy
2026-05-30T19:00,2026-05-30,2026-05,NSS-FILE01,Windows Server 2022,File Server,50.88,56.36,43.64,67.92,32.08,99.8587,0,Healthy
2026-01-23T18:00,2026-01-23,2026-01,NSS-LINUX-APP01,Ubuntu 24.04,Application Server,45.43,48.99,51.01,80.37,19.63,99.834,0,Warning
2026-05-26T23:00,2026-05-26,2026-05,NSS-DC01,Windows Server 2022,Domain Controller,51.05,50.02,49.98,75.3,24.7,99.7803,0,Healthy
2026-01-06T02:00,2026-01-06,2026-01,NSS-DC02,Windows Server 2022,Domain Controller,65.43,50.1,49.9,66.11,33.89,99.7955,0,Healthy
2026-01-07T01:00,2026-01-07,2026-01,NSS-LINUX-DB01,Rocky Linux 9,Database Server,13.24,40.45,59.55,79.95,20.05,99.8377,0,Healthy
2026-06-08T09:00,2026-06-08,2026-06,NSS-FILE01,Windows Server 2022,File Server,30.66,51.86,48.14,64.97,35.03,99.9464,0,Healthy
2026-02-24T15:00,2026-02-24,2026-02,NSS-DC02,Windows Server 2022,Domain Controller,21.67,75.18,24.82,74.76,25.24,99.8635,0,Healthy
2026-07-29T15:00,2026-07-29,2026-07,NSS-FILE01,Windows Server 2022,File Server,27.61,63.32,36.68,83.85,16.15,99.8034,0,Warning
2026-05-05T07:00,2026-05-05,2026-05,NSS-DC02,Windows Server 2022,Domain Controller,44.66,46.45,53.55,65.55,34.45,99.7818,0,Healthy
2026-05-14T05:00,2026-05-14,2026-05,NSS-LINUX-APP01,Ubuntu 24.04,Application Server,33.67,86.04,13.96,48.6,51.4,99.9985,0,Warning
2026-06-28T23:00,2026-06-28,2026-06,NSS-FILE01,Windows Server 2022,File Server,20.54,58.21,41.79,61.77,38.23,99.9782,0,Healthy
2026-06-26T18:00,2026-06-26,2026-06,NSS-LINUX-APP01,Ubuntu 24.04,Application Server,24.83,72.83,27.17,11.92,88.08,99.9282,0,Healthy
2026-05-07T09:00,2026-05-07,2026-05,NSS-LINUX-DB01,Rocky Linux 9,Database Server,7.99,66.11,33.89,58.67,41.33,99.9643,0,Healthy
2026-07-14T15:00,2026-07-14,2026-07,NSS-FILE01,Windows Server 2022,File Server,32.59,31.67,68.33,68.48,31.52,99.9536,0,Healthy
2026-01-29T10:00,2026-01-29,2026-01,NSS-LINUX-DB01,Rocky Linux 9,Database Server,29.02,48.75,51.25,49.77,50.23,99.8992,0,Healthy
2026-03-10T10:00,2026-03-10,2026-03,NSS-MON01,Ubuntu 24.04,Monitoring Server,53.41,75.11,24.89,38.49,61.51,99.829,0,Healthy
2026-02-21T13:00,2026-02-21,2026-02,NSS-FILE01,Windows Server 2022,File Server,36.39,59.62,40.38,65.76,34.24,99.79,0,Healthy
2026-02-10T23:00,2026-02-10,2026-02,NSS-FILE01,Windows Server 2022,File Server,15.91,48.18,51.82,72.51,27.49,99.8662,0,Healthy
2026-07-16T16:00,2026-07-16,2026-07,NSS-LINUX-APP01,Ubuntu 24.04,Application Server,13.61,62.25,37.75,49.15,50.85,99.8016,0,Healthy
2026-05-11T19:00,2026-05-11,2026-05,NSS-FILE01,Windows Server 2022,File Server,33.7,72.47,27.53,55.82,44.18,99.8,0,Healthy
2026-01-16T20:00,2026-01-16,2026-01,NSS-MON01,Ubuntu 24.04,Monitoring Server,41.53,51.03,48.97,64.5,35.5,99.8582,0,Healthy
2026-07-08T05:00,2026-07-08,2026-07,NSS-DC01,Windows Server 2022,Domain Controller,30.58,57.98,42.02,36.82,63.18,99.7807,0,Healthy
2026-02-18T04:00,2026-02-18,2026-02,NSS-LINUX-DB01,Rocky Linux 9,Database Server,23.01,61.55,38.45,76.09,23.91,99.972,0,Healthy
2026-01-04T06:00,2026-01-04,2026-01,NSS-DC01,Windows Server 2022,Domain Controller,26.67,98.0,2.0,57.56,42.44,99.87,1,Critical
2026-03-04T02:00,2026-03-04,2026-03,NSS-DC02,Windows Server 2022,Domain Controller,54.04,82.67,17.33,50.85,49.15,99.8176,0,Warning
2026-06-01T05:00,2026-06-01,2026-06,NSS-FILE01,Windows Server 2022,File Server,37.88,62.17,37.83,51.96,48.04,99.7888,0,Healthy
2026-03-09T10:00,2026-03-09,2026-03,NSS-DC02,Windows Server 2022,Domain Controller,2.0,39.58,60.42,54.24,45.76,99.9054,0,Healthy
2026-01-13T08:00,2026-01-13,2026-01,NSS-LINUX-APP01,Ubuntu 24.04,Application Server,23.31,66.32,33.68,46.28,53.72,99.9476,0,Healthy
2026-05-28T17:00,2026-05-28,2026-05,NSS-LINUX-APP01,Ubuntu 24.04,Application Server,50.61,59.9,40.1,71.72,28.28,99.9217,0,Healthy
2026-04-06T21:00,2026-04-06,2026-04,NSS-LINUX-APP01,Ubuntu 24.04,Application Server,32.06,26.93,73.07,50.35,49.65,99.786,0,Healthy
2026-02-24T15:00,2026-02-24,2026-02,NSS-DC02,Windows Server 2022,Domain Controller,41.27,43.57,56.43,45.11,54.89,99.7865,0,Healthy
2026-03-31T05:00,2026-03-31,2026-03,NSS-APP01,Windows Server 2022,Application Server,16.69,53.12,46.88,54.61,45.39,99.8142,0,Healthy
2026-01-11T17:00,2026-01-11,2026-01,NSS-LINUX-DB01,Rocky Linux 9,Database Server,37.06,54.98,45.02,60.54,39.46,99.8879,0,Healthy
2026-04-17T04:00,2026-04-17,2026-04,NSS-DC02,Windows Server 2022,Domain Controller,33.33,72.18,27.82,56.8,43.2,99.9817,0,Healthy
2026-05-24T13:00,2026-05-24,2026-05,NSS-APP01,Windows Server 2022,Application Server,18.82,65.35,34.65,45.31,54.69,99.9913,0,Healthy
2026-04-08T22:00,2026-04-08,2026-04,NSS-APP01,Windows Server 2022,Application Server,16.26,58.6,41.4,59.17,40.83,99.9008,0,Healthy
2026-05-04T12:00,2026-05-04,2026-05,NSS-DC01,Windows Server 2022,Domain Controller,22.89,82.6,17.4,60.71,39.29,99.8319,0,Warning
2026-03-04T12:00,2026-03-04,2026-03,NSS-DC01,Windows Server 2022,Domain Controller,29.6,53.22,46.78,64.11,35.89,99.9095,0,Healthy
2026-07-28T10:00,2026-07-28,2026-07,NSS-APP01,Windows Server 2022,Application Server,18.71,32.33,67.67,75.48,24.52,99.8181,0,Healthy
2026-02-22T09:00,2026-02-22,2026-02,NSS-FILE01,Windows Server 2022,File Server,42.52,48.21,51.79,75.03,24.97,99.765,0,Healthy
2026-01-09T21:00,2026-01-09,2026-01,NSS-APP01,Windows Server 2022,Application Server,42.57,45.25,54.75,54.16,45.84,99.8376,0,Healthy
2026-07-04T15:00,2026-07-04,2026-07,NSS-APP01,Windows Server 2022,Application Server,32.54,53.07,46.93,45.01,54.99,99.9764,0,Healthy
2026-01-28T06:00,2026-01-28,2026-01,NSS-APP01,Windows Server 2022,Application Server,11.11,43.71,56.29,51.82,48.18,99.954,0,Healthy
2026-06-02T01:00,2026-06-02,2026-06,NSS-DC02,Windows Server 2022,Domain Controller,19.56,73.17,26.83,49.11,50.89,99.9863,0,Healthy
2026-06-08T06:00,2026-06-08,2026-06,NSS-FILE01,Windows Server 2022,File Server,2.0,61.3,38.7,44.7,55.3,99.9829,0,Healthy
2026-02-02T03:00,2026-02-02,2026-02,NSS-DC01,Windows Server 2022,Domain Controller,41.28,67.35,32.65,69.18,30.82,99.8483,0,Healthy
2026-06-25T06:00,2026-06-25,2026-06,NSS-APP01,Windows Server 2022,Application Server,29.37,44.19,55.81,60.55,39.45,99.9577,0,Healthy
2026-07-28T11:00,2026-07-28,2026-07,NSS-APP01,Windows Server 2022,Application Server,20.89,67.81,32.19,50.83,49.17,99.9794,0,Healthy
2026-05-31T09:00,2026-05-31,2026-05,NSS-DC01,Windows Server 2022,Domain Controller,28.8,74.1,25.9,78.9,21.1,99.9587,0,Healthy
2026-05-19T08:00,2026-05-19,2026-05,NSS-DC02,Windows Server 2022,Domain Controller,10.68,54.28,45.72,45.31,54.69,99.9558,0,Healthy
2026-01-06T12:00,2026-01-06,2026-01,NSS-DC02,Windows Server 2022,Domain Controller,12.55,65.79,34.21,60.48,39.52,99.951,0,Healthy
2026-07-28T06:00,2026-07-28,2026-07,NSS-LINUX-DB01,Rocky Linux 9,Database Server,18.49,38.4,61.6,60.8,39.2,99.8157,0,Healthy
2026-03-29T18:00,2026-03-29,2026-03,NSS-DC01,Windows Server 2022,Domain Controller,45.71,71.73,28.27,53.53,46.47,99.9807,0,Healthy
2026-02-18T03:00,2026-02-18,2026-02,NSS-LINUX-APP01,Ubuntu 24.04,Application Server,8.68,62.38,37.62,77.92,22.08,99.9353,0,Healthy
2026-04-07T01:00,2026-04-07,2026-04,NSS-DC02,Windows Server 2022,Domain Controller,60.93,46.76,53.24,78.72,21.28,99.7733,0,Healthy
2026-07-26T23:00,2026-07-26,2026-07,NSS-LINUX-APP01,Ubuntu 24.04,Application Server,7.31,64.54,35.46,68.32,31.68,99.919,0,Healthy
2026-01-15T00:00,2026-01-15,2026-01,NSS-MON01,Ubuntu 24.04,Monitoring Server,20.61,54.25,45.75,54.83,45.17,99.9204,0,Healthy
2026-04-23T11:00,2026-04-23,2026-04,NSS-APP01,Windows Server 2022,Application Server,14.32,25.85,74.15,32.69,67.31,99.7538,0,Healthy
2026-03-26T11:00,2026-03-26,2026-03,NSS-APP01,Windows Server 2022,Application Server,18.69,79.64,20.36,78.58,21.42,99.916,0,Healthy
2026-04-22T22:00,2026-04-22,2026-04,NSS-LINUX-APP01,Ubuntu 24.04,Application Server,37.29,47.87,52.13,74.03,25.97,99.9943,0,Healthy
2026-06-30T13:00,2026-06-30,2026-06,NSS-APP01,Windows Server 2022,Application Server,37.29,69.57,30.43,67.2,32.8,99.9463,0,Healthy
2026-03-22T13:00,2026-03-22,2026-03,NSS-LINUX-DB01,Rocky Linux 9,Database Server,23.15,48.67,51.33,85.52,14.48,99.9247,1,Warning
2026-02-27T07:00,2026-02-27,2026-02,NSS-MON01,Ubuntu 24.04,Monitoring Server,45.63,64.62,35.38,40.88,59.12,99.9381,0,Healthy
2026-03-30T20:00,2026-03-30,2026-03,NSS-DC02,Windows Server 2022,Domain Controller,37.64,23.06,76.94,75.45,24.55,99.8959,0,Healthy
2026-02-01T06:00,2026-02-01,2026-02,NSS-LINUX-DB01,Rocky Linux 9,Database Server,12.8,70.43,29.57,59.46,40.54,99.9653,0,Healthy
2026-05-29T15:00,2026-05-29,2026-05,NSS-DC01,Windows Server 2022,Domain Controller,41.31,51.17,48.83,67.37,32.63,99.8593,0,Healthy
2026-01-10T20:00,2026-01-10,2026-01,NSS-LINUX-DB01,Rocky Linux 9,Database Server,25.68,48.87,51.13,43.91,56.09,99.9998,0,Healthy
2026-07-01T16:00,2026-07-01,2026-07,NSS-MON01,Ubuntu 24.04,Monitoring Server,15.42,47.62,52.38,63.77,36.23,99.9476,0,Healthy
2026-06-11T18:00,2026-06-11,2026-06,NSS-MON01,Ubuntu 24.04,Monitoring Server,2.0,52.77,47.23,91.71,8.29,99.7684,1,Critical
2026-07-06T06:00,2026-07-06,2026-07,NSS-LINUX-DB01,Rocky Linux 9,Database Server,24.62,56.78,43.22,59.72,40.28,99.8422,0,Healthy
2026-07-17T10:00,2026-07-17,2026-07,NSS-APP01,Windows Server 2022,Application Server,37.03,46.93,53.07,53.99,46.01,99.7757,0,Healthy
2026-01-03T14:00,2026-01-03,2026-01,NSS-MON01,Ubuntu 24.04,Monitoring Server,4.3,60.82,39.18,62.03,37.97,99.7635,0,Healthy
2026-03-10T14:00,2026-03-10,2026-03,NSS-DC01,Windows Server 2022,Domain Controller,19.49,58.95,41.05,45.28,54.72,99.9119,0,Healthy
2026-06-25T13:00,2026-06-25,2026-06,NSS-MON01,Ubuntu 24.04,Monitoring Server,13.87,39.46,60.54,61.12,38.88,99.942,0,Healthy
2026-07-07T13:00,2026-07-07,2026-07,NSS-LINUX-DB01,Rocky Linux 9,Database Server,27.36,63.92,36.08,81.52,18.48,99.9589,0,Warning
2026-07-02T02:00,2026-07-02,2026-07,NSS-APP01,Windows Server 2022,Application Server,23.63,54.18,45.82,58.41,41.59,99.7933,0,Healthy
2026-05-22T07:00,2026-05-22,2026-05,NSS-FILE01,Windows Server 2022,File Server,48.21,46.76,53.24,76.75,23.25,99.9906,0,Healthy
2026-04-21T20:00,2026-04-21,2026-04,NSS-LINUX-DB01,Rocky Linux 9,Database Server,2.0,48.24,51.76,62.24,37.76,99.9018,0,Healthy
2026-06-01T20:00,2026-06-01,2026-06,NSS-LINUX-DB01,Rocky Linux 9,Database Server,30.21,55.41,44.59,52.72,47.28,99.8713,0,Healthy
2026-03-07T21:00,2026-03-07,2026-03,NSS-FILE01,Windows Server 2022,File Server,28.26,46.64,53.36,55.14,44.86,99.9148,0,Healthy
2026-04-28T14:00,2026-04-28,2026-04,NSS-DC01,Windows Server 2022,Domain Controller,32.9,76.12,23.88,59.92,40.08,99.9721,0,Healthy
2026-02-02T12:00,2026-02-02,2026-02,NSS-APP01,Windows Server 2022,Application Server,5.96,50.03,49.97,51.81,48.19,99.9781,0,Healthy
2026-03-22T15:00,2026-03-22,2026-03,NSS-LINUX-DB01,Rocky Linux 9,Database Server,36.19,29.4,70.6,41.83,58.17,99.8017,0,Healthy
2026-03-30T12:00,2026-03-30,2026-03,NSS-MON01,Ubuntu 24.04,Monitoring Server,19.33,70.51,29.49,59.8,40.2,99.983,0,Healthy
2026-04-06T06:00,2026-04-06,2026-04,NSS-FILE01,Windows Server 2022,File Server,30.93,60.52,39.48,43.57,56.43,99.7926,0,Healthy
2026-07-04T23:00,2026-07-04,2026-07,NSS-DC01,Windows Server 2022,Domain Controller,2.95,75.34,24.66,53.13,46.87,99.9791,0,Healthy
2026-02-13T11:00,2026-02-13,2026-02,NSS-DC02,Windows Server 2022,Domain Controller,24.24,64.93,35.07,41.11,58.89,99.9275,0,Healthy
2026-01-28T17:00,2026-01-28,2026-01,NSS-FILE01,Windows Server 2022,File Server,35.55,57.88,42.12,69.15,30.85,99.9944,0,Healthy
2026-03-23T01:00,2026-03-23,2026-03,NSS-DC02,Windows Server 2022,Domain Controller,19.07,66.8,33.2,40.37,59.63,99.9396,0,Healthy
2026-07-02T20:00,2026-07-02,2026-07,NSS-DC01,Windows Server 2022,Domain Controller,21.03,48.91,51.09,63.76,36.24,99.8905,0,Healthy
2026-04-04T06:00,2026-04-04,2026-04,NSS-MON01,Ubuntu 24.04,Monitoring Server,8.39,63.02,36.98,59.01,40.99,99.8537,0,Healthy
2026-04-17T04:00,2026-04-17,2026-04,NSS-DC01,Windows Server 2022,Domain Controller,27.4,56.79,43.21,63.44,36.56,99.8375,0,Healthy
2026-02-24T02:00,2026-02-24,2026-02,NSS-DC01,Windows Server 2022,Domain Controller,14.51,65.57,34.43,54.2,45.8,99.8151,0,Healthy
2026-04-11T09:00,2026-04-11,2026-04,NSS-MON01,Ubuntu 24.04,Monitoring Server,21.09,71.62,28.38,88.07,11.93,99.8977,1,Warning
2026-03-31T14:00,2026-03-31,2026-03,NSS-MON01,Ubuntu 24.04,Monitoring Server,28.29,43.82,56.18,78.73,21.27,99.7602,0,Healthy
2026-05-21T08:00,2026-05-21,2026-05,NSS-DC02,Windows Server 2022,Domain Controller,8.75,62.05,37.95,45.94,54.06,99.7739,0,Healthy
2026-07-27T07:00,2026-07-27,2026-07,NSS-LINUX-APP01,Ubuntu 24.04,Application Server,43.04,49.59,50.41,73.54,26.46,99.8743,0,Healthy
2026-07-05T12:00,2026-07-05,2026-07,NSS-LINUX-DB01,Rocky Linux 9,Database Server,25.0,65.93,34.07,59.2,40.8,99.8184,0,Healthy
2026-05-01T05:00,2026-05-01,2026-05,NSS-MON01,Ubuntu 24.04,Monitoring Server,9.05,49.55,50.45,65.2,34.8,99.7792,0,Healthy
2026-05-22T03:00,2026-05-22,2026-05,NSS-DC02,Windows Server 2022,Domain Controller,20.93,53.61,46.39,69.24,30.76,99.9482,0,Healthy
2026-03-26T08:00,2026-03-26,2026-03,NSS-APP01,Windows Server 2022,Application Server,46.69,52.58,47.42,45.96,54.04,99.7552,0,Healthy
2026-02-21T00:00,2026-02-21,2026-02,NSS-MON01,Ubuntu 24.04,Monitoring Server,59.54,48.87,51.13,66.41,33.59,99.9478,0,Healthy
2026-03-10T09:00,2026-03-10,2026-03,NSS-FILE01,Windows Server 2022,File Server,18.86,55.71,44.29,59.67,40.33,99.8144,0,Healthy
2026-06-23T12:00,2026-06-23,2026-06,NSS-FILE01,Windows Server 2022,File Server,17.66,60.76,39.24,51.25,48.75,99.779,0,Healthy
2026-06-16T15:00,2026-06-16,2026-06,NSS-LINUX-APP01,Ubuntu 24.04,Application Server,15.79,77.1,22.9,67.61,32.39,99.7916,0,Healthy
2026-01-24T23:00,2026-01-24,2026-01,NSS-DC02,Windows Server 2022,Domain Controller,30.58,65.81,34.19,63.17,36.83,99.801,0,Healthy
2026-04-04T09:00,2026-04-04,2026-04,NSS-FILE01,Windows Server 2022,File Server,2.41,70.94,29.06,61.41,38.59,99.8902,0,Healthy
2026-02-20T06:00,2026-02-20,2026-02,NSS-APP01,Windows Server 2022,Application Server,18.65,70.65,29.35,69.52,30.48,99.7795,0,Healthy
2026-02-12T18:00,2026-02-12,2026-02,NSS-LINUX-DB01,Rocky Linux 9,Database Server,49.56,59.61,40.39,63.34,36.66,99.8129,0,Healthy
2026-04-17T08:00,2026-04-17,2026-04,NSS-DC02,Windows Server 2022,Domain Controller,28.2,53.59,46.41,34.07,65.93,99.9804,0,Healthy
2026-07-21T19:00,2026-07-21,2026-07,NSS-APP01,Windows Server 2022,Application Server,4.16,58.22,41.78,73.87,26.13,99.8554,0,Healthy
2026-06-27T04:00,2026-06-27,2026-06,NSS-LINUX-APP01,Ubuntu 24.04,Application Server,54.43,36.46,63.54,71.01,28.99,99.7773,0,Healthy
2026-02-17T11:00,2026-02-17,2026-02,NSS-LINUX-APP01,Ubuntu 24.04,Application Server,33.11,50.44,49.56,52.43,47.57,99.7925,0,Healthy
2026-07-26T06:00,2026-07-26,2026-07,NSS-DC01,Windows Server 2022,Domain Controller,35.39,64.13,35.87,59.76,40.24,99.9654,0,Healthy
2026-01-29T17:00,2026-01-29,2026-01,NSS-APP01,Windows Server 2022,Application Server,45.31,83.02,16.98,66.09,33.91,99.9986,0,Warning
2026-05-14T23:00,2026-05-14,2026-05,NSS-APP01,Windows Server 2022,Application Server,39.73,60.15,39.85,65.71,34.29,99.7612,0,Healthy
2026-02-14T13:00,2026-02-14,2026-02,NSS-APP01,Windows Server 2022,Application Server,3.48,52.82,47.18,62.81,37.19,99.8843,0,Healthy
2026-07-16T05:00,2026-07-16,2026-07,NSS-LINUX-APP01,Ubuntu 24.04,Application Server,34.02,56.04,43.96,95.0,5.0,99.8086,1,Critical
2026-02-22T08:00,2026-02-22,2026-02,NSS-LINUX-DB01,Rocky Linux 9,Database Server,2.14,47.6,52.4,60.9,39.1,99.7521,0,Healthy
2026-06-19T22:00,2026-06-19,2026-06,NSS-DC01,Windows Server 2022,Domain Controller,30.83,41.11,58.89,69.62,30.38,99.8219,0,Healthy
2026-03-10T07:00,2026-03-10,2026-03,NSS-DC02,Windows Server 2022,Domain Controller,29.0,51.92,48.08,72.14,27.86,99.9282,0,Healthy
2026-07-19T23:00,2026-07-19,2026-07,NSS-LINUX-APP01,Ubuntu 24.04,Application Server,25.63,67.32,32.68,56.56,43.44,99.7973,0,Healthy
2026-07-11T11:00,2026-07-11,2026-07,NSS-FILE01,Windows Server 2022,File Server,40.81,75.01,24.99,41.93,58.07,99.777,0,Healthy
2026-03-20T21:00,2026-03-20,2026-03,NSS-LINUX-APP01,Ubuntu 24.04,Application Server,25.4,50.93,49.07,59.95,40.05,99.9408,0,Healthy
2026-07-06T23:00,2026-07-06,2026-07,NSS-APP01,Windows Server 2022,Application Server,16.38,31.43,68.57,71.52,28.48,99.8007,0,Healthy
2026-07-17T22:00,2026-07-17,2026-07,NSS-DC02,Windows Server 2022,Domain Controller,10.89,69.92,30.08,66.71,33.29,99.9093,0,Healthy
2026-05-05T23:00,2026-05-05,2026-05,NSS-LINUX-APP01,Ubuntu 24.04,Application Server,9.25,59.64,40.36,45.95,54.05,99.9412,0,Healthy
2026-01-21T01:00,2026-01-21,2026-01,NSS-LINUX-APP01,Ubuntu 24.04,Application Server,40.39,52.61,47.39,59.52,40.48,99.9489,0,Healthy
2026-04-12T09:00,2026-04-12,2026-04,NSS-LINUX-DB01,Rocky Linux 9,Database Server,52.68,26.47,73.53,46.07,53.93,99.8424,0,Healthy
2026-03-09T23:00,2026-03-09,2026-03,NSS-APP01,Windows Server 2022,Application Server,18.92,65.1,34.9,71.82,28.18,99.9641,0,Healthy
2026-06-26T00:00,2026-06-26,2026-06,NSS-DC01,Windows Server 2022,Domain Controller,37.27,59.48,40.52,54.22,45.78,99.8987,0,Healthy
2026-03-04T21:00,2026-03-04,2026-03,NSS-LINUX-APP01,Ubuntu 24.04,Application Server,42.75,53.38,46.62,82.35,17.65,99.9824,0,Warning
2026-07-06T05:00,2026-07-06,2026-07,NSS-DC02,Windows Server 2022,Domain Controller,32.99,53.32,46.68,47.01,52.99,99.9401,0,Healthy
2026-07-26T13:00,2026-07-26,2026-07,NSS-DC02,Windows Server 2022,Domain Controller,42.61,48.46,51.54,63.77,36.23,99.9773,0,Healthy
2026-01-21T09:00,2026-01-21,2026-01,NSS-DC02,Windows Server 2022,Domain Controller,34.1,57.36,42.64,73.47,26.53,99.9082,0,Healthy
2026-03-13T23:00,2026-03-13,2026-03,NSS-DC02,Windows Server 2022,Domain Controller,28.45,56.51,43.49,51.59,48.41,99.8704,0,Healthy
2026-04-11T23:00,2026-04-11,2026-04,NSS-APP01,Windows Server 2022,Application Server,42.22,41.24,58.76,49.4,50.6,99.9129,0,Healthy
2026-03-27T12:00,2026-03-27,2026-03,NSS-DC01,Windows Server 2022,Domain Controller,26.42,50.82,49.18,67.61,32.39,99.9682,0,Healthy
2026-01-29T03:00,2026-01-29,2026-01,NSS-MON01,Ubuntu 24.04,Monitoring Server,37.76,41.65,58.35,77.04,22.96,99.7784,0,Healthy
2026-03-21T03:00,2026-03-21,2026-03,NSS-LINUX-DB01,Rocky Linux 9,Database Server,33.53,67.73,32.27,50.82,49.18,99.889,0,Healthy
2026-01-03T01:00,2026-01-03,2026-01,NSS-FILE01,Windows Server 2022,File Server,29.75,67.55,32.45,65.98,34.02,99.9888,0,Healthy
2026-04-13T11:00,2026-04-13,2026-04,NSS-DC01,Windows Server 2022,Domain Controller,25.03,68.33,31.67,54.77,45.23,99.8228,0,Healthy
2026-05-02T00:00,2026-05-02,2026-05,NSS-DC02,Windows Server 2022,Domain Controller,12.63,24.08,75.92,60.89,39.11,99.8419,0,Healthy
2026-05-28T23:00,2026-05-28,2026-05,NSS-DC01,Windows Server 2022,Domain Controller,9.08,47.95,52.05,50.09,49.91,99.7897,0,Healthy
2026-01-12T18:00,2026-01-12,2026-01,NSS-APP01,Windows Server 2022,Application Server,20.6,50.61,49.39,60.24,39.76,99.8713,0,Healthy
2026-02-15T02:00,2026-02-15,2026-02,NSS-FILE01,Windows Server 2022,File Server,24.74,41.34,58.66,61.88,38.12,99.7564,0,Healthy
2026-05-28T00:00,2026-05-28,2026-05,NSS-APP01,Windows Server 2022,Application Server,31.56,24.36,75.64,56.06,43.94,99.9275,0,Healthy
2026-06-12T23:00,2026-06-12,2026-06,NSS-DC02,Windows Server 2022,Domain Controller,33.44,39.04,60.96,66.72,33.28,99.9208,0,Healthy
2026-03-21T16:00,2026-03-21,2026-03,NSS-LINUX-APP01,Ubuntu 24.04,Application Server,14.84,63.07,36.93,44.0,56.0,99.8891,0,Healthy
2026-06-26T04:00,2026-06-26,2026-06,NSS-APP01,Windows Server 2022,Application Server,11.75,47.34,52.66,78.47,21.53,99.9889,0,Healthy
2026-07-13T07:00,2026-07-13,2026-07,NSS-DC02,Windows Server 2022,Domain Controller,31.26,49.36,50.64,33.98,66.02,99.9918,0,Healthy
2026-05-10T15:00,2026-05-10,2026-05,NSS-DC02,Windows Server 2022,Domain Controller,33.96,51.42,48.58,34.65,65.35,99.9041,0,Healthy
2026-03-31T10:00,2026-03-31,2026-03,NSS-FILE01,Windows Server 2022,File Server,59.54,67.3,32.7,61.09,38.91,99.9368,0,Healthy
2026-01-12T10:00,2026-01-12,2026-01,NSS-LINUX-DB01,Rocky Linux 9,Database Server,36.92,71.16,28.84,50.81,49.19,99.8684,0,Healthy
2026-04-06T20:00,2026-04-06,2026-04,NSS-LINUX-APP01,Ubuntu 24.04,Application Server,25.14,42.91,57.09,59.4,40.6,99.812,0,Healthy
2026-03-10T06:00,2026-03-10,2026-03,NSS-MON01,Ubuntu 24.04,Monitoring Server,21.59,58.68,41.32,50.51,49.49,99.9306,0,Healthy
2026-07-04T17:00,2026-07-04,2026-07,NSS-DC02,Windows Server 2022,Domain Controller,23.22,52.67,47.33,58.13,41.87,99.8629,0,Healthy
2026-04-20T20:00,2026-04-20,2026-04,NSS-DC01,Windows Server 2022,Domain Controller,21.45,28.46,71.54,55.39,44.61,99.7521,0,Healthy
2026-03-07T23:00,2026-03-07,2026-03,NSS-DC02,Windows Server 2022,Domain Controller,3.59,51.48,48.52,95.0,5.0,99.9949,1,Critical
2026-06-01T08:00,2026-06-01,2026-06,NSS-FILE01,Windows Server 2022,File Server,44.39,42.09,57.91,61.13,38.87,99.9349,0,Healthy
2026-02-15T12:00,2026-02-15,2026-02,NSS-LINUX-APP01,Ubuntu 24.04,Application Server,30.35,34.63,65.37,82.53,17.47,99.8383,0,Warning
2026-03-27T02:00,2026-03-27,2026-03,NSS-MON01,Ubuntu 24.04,Monitoring Server,11.22,23.78,76.22,29.12,70.88,99.9083,0,Healthy
2026-07-01T09:00,2026-07-01,2026-07,NSS-MON01,Ubuntu 24.04,Monitoring Server,37.49,63.82,36.18,66.7,33.3,99.8603,0,Healthy
2026-07-05T09:00,2026-07-05,2026-07,NSS-FILE01,Windows Server 2022,File Server,20.17,46.44,53.56,78.52,21.48,99.8374,0,Healthy
2026-02-15T04:00,2026-02-15,2026-02,NSS-LINUX-DB01,Rocky Linux 9,Database Server,18.77,69.39,30.61,75.29,24.71,99.8278,0,Healthy
2026-02-06T07:00,2026-02-06,2026-02,NSS-FILE01,Windows Server 2022,File Server,23.85,51.18,48.82,71.62,28.38,99.7775,0,Healthy
2026-07-18T06:00,2026-07-18,2026-07,NSS-LINUX-APP01,Ubuntu 24.04,Application Server,49.77,66.3,33.7,43.72,56.28,99.92,0,Healthy
2026-05-27T21:00,2026-05-27,2026-05,NSS-MON01,Ubuntu 24.04,Monitoring Server,31.94,60.08,39.92,85.91,14.09,99.8671,1,Warning
2026-05-09T17:00,2026-05-09,2026-05,NSS-FILE01,Windows Server 2022,File Server,24.91,68.52,31.48,48.02,51.98,99.7838,0,Healthy
2026-03-19T07:00,2026-03-19,2026-03,NSS-LINUX-APP01,Ubuntu 24.04,Application Server,21.47,54.4,45.6,60.87,39.13,99.863,0,Healthy
2026-03-11T05:00,2026-03-11,2026-03,NSS-MON01,Ubuntu 24.04,Monitoring Server,26.25,23.84,76.16,71.16,28.84,99.9716,0,Healthy
2026-05-25T04:00,2026-05-25,2026-05,NSS-APP01,Windows Server 2022,Application Server,31.8,38.94,61.06,80.35,19.65,99.8072,0,Warning
2026-04-12T02:00,2026-04-12,2026-04,NSS-APP01,Windows Server 2022,Application Server,26.39,65.57,34.43,55.56,44.44,99.9844,0,Healthy
2026-01-27T08:00,2026-01-27,2026-01,NSS-DC02,Windows Server 2022,Domain Controller,33.79,54.82,45.18,45.99,54.01,99.9735,0,Healthy
2026-04-19T08:00,2026-04-19,2026-04,NSS-LINUX-DB01,Rocky Linux 9,Database Server,3.29,17.68,82.32,44.93,55.07,99.9935,0,Healthy
2026-06-04T07:00,2026-06-04,2026-06,NSS-FILE01,Windows Server 2022,File Server,28.72,35.15,64.85,77.88,22.12,99.774,0,Healthy
2026-05-12T06:00,2026-05-12,2026-05,NSS-DC01,Windows Server 2022,Domain Controller,41.59,75.63,24.37,87.25,12.75,99.9989,1,Warning
2026-05-13T20:00,2026-05-13,2026-05,NSS-LINUX-APP01,Ubuntu 24.04,Application Server,35.02,78.21,21.79,36.84,63.16,99.8799,0,Healthy
2026-05-11T19:00,2026-05-11,2026-05,NSS-FILE01,Windows Server 2022,File Server,20.62,37.27,62.73,83.33,16.67,99.8345,0,Warning
2026-06-20T18:00,2026-06-20,2026-06,NSS-APP01,Windows Server 2022,Application Server,46.22,38.02,61.98,77.21,22.79,99.8016,0,Healthy
2026-03-17T11:00,2026-03-17,2026-03,NSS-LINUX-APP01,Ubuntu 24.04,Application Server,26.45,56.34,43.66,45.19,54.81,99.9422,0,Healthy
2026-05-03T23:00,2026-05-03,2026-05,NSS-DC02,Windows Server 2022,Domain Controller,43.45,49.62,50.38,49.39,50.61,99.9753,0,Healthy
2026-02-23T02:00,2026-02-23,2026-02,NSS-MON01,Ubuntu 24.04,Monitoring Server,6.48,43.42,56.58,39.11,60.89,99.9388,0,Healthy
2026-05-09T08:00,2026-05-09,2026-05,NSS-APP01,Windows Server 2022,Application Server,19.31,59.66,40.34,35.82,64.18,99.9789,0,Healthy
2026-06-02T14:00,2026-06-02,2026-06,NSS-MON01,Ubuntu 24.04,Monitoring Server,41.68,23.01,76.99,67.27,32.73,99.9849,0,Healthy
2026-02-18T02:00,2026-02-18,2026-02,NSS-FILE01,Windows Server 2022,File Server,43.52,52.02,47.98,44.86,55.14,99.8162,0,Healthy
2026-02-05T13:00,2026-02-05,2026-02,NSS-LINUX-DB01,Rocky Linux 9,Database Server,2.0,57.57,42.43,32.35,67.65,99.8757,0,Healthy
2026-02-23T00:00,2026-02-23,2026-02,NSS-MON01,Ubuntu 24.04,Monitoring Server,13.32,29.54,70.46,52.57,47.43,99.9216,0,Healthy
2026-04-03T11:00,2026-04-03,2026-04,NSS-LINUX-DB01,Rocky Linux 9,Database Server,38.4,50.19,49.81,72.83,27.17,99.9082,0,Healthy
2026-04-27T17:00,2026-04-27,2026-04,NSS-DC01,Windows Server 2022,Domain Controller,34.44,60.5,39.5,75.59,24.41,99.982,0,Healthy
2026-04-13T12:00,2026-04-13,2026-04,NSS-APP01,Windows Server 2022,Application Server,8.65,43.7,56.3,51.08,48.92,99.9992,0,Healthy
2026-04-02T21:00,2026-04-02,2026-04,NSS-LINUX-APP01,Ubuntu 24.04,Application Server,25.79,22.58,77.42,49.19,50.81,99.8243,0,Healthy
2026-07-06T07:00,2026-07-06,2026-07,NSS-FILE01,Windows Server 2022,File Server,16.85,74.57,25.43,85.6,14.4,99.9608,1,Warning
2026-03-17T22:00,2026-03-17,2026-03,NSS-FILE01,Windows Server 2022,File Server,22.45,60.67,39.33,64.48,35.52,99.8328,0,Healthy
2026-03-29T16:00,2026-03-29,2026-03,NSS-MON01,Ubuntu 24.04,Monitoring Server,17.0,64.76,35.24,58.48,41.52,99.791,0,Healthy
2026-02-04T08:00,2026-02-04,2026-02,NSS-LINUX-DB01,Rocky Linux 9,Database Server,36.41,76.08,23.92,59.2,40.8,99.7795,0,Healthy
2026-07-22T14:00,2026-07-22,2026-07,NSS-APP01,Windows Server 2022,Application Server,18.57,42.41,57.59,68.75,31.25,99.8736,0,Healthy
2026-04-11T08:00,2026-04-11,2026-04,NSS-DC02,Windows Server 2022,Domain Controller,19.96,48.09,51.91,39.21,60.79,99.954,0,Healthy
2026-06-01T14:00,2026-06-01,2026-06,NSS-LINUX-APP01,Ubuntu 24.04,Application Server,27.58,52.33,47.67,62.99,37.01,99.834,0,Healthy
2026-05-12T08:00,2026-05-12,2026-05,NSS-APP01,Windows Server 2022,Application Server,3.51,51.18,48.82,54.33,45.67,99.8134,0,Healthy
2026-02-19T19:00,2026-02-19,2026-02,NSS-LINUX-APP01,Ubuntu 24.04,Application Server,48.8,49.17,50.83,47.13,52.87,99.766,0,Healthy
2026-01-05T20:00,2026-01-05,2026-01,NSS-MON01,Ubuntu 24.04,Monitoring Server,14.36,49.22,50.78,89.11,10.89,99.9832,1,Warning
2026-07-06T00:00,2026-07-06,2026-07,NSS-LINUX-APP01,Ubuntu 24.04,Application Server,30.22,41.17,58.83,48.61,51.39,99.7678,0,Healthy
2026-04-27T03:00,2026-04-27,2026-04,NSS-LINUX-DB01,Rocky Linux 9,Database Server,24.0,46.23,53.77,70.16,29.84,99.862,0,Healthy
2026-03-10T15:00,2026-03-10,2026-03,NSS-MON01,Ubuntu 24.04,Monitoring Server,17.27,56.34,43.66,65.71,34.29,99.8877,0,Healthy
2026-01-25T09:00,2026-01-25,2026-01,NSS-DC01,Windows Server 2022,Domain Controller,27.87,58.68,41.32,56.6,43.4,99.9245,0,Healthy
2026-04-27T00:00,2026-04-27,2026-04,NSS-LINUX-APP01,Ubuntu 24.04,Application Server,46.98,61.93,38.07,66.67,33.33,99.8305,0,Healthy
2026-01-04T03:00,2026-01-04,2026-01,NSS-MON01,Ubuntu 24.04,Monitoring Server,12.82,39.82,60.18,34.15,65.85,99.7548,0,Healthy
2026-07-28T08:00,2026-07-28,2026-07,NSS-DC01,Windows Server 2022,Domain Controller,39.09,59.65,40.35,60.88,39.12,99.8099,0,Healthy
2026-05-26T10:00,2026-05-26,2026-05,NSS-DC02,Windows Server 2022,Domain Controller,9.22,31.13,68.87,79.55,20.45,99.915,0,Healthy
2026-07-16T11:00,2026-07-16,2026-07,NSS-MON01,Ubuntu 24.04,Monitoring Server,34.17,38.79,61.21,60.53,39.47,99.841,0,Healthy
2026-04-30T12:00,2026-04-30,2026-04,NSS-LINUX-APP01,Ubuntu 24.04,Application Server,41.07,43.61,56.39,42.97,57.03,99.9532,0,Healthy
2026-01-14T15:00,2026-01-14,2026-01,NSS-DC02,Windows Server 2022,Domain Controller,25.14,37.98,62.02,46.74,53.26,99.9058,0,Healthy
2026-04-18T06:00,2026-04-18,2026-04,NSS-LINUX-DB01,Rocky Linux 9,Database Server,6.57,48.67,51.33,47.77,52.23,99.8532,0,Healthy
2026-03-10T04:00,2026-03-10,2026-03,NSS-DC01,Windows Server 2022,Domain Controller,30.71,45.02,54.98,42.2,57.8,99.9816,0,Healthy
2026-01-02T23:00,2026-01-02,2026-01,NSS-LINUX-APP01,Ubuntu 24.04,Application Server,2.0,71.95,28.05,70.95,29.05,99.8907,0,Healthy
2026-06-18T12:00,2026-06-18,2026-06,NSS-MON01,Ubuntu 24.04,Monitoring Server,9.23,36.77,63.23,43.44,56.56,99.8963,0,Healthy
2026-07-14T11:00,2026-07-14,2026-07,NSS-DC01,Windows Server 2022,Domain Controller,52.28,76.13,23.87,67.52,32.48,99.7796,0,Healthy
2026-06-14T00:00,2026-06-14,2026-06,NSS-APP01,Windows Server 2022,Application Server,28.51,68.89,31.11,37.51,62.49,99.7518,0,Healthy
2026-03-22T04:00,2026-03-22,2026-03,NSS-DC01,Windows Server 2022,Domain Controller,14.31,54.93,45.07,69.28,30.72,99.7619,0,Healthy
2026-06-09T13:00,2026-06-09,2026-06,NSS-LINUX-APP01,Ubuntu 24.04,Application Server,13.44,67.87,32.13,95.0,5.0,99.8019,1,Critical
2026-06-07T08:00,2026-06-07,2026-06,NSS-DC02,Windows Server 2022,Domain Controller,38.32,51.32,48.68,74.22,25.78,99.8564,0,Healthy
2026-02-06T02:00,2026-02-06,2026-02,NSS-DC02,Windows Server 2022,Domain Controller,39.54,40.43,59.57,73.44,26.56,99.9149,0,Healthy
2026-05-15T21:00,2026-05-15,2026-05,NSS-LINUX-APP01,Ubuntu 24.04,Application Server,8.7,78.09,21.91,52.36,47.64,99.8801,0,Healthy
2026-02-26T10:00,2026-02-26,2026-02,NSS-FILE01,Windows Server 2022,File Server,25.59,47.56,52.44,50.16,49.84,99.8995,0,Healthy
2026-02-23T18:00,2026-02-23,2026-02,NSS-FILE01,Windows Server 2022,File Server,37.21,74.86,25.14,77.25,22.75,99.9346,0,Healthy
2026-03-18T01:00,2026-03-18,2026-03,NSS-APP01,Windows Server 2022,Application Server,51.34,64.29,35.71,41.45,58.55,99.9764,0,Healthy
2026-01-31T16:00,2026-01-31,2026-01,NSS-MON01,Ubuntu 24.04,Monitoring Server,18.74,35.22,64.78,54.38,45.62,99.816,0,Healthy
2026-01-23T00:00,2026-01-23,2026-01,NSS-MON01,Ubuntu 24.04,Monitoring Server,12.94,47.1,52.9,53.17,46.83,99.9471,0,Healthy
2026-07-23T15:00,2026-07-23,2026-07,NSS-LINUX-APP01,Ubuntu 24.04,Application Server,49.69,46.12,53.88,93.58,6.42,99.888,1,Critical
2026-07-27T02:00,2026-07-27,2026-07,NSS-MON01,Ubuntu 24.04,Monitoring Server,24.59,33.85,66.15,75.4,24.6,99.9208,0,Healthy
2026-03-12T15:00,2026-03-12,2026-03,NSS-LINUX-APP01,Ubuntu 24.04,Application Server,49.87,58.45,41.55,49.62,50.38,99.8299,0,Healthy
2026-01-05T03:00,2026-01-05,2026-01,NSS-DC02,Windows Server 2022,Domain Controller,2.0,86.8,13.2,59.74,40.26,99.892,0,Warning
2026-01-31T10:00,2026-01-31,2026-01,NSS-MON01,Ubuntu 24.04,Monitoring Server,28.33,54.76,45.24,54.95,45.05,99.768,0,Healthy
2026-06-15T22:00,2026-06-15,2026-06,NSS-MON01,Ubuntu 24.04,Monitoring Server,43.94,89.22,10.78,42.51,57.49,99.8381,0,Warning
2026-01-26T10:00,2026-01-26,2026-01,NSS-LINUX-APP01,Ubuntu 24.04,Application Server,32.16,41.21,58.79,75.44,24.56,99.9946,0,Healthy
2026-05-22T14:00,2026-05-22,2026-05,NSS-MON01,Ubuntu 24.04,Monitoring Server,15.02,65.32,34.68,91.57,8.43,99.8371,1,Critical
2026-04-26T15:00,2026-04-26,2026-04,NSS-APP01,Windows Server 2022,Application Server,20.92,57.62,42.38,83.08,16.92,99.9792,0,Warning
2026-07-07T19:00,2026-07-07,2026-07,NSS-FILE01,Windows Server 2022,File Server,35.18,34.88,65.12,51.31,48.69,99.9959,0,Healthy
2026-07-29T19:00,2026-07-29,2026-07,NSS-LINUX-APP01,Ubuntu 24.04,Application Server,17.88,49.71,50.29,62.72,37.28,99.8479,0,Healthy
2026-07-24T05:00,2026-07-24,2026-07,NSS-LINUX-APP01,Ubuntu 24.04,Application Server,40.24,52.33,47.67,67.5,32.5,99.9746,0,Healthy
2026-04-22T22:00,2026-04-22,2026-04,NSS-FILE01,Windows Server 2022,File Server,24.86,35.51,64.49,51.32,48.68,99.829,0,Healthy
2026-03-26T14:00,2026-03-26,2026-03,NSS-LINUX-APP01,Ubuntu 24.04,Application Server,46.43,49.03,50.97,95.0,5.0,99.8181,1,Critical
2026-02-26T23:00,2026-02-26,2026-02,NSS-APP01,Windows Server 2022,Application Server,36.49,46.97,53.03,46.28,53.72,99.8965,0,Healthy
2026-04-13T13:00,2026-04-13,2026-04,NSS-LINUX-DB01,Rocky Linux 9,Database Server,17.59,55.31,44.69,69.07,30.93,99.8454,0,Healthy
2026-02-01T19:00,2026-02-01,2026-02,NSS-LINUX-APP01,Ubuntu 24.04,Application Server,16.98,64.45,35.55,50.0,50.0,99.7778,0,Healthy
2026-02-07T06:00,2026-02-07,2026-02,NSS-LINUX-DB01,Rocky Linux 9,Database Server,34.72,27.14,72.86,72.19,27.81,99.9595,0,Healthy
2026-01-21T04:00,2026-01-21,2026-01,NSS-MON01,Ubuntu 24.04,Monitoring Server,37.56,66.72,33.28,42.18,57.82,99.8584,0,Healthy
2026-06-10T17:00,2026-06-10,2026-06,NSS-DC02,Windows Server 2022,Domain Controller,30.26,50.37,49.63,69.2,30.8,99.9676,0,Healthy
2026-03-24T12:00,2026-03-24,2026-03,NSS-MON01,Ubuntu 24.04,Monitoring Server,31.82,45.04,54.96,61.85,38.15,99.8253,0,Healthy
2026-07-12T00:00,2026-07-12,2026-07,NSS-LINUX-DB01,Rocky Linux 9,Database Server,16.8,52.43,47.57,73.07,26.93,99.9178,0,Healthy
2026-06-24T05:00,2026-06-24,2026-06,NSS-LINUX-APP01,Ubuntu 24.04,Application Server,9.01,63.54,36.46,52.55,47.45,99.9826,0,Healthy
2026-06-20T13:00,2026-06-20,2026-06,NSS-DC01,Windows Server 2022,Domain Controller,42.23,58.34,41.66,57.44,42.56,99.7786,0,Healthy
2026-05-17T23:00,2026-05-17,2026-05,NSS-FILE01,Windows Server 2022,File Server,21.47,58.08,41.92,62.04,37.96,99.7576,0,Healthy
2026-01-31T20:00,2026-01-31,2026-01,NSS-LINUX-APP01,Ubuntu 24.04,Application Server,22.43,32.85,67.15,92.33,7.67,99.7789,1,Critical
2026-01-26T16:00,2026-01-26,2026-01,NSS-APP01,Windows Server 2022,Application Server,59.46,50.86,49.14,84.15,15.85,99.779,0,Warning
2026-07-27T03:00,2026-07-27,2026-07,NSS-LINUX-DB01,Rocky Linux 9,Database Server,42.87,46.27,53.73,48.67,51.33,99.7621,0,Healthy
2026-01-08T11:00,2026-01-08,2026-01,NSS-LINUX-DB01,Rocky Linux 9,Database Server,34.96,68.84,31.16,80.88,19.12,99.7723,0,Warning
2026-05-03T10:00,2026-05-03,2026-05,NSS-DC02,Windows Server 2022,Domain Controller,31.06,44.86,55.14,67.02,32.98,99.9869,0,Healthy
2026-04-24T18:00,2026-04-24,2026-04,NSS-DC01,Windows Server 2022,Domain Controller,21.15,47.17,52.83,51.27,48.73,99.9017,0,Healthy
2026-02-21T20:00,2026-02-21,2026-02,NSS-DC01,Windows Server 2022,Domain Controller,61.66,33.42,66.58,75.68,24.32,99.7582,0,Healthy
2026-02-01T19:00,2026-02-01,2026-02,NSS-DC01,Windows Server 2022,Domain Controller,45.58,77.16,22.84,71.54,28.46,99.8303,0,Healthy
2026-06-08T00:00,2026-06-08,2026-06,NSS-DC01,Windows Server 2022,Domain Controller,38.07,50.51,49.49,73.17,26.83,99.7646,0,Healthy
2026-06-28T10:00,2026-06-28,2026-06,NSS-DC02,Windows Server 2022,Domain Controller,25.65,53.42,46.58,51.17,48.83,99.8586,0,Healthy
2026-07-26T16:00,2026-07-26,2026-07,NSS-LINUX-APP01,Ubuntu 24.04,Application Server,23.01,65.79,34.21,54.07,45.93,99.8932,0,Healthy
2026-01-11T08:00,2026-01-11,2026-01,NSS-LINUX-APP01,Ubuntu 24.04,Application Server,23.08,39.01,60.99,71.88,28.12,99.9125,0,Healthy
2026-07-15T10:00,2026-07-15,2026-07,NSS-FILE01,Windows Server 2022,File Server,10.59,64.36,35.64,51.97,48.03,99.7976,0,Healthy
2026-06-07T01:00,2026-06-07,2026-06,NSS-FILE01,Windows Server 2022,File Server,28.89,45.52,54.48,73.13,26.87,99.9109,0,Healthy
2026-03-07T14:00,2026-03-07,2026-03,NSS-MON01,Ubuntu 24.04,Monitoring Server,32.11,57.34,42.66,84.0,16.0,99.8397,0,Warning
2026-06-20T04:00,2026-06-20,2026-06,NSS-LINUX-DB01,Rocky Linux 9,Database Server,22.74,60.9,39.1,80.94,19.06,99.8429,0,Warning
2026-03-08T02:00,2026-03-08,2026-03,NSS-DC02,Windows Server 2022,Domain Controller,36.03,91.68,8.32,60.4,39.6,99.8823,1,Critical
2026-05-11T14:00,2026-05-11,2026-05,NSS-FILE01,Windows Server 2022,File Server,51.56,38.25,61.75,58.83,41.17,99.8436,0,Healthy
2026-02-20T09:00,2026-02-20,2026-02,NSS-FILE01,Windows Server 2022,File Server,32.66,75.07,24.93,74.32,25.68,99.9447,0,Healthy
2026-07-08T23:00,2026-07-08,2026-07,NSS-FILE01,Windows Server 2022,File Server,16.93,37.61,62.39,49.77,50.23,99.7979,0,Healthy
2026-02-25T08:00,2026-02-25,2026-02,NSS-LINUX-APP01,Ubuntu 24.04,Application Server,23.93,50.47,49.53,50.63,49.37,99.7973,0,Healthy
2026-05-05T21:00,2026-05-05,2026-05,NSS-DC02,Windows Server 2022,Domain Controller,23.11,55.37,44.63,52.7,47.3,99.8158,0,Healthy
2026-01-18T02:00,2026-01-18,2026-01,NSS-DC01,Windows Server 2022,Domain Controller,16.87,62.72,37.28,52.95,47.05,99.9395,0,Healthy
2026-04-30T04:00,2026-04-30,2026-04,NSS-FILE01,Windows Server 2022,File Server,49.49,49.92,50.08,67.41,32.59,99.8798,0,Healthy
2026-07-11T14:00,2026-07-11,2026-07,NSS-DC01,Windows Server 2022,Domain Controller,36.97,48.12,51.88,70.55,29.45,99.8425,0,Healthy
2026-02-07T12:00,2026-02-07,2026-02,NSS-MON01,Ubuntu 24.04,Monitoring Server,42.77,72.43,27.57,70.9,29.1,99.772,0,Healthy
2026-03-09T07:00,2026-03-09,2026-03,NSS-DC02,Windows Server 2022,Domain Controller,27.27,46.94,53.06,75.39,24.61,99.9262,0,Healthy
2026-06-03T23:00,2026-06-03,2026-06,NSS-DC02,Windows Server 2022,Domain Controller,47.63,56.41,43.59,67.57,32.43,99.8011,0,Healthy
2026-04-11T11:00,2026-04-11,2026-04,NSS-FILE01,Windows Server 2022,File Server,47.62,41.03,58.97,70.41,29.59,99.9752,0,Healthy
2026-07-13T15:00,2026-07-13,2026-07,NSS-FILE01,Windows Server 2022,File Server,46.52,38.24,61.76,40.76,59.24,99.7682,0,Healthy
2026-06-19T14:00,2026-06-19,2026-06,NSS-LINUX-DB01,Rocky Linux 9,Database Server,39.81,64.52,35.48,87.92,12.08,99.8231,1,Warning
2026-02-17T07:00,2026-02-17,2026-02,NSS-APP01,Windows Server 2022,Application Server,38.62,55.43,44.57,59.8,40.2,99.8262,0,Healthy
2026-07-29T12:00,2026-07-29,2026-07,NSS-FILE01,Windows Server 2022,File Server,30.18,38.49,61.51,48.89,51.11,99.8704,0,Healthy
2026-04-24T10:00,2026-04-24,2026-04,NSS-MON01,Ubuntu 24.04,Monitoring Server,31.56,42.88,57.12,88.92,11.08,99.8158,1,Warning
2026-01-04T09:00,2026-01-04,2026-01,NSS-FILE01,Windows Server 2022,File Server,36.24,58.45,41.55,52.01,47.99,99.834,0,Healthy
2026-01-05T21:00,2026-01-05,2026-01,NSS-MON01,Ubuntu 24.04,Monitoring Server,8.96,48.57,51.43,53.39,46.61,99.8637,0,Healthy
2026-03-23T17:00,2026-03-23,2026-03,NSS-FILE01,Windows Server 2022,File Server,4.79,71.57,28.43,71.3,28.7,99.9044,0,Healthy
2026-02-13T01:00,2026-02-13,2026-02,NSS-DC02,Windows Server 2022,Domain Controller,15.83,48.68,51.32,52.23,47.77,99.8774,0,Healthy
2026-07-01T12:00,2026-07-01,2026-07,NSS-FILE01,Windows Server 2022,File Server,34.23,39.32,60.68,56.01,43.99,99.8924,0,Healthy
2026-04-01T01:00,2026-04-01,2026-04,NSS-LINUX-APP01,Ubuntu 24.04,Application Server,26.49,39.81,60.19,50.45,49.55,99.9904,0,Healthy
2026-03-30T10:00,2026-03-30,2026-03,NSS-DC02,Windows Server 2022,Domain Controller,2.0,52.87,47.13,44.11,55.89,99.827,0,Healthy
2026-06-12T06:00,2026-06-12,2026-06,NSS-MON01,Ubuntu 24.04,Monitoring Server,2.0,36.5,63.5,62.34,37.66,99.9967,0,Healthy
2026-06-20T17:00,2026-06-20,2026-06,NSS-APP01,Windows Server 2022,Application Server,41.79,59.62,40.38,45.24,54.76,99.9783,0,Healthy
2026-04-21T13:00,2026-04-21,2026-04,NSS-LINUX-APP01,Ubuntu 24.04,Application Server,21.71,60.87,39.13,57.89,42.11,99.8265,0,Healthy
2026-02-10T16:00,2026-02-10,2026-02,NSS-APP01,Windows Server 2022,Application Server,27.33,65.05,34.95,53.89,46.11,99.8859,0,Healthy
2026-03-14T13:00,2026-03-14,2026-03,NSS-FILE01,Windows Server 2022,File Server,8.72,63.1,36.9,49.1,50.9,99.898,0,Healthy
2026-06-12T17:00,2026-06-12,2026-06,NSS-LINUX-DB01,Rocky Linux 9,Database Server,2.0,48.81,51.19,45.02,54.98,99.9626,0,Healthy
2026-01-11T05:00,2026-01-11,2026-01,NSS-LINUX-DB01,Rocky Linux 9,Database Server,33.36,78.99,21.01,48.13,51.87,99.8675,0,Healthy
2026-02-13T18:00,2026-02-13,2026-02,NSS-FILE01,Windows Server 2022,File Server,12.67,58.85,41.15,19.05,80.95,99.9103,0,Healthy
2026-05-23T01:00,2026-05-23,2026-05,NSS-APP01,Windows Server 2022,Application Server,21.43,54.62,45.38,69.67,30.33,99.7752,0,Healthy
2026-01-07T17:00,2026-01-07,2026-01,NSS-LINUX-APP01,Ubuntu 24.04,Application Server,19.02,51.14,48.86,56.1,43.9,99.9415,0,Healthy
2026-05-13T19:00,2026-05-13,2026-05,NSS-APP01,Windows Server 2022,Application Server,24.31,35.39,64.61,66.89,33.11,99.8392,0,Healthy
2026-03-20T15:00,2026-03-20,2026-03,NSS-DC02,Windows Server 2022,Domain Controller,18.82,40.06,59.94,73.5,26.5,99.8635,0,Healthy
2026-07-14T22:00,2026-07-14,2026-07,NSS-MON01,Ubuntu 24.04,Monitoring Server,2.0,46.95,53.05,65.98,34.02,99.8182,0,Healthy
2026-05-17T17:00,2026-05-17,2026-05,NSS-LINUX-DB01,Rocky Linux 9,Database Server,20.76,54.07,45.93,48.17,51.83,99.8522,0,Healthy
2026-07-21T17:00,2026-07-21,2026-07,NSS-FILE01,Windows Server 2022,File Server,43.59,20.7,79.3,85.56,14.44,99.9525,1,Warning
2026-03-11T05:00,2026-03-11,2026-03,NSS-APP01,Windows Server 2022,Application Server,33.41,58.18,41.82,41.9,58.1,99.7831,0,Healthy
2026-06-20T11:00,2026-06-20,2026-06,NSS-MON01,Ubuntu 24.04,Monitoring Server,40.54,59.9,40.1,35.59,64.41,99.9841,0,Healthy
2026-04-19T17:00,2026-04-19,2026-04,NSS-LINUX-APP01,Ubuntu 24.04,Application Server,42.64,40.26,59.74,55.32,44.68,99.8673,0,Healthy
2026-05-29T02:00,2026-05-29,2026-05,NSS-APP01,Windows Server 2022,Application Server,25.06,58.3,41.7,55.75,44.25,99.988,0,Healthy
2026-03-08T21:00,2026-03-08,2026-03,NSS-FILE01,Windows Server 2022,File Server,23.62,50.19,49.81,51.0,49.0,99.7963,0,Healthy
2026-03-30T22:00,2026-03-30,2026-03,NSS-APP01,Windows Server 2022,Application Server,9.04,63.89,36.11,34.97,65.03,99.834,0,Healthy
2026-04-03T18:00,2026-04-03,2026-04,NSS-DC02,Windows Server 2022,Domain Controller,19.17,66.11,33.89,56.27,43.73,99.8077,0,Healthy
2026-07-03T11:00,2026-07-03,2026-07,NSS-DC02,Windows Server 2022,Domain Controller,20.76,56.92,43.08,61.39,38.61,99.8985,0,Healthy
2026-02-14T21:00,2026-02-14,2026-02,NSS-LINUX-DB01,Rocky Linux 9,Database Server,9.19,47.1,52.9,46.3,53.7,99.8051,0,Healthy
2026-02-26T23:00,2026-02-26,2026-02,NSS-DC01,Windows Server 2022,Domain Controller,46.84,98.0,2.0,25.61,74.39,99.9049,1,Critical
2026-02-09T07:00,2026-02-09,2026-02,NSS-MON01,Ubuntu 24.04,Monitoring Server,22.42,52.92,47.08,45.7,54.3,99.92,0,Healthy
2026-05-21T02:00,2026-05-21,2026-05,NSS-FILE01,Windows Server 2022,File Server,33.67,92.68,7.32,55.43,44.57,99.997,1,Critical
2026-06-11T12:00,2026-06-11,2026-06,NSS-FILE01,Windows Server 2022,File Server,28.24,25.61,74.39,59.64,40.36,99.7677,0,Healthy
2026-07-28T04:00,2026-07-28,2026-07,NSS-LINUX-APP01,Ubuntu 24.04,Application Server,37.72,51.59,48.41,42.67,57.33,99.8598,0,Healthy
2026-02-24T20:00,2026-02-24,2026-02,NSS-APP01,Windows Server 2022,Application Server,13.84,54.43,45.57,72.35,27.65,99.9646,0,Healthy
2026-06-16T11:00,2026-06-16,2026-06,NSS-LINUX-APP01,Ubuntu 24.04,Application Server,47.49,43.96,56.04,62.38,37.62,99.9389,0,Healthy
2026-02-13T16:00,2026-02-13,2026-02,NSS-MON01,Ubuntu 24.04,Monitoring Server,36.53,44.64,55.36,87.68,12.32,99.9163,1,Warning
2026-03-14T19:00,2026-03-14,2026-03,NSS-MON01,Ubuntu 24.04,Monitoring Server,28.25,43.76,56.24,63.94,36.06,99.9491,0,Healthy
2026-07-23T16:00,2026-07-23,2026-07,NSS-DC02,Windows Server 2022,Domain Controller,5.11,40.16,59.84,59.6,40.4,99.9871,0,Healthy
2026-01-02T22:00,2026-01-02,2026-01,NSS-LINUX-DB01,Rocky Linux 9,Database Server,16.18,52.3,47.7,60.52,39.48,99.8631,0,Healthy
2026-05-30T02:00,2026-05-30,2026-05,NSS-MON01,Ubuntu 24.04,Monitoring Server,36.25,36.67,63.33,63.84,36.16,99.9512,0,Healthy
2026-03-09T04:00,2026-03-09,2026-03,NSS-DC01,Windows Server 2022,Domain Controller,30.05,78.3,21.7,47.37,52.63,99.8937,0,Healthy
2026-04-12T09:00,2026-04-12,2026-04,NSS-FILE01,Windows Server 2022,File Server,59.79,66.31,33.69,52.99,47.01,99.9837,0,Healthy
2026-04-29T13:00,2026-04-29,2026-04,NSS-MON01,Ubuntu 24.04,Monitoring Server,13.35,51.59,48.41,37.81,62.19,99.9564,0,Healthy
2026-06-01T09:00,2026-06-01,2026-06,NSS-DC01,Windows Server 2022,Domain Controller,33.55,83.62,16.38,40.47,59.53,99.8382,0,Warning
2026-04-24T20:00,2026-04-24,2026-04,NSS-DC02,Windows Server 2022,Domain Controller,32.3,33.2,66.8,89.65,10.35,99.9469,1,Warning
2026-03-02T23:00,2026-03-02,2026-03,NSS-LINUX-APP01,Ubuntu 24.04,Application Server,25.49,60.04,39.96,39.22,60.78,99.8248,0,Healthy
2026-03-20T18:00,2026-03-20,2026-03,NSS-LINUX-APP01,Ubuntu 24.04,Application Server,29.17,81.56,18.44,54.17,45.83,99.8925,0,Warning
2026-01-29T21:00,2026-01-29,2026-01,NSS-MON01,Ubuntu 24.04,Monitoring Server,29.28,67.6,32.4,84.9,15.1,99.7586,0,Warning
2026-04-08T04:00,2026-04-08,2026-04,NSS-DC01,Windows Server 2022,Domain Controller,27.73,58.74,41.26,48.86,51.14,99.8751,0,Healthy
2026-01-02T23:00,2026-01-02,2026-01,NSS-DC02,Windows Server 2022,Domain Controller,36.96,47.78,52.22,67.4,32.6,99.83,0,Healthy
2026-04-20T13:00,2026-04-20,2026-04,NSS-MON01,Ubuntu 24.04,Monitoring Server,38.18,42.9,57.1,45.39,54.61,99.8615,0,Healthy
2026-06-03T14:00,2026-06-03,2026-06,NSS-FILE01,Windows Server 2022,File Server,48.11,55.39,44.61,60.11,39.89,99.8778,0,Healthy
2026-01-27T08:00,2026-01-27,2026-01,NSS-MON01,Ubuntu 24.04,Monitoring Server,18.32,73.87,26.13,59.54,40.46,99.7501,0,Healthy
2026-04-09T22:00,2026-04-09,2026-04,NSS-APP01,Windows Server 2022,Application Server,10.3,78.38,21.62,95.0,5.0,99.9814,1,Critical
2026-04-09T12:00,2026-04-09,2026-04,NSS-LINUX-DB01,Rocky Linux 9,Database Server,46.16,51.27,48.73,67.26,32.74,99.78,0,Healthy
2026-04-01T01:00,2026-04-01,2026-04,NSS-DC01,Windows Server 2022,Domain Controller,31.5,50.85,49.15,65.43,34.57,99.7963,0,Healthy
2026-06-14T06:00,2026-06-14,2026-06,NSS-DC01,Windows Server 2022,Domain Controller,11.77,65.12,34.88,79.72,20.28,99.9493,0,Healthy
2026-06-20T13:00,2026-06-20,2026-06,NSS-LINUX-APP01,Ubuntu 24.04,Application Server,45.12,63.5,36.5,49.98,50.02,99.7762,0,Healthy
2026-06-19T08:00,2026-06-19,2026-06,NSS-DC01,Windows Server 2022,Domain Controller,25.79,64.28,35.72,50.8,49.2,99.7677,0,Healthy
2026-07-28T10:00,2026-07-28,2026-07,NSS-DC02,Windows Server 2022,Domain Controller,53.2,71.82,28.18,34.92,65.08,99.941,0,Healthy
2026-04-06T06:00,2026-04-06,2026-04,NSS-FILE01,Windows Server 2022,File Server,27.65,43.26,56.74,67.19,32.81,99.9423,0,Healthy
2026-07-25T00:00,2026-07-25,2026-07,NSS-LINUX-APP01,Ubuntu 24.04,Application Server,43.08,36.41,63.59,58.07,41.93,99.9751,0,Healthy
2026-02-16T06:00,2026-02-16,2026-02,NSS-DC01,Windows Server 2022,Domain Controller,37.67,73.02,26.98,26.22,73.78,99.928,0,Healthy
2026-02-05T23:00,2026-02-05,2026-02,NSS-LINUX-APP01,Ubuntu 24.04,Application Server,46.82,48.42,51.58,79.23,20.77,99.9984,0,Healthy
2026-02-04T17:00,2026-02-04,2026-02,NSS-FILE01,Windows Server 2022,File Server,68.52,45.55,54.45,86.2,13.8,99.761,1,Warning
2026-02-10T01:00,2026-02-10,2026-02,NSS-APP01,Windows Server 2022,Application Server,35.1,52.12,47.88,41.61,58.39,99.9054,0,Healthy
2026-05-04T07:00,2026-05-04,2026-05,NSS-APP01,Windows Server 2022,Application Server,14.76,67.74,32.26,78.79,21.21,99.8277,0,Healthy
2026-06-12T03:00,2026-06-12,2026-06,NSS-MON01,Ubuntu 24.04,Monitoring Server,41.09,36.45,63.55,56.82,43.18,99.8224,0,Healthy
2026-04-20T20:00,2026-04-20,2026-04,NSS-APP01,Windows Server 2022,Application Server,35.83,80.51,19.49,53.21,46.79,99.9116,0,Warning
2026-07-23T03:00,2026-07-23,2026-07,NSS-LINUX-APP01,Ubuntu 24.04,Application Server,18.22,54.42,45.58,58.95,41.05,99.758,0,Healthy
2026-04-05T02:00,2026-04-05,2026-04,NSS-LINUX-APP01,Ubuntu 24.04,Application Server,30.96,86.58,13.42,56.09,43.91,99.8913,0,Warning
2026-05-04T08:00,2026-05-04,2026-05,NSS-APP01,Windows Server 2022,Application Server,42.38,59.43,40.57,69.46,30.54,99.9569,0,Healthy
2026-02-07T19:00,2026-02-07,2026-02,NSS-APP01,Windows Server 2022,Application Server,13.2,51.72,48.28,75.23,24.77,99.8731,0,Healthy
2026-06-21T00:00,2026-06-21,2026-06,NSS-DC01,Windows Server 2022,Domain Controller,26.37,60.07,39.93,62.58,37.42,99.9953,0,Healthy
2026-05-29T18:00,2026-05-29,2026-05,NSS-LINUX-APP01,Ubuntu 24.04,Application Server,59.05,38.11,61.89,64.43,35.57,99.893,0,Healthy
2026-04-17T01:00,2026-04-17,2026-04,NSS-DC02,Windows Server 2022,Domain Controller,16.23,40.49,59.51,80.74,19.26,99.9492,0,Warning
2026-02-08T22:00,2026-02-08,2026-02,NSS-DC01,Windows Server 2022,Domain Controller,52.55,60.29,39.71,75.28,24.72,99.7989,0,Healthy
2026-02-19T13:00,2026-02-19,2026-02,NSS-APP01,Windows Server 2022,Application Server,19.08,61.09,38.91,27.92,72.08,99.836,0,Healthy
2026-01-07T22:00,2026-01-07,2026-01,NSS-LINUX-DB01,Rocky Linux 9,Database Server,13.65,47.47,52.53,64.64,35.36,99.9887,0,Healthy
2026-04-29T23:00,2026-04-29,2026-04,NSS-APP01,Windows Server 2022,Application Server,46.93,82.51,17.49,68.32,31.68,99.9713,0,Warning
2026-02-28T17:00,2026-02-28,2026-02,NSS-MON01,Ubuntu 24.04,Monitoring Server,33.49,51.06,48.94,52.56,47.44,99.7607,0,Healthy
2026-04-25T14:00,2026-04-25,2026-04,NSS-APP01,Windows Server 2022,Application Server,49.7,40.14,59.86,87.98,12.02,99.7534,1,Warning
2026-05-30T20:00,2026-05-30,2026-05,NSS-APP01,Windows Server 2022,Application Server,28.43,70.37,29.63,57.08,42.92,99.8211,0,Healthy
2026-05-06T17:00,2026-05-06,2026-05,NSS-APP01,Windows Server 2022,Application Server,17.84,57.83,42.17,60.81,39.19,99.8461,0,Healthy
2026-02-09T18:00,2026-02-09,2026-02,NSS-APP01,Windows Server 2022,Application Server,30.27,22.31,77.69,71.85,28.15,99.9285,0,Healthy
2026-05-23T00:00,2026-05-23,2026-05,NSS-DC02,Windows Server 2022,Domain Controller,43.36,55.12,44.88,49.33,50.67,99.7926,0,Healthy
2026-04-22T17:00,2026-04-22,2026-04,NSS-LINUX-APP01,Ubuntu 24.04,Application Server,38.34,43.59,56.41,39.17,60.83,99.9673,0,Healthy
2026-03-14T02:00,2026-03-14,2026-03,NSS-MON01,Ubuntu 24.04,Monitoring Server,28.19,34.06,65.94,42.74,57.26,99.9213,0,Healthy
2026-03-15T01:00,2026-03-15,2026-03,NSS-LINUX-DB01,Rocky Linux 9,Database Server,36.26,23.85,76.15,34.31,65.69,99.8593,0,Healthy
2026-06-28T16:00,2026-06-28,2026-06,NSS-DC01,Windows Server 2022,Domain Controller,40.13,63.7,36.3,65.65,34.35,99.9177,0,Healthy
2026-05-02T21:00,2026-05-02,2026-05,NSS-LINUX-DB01,Rocky Linux 9,Database Server,41.68,66.25,33.75,77.05,22.95,99.9737,0,Healthy
2026-01-07T04:00,2026-01-07,2026-01,NSS-LINUX-APP01,Ubuntu 24.04,Application Server,35.56,75.37,24.63,57.37,42.63,99.7811,0,Healthy
2026-04-24T05:00,2026-04-24,2026-04,NSS-MON01,Ubuntu 24.04,Monitoring Server,16.87,40.83,59.17,92.55,7.45,99.8051,1,Critical
2026-03-28T00:00,2026-03-28,2026-03,NSS-LINUX-APP01,Ubuntu 24.04,Application Server,20.39,55.99,44.01,54.45,45.55,99.8511,0,Healthy
2026-03-09T01:00,2026-03-09,2026-03,NSS-LINUX-DB01,Rocky Linux 9,Database Server,38.33,56.07,43.93,68.72,31.28,99.9378,0,Healthy
2026-04-15T19:00,2026-04-15,2026-04,NSS-DC02,Windows Server 2022,Domain Controller,33.48,28.5,71.5,63.86,36.14,99.9917,0,Healthy
2026-05-07T05:00,2026-05-07,2026-05,NSS-DC02,Windows Server 2022,Domain Controller,13.6,38.51,61.49,64.92,35.08,99.7811,0,Healthy
2026-01-24T07:00,2026-01-24,2026-01,NSS-MON01,Ubuntu 24.04,Monitoring Server,2.0,71.43,28.57,52.76,47.24,99.9157,0,Healthy
2026-04-05T00:00,2026-04-05,2026-04,NSS-APP01,Windows Server 2022,Application Server,17.25,40.02,59.98,45.63,54.37,99.962,0,Healthy
2026-03-21T03:00,2026-03-21,2026-03,NSS-DC01,Windows Server 2022,Domain Controller,21.46,41.63,58.37,55.23,44.77,99.8637,0,Healthy
2026-06-02T11:00,2026-06-02,2026-06,NSS-LINUX-DB01,Rocky Linux 9,Database Server,19.66,44.62,55.38,75.16,24.84,99.7905,0,Healthy
2026-01-09T11:00,2026-01-09,2026-01,NSS-DC02,Windows Server 2022,Domain Controller,28.38,31.83,68.17,68.06,31.94,99.9982,0,Healthy
2026-07-23T06:00,2026-07-23,2026-07,NSS-MON01,Ubuntu 24.04,Monitoring Server,47.42,58.24,41.76,60.35,39.65,99.889,0,Healthy
2026-03-04T17:00,2026-03-04,2026-03,NSS-LINUX-DB01,Rocky Linux 9,Database Server,34.28,54.49,45.51,58.83,41.17,99.9706,0,Healthy
2026-01-28T08:00,2026-01-28,2026-01,NSS-APP01,Windows Server 2022,Application Server,25.6,54.99,45.01,80.76,19.24,99.9878,0,Warning
2026-01-02T16:00,2026-01-02,2026-01,NSS-LINUX-DB01,Rocky Linux 9,Database Server,48.4,40.71,59.29,62.96,37.04,99.7566,0,Healthy
2026-06-30T18:00,2026-06-30,2026-06,NSS-MON01,Ubuntu 24.04,Monitoring Server,23.0,50.38,49.62,46.76,53.24,99.8862,0,Healthy
2026-05-12T15:00,2026-05-12,2026-05,NSS-FILE01,Windows Server 2022,File Server,33.21,58.32,41.68,68.2,31.8,99.8026,0,Healthy
2026-01-22T12:00,2026-01-22,2026-01,NSS-APP01,Windows Server 2022,Application Server,31.44,47.93,52.07,64.16,35.84,99.7717,0,Healthy
2026-06-30T22:00,2026-06-30,2026-06,NSS-APP01,Windows Server 2022,Application Server,43.96,36.84,63.16,51.67,48.33,99.9859,0,Healthy
2026-04-27T21:00,2026-04-27,2026-04,NSS-LINUX-APP01,Ubuntu 24.04,Application Server,20.22,41.6,58.4,52.51,47.49,99.861,0,Healthy
2026-03-30T21:00,2026-03-30,2026-03,NSS-DC01,Windows Server 2022,Domain Controller,3.01,52.48,47.52,66.26,33.74,99.7654,0,Healthy
2026-06-04T03:00,2026-06-04,2026-06,NSS-DC01,Windows Server 2022,Domain Controller,20.62,61.76,38.24,80.16,19.84,99.9711,0,Warning
2026-05-05T00:00,2026-05-05,2026-05,NSS-LINUX-DB01,Rocky Linux 9,Database Server,22.78,51.0,49.0,34.26,65.74,99.7735,0,Healthy
2026-02-10T22:00,2026-02-10,2026-02,NSS-LINUX-DB01,Rocky Linux 9,Database Server,26.22,38.1,61.9,52.38,47.62,99.8501,0,Healthy
2026-06-04T23:00,2026-06-04,2026-06,NSS-LINUX-APP01,Ubuntu 24.04,Application Server,54.79,82.04,17.96,72.37,27.63,99.9851,0,Warning
2026-03-08T10:00,2026-03-08,2026-03,NSS-MON01,Ubuntu 24.04,Monitoring Server,31.46,56.25,43.75,67.36,32.64,99.7529,0,Healthy
2026-03-21T18:00,2026-03-21,2026-03,NSS-MON01,Ubuntu 24.04,Monitoring Server,37.97,70.44,29.56,52.98,47.02,99.9978,0,Healthy
2026-06-24T08:00,2026-06-24,2026-06,NSS-FILE01,Windows Server 2022,File Server,32.81,66.21,33.79,46.64,53.36,99.9361,0,Healthy
2026-04-23T23:00,2026-04-23,2026-04,NSS-DC01,Windows Server 2022,Domain Controller,37.46,67.25,32.75,68.11,31.89,99.8391,0,Healthy
2026-06-20T21:00,2026-06-20,2026-06,NSS-DC01,Windows Server 2022,Domain Controller,23.86,56.23,43.77,52.58,47.42,99.8753,0,Healthy
2026-03-08T08:00,2026-03-08,2026-03,NSS-FILE01,Windows Server 2022,File Server,28.76,61.22,38.78,62.85,37.15,99.7635,0,Healthy
2026-03-01T12:00,2026-03-01,2026-03,NSS-FILE01,Windows Server 2022,File Server,45.6,68.58,31.42,33.04,66.96,99.8627,0,Healthy
2026-04-10T03:00,2026-04-10,2026-04,NSS-APP01,Windows Server 2022,Application Server,33.16,26.61,73.39,88.84,11.16,99.8068,1,Warning
2026-01-26T04:00,2026-01-26,2026-01,NSS-LINUX-APP01,Ubuntu 24.04,Application Server,22.82,54.05,45.95,62.12,37.88,99.7672,0,Healthy
2026-02-14T00:00,2026-02-14,2026-02,NSS-LINUX-DB01,Rocky Linux 9,Database Server,17.98,52.18,47.82,51.44,48.56,99.8158,0,Healthy
2026-06-01T13:00,2026-06-01,2026-06,NSS-MON01,Ubuntu 24.04,Monitoring Server,8.65,51.43,48.57,66.59,33.41,99.8625,0,Healthy
2026-04-17T03:00,2026-04-17,2026-04,NSS-APP01,Windows Server 2022,Application Server,21.85,62.78,37.22,48.39,51.61,99.7886,0,Healthy
2026-03-23T21:00,2026-03-23,2026-03,NSS-DC02,Windows Server 2022,Domain Controller,46.88,49.37,50.63,57.03,42.97,99.9065,0,Healthy
2026-02-05T19:00,2026-02-05,2026-02,NSS-APP01,Windows Server 2022,Application Server,16.88,55.61,44.39,49.65,50.35,99.87,0,Healthy
2026-05-01T22:00,2026-05-01,2026-05,NSS-DC02,Windows Server 2022,Domain Controller,37.6,67.36,32.64,50.69,49.31,99.9294,0,Healthy
2026-03-19T04:00,2026-03-19,2026-03,NSS-APP01,Windows Server 2022,Application Server,25.82,39.97,60.03,62.27,37.73,99.8116,0,Healthy
2026-05-09T17:00,2026-05-09,2026-05,NSS-LINUX-APP01,Ubuntu 24.04,Application Server,2.0,75.94,24.06,65.06,34.94,99.9731,0,Healthy
2026-07-23T20:00,2026-07-23,2026-07,NSS-LINUX-DB01,Rocky Linux 9,Database Server,2.0,55.14,44.86,86.91,13.09,99.9025,1,Warning
2026-03-04T18:00,2026-03-04,2026-03,NSS-LINUX-APP01,Ubuntu 24.04,Application Server,14.44,63.89,36.11,48.14,51.86,99.8288,0,Healthy
2026-02-23T07:00,2026-02-23,2026-02,NSS-DC02,Windows Server 2022,Domain Controller,38.68,55.77,44.23,50.87,49.13,99.9804,0,Healthy
2026-07-17T13:00,2026-07-17,2026-07,NSS-LINUX-DB01,Rocky Linux 9,Database Server,28.69,74.61,25.39,60.22,39.78,99.8904,0,Healthy
2026-07-14T08:00,2026-07-14,2026-07,NSS-MON01,Ubuntu 24.04,Monitoring Server,3.45,45.71,54.29,46.71,53.29,99.8756,0,Healthy
2026-01-14T23:00,2026-01-14,2026-01,NSS-APP01,Windows Server 2022,Application Server,16.02,70.69,29.31,81.22,18.78,99.8483,0,Warning
2026-06-03T13:00,2026-06-03,2026-06,NSS-APP01,Windows Server 2022,Application Server,24.25,58.14,41.86,68.69,31.31,99.9252,0,Healthy
2026-04-21T05:00,2026-04-21,2026-04,NSS-DC01,Windows Server 2022,Domain Controller,9.87,62.21,37.79,58.29,41.71,99.9059,0,Healthy
2026-05-10T06:00,2026-05-10,2026-05,NSS-DC01,Windows Server 2022,Domain Controller,22.37,61.55,38.45,65.51,34.49,99.8379,0,Healthy
2026-07-15T03:00,2026-07-15,2026-07,NSS-DC02,Windows Server 2022,Domain Controller,34.07,75.35,24.65,67.64,32.36,99.7672,0,Healthy
2026-03-19T15:00,2026-03-19,2026-03,NSS-DC02,Windows Server 2022,Domain Controller,46.12,74.75,25.25,59.15,40.85,99.9933,0,Healthy
2026-03-06T10:00,2026-03-06,2026-03,NSS-APP01,Windows Server 2022,Application Server,38.06,42.07,57.93,55.21,44.79,99.9637,0,Healthy
2026-05-07T15:00,2026-05-07,2026-05,NSS-APP01,Windows Server 2022,Application Server,2.0,67.92,32.08,50.68,49.32,99.8711,0,Healthy
2026-06-26T17:00,2026-06-26,2026-06,NSS-LINUX-APP01,Ubuntu 24.04,Application Server,28.67,35.31,64.69,26.63,73.37,99.7863,0,Healthy
2026-01-02T16:00,2026-01-02,2026-01,NSS-DC01,Windows Server 2022,Domain Controller,30.17,60.56,39.44,74.31,25.69,99.9238,0,Healthy
2026-05-25T22:00,2026-05-25,2026-05,NSS-MON01,Ubuntu 24.04,Monitoring Server,28.33,50.98,49.02,44.47,55.53,99.7876,0,Healthy
2026-05-19T14:00,2026-05-19,2026-05,NSS-DC02,Windows Server 2022,Domain Controller,14.71,61.19,38.81,61.83,38.17,99.8166,0,Healthy
2026-06-22T21:00,2026-06-22,2026-06,NSS-APP01,Windows Server 2022,Application Server,30.85,48.23,51.77,44.82,55.18,99.955,0,Healthy
2026-06-12T17:00,2026-06-12,2026-06,NSS-LINUX-APP01,Ubuntu 24.04,Application Server,9.93,58.16,41.84,40.11,59.89,99.81,0,Healthy
2026-06-09T11:00,2026-06-09,2026-06,NSS-LINUX-APP01,Ubuntu 24.04,Application Server,23.04,55.38,44.62,49.89,50.11,99.8005,0,Healthy
2026-04-27T23:00,2026-04-27,2026-04,NSS-DC02,Windows Server 2022,Domain Controller,2.0,56.41,43.59,33.31,66.69,99.9877,0,Healthy
2026-07-09T08:00,2026-07-09,2026-07,NSS-DC02,Windows Server 2022,Domain Controller,38.36,53.5,46.5,53.23,46.77,99.8919,0,Healthy
2026-02-13T13:00,2026-02-13,2026-02,NSS-DC01,Windows Server 2022,Domain Controller,16.76,38.63,61.37,67.72,32.28,99.7817,0,Healthy
2026-02-12T01:00,2026-02-12,2026-02,NSS-MON01,Ubuntu 24.04,Monitoring Server,40.79,59.43,40.57,52.71,47.29,99.8779,0,Healthy
2026-05-29T17:00,2026-05-29,2026-05,NSS-MON01,Ubuntu 24.04,Monitoring Server,57.44,53.31,46.69,43.54,56.46,99.9028,0,Healthy
2026-03-01T19:00,2026-03-01,2026-03,NSS-FILE01,Windows Server 2022,File Server,23.53,45.57,54.43,62.24,37.76,99.9468,0,Healthy
2026-07-02T13:00,2026-07-02,2026-07,NSS-FILE01,Windows Server 2022,File Server,36.33,64.24,35.76,93.63,6.37,99.87,1,Critical
2026-01-20T20:00,2026-01-20,2026-01,NSS-MON01,Ubuntu 24.04,Monitoring Server,18.48,68.53,31.47,60.21,39.79,99.8452,0,Healthy
2026-02-28T16:00,2026-02-28,2026-02,NSS-DC01,Windows Server 2022,Domain Controller,61.22,61.95,38.05,56.71,43.29,99.9685,0,Healthy
2026-05-22T01:00,2026-05-22,2026-05,NSS-APP01,Windows Server 2022,Application Server,27.45,46.75,53.25,33.22,66.78,99.8646,0,Healthy
2026-05-16T06:00,2026-05-16,2026-05,NSS-DC02,Windows Server 2022,Domain Controller,26.64,72.01,27.99,62.73,37.27,99.9361,0,Healthy
2026-04-02T18:00,2026-04-02,2026-04,NSS-APP01,Windows Server 2022,Application Server,20.79,47.34,52.66,65.22,34.78,99.7583,0,Healthy
2026-01-12T13:00,2026-01-12,2026-01,NSS-DC02,Windows Server 2022,Domain Controller,40.2,35.03,64.97,45.97,54.03,99.7729,0,Healthy
2026-05-31T18:00,2026-05-31,2026-05,NSS-APP01,Windows Server 2022,Application Server,20.38,33.31,66.69,88.9,11.1,99.8957,1,Warning
2026-02-07T07:00,2026-02-07,2026-02,NSS-DC01,Windows Server 2022,Domain Controller,11.73,88.12,11.88,54.28,45.72,99.7958,0,Warning
2026-03-17T07:00,2026-03-17,2026-03,NSS-LINUX-APP01,Ubuntu 24.04,Application Server,38.72,45.9,54.1,95.0,5.0,99.9834,1,Critical
2026-04-16T13:00,2026-04-16,2026-04,NSS-DC02,Windows Server 2022,Domain Controller,28.53,56.91,43.09,67.85,32.15,99.8243,0,Healthy
2026-03-02T02:00,2026-03-02,2026-03,NSS-MON01,Ubuntu 24.04,Monitoring Server,26.93,48.95,51.05,66.05,33.95,99.8689,0,Healthy
2026-04-02T21:00,2026-04-02,2026-04,NSS-LINUX-APP01,Ubuntu 24.04,Application Server,51.06,44.1,55.9,63.52,36.48,99.861,0,Healthy
2026-02-21T17:00,2026-02-21,2026-02,NSS-DC01,Windows Server 2022,Domain Controller,20.78,52.54,47.46,20.65,79.35,99.9812,0,Healthy
2026-06-16T16:00,2026-06-16,2026-06,NSS-FILE01,Windows Server 2022,File Server,23.28,64.2,35.8,47.72,52.28,99.9745,0,Healthy
2026-02-21T23:00,2026-02-21,2026-02,NSS-FILE01,Windows Server 2022,File Server,16.97,61.24,38.76,28.28,71.72,99.9421,0,Healthy
2026-07-20T08:00,2026-07-20,2026-07,NSS-FILE01,Windows Server 2022,File Server,21.07,75.56,24.44,72.27,27.73,99.7678,0,Healthy
2026-01-14T01:00,2026-01-14,2026-01,NSS-LINUX-APP01,Ubuntu 24.04,Application Server,21.14,60.47,39.53,41.06,58.94,99.9112,0,Healthy
2026-05-17T16:00,2026-05-17,2026-05,NSS-APP01,Windows Server 2022,Application Server,18.34,65.19,34.81,69.54,30.46,99.9212,0,Healthy
2026-01-03T03:00,2026-01-03,2026-01,NSS-APP01,Windows Server 2022,Application Server,32.1,33.59,66.41,67.36,32.64,99.7568,0,Healthy
2026-07-24T10:00,2026-07-24,2026-07,NSS-LINUX-APP01,Ubuntu 24.04,Application Server,28.98,66.25,33.75,64.48,35.52,99.8896,0,Healthy
2026-07-02T01:00,2026-07-02,2026-07,NSS-LINUX-DB01,Rocky Linux 9,Database Server,50.87,50.09,49.91,61.29,38.71,99.858,0,Healthy
2026-03-05T21:00,2026-03-05,2026-03,NSS-DC02,Windows Server 2022,Domain Controller,37.07,50.25,49.75,61.83,38.17,99.9462,0,Healthy
2026-03-21T09:00,2026-03-21,2026-03,NSS-LINUX-DB01,Rocky Linux 9,Database Server,33.79,60.68,39.32,70.97,29.03,99.7725,0,Healthy
2026-03-10T08:00,2026-03-10,2026-03,NSS-DC02,Windows Server 2022,Domain Controller,32.09,67.25,32.75,66.65,33.35,99.9306,0,Healthy
2026-02-11T16:00,2026-02-11,2026-02,NSS-DC02,Windows Server 2022,Domain Controller,26.32,37.41,62.59,54.64,45.36,99.7887,0,Healthy
2026-05-28T11:00,2026-05-28,2026-05,NSS-DC02,Windows Server 2022,Domain Controller,24.04,54.24,45.76,36.32,63.68,99.9994,0,Healthy
2026-02-23T17:00,2026-02-23,2026-02,NSS-DC01,Windows Server 2022,Domain Controller,34.99,55.26,44.74,72.39,27.61,99.7998,0,Healthy
2026-05-17T21:00,2026-05-17,2026-05,NSS-APP01,Windows Server 2022,Application Server,24.53,57.29,42.71,49.39,50.61,99.8135,0,Healthy
2026-02-14T04:00,2026-02-14,2026-02,NSS-LINUX-APP01,Ubuntu 24.04,Application Server,15.76,34.42,65.58,56.37,43.63,99.912,0,Healthy
2026-02-07T08:00,2026-02-07,2026-02,NSS-FILE01,Windows Server 2022,File Server,33.83,45.79,54.21,85.56,14.44,99.9251,1,Warning
2026-02-09T02:00,2026-02-09,2026-02,NSS-FILE01,Windows Server 2022,File Server,2.0,59.94,40.06,45.61,54.39,99.9172,0,Healthy
2026-07-06T20:00,2026-07-06,2026-07,NSS-DC01,Windows Server 2022,Domain Controller,37.81,44.65,55.35,56.59,43.41,99.9638,0,Healthy
2026-06-24T09:00,2026-06-24,2026-06,NSS-MON01,Ubuntu 24.04,Monitoring Server,31.87,63.72,36.28,64.92,35.08,99.8754,0,Healthy
2026-07-29T10:00,2026-07-29,2026-07,NSS-MON01,Ubuntu 24.04,Monitoring Server,29.0,48.8,51.2,72.42,27.58,99.9986,0,Healthy
2026-01-21T17:00,2026-01-21,2026-01,NSS-LINUX-DB01,Rocky Linux 9,Database Server,19.81,41.09,58.91,95.0,5.0,99.9622,1,Critical
2026-03-15T07:00,2026-03-15,2026-03,NSS-MON01,Ubuntu 24.04,Monitoring Server,17.39,74.12,25.88,89.03,10.97,99.7533,1,Warning
2026-01-07T12:00,2026-01-07,2026-01,NSS-DC01,Windows Server 2022,Domain Controller,20.52,67.42,32.58,74.67,25.33,99.8009,0,Healthy
2026-05-26T01:00,2026-05-26,2026-05,NSS-DC02,Windows Server 2022,Domain Controller,24.24,60.42,39.58,93.57,6.43,99.9664,1,Critical
2026-03-03T15:00,2026-03-03,2026-03,NSS-DC01,Windows Server 2022,Domain Controller,35.61,73.57,26.43,49.07,50.93,99.9025,0,Healthy
2026-07-24T18:00,2026-07-24,2026-07,NSS-APP01,Windows Server 2022,Application Server,20.69,62.6,37.4,71.83,28.17,99.9536,0,Healthy
2026-01-02T03:00,2026-01-02,2026-01,NSS-DC01,Windows Server 2022,Domain Controller,18.48,39.49,60.51,87.53,12.47,99.9113,1,Warning
2026-06-09T04:00,2026-06-09,2026-06,NSS-APP01,Windows Server 2022,Application Server,48.95,50.02,49.98,48.49,51.51,99.8224,0,Healthy
2026-02-09T20:00,2026-02-09,2026-02,NSS-FILE01,Windows Server 2022,File Server,21.42,45.49,54.51,61.06,38.94,99.771,0,Healthy
2026-02-19T13:00,2026-02-19,2026-02,NSS-APP01,Windows Server 2022,Application Server,45.3,56.51,43.49,40.1,59.9,99.893,0,Healthy
2026-04-30T14:00,2026-04-30,2026-04,NSS-APP01,Windows Server 2022,Application Server,22.34,51.14,48.86,53.95,46.05,99.9078,0,Healthy
2026-04-07T20:00,2026-04-07,2026-04,NSS-DC01,Windows Server 2022,Domain Controller,2.0,46.54,53.46,54.24,45.76,99.9746,0,Healthy
2026-02-11T06:00,2026-02-11,2026-02,NSS-DC01,Windows Server 2022,Domain Controller,19.05,35.23,64.77,49.65,50.35,99.9467,0,Healthy
2026-05-23T14:00,2026-05-23,2026-05,NSS-DC01,Windows Server 2022,Domain Controller,12.47,56.8,43.2,68.41,31.59,99.8351,0,Healthy
2026-01-07T10:00,2026-01-07,2026-01,NSS-LINUX-DB01,Rocky Linux 9,Database Server,23.85,61.68,38.32,51.0,49.0,99.96,0,Healthy
2026-07-06T23:00,2026-07-06,2026-07,NSS-DC01,Windows Server 2022,Domain Controller,36.57,57.49,42.51,70.88,29.12,99.7918,0,Healthy
2026-04-10T21:00,2026-04-10,2026-04,NSS-LINUX-APP01,Ubuntu 24.04,Application Server,27.14,18.2,81.8,72.17,27.83,99.9709,0,Healthy
2026-03-01T12:00,2026-03-01,2026-03,NSS-FILE01,Windows Server 2022,File Server,8.41,46.61,53.39,56.32,43.68,99.7899,0,Healthy
2026-07-07T03:00,2026-07-07,2026-07,NSS-MON01,Ubuntu 24.04,Monitoring Server,49.0,84.82,15.18,53.57,46.43,99.7689,0,Warning
2026-06-17T06:00,2026-06-17,2026-06,NSS-MON01,Ubuntu 24.04,Monitoring Server,33.0,44.68,55.32,66.75,33.25,99.9687,0,Healthy
2026-07-18T14:00,2026-07-18,2026-07,NSS-LINUX-DB01,Rocky Linux 9,Database Server,23.49,48.31,51.69,58.99,41.01,99.8794,0,Healthy
2026-02-11T23:00,2026-02-11,2026-02,NSS-DC01,Windows Server 2022,Domain Controller,39.29,52.39,47.61,71.8,28.2,99.772,0,Healthy
2026-05-22T23:00,2026-05-22,2026-05,NSS-MON01,Ubuntu 24.04,Monitoring Server,33.25,50.79,49.21,68.74,31.26,99.7634,0,Healthy
2026-05-12T00:00,2026-05-12,2026-05,NSS-APP01,Windows Server 2022,Application Server,17.25,77.07,22.93,57.55,42.45,99.9464,0,Healthy
2026-04-27T13:00,2026-04-27,2026-04,NSS-DC01,Windows Server 2022,Domain Controller,42.08,26.51,73.49,51.04,48.96,99.8613,0,Healthy
2026-05-05T13:00,2026-05-05,2026-05,NSS-FILE01,Windows Server 2022,File Server,6.72,53.58,46.42,64.6,35.4,99.7822,0,Healthy
2026-06-17T14:00,2026-06-17,2026-06,NSS-LINUX-APP01,Ubuntu 24.04,Application Server,20.79,41.88,58.12,66.52,33.48,99.8084,0,Healthy
2026-05-31T05:00,2026-05-31,2026-05,NSS-DC02,Windows Server 2022,Domain Controller,31.28,61.08,38.92,44.93,55.07,99.965,0,Healthy
2026-03-10T20:00,2026-03-10,2026-03,NSS-LINUX-APP01,Ubuntu 24.04,Application Server,40.02,50.61,49.39,90.97,9.03,99.7878,1,Critical
2026-05-03T09:00,2026-05-03,2026-05,NSS-DC01,Windows Server 2022,Domain Controller,19.48,48.19,51.81,51.6,48.4,99.8809,0,Healthy
2026-04-23T16:00,2026-04-23,2026-04,NSS-DC01,Windows Server 2022,Domain Controller,12.58,69.41,30.59,84.0,16.0,99.9184,0,Warning
2026-03-12T21:00,2026-03-12,2026-03,NSS-MON01,Ubuntu 24.04,Monitoring Server,55.32,74.18,25.82,55.79,44.21,99.9813,0,Healthy
2026-06-25T04:00,2026-06-25,2026-06,NSS-FILE01,Windows Server 2022,File Server,36.28,42.49,57.51,81.51,18.49,99.9101,0,Warning
2026-01-28T15:00,2026-01-28,2026-01,NSS-APP01,Windows Server 2022,Application Server,30.02,58.0,42.0,57.76,42.24,99.8333,0,Healthy
2026-01-27T00:00,2026-01-27,2026-01,NSS-DC01,Windows Server 2022,Domain Controller,23.0,63.82,36.18,46.62,53.38,99.8393,0,Healthy
2026-04-08T01:00,2026-04-08,2026-04,NSS-FILE01,Windows Server 2022,File Server,11.67,53.68,46.32,51.58,48.42,99.7768,0,Healthy
2026-07-09T20:00,2026-07-09,2026-07,NSS-FILE01,Windows Server 2022,File Server,28.84,90.23,9.77,53.62,46.38,99.8373,1,Critical
2026-05-23T04:00,2026-05-23,2026-05,NSS-MON01,Ubuntu 24.04,Monitoring Server,33.52,57.41,42.59,49.92,50.08,99.8882,0,Healthy
2026-01-08T09:00,2026-01-08,2026-01,NSS-DC01,Windows Server 2022,Domain Controller,13.9,68.08,31.92,40.88,59.12,99.8398,0,Healthy
2026-02-19T17:00,2026-02-19,2026-02,NSS-DC02,Windows Server 2022,Domain Controller,37.79,49.49,50.51,69.38,30.62,99.8205,0,Healthy
2026-01-03T21:00,2026-01-03,2026-01,NSS-FILE01,Windows Server 2022,File Server,29.74,47.76,52.24,86.61,13.39,99.8942,1,Warning
2026-04-11T23:00,2026-04-11,2026-04,NSS-LINUX-APP01,Ubuntu 24.04,Application Server,20.17,39.14,60.86,84.59,15.41,99.8325,0,Warning
2026-03-02T09:00,2026-03-02,2026-03,NSS-MON01,Ubuntu 24.04,Monitoring Server,58.52,56.43,43.57,63.81,36.19,99.9951,0,Healthy
2026-04-20T00:00,2026-04-20,2026-04,NSS-DC02,Windows Server 2022,Domain Controller,28.65,49.26,50.74,84.07,15.93,99.7793,0,Warning
2026-06-16T16:00,2026-06-16,2026-06,NSS-APP01,Windows Server 2022,Application Server,24.09,49.9,50.1,74.72,25.28,99.7546,0,Healthy
2026-02-15T04:00,2026-02-15,2026-02,NSS-FILE01,Windows Server 2022,File Server,24.72,28.33,71.67,64.65,35.35,99.8872,0,Healthy
2026-07-24T02:00,2026-07-24,2026-07,NSS-LINUX-APP01,Ubuntu 24.04,Application Server,13.55,33.54,66.46,64.61,35.39,99.8207,0,Healthy
2026-05-31T23:00,2026-05-31,2026-05,NSS-LINUX-APP01,Ubuntu 24.04,Application Server,38.41,46.94,53.06,88.48,11.52,99.9905,1,Warning
2026-07-25T08:00,2026-07-25,2026-07,NSS-LINUX-DB01,Rocky Linux 9,Database Server,43.96,32.77,67.23,57.41,42.59,99.856,0,Healthy
2026-04-29T14:00,2026-04-29,2026-04,NSS-DC02,Windows Server 2022,Domain Controller,9.03,27.31,72.69,56.13,43.87,99.972,0,Healthy
2026-04-16T01:00,2026-04-16,2026-04,NSS-DC01,Windows Server 2022,Domain Controller,37.67,35.24,64.76,62.28,37.72,99.955,0,Healthy
2026-01-05T21:00,2026-01-05,2026-01,NSS-DC01,Windows Server 2022,Domain Controller,32.78,37.23,62.77,58.17,41.83,99.9739,0,Healthy
2026-07-16T16:00,2026-07-16,2026-07,NSS-DC01,Windows Server 2022,Domain Controller,2.0,48.03,51.97,77.16,22.84,99.7812,0,Healthy
2026-01-04T13:00,2026-01-04,2026-01,NSS-MON01,Ubuntu 24.04,Monitoring Server,10.13,74.05,25.95,58.21,41.79,99.794,0,Healthy
2026-07-03T09:00,2026-07-03,2026-07,NSS-MON01,Ubuntu 24.04,Monitoring Server,17.44,74.38,25.62,62.19,37.81,99.9729,0,Healthy
2026-01-10T23:00,2026-01-10,2026-01,NSS-DC02,Windows Server 2022,Domain Controller,30.97,69.84,30.16,57.4,42.6,99.7869,0,Healthy
2026-03-30T19:00,2026-03-30,2026-03,NSS-LINUX-APP01,Ubuntu 24.04,Application Server,30.25,54.06,45.94,69.64,30.36,99.9726,0,Healthy
2026-02-07T19:00,2026-02-07,2026-02,NSS-DC02,Windows Server 2022,Domain Controller,32.17,65.66,34.34,78.1,21.9,99.8897,0,Healthy
2026-05-12T01:00,2026-05-12,2026-05,NSS-FILE01,Windows Server 2022,File Server,39.71,50.78,49.22,66.23,33.77,99.9079,0,Healthy
2026-06-04T17:00,2026-06-04,2026-06,NSS-APP01,Windows Server 2022,Application Server,48.83,41.99,58.01,52.49,47.51,99.7864,0,Healthy
2026-03-13T08:00,2026-03-13,2026-03,NSS-MON01,Ubuntu 24.04,Monitoring Server,28.16,76.7,23.3,69.98,30.02,99.7844,0,Healthy
2026-07-13T23:00,2026-07-13,2026-07,NSS-MON01,Ubuntu 24.04,Monitoring Server,48.06,53.6,46.4,59.81,40.19,99.995,0,Healthy
2026-03-28T18:00,2026-03-28,2026-03,NSS-DC02,Windows Server 2022,Domain Controller,34.21,54.91,45.09,67.59,32.41,99.9733,0,Healthy
2026-04-15T03:00,2026-04-15,2026-04,NSS-DC02,Windows Server 2022,Domain Controller,48.95,75.58,24.42,58.61,41.39,99.9037,0,Healthy
2026-03-17T05:00,2026-03-17,2026-03,NSS-LINUX-APP01,Ubuntu 24.04,Application Server,46.73,70.79,29.21,56.52,43.48,99.872,0,Healthy
2026-03-02T05:00,2026-03-02,2026-03,NSS-MON01,Ubuntu 24.04,Monitoring Server,17.92,68.27,31.73,42.68,57.32,99.8459,0,Healthy
2026-01-03T21:00,2026-01-03,2026-01,NSS-FILE01,Windows Server 2022,File Server,8.36,68.51,31.49,48.46,51.54,99.8041,0,Healthy
2026-01-19T06:00,2026-01-19,2026-01,NSS-APP01,Windows Server 2022,Application Server,17.88,46.62,53.38,45.92,54.08,99.8585,0,Healthy
2026-06-10T08:00,2026-06-10,2026-06,NSS-MON01,Ubuntu 24.04,Monitoring Server,54.64,48.67,51.33,53.04,46.96,99.9485,0,Healthy
2026-01-01T17:00,2026-01-01,2026-01,NSS-FILE01,Windows Server 2022,File Server,37.63,53.68,46.32,42.98,57.02,99.8347,0,Healthy
2026-05-03T14:00,2026-05-03,2026-05,NSS-LINUX-DB01,Rocky Linux 9,Database Server,19.53,64.75,35.25,63.25,36.75,99.9656,0,Healthy
2026-01-13T09:00,2026-01-13,2026-01,NSS-DC01,Windows Server 2022,Domain Controller,49.25,56.24,43.76,33.94,66.06,99.9381,0,Healthy
2026-06-17T16:00,2026-06-17,2026-06,NSS-MON01,Ubuntu 24.04,Monitoring Server,16.33,56.52,43.48,58.27,41.73,99.7643,0,Healthy
2026-01-04T22:00,2026-01-04,2026-01,NSS-LINUX-APP01,Ubuntu 24.04,Application Server,8.44,53.53,46.47,50.9,49.1,99.7573,0,Healthy
2026-05-30T22:00,2026-05-30,2026-05,NSS-MON01,Ubuntu 24.04,Monitoring Server,24.58,57.3,42.7,60.8,39.2,99.8807,0,Healthy
2026-02-10T08:00,2026-02-10,2026-02,NSS-LINUX-DB01,Rocky Linux 9,Database Server,35.37,58.22,41.78,58.23,41.77,99.899,0,Healthy
2026-02-12T15:00,2026-02-12,2026-02,NSS-APP01,Windows Server 2022,Application Server,37.4,50.17,49.83,55.57,44.43,99.8935,0,Healthy
2026-05-26T14:00,2026-05-26,2026-05,NSS-FILE01,Windows Server 2022,File Server,26.87,49.66,50.34,68.04,31.96,99.7985,0,Healthy
2026-06-17T16:00,2026-06-17,2026-06,NSS-DC01,Windows Server 2022,Domain Controller,44.72,43.79,56.21,60.8,39.2,99.9628,0,Healthy
2026-06-26T12:00,2026-06-26,2026-06,NSS-APP01,Windows Server 2022,Application Server,15.02,50.5,49.5,51.0,49.0,99.8048,0,Healthy
2026-05-07T17:00,2026-05-07,2026-05,NSS-FILE01,Windows Server 2022,File Server,17.03,54.55,45.45,95.0,5.0,99.9664,1,Critical
2026-05-07T00:00,2026-05-07,2026-05,NSS-LINUX-DB01,Rocky Linux 9,Database Server,20.63,58.1,41.9,75.69,24.31,99.8693,0,Healthy
2026-07-03T02:00,2026-07-03,2026-07,NSS-APP01,Windows Server 2022,Application Server,14.97,69.29,30.71,50.13,49.87,99.7568,0,Healthy
2026-04-25T06:00,2026-04-25,2026-04,NSS-LINUX-APP01,Ubuntu 24.04,Application Server,4.9,51.78,48.22,31.17,68.83,99.979,0,Healthy
2026-05-19T19:00,2026-05-19,2026-05,NSS-LINUX-APP01,Ubuntu 24.04,Application Server,43.69,44.48,55.52,59.76,40.24,99.8295,0,Healthy
2026-07-15T08:00,2026-07-15,2026-07,NSS-FILE01,Windows Server 2022,File Server,29.13,42.6,57.4,37.84,62.16,99.8765,0,Healthy
2026-01-11T01:00,2026-01-11,2026-01,NSS-APP01,Windows Server 2022,Application Server,48.23,68.45,31.55,68.55,31.45,99.7697,0,Healthy
2026-01-06T17:00,2026-01-06,2026-01,NSS-APP01,Windows Server 2022,Application Server,40.9,51.85,48.15,53.72,46.28,99.9862,0,Healthy
2026-04-10T14:00,2026-04-10,2026-04,NSS-LINUX-APP01,Ubuntu 24.04,Application Server,21.29,60.31,39.69,62.13,37.87,99.9011,0,Healthy
2026-02-17T07:00,2026-02-17,2026-02,NSS-DC01,Windows Server 2022,Domain Controller,38.42,86.75,13.25,62.23,37.77,99.8874,0,Warning
2026-06-10T10:00,2026-06-10,2026-06,NSS-DC02,Windows Server 2022,Domain Controller,34.14,39.24,60.76,48.2,51.8,99.9747,0,Healthy
2026-06-09T09:00,2026-06-09,2026-06,NSS-LINUX-APP01,Ubuntu 24.04,Application Server,40.2,64.54,35.46,57.5,42.5,99.9019,0,Healthy
2026-04-22T19:00,2026-04-22,2026-04,NSS-DC02,Windows Server 2022,Domain Controller,17.98,68.69,31.31,75.27,24.73,99.8813,0,Healthy
2026-05-24T22:00,2026-05-24,2026-05,NSS-LINUX-DB01,Rocky Linux 9,Database Server,32.84,42.87,57.13,25.66,74.34,99.9949,0,Healthy
2026-03-06T15:00,2026-03-06,2026-03,NSS-FILE01,Windows Server 2022,File Server,44.43,47.47,52.53,77.84,22.16,99.9794,0,Healthy
2026-04-09T14:00,2026-04-09,2026-04,NSS-LINUX-DB01,Rocky Linux 9,Database Server,2.0,26.94,73.06,47.87,52.13,99.9366,0,Healthy
2026-07-28T18:00,2026-07-28,2026-07,NSS-LINUX-APP01,Ubuntu 24.04,Application Server,9.26,66.97,33.03,58.02,41.98,99.9672,0,Healthy
2026-02-24T00:00,2026-02-24,2026-02,NSS-MON01,Ubuntu 24.04,Monitoring Server,19.53,77.5,22.5,40.12,59.88,99.7658,0,Healthy
2026-05-07T06:00,2026-05-07,2026-05,NSS-LINUX-DB01,Rocky Linux 9,Database Server,36.59,42.8,57.2,65.89,34.11,99.7502,0,Healthy
2026-03-05T05:00,2026-03-05,2026-03,NSS-LINUX-APP01,Ubuntu 24.04,Application Server,16.42,54.9,45.1,69.76,30.24,99.8104,0,Healthy
2026-04-11T15:00,2026-04-11,2026-04,NSS-MON01,Ubuntu 24.04,Monitoring Server,15.09,62.12,37.88,64.48,35.52,99.8414,0,Healthy
2026-03-03T22:00,2026-03-03,2026-03,NSS-FILE01,Windows Server 2022,File Server,26.15,62.01,37.99,73.33,26.67,99.872,0,Healthy
2026-01-20T02:00,2026-01-20,2026-01,NSS-LINUX-DB01,Rocky Linux 9,Database Server,39.21,61.68,38.32,84.61,15.39,99.7554,0,Warning
2026-02-20T01:00,2026-02-20,2026-02,NSS-LINUX-APP01,Ubuntu 24.04,Application Server,15.92,43.91,56.09,81.94,18.06,99.7748,0,Warning
2026-07-26T17:00,2026-07-26,2026-07,NSS-FILE01,Windows Server 2022,File Server,24.13,53.45,46.55,53.64,46.36,99.8749,0,Healthy
2026-07-08T10:00,2026-07-08,2026-07,NSS-DC01,Windows Server 2022,Domain Controller,61.52,57.87,42.13,34.36,65.64,99.8357,0,Healthy
2026-02-26T02:00,2026-02-26,2026-02,NSS-DC02,Windows Server 2022,Domain Controller,29.23,46.1,53.9,75.77,24.23,99.9107,0,Healthy
2026-07-07T12:00,2026-07-07,2026-07,NSS-DC01,Windows Server 2022,Domain Controller,16.56,57.05,42.95,51.88,48.12,99.964,0,Healthy
2026-02-23T18:00,2026-02-23,2026-02,NSS-LINUX-DB01,Rocky Linux 9,Database Server,30.13,40.26,59.74,94.37,5.63,99.946,1,Critical
2026-02-04T09:00,2026-02-04,2026-02,NSS-MON01,Ubuntu 24.04,Monitoring Server,8.13,61.42,38.58,34.46,65.54,99.8016,0,Healthy
2026-07-20T09:00,2026-07-20,2026-07,NSS-DC02,Windows Server 2022,Domain Controller,33.23,76.75,23.25,51.1,48.9,99.8226,0,Healthy
2026-02-16T16:00,2026-02-16,2026-02,NSS-MON01,Ubuntu 24.04,Monitoring Server,39.86,57.83,42.17,53.33,46.67,99.7643,0,Healthy
2026-03-11T02:00,2026-03-11,2026-03,NSS-LINUX-APP01,Ubuntu 24.04,Application Server,28.47,43.25,56.75,79.64,20.36,99.9611,0,Healthy
2026-07-02T03:00,2026-07-02,2026-07,NSS-DC01,Windows Server 2022,Domain Controller,34.37,54.94,45.06,51.55,48.45,99.9395,0,Healthy
2026-07-27T16:00,2026-07-27,2026-07,NSS-DC02,Windows Server 2022,Domain Controller,35.44,66.85,33.15,36.17,63.83,99.7725,0,Healthy
2026-02-05T20:00,2026-02-05,2026-02,NSS-DC02,Windows Server 2022,Domain Controller,51.56,63.21,36.79,47.3,52.7,99.9906,0,Healthy
2026-02-08T21:00,2026-02-08,2026-02,NSS-LINUX-DB01,Rocky Linux 9,Database Server,21.5,75.36,24.64,64.87,35.13,99.984,0,Healthy
2026-05-14T10:00,2026-05-14,2026-05,NSS-APP01,Windows Server 2022,Application Server,56.23,61.82,38.18,48.6,51.4,99.8373,0,Healthy
2026-04-04T02:00,2026-04-04,2026-04,NSS-LINUX-APP01,Ubuntu 24.04,Application Server,29.74,35.51,64.49,64.09,35.91,99.9183,0,Healthy
2026-05-06T11:00,2026-05-06,2026-05,NSS-LINUX-APP01,Ubuntu 24.04,Application Server,12.6,44.89,55.11,35.84,64.16,99.9161,0,Healthy
2026-01-26T21:00,2026-01-26,2026-01,NSS-MON01,Ubuntu 24.04,Monitoring Server,50.97,56.07,43.93,49.28,50.72,99.935,0,Healthy
2026-05-19T23:00,2026-05-19,2026-05,NSS-MON01,Ubuntu 24.04,Monitoring Server,29.3,62.26,37.74,70.9,29.1,99.8633,0,Healthy
2026-02-02T04:00,2026-02-02,2026-02,NSS-APP01,Windows Server 2022,Application Server,23.68,41.6,58.4,52.73,47.27,99.7708,0,Healthy
2026-01-21T10:00,2026-01-21,2026-01,NSS-FILE01,Windows Server 2022,File Server,17.64,29.66,70.34,64.97,35.03,99.978,0,Healthy
2026-04-28T21:00,2026-04-28,2026-04,NSS-DC02,Windows Server 2022,Domain Controller,32.41,42.95,57.05,52.22,47.78,99.8335,0,Healthy
2026-02-21T14:00,2026-02-21,2026-02,NSS-LINUX-APP01,Ubuntu 24.04,Application Server,39.26,58.81,41.19,64.46,35.54,99.8852,0,Healthy
2026-02-28T18:00,2026-02-28,2026-02,NSS-DC02,Windows Server 2022,Domain Controller,26.22,56.08,43.92,78.06,21.94,99.832,0,Healthy
2026-04-12T00:00,2026-04-12,2026-04,NSS-APP01,Windows Server 2022,Application Server,25.81,64.13,35.87,71.18,28.82,99.8311,0,Healthy
2026-05-25T17:00,2026-05-25,2026-05,NSS-DC02,Windows Server 2022,Domain Controller,41.55,57.22,42.78,65.67,34.33,99.8879,0,Healthy
2026-03-09T08:00,2026-03-09,2026-03,NSS-MON01,Ubuntu 24.04,Monitoring Server,2.0,57.01,42.99,48.43,51.57,99.9127,0,Healthy
2026-04-24T01:00,2026-04-24,2026-04,NSS-DC01,Windows Server 2022,Domain Controller,27.01,62.97,37.03,62.94,37.06,99.8749,0,Healthy
2026-03-18T12:00,2026-03-18,2026-03,NSS-LINUX-APP01,Ubuntu 24.04,Application Server,23.4,47.83,52.17,61.87,38.13,99.7949,0,Healthy
2026-06-01T06:00,2026-06-01,2026-06,NSS-DC02,Windows Server 2022,Domain Controller,33.6,67.99,32.01,59.23,40.77,99.7729,0,Healthy
2026-06-10T12:00,2026-06-10,2026-06,NSS-DC01,Windows Server 2022,Domain Controller,45.46,56.62,43.38,75.06,24.94,99.804,0,Healthy
2026-03-07T14:00,2026-03-07,2026-03,NSS-MON01,Ubuntu 24.04,Monitoring Server,30.66,52.75,47.25,77.01,22.99,99.8956,0,Healthy
2026-07-16T01:00,2026-07-16,2026-07,NSS-DC01,Windows Server 2022,Domain Controller,28.65,41.53,58.47,30.49,69.51,99.9821,0,Healthy
2026-01-08T08:00,2026-01-08,2026-01,NSS-APP01,Windows Server 2022,Application Server,38.37,39.8,60.2,53.47,46.53,99.9607,0,Healthy
2026-06-28T09:00,2026-06-28,2026-06,NSS-APP01,Windows Server 2022,Application Server,45.97,56.67,43.33,55.73,44.27,99.872,0,Healthy
2026-06-30T12:00,2026-06-30,2026-06,NSS-APP01,Windows Server 2022,Application Server,45.99,64.13,35.87,55.56,44.44,99.8285,0,Healthy
2026-06-23T18:00,2026-06-23,2026-06,NSS-DC02,Windows Server 2022,Domain Controller,27.25,76.57,23.43,66.95,33.05,99.9515,0,Healthy
2026-02-08T09:00,2026-02-08,2026-02,NSS-LINUX-APP01,Ubuntu 24.04,Application Server,37.56,37.94,62.06,45.52,54.48,99.8058,0,Healthy
2026-04-01T05:00,2026-04-01,2026-04,NSS-LINUX-DB01,Rocky Linux 9,Database Server,2.0,37.76,62.24,62.91,37.09,99.7982,0,Healthy
2026-01-22T14:00,2026-01-22,2026-01,NSS-DC01,Windows Server 2022,Domain Controller,41.31,68.66,31.34,42.78,57.22,99.9596,0,Healthy
2026-03-30T15:00,2026-03-30,2026-03,NSS-DC02,Windows Server 2022,Domain Controller,22.24,49.56,50.44,67.5,32.5,99.9114,0,Healthy
2026-05-02T16:00,2026-05-02,2026-05,NSS-LINUX-APP01,Ubuntu 24.04,Application Server,50.95,59.0,41.0,61.43,38.57,99.8264,0,Healthy
2026-01-14T23:00,2026-01-14,2026-01,NSS-FILE01,Windows Server 2022,File Server,12.02,65.29,34.71,72.54,27.46,99.7687,0,Healthy
2026-01-31T04:00,2026-01-31,2026-01,NSS-DC01,Windows Server 2022,Domain Controller,2.0,49.99,50.01,46.9,53.1,99.9051,0,Healthy
2026-02-21T14:00,2026-02-21,2026-02,NSS-DC02,Windows Server 2022,Domain Controller,16.31,69.85,30.15,47.71,52.29,99.7602,0,Healthy
2026-06-02T09:00,2026-06-02,2026-06,NSS-DC01,Windows Server 2022,Domain Controller,44.31,93.81,6.19,63.34,36.66,99.9112,1,Critical
2026-07-14T03:00,2026-07-14,2026-07,NSS-LINUX-DB01,Rocky Linux 9,Database Server,35.3,69.68,30.32,74.95,25.05,99.7601,0,Healthy
2026-05-18T23:00,2026-05-18,2026-05,NSS-DC02,Windows Server 2022,Domain Controller,42.83,73.96,26.04,70.05,29.95,99.9416,0,Healthy
2026-07-19T12:00,2026-07-19,2026-07,NSS-LINUX-DB01,Rocky Linux 9,Database Server,9.18,69.94,30.06,62.39,37.61,99.8165,0,Healthy
2026-01-15T12:00,2026-01-15,2026-01,NSS-MON01,Ubuntu 24.04,Monitoring Server,24.8,60.39,39.61,66.54,33.46,99.8164,0,Healthy
2026-02-19T18:00,2026-02-19,2026-02,NSS-DC01,Windows Server 2022,Domain Controller,21.75,42.5,57.5,41.31,58.69,99.9662,0,Healthy
2026-03-02T01:00,2026-03-02,2026-03,NSS-LINUX-DB01,Rocky Linux 9,Database Server,25.23,53.16,46.84,56.34,43.66,99.8649,0,Healthy
2026-01-30T18:00,2026-01-30,2026-01,NSS-MON01,Ubuntu 24.04,Monitoring Server,12.32,45.94,54.06,65.24,34.76,99.8128,0,Healthy
2026-02-03T21:00,2026-02-03,2026-02,NSS-LINUX-DB01,Rocky Linux 9,Database Server,11.47,29.99,70.01,52.02,47.98,99.7643,0,Healthy
2026-07-01T03:00,2026-07-01,2026-07,NSS-LINUX-DB01,Rocky Linux 9,Database Server,42.61,42.79,57.21,54.85,45.15,99.8847,0,Healthy
2026-04-02T07:00,2026-04-02,2026-04,NSS-APP01,Windows Server 2022,Application Server,30.31,40.38,59.62,71.63,28.37,99.9056,0,Healthy
2026-01-25T11:00,2026-01-25,2026-01,NSS-FILE01,Windows Server 2022,File Server,43.37,56.49,43.51,66.75,33.25,99.753,0,Healthy
2026-05-24T11:00,2026-05-24,2026-05,NSS-APP01,Windows Server 2022,Application Server,21.18,70.99,29.01,64.37,35.63,99.8805,0,Healthy
2026-07-01T03:00,2026-07-01,2026-07,NSS-APP01,Windows Server 2022,Application Server,27.04,46.43,53.57,29.24,70.76,99.8874,0,Healthy
2026-04-19T23:00,2026-04-19,2026-04,NSS-LINUX-DB01,Rocky Linux 9,Database Server,23.9,67.7,32.3,59.98,40.02,99.8307,0,Healthy
2026-02-01T23:00,2026-02-01,2026-02,NSS-MON01,Ubuntu 24.04,Monitoring Server,17.57,87.65,12.35,63.31,36.69,99.9631,0,Warning
2026-06-22T07:00,2026-06-22,2026-06,NSS-LINUX-APP01,Ubuntu 24.04,Application Server,22.95,39.03,60.97,60.25,39.75,99.9456,0,Healthy
2026-07-14T08:00,2026-07-14,2026-07,NSS-LINUX-APP01,Ubuntu 24.04,Application Server,51.76,38.48,61.52,83.29,16.71,99.7832,0,Warning
2026-07-07T02:00,2026-07-07,2026-07,NSS-LINUX-DB01,Rocky Linux 9,Database Server,2.0,39.21,60.79,52.24,47.76,99.7731,0,Healthy
2026-04-28T09:00,2026-04-28,2026-04,NSS-MON01,Ubuntu 24.04,Monitoring Server,7.76,61.4,38.6,57.35,42.65,99.7616,0,Healthy
2026-07-03T07:00,2026-07-03,2026-07,NSS-APP01,Windows Server 2022,Application Server,2.0,68.18,31.82,78.11,21.89,99.8034,0,Healthy
2026-05-08T08:00,2026-05-08,2026-05,NSS-LINUX-DB01,Rocky Linux 9,Database Server,38.17,45.59,54.41,68.52,31.48,99.8986,0,Healthy
2026-06-30T07:00,2026-06-30,2026-06,NSS-DC02,Windows Server 2022,Domain Controller,37.59,78.11,21.89,65.65,34.35,99.9241,0,Healthy
2026-03-09T16:00,2026-03-09,2026-03,NSS-FILE01,Windows Server 2022,File Server,21.38,56.03,43.97,43.99,56.01,99.9474,0,Healthy
2026-04-27T08:00,2026-04-27,2026-04,NSS-DC02,Windows Server 2022,Domain Controller,2.23,40.14,59.86,27.31,72.69,99.7786,0,Healthy
2026-03-27T14:00,2026-03-27,2026-03,NSS-DC02,Windows Server 2022,Domain Controller,35.65,62.84,37.16,71.24,28.76,99.8031,0,Healthy
2026-05-16T17:00,2026-05-16,2026-05,NSS-APP01,Windows Server 2022,Application Server,2.0,46.1,53.9,57.75,42.25,99.775,0,Healthy
2026-02-25T16:00,2026-02-25,2026-02,NSS-DC02,Windows Server 2022,Domain Controller,2.0,26.35,73.65,65.53,34.47,99.7991,0,Healthy
2026-06-19T13:00,2026-06-19,2026-06,NSS-FILE01,Windows Server 2022,File Server,2.0,88.0,12.0,79.8,20.2,99.9022,0,Warning
2026-04-30T10:00,2026-04-30,2026-04,NSS-LINUX-DB01,Rocky Linux 9,Database Server,26.14,59.02,40.98,74.67,25.33,99.8204,0,Healthy
2026-05-23T02:00,2026-05-23,2026-05,NSS-DC02,Windows Server 2022,Domain Controller,19.49,30.56,69.44,62.32,37.68,99.8614,0,Healthy
2026-04-14T14:00,2026-04-14,2026-04,NSS-FILE01,Windows Server 2022,File Server,28.72,52.83,47.17,95.0,5.0,99.9014,1,Critical
2026-06-04T11:00,2026-06-04,2026-06,NSS-DC02,Windows Server 2022,Domain Controller,31.05,58.89,41.11,49.99,50.01,99.8664,0,Healthy
2026-07-16T18:00,2026-07-16,2026-07,NSS-MON01,Ubuntu 24.04,Monitoring Server,46.45,29.6,70.4,57.71,42.29,99.8103,0,Healthy
2026-04-22T21:00,2026-04-22,2026-04,NSS-DC02,Windows Server 2022,Domain Controller,28.98,76.56,23.44,60.17,39.83,99.9383,0,Healthy
2026-01-26T04:00,2026-01-26,2026-01,NSS-DC02,Windows Server 2022,Domain Controller,5.26,82.59,17.41,46.26,53.74,99.8987,0,Warning
2026-06-27T15:00,2026-06-27,2026-06,NSS-DC02,Windows Server 2022,Domain Controller,40.5,35.69,64.31,66.83,33.17,99.9994,0,Healthy
2026-02-26T06:00,2026-02-26,2026-02,NSS-FILE01,Windows Server 2022,File Server,39.66,44.6,55.4,69.43,30.57,99.7974,0,Healthy
2026-05-11T22:00,2026-05-11,2026-05,NSS-FILE01,Windows Server 2022,File Server,30.09,48.61,51.39,45.88,54.12,99.9085,0,Healthy
2026-04-05T22:00,2026-04-05,2026-04,NSS-MON01,Ubuntu 24.04,Monitoring Server,19.19,77.58,22.42,71.03,28.97,99.7879,0,Healthy
2026-07-27T01:00,2026-07-27,2026-07,NSS-MON01,Ubuntu 24.04,Monitoring Server,51.85,31.12,68.88,64.06,35.94,99.9886,0,Healthy
2026-07-23T15:00,2026-07-23,2026-07,NSS-APP01,Windows Server 2022,Application Server,49.46,81.86,18.14,95.0,5.0,99.9356,1,Critical
2026-03-04T06:00,2026-03-04,2026-03,NSS-LINUX-APP01,Ubuntu 24.04,Application Server,17.01,69.56,30.44,53.15,46.85,99.8092,0,Healthy
2026-05-24T20:00,2026-05-24,2026-05,NSS-APP01,Windows Server 2022,Application Server,12.05,51.62,48.38,45.23,54.77,99.9272,0,Healthy
2026-01-10T19:00,2026-01-10,2026-01,NSS-APP01,Windows Server 2022,Application Server,13.42,62.24,37.76,77.8,22.2,99.9251,0,Healthy
2026-06-22T06:00,2026-06-22,2026-06,NSS-DC02,Windows Server 2022,Domain Controller,2.0,62.38,37.62,55.75,44.25,99.9777,0,Healthy
2026-06-01T23:00,2026-06-01,2026-06,NSS-LINUX-APP01,Ubuntu 24.04,Application Server,19.98,54.59,45.41,63.16,36.84,99.8599,0,Healthy
2026-03-25T22:00,2026-03-25,2026-03,NSS-DC02,Windows Server 2022,Domain Controller,19.82,70.79,29.21,59.56,40.44,99.8026,0,Healthy
2026-03-30T18:00,2026-03-30,2026-03,NSS-MON01,Ubuntu 24.04,Monitoring Server,22.84,43.91,56.09,58.74,41.26,99.8301,0,Healthy
2026-02-05T09:00,2026-02-05,2026-02,NSS-LINUX-DB01,Rocky Linux 9,Database Server,36.26,56.63,43.37,70.29,29.71,99.7951,0,Healthy
2026-06-30T00:00,2026-06-30,2026-06,NSS-MON01,Ubuntu 24.04,Monitoring Server,14.25,27.79,72.21,39.46,60.54,99.7773,0,Healthy
2026-03-22T16:00,2026-03-22,2026-03,NSS-FILE01,Windows Server 2022,File Server,24.24,70.14,29.86,68.69,31.31,99.8924,0,Healthy
2026-06-18T19:00,2026-06-18,2026-06,NSS-MON01,Ubuntu 24.04,Monitoring Server,37.81,52.26,47.74,62.36,37.64,99.8317,0,Healthy
2026-07-28T18:00,2026-07-28,2026-07,NSS-DC02,Windows Server 2022,Domain Controller,13.49,53.5,46.5,64.18,35.82,99.8295,0,Healthy
2026-05-22T14:00,2026-05-22,2026-05,NSS-MON01,Ubuntu 24.04,Monitoring Server,2.0,53.81,46.19,51.79,48.21,99.9564,0,Healthy
2026-06-11T01:00,2026-06-11,2026-06,NSS-DC01,Windows Server 2022,Domain Controller,9.69,54.73,45.27,67.51,32.49,99.7675,0,Healthy
2026-03-31T21:00,2026-03-31,2026-03,NSS-DC01,Windows Server 2022,Domain Controller,6.5,36.05,63.95,60.5,39.5,99.8992,0,Healthy
2026-06-26T13:00,2026-06-26,2026-06,NSS-DC02,Windows Server 2022,Domain Controller,31.47,45.17,54.83,78.5,21.5,99.9831,0,Healthy
2026-03-13T04:00,2026-03-13,2026-03,NSS-FILE01,Windows Server 2022,File Server,45.6,30.12,69.88,54.43,45.57,99.8906,0,Healthy
2026-06-17T23:00,2026-06-17,2026-06,NSS-MON01,Ubuntu 24.04,Monitoring Server,2.0,31.87,68.13,69.51,30.49,99.8729,0,Healthy
2026-07-20T01:00,2026-07-20,2026-07,NSS-DC01,Windows Server 2022,Domain Controller,33.77,47.43,52.57,25.93,74.07,99.7559,0,Healthy
2026-05-09T04:00,2026-05-09,2026-05,NSS-DC02,Windows Server 2022,Domain Controller,13.56,58.28,41.72,54.62,45.38,99.7651,0,Healthy
2026-04-10T18:00,2026-04-10,2026-04,NSS-APP01,Windows Server 2022,Application Server,31.96,65.93,34.07,52.43,47.57,99.8958,0,Healthy
2026-02-04T12:00,2026-02-04,2026-02,NSS-FILE01,Windows Server 2022,File Server,18.43,63.4,36.6,57.17,42.83,99.899,0,Healthy
2026-04-12T18:00,2026-04-12,2026-04,NSS-MON01,Ubuntu 24.04,Monitoring Server,32.73,48.33,51.67,95.0,5.0,99.7601,1,Critical
2026-06-03T12:00,2026-06-03,2026-06,NSS-APP01,Windows Server 2022,Application Server,17.79,46.16,53.84,79.25,20.75,99.8204,0,Healthy
2026-06-23T19:00,2026-06-23,2026-06,NSS-LINUX-DB01,Rocky Linux 9,Database Server,33.65,60.03,39.97,63.11,36.89,99.9117,0,Healthy
2026-02-04T23:00,2026-02-04,2026-02,NSS-LINUX-DB01,Rocky Linux 9,Database Server,25.88,72.02,27.98,59.94,40.06,99.7979,0,Healthy
2026-04-29T05:00,2026-04-29,2026-04,NSS-DC01,Windows Server 2022,Domain Controller,10.11,33.22,66.78,61.21,38.79,99.9912,0,Healthy
2026-07-28T20:00,2026-07-28,2026-07,NSS-MON01,Ubuntu 24.04,Monitoring Server,35.65,39.01,60.99,55.31,44.69,99.9326,0,Healthy
2026-06-29T13:00,2026-06-29,2026-06,NSS-LINUX-APP01,Ubuntu 24.04,Application Server,17.64,42.4,57.6,55.31,44.69,99.8591,0,Healthy
2026-06-15T01:00,2026-06-15,2026-06,NSS-DC01,Windows Server 2022,Domain Controller,17.42,51.71,48.29,69.98,30.02,99.9334,0,Healthy
2026-07-23T06:00,2026-07-23,2026-07,NSS-LINUX-APP01,Ubuntu 24.04,Application Server,25.55,48.37,51.63,62.66,37.34,99.7825,0,Healthy
2026-03-18T00:00,2026-03-18,2026-03,NSS-DC02,Windows Server 2022,Domain Controller,24.39,28.61,71.39,55.55,44.45,99.838,0,Healthy
2026-06-12T02:00,2026-06-12,2026-06,NSS-MON01,Ubuntu 24.04,Monitoring Server,47.1,96.21,3.79,70.21,29.79,99.9297,1,Critical
2026-04-01T15:00,2026-04-01,2026-04,NSS-APP01,Windows Server 2022,Application Server,34.96,34.25,65.75,78.56,21.44,99.9144,0,Healthy
2026-05-25T14:00,2026-05-25,2026-05,NSS-DC02,Windows Server 2022,Domain Controller,41.06,56.84,43.16,47.98,52.02,99.8597,0,Healthy
2026-03-15T17:00,2026-03-15,2026-03,NSS-MON01,Ubuntu 24.04,Monitoring Server,32.43,53.86,46.14,53.24,46.76,99.9662,0,Healthy
2026-02-25T02:00,2026-02-25,2026-02,NSS-FILE01,Windows Server 2022,File Server,59.35,45.55,54.45,61.61,38.39,99.9883,0,Healthy
2026-02-28T05:00,2026-02-28,2026-02,NSS-FILE01,Windows Server 2022,File Server,49.09,21.49,78.51,71.77,28.23,99.9687,0,Healthy
2026-01-05T16:00,2026-01-05,2026-01,NSS-APP01,Windows Server 2022,Application Server,25.1,35.13,64.87,57.68,42.32,99.9583,0,Healthy
2026-07-12T04:00,2026-07-12,2026-07,NSS-LINUX-DB01,Rocky Linux 9,Database Server,26.39,66.19,33.81,41.12,58.88,99.8877,0,Healthy
2026-03-11T00:00,2026-03-11,2026-03,NSS-MON01,Ubuntu 24.04,Monitoring Server,48.05,26.15,73.85,67.06,32.94,99.8539,0,Healthy
2026-06-09T13:00,2026-06-09,2026-06,NSS-APP01,Windows Server 2022,Application Server,34.73,58.52,41.48,65.23,34.77,99.855,0,Healthy
2026-05-05T04:00,2026-05-05,2026-05,NSS-LINUX-DB01,Rocky Linux 9,Database Server,44.72,55.87,44.13,53.0,47.0,99.8161,0,Healthy
2026-03-13T15:00,2026-03-13,2026-03,NSS-LINUX-APP01,Ubuntu 24.04,Application Server,26.27,41.16,58.84,82.99,17.01,99.9113,0,Warning
2026-05-01T05:00,2026-05-01,2026-05,NSS-LINUX-DB01,Rocky Linux 9,Database Server,51.45,50.66,49.34,48.1,51.9,99.798,0,Healthy
2026-03-21T05:00,2026-03-21,2026-03,NSS-MON01,Ubuntu 24.04,Monitoring Server,46.35,62.81,37.19,74.18,25.82,99.8341,0,Healthy
2026-03-20T20:00,2026-03-20,2026-03,NSS-DC02,Windows Server 2022,Domain Controller,20.49,57.87,42.13,57.48,42.52,99.7698,0,Healthy
2026-05-09T01:00,2026-05-09,2026-05,NSS-LINUX-APP01,Ubuntu 24.04,Application Server,16.27,39.14,60.86,53.13,46.87,99.8645,0,Healthy
2026-03-05T20:00,2026-03-05,2026-03,NSS-DC01,Windows Server 2022,Domain Controller,13.94,48.79,51.21,63.76,36.24,99.8961,0,Healthy
2026-03-07T00:00,2026-03-07,2026-03,NSS-DC01,Windows Server 2022,Domain Controller,30.56,56.47,43.53,59.89,40.11,99.9837,0,Healthy
2026-04-02T02:00,2026-04-02,2026-04,NSS-FILE01,Windows Server 2022,File Server,33.49,44.6,55.4,51.57,48.43,99.8109,0,Healthy
2026-04-18T00:00,2026-04-18,2026-04,NSS-FILE01,Windows Server 2022,File Server,40.89,64.25,35.75,58.7,41.3,99.7916,0,Healthy
2026-05-11T14:00,2026-05-11,2026-05,NSS-MON01,Ubuntu 24.04,Monitoring Server,32.88,35.37,64.63,49.97,50.03,99.9574,0,Healthy
2026-07-08T17:00,2026-07-08,2026-07,NSS-DC01,Windows Server 2022,Domain Controller,31.92,38.09,61.91,55.44,44.56,99.9348,0,Healthy
2026-02-01T03:00,2026-02-01,2026-02,NSS-LINUX-APP01,Ubuntu 24.04,Application Server,5.27,50.1,49.9,56.01,43.99,99.7562,0,Healthy
2026-04-28T07:00,2026-04-28,2026-04,NSS-DC02,Windows Server 2022,Domain Controller,40.24,49.95,50.05,42.01,57.99,99.9006,0,Healthy
2026-06-26T19:00,2026-06-26,2026-06,NSS-LINUX-DB01,Rocky Linux 9,Database Server,28.04,39.88,60.12,41.74,58.26,99.7724,0,Healthy
2026-06-20T06:00,2026-06-20,2026-06,NSS-LINUX-APP01,Ubuntu 24.04,Application Server,23.13,63.61,36.39,54.09,45.91,99.8025,0,Healthy
2026-05-09T11:00,2026-05-09,2026-05,NSS-LINUX-DB01,Rocky Linux 9,Database Server,28.07,53.95,46.05,49.52,50.48,99.9599,0,Healthy
2026-06-29T10:00,2026-06-29,2026-06,NSS-LINUX-APP01,Ubuntu 24.04,Application Server,30.91,46.83,53.17,42.81,57.19,99.8568,0,Healthy
2026-03-20T15:00,2026-03-20,2026-03,NSS-MON01,Ubuntu 24.04,Monitoring Server,15.99,47.35,52.65,87.81,12.19,99.985,1,Warning
2026-07-17T11:00,2026-07-17,2026-07,NSS-FILE01,Windows Server 2022,File Server,33.74,68.29,31.71,27.97,72.03,99.8967,0,Healthy
2026-03-09T09:00,2026-03-09,2026-03,NSS-DC02,Windows Server 2022,Domain Controller,31.9,40.31,59.69,72.72,27.28,99.791,0,Healthy
2026-04-13T13:00,2026-04-13,2026-04,NSS-MON01,Ubuntu 24.04,Monitoring Server,28.32,45.9,54.1,65.07,34.93,99.8051,0,Healthy
2026-07-24T01:00,2026-07-24,2026-07,NSS-MON01,Ubuntu 24.04,Monitoring Server,24.1,51.12,48.88,72.42,27.58,99.8149,0,Healthy
2026-03-03T08:00,2026-03-03,2026-03,NSS-LINUX-APP01,Ubuntu 24.04,Application Server,11.08,38.56,61.44,76.27,23.73,99.9087,0,Healthy
2026-01-25T03:00,2026-01-25,2026-01,NSS-DC01,Windows Server 2022,Domain Controller,29.73,65.98,34.02,45.99,54.01,99.9026,0,Healthy
2026-01-06T05:00,2026-01-06,2026-01,NSS-MON01,Ubuntu 24.04,Monitoring Server,35.53,70.85,29.15,84.33,15.67,99.8834,0,Warning
2026-01-14T05:00,2026-01-14,2026-01,NSS-MON01,Ubuntu 24.04,Monitoring Server,47.91,66.13,33.87,10.96,89.04,99.9089,0,Healthy
2026-03-12T12:00,2026-03-12,2026-03,NSS-LINUX-DB01,Rocky Linux 9,Database Server,4.58,40.68,59.32,37.77,62.23,99.7834,0,Healthy
2026-01-10T02:00,2026-01-10,2026-01,NSS-FILE01,Windows Server 2022,File Server,45.91,52.15,47.85,42.28,57.72,99.9,0,Healthy
2026-05-08T12:00,2026-05-08,2026-05,NSS-MON01,Ubuntu 24.04,Monitoring Server,32.72,57.94,42.06,53.2,46.8,99.9001,0,Healthy
2026-04-13T17:00,2026-04-13,2026-04,NSS-DC01,Windows Server 2022,Domain Controller,32.74,61.87,38.13,38.49,61.51,99.9093,0,Healthy
2026-01-24T14:00,2026-01-24,2026-01,NSS-APP01,Windows Server 2022,Application Server,25.72,44.93,55.07,43.62,56.38,99.8136,0,Healthy
2026-01-11T21:00,2026-01-11,2026-01,NSS-DC02,Windows Server 2022,Domain Controller,33.56,58.2,41.8,56.02,43.98,99.8087,0,Healthy
2026-03-22T05:00,2026-03-22,2026-03,NSS-APP01,Windows Server 2022,Application Server,19.41,47.75,52.25,40.12,59.88,99.8054,0,Healthy
2026-05-01T16:00,2026-05-01,2026-05,NSS-MON01,Ubuntu 24.04,Monitoring Server,39.03,74.36,25.64,48.03,51.97,99.9016,0,Healthy
2026-05-22T13:00,2026-05-22,2026-05,NSS-APP01,Windows Server 2022,Application Server,18.55,40.88,59.12,50.89,49.11,99.8716,0,Healthy
2026-03-03T14:00,2026-03-03,2026-03,NSS-DC01,Windows Server 2022,Domain Controller,29.82,65.35,34.65,46.3,53.7,99.8361,0,Healthy
2026-03-05T10:00,2026-03-05,2026-03,NSS-LINUX-DB01,Rocky Linux 9,Database Server,12.62,39.25,60.75,62.8,37.2,99.9237,0,Healthy
2026-03-08T09:00,2026-03-08,2026-03,NSS-MON01,Ubuntu 24.04,Monitoring Server,22.64,27.79,72.21,67.9,32.1,99.7903,0,Healthy
2026-06-18T06:00,2026-06-18,2026-06,NSS-DC02,Windows Server 2022,Domain Controller,30.35,52.72,47.28,47.49,52.51,99.8384,0,Healthy
2026-04-23T13:00,2026-04-23,2026-04,NSS-MON01,Ubuntu 24.04,Monitoring Server,25.98,45.9,54.1,25.5,74.5,99.877,0,Healthy
2026-05-27T21:00,2026-05-27,2026-05,NSS-DC02,Windows Server 2022,Domain Controller,34.11,52.85,47.15,61.19,38.81,99.8352,0,Healthy
2026-01-24T04:00,2026-01-24,2026-01,NSS-DC01,Windows Server 2022,Domain Controller,21.12,26.18,73.82,62.02,37.98,99.877,0,Healthy
2026-01-19T09:00,2026-01-19,2026-01,NSS-LINUX-DB01,Rocky Linux 9,Database Server,33.41,29.42,70.58,47.38,52.62,99.9324,0,Healthy
2026-06-06T01:00,2026-06-06,2026-06,NSS-APP01,Windows Server 2022,Application Server,19.01,44.88,55.12,65.59,34.41,99.9215,0,Healthy
2026-01-23T20:00,2026-01-23,2026-01,NSS-LINUX-DB01,Rocky Linux 9,Database Server,50.39,58.04,41.96,41.68,58.32,99.7722,0,Healthy
2026-01-13T11:00,2026-01-13,2026-01,NSS-DC02,Windows Server 2022,Domain Controller,12.07,48.45,51.55,59.66,40.34,99.9523,0,Healthy
2026-07-07T09:00,2026-07-07,2026-07,NSS-LINUX-DB01,Rocky Linux 9,Database Server,4.35,51.95,48.05,74.01,25.99,99.7844,0,Healthy
2026-01-16T16:00,2026-01-16,2026-01,NSS-FILE01,Windows Server 2022,File Server,20.95,47.06,52.94,72.26,27.74,99.8993,0,Healthy
2026-05-20T22:00,2026-05-20,2026-05,NSS-DC02,Windows Server 2022,Domain Controller,14.54,76.54,23.46,42.2,57.8,99.9078,0,Healthy
2026-03-24T08:00,2026-03-24,2026-03,NSS-MON01,Ubuntu 24.04,Monitoring Server,34.94,40.94,59.06,44.75,55.25,99.8366,0,Healthy
2026-03-17T06:00,2026-03-17,2026-03,NSS-FILE01,Windows Server 2022,File Server,41.92,65.08,34.92,51.38,48.62,99.7526,0,Healthy
2026-02-19T12:00,2026-02-19,2026-02,NSS-LINUX-APP01,Ubuntu 24.04,Application Server,32.34,61.86,38.14,49.92,50.08,99.8068,0,Healthy
2026-07-21T23:00,2026-07-21,2026-07,NSS-DC01,Windows Server 2022,Domain Controller,23.53,57.01,42.99,44.71,55.29,99.7951,0,Healthy
2026-03-02T21:00,2026-03-02,2026-03,NSS-FILE01,Windows Server 2022,File Server,40.85,41.24,58.76,75.32,24.68,99.8633,0,Healthy
2026-05-11T05:00,2026-05-11,2026-05,NSS-DC01,Windows Server 2022,Domain Controller,29.96,60.98,39.02,37.81,62.19,99.9998,0,Healthy
2026-03-26T09:00,2026-03-26,2026-03,NSS-FILE01,Windows Server 2022,File Server,25.28,40.0,60.0,47.54,52.46,99.9958,0,Healthy
2026-04-26T20:00,2026-04-26,2026-04,NSS-APP01,Windows Server 2022,Application Server,46.52,57.75,42.25,63.22,36.78,99.822,0,Healthy
2026-06-10T04:00,2026-06-10,2026-06,NSS-DC02,Windows Server 2022,Domain Controller,34.27,51.47,48.53,38.82,61.18,99.9463,0,Healthy
2026-07-23T18:00,2026-07-23,2026-07,NSS-FILE01,Windows Server 2022,File Server,21.68,25.22,74.78,72.68,27.32,99.8596,0,Healthy
2026-06-14T10:00,2026-06-14,2026-06,NSS-LINUX-DB01,Rocky Linux 9,Database Server,9.89,42.44,57.56,75.11,24.89,99.8581,0,Healthy
2026-04-04T07:00,2026-04-04,2026-04,NSS-APP01,Windows Server 2022,Application Server,37.98,51.13,48.87,67.0,33.0,99.8324,0,Healthy
2026-03-05T10:00,2026-03-05,2026-03,NSS-DC01,Windows Server 2022,Domain Controller,19.99,31.03,68.97,67.93,32.07,99.9109,0,Healthy
2026-05-03T09:00,2026-05-03,2026-05,NSS-MON01,Ubuntu 24.04,Monitoring Server,28.55,29.54,70.46,48.75,51.25,99.8574,0,Healthy
2026-01-26T18:00,2026-01-26,2026-01,NSS-DC02,Windows Server 2022,Domain Controller,29.74,43.74,56.26,49.48,50.52,99.9831,0,Healthy
2026-01-23T10:00,2026-01-23,2026-01,NSS-APP01,Windows Server 2022,Application Server,49.27,54.81,45.19,56.67,43.33,99.9377,0,Healthy
2026-01-02T17:00,2026-01-02,2026-01,NSS-APP01,Windows Server 2022,Application Server,8.76,52.71,47.29,60.34,39.66,99.9165,0,Healthy
2026-03-19T03:00,2026-03-19,2026-03,NSS-LINUX-APP01,Ubuntu 24.04,Application Server,34.93,30.84,69.16,73.45,26.55,99.9068,0,Healthy
2026-06-20T04:00,2026-06-20,2026-06,NSS-MON01,Ubuntu 24.04,Monitoring Server,12.06,58.82,41.18,64.07,35.93,99.9221,0,Healthy
2026-04-30T16:00,2026-04-30,2026-04,NSS-APP01,Windows Server 2022,Application Server,55.02,48.27,51.73,75.52,24.48,99.9984,0,Healthy
2026-01-13T20:00,2026-01-13,2026-01,NSS-DC02,Windows Server 2022,Domain Controller,27.97,71.6,28.4,69.86,30.14,99.9967,0,Healthy
2026-04-02T09:00,2026-04-02,2026-04,NSS-DC02,Windows Server 2022,Domain Controller,28.71,57.8,42.2,88.53,11.47,99.8008,1,Warning
2026-04-23T01:00,2026-04-23,2026-04,NSS-MON01,Ubuntu 24.04,Monitoring Server,14.47,34.48,65.52,34.54,65.46,99.755,0,Healthy
2026-05-05T22:00,2026-05-05,2026-05,NSS-DC02,Windows Server 2022,Domain Controller,35.27,57.18,42.82,60.07,39.93,99.9227,0,Healthy
2026-03-24T08:00,2026-03-24,2026-03,NSS-LINUX-DB01,Rocky Linux 9,Database Server,33.26,26.82,73.18,52.37,47.63,99.796,0,Healthy
2026-05-28T03:00,2026-05-28,2026-05,NSS-FILE01,Windows Server 2022,File Server,30.41,72.4,27.6,82.52,17.48,99.962,0,Warning
2026-03-03T16:00,2026-03-03,2026-03,NSS-FILE01,Windows Server 2022,File Server,18.77,57.23,42.77,75.6,24.4,99.8607,0,Healthy
2026-05-04T22:00,2026-05-04,2026-05,NSS-DC02,Windows Server 2022,Domain Controller,2.0,68.23,31.77,69.01,30.99,99.7705,0,Healthy
2026-04-07T19:00,2026-04-07,2026-04,NSS-FILE01,Windows Server 2022,File Server,16.44,26.56,73.44,44.58,55.42,99.9375,0,Healthy
2026-04-12T03:00,2026-04-12,2026-04,NSS-DC02,Windows Server 2022,Domain Controller,21.06,48.41,51.59,42.04,57.96,99.9533,0,Healthy
2026-03-12T18:00,2026-03-12,2026-03,NSS-LINUX-APP01,Ubuntu 24.04,Application Server,44.06,46.48,53.52,57.73,42.27,99.8893,0,Healthy
2026-03-19T12:00,2026-03-19,2026-03,NSS-MON01,Ubuntu 24.04,Monitoring Server,41.34,79.51,20.49,70.97,29.03,99.9628,0,Healthy
2026-04-02T09:00,2026-04-02,2026-04,NSS-DC02,Windows Server 2022,Domain Controller,32.82,36.11,63.89,61.44,38.56,99.8376,0,Healthy
2026-03-18T23:00,2026-03-18,2026-03,NSS-MON01,Ubuntu 24.04,Monitoring Server,52.15,53.76,46.24,74.18,25.82,99.8277,0,Healthy
2026-01-30T12:00,2026-01-30,2026-01,NSS-LINUX-APP01,Ubuntu 24.04,Application Server,36.89,36.17,63.83,81.12,18.88,99.8442,0,Warning
2026-03-31T02:00,2026-03-31,2026-03,NSS-FILE01,Windows Server 2022,File Server,3.66,57.87,42.13,44.25,55.75,99.885,0,Healthy
2026-04-15T14:00,2026-04-15,2026-04,NSS-MON01,Ubuntu 24.04,Monitoring Server,34.66,79.94,20.06,70.03,29.97,99.9941,0,Healthy
2026-05-15T06:00,2026-05-15,2026-05,NSS-DC01,Windows Server 2022,Domain Controller,39.17,72.79,27.21,50.57,49.43,99.8892,0,Healthy
2026-07-10T18:00,2026-07-10,2026-07,NSS-LINUX-APP01,Ubuntu 24.04,Application Server,23.37,59.62,40.38,84.8,15.2,99.7587,0,Warning
2026-04-28T07:00,2026-04-28,2026-04,NSS-FILE01,Windows Server 2022,File Server,47.43,61.11,38.89,57.79,42.21,99.9127,0,Healthy
2026-03-29T05:00,2026-03-29,2026-03,NSS-MON01,Ubuntu 24.04,Monitoring Server,20.6,29.89,70.11,50.3,49.7,99.7834,0,Healthy
2026-03-03T07:00,2026-03-03,2026-03,NSS-LINUX-DB01,Rocky Linux 9,Database Server,38.73,44.41,55.59,78.53,21.47,99.8105,0,Healthy
2026-03-08T13:00,2026-03-08,2026-03,NSS-FILE01,Windows Server 2022,File Server,50.03,41.24,58.76,50.51,49.49,99.8927,0,Healthy
2026-02-11T03:00,2026-02-11,2026-02,NSS-FILE01,Windows Server 2022,File Server,31.24,55.98,44.02,67.37,32.63,99.7652,0,Healthy
2026-07-21T12:00,2026-07-21,2026-07,NSS-LINUX-DB01,Rocky Linux 9,Database Server,27.26,29.91,70.09,53.33,46.67,99.8151,0,Healthy
2026-04-06T06:00,2026-04-06,2026-04,NSS-LINUX-DB01,Rocky Linux 9,Database Server,7.85,37.29,62.71,39.54,60.46,99.7635,0,Healthy
2026-01-27T17:00,2026-01-27,2026-01,NSS-FILE01,Windows Server 2022,File Server,40.11,32.85,67.15,49.43,50.57,99.8012,0,Healthy
2026-07-24T19:00,2026-07-24,2026-07,NSS-LINUX-DB01,Rocky Linux 9,Database Server,37.97,51.1,48.9,73.72,26.28,99.8239,0,Healthy
2026-01-16T03:00,2026-01-16,2026-01,NSS-DC02,Windows Server 2022,Domain Controller,36.38,47.29,52.71,81.29,18.71,99.8017,0,Warning
2026-06-06T07:00,2026-06-06,2026-06,NSS-LINUX-DB01,Rocky Linux 9,Database Server,28.77,42.98,57.02,67.49,32.51,99.8423,0,Healthy
2026-06-03T12:00,2026-06-03,2026-06,NSS-LINUX-DB01,Rocky Linux 9,Database Server,29.5,42.27,57.73,45.35,54.65,99.8769,0,Healthy
2026-02-26T15:00,2026-02-26,2026-02,NSS-LINUX-DB01,Rocky Linux 9,Database Server,39.71,55.62,44.38,70.57,29.43,99.8673,0,Healthy
2026-07-27T08:00,2026-07-27,2026-07,NSS-APP01,Windows Server 2022,Application Server,42.34,71.64,28.36,83.63,16.37,99.9814,0,Warning
2026-06-01T13:00,2026-06-01,2026-06,NSS-DC01,Windows Server 2022,Domain Controller,16.9,29.79,70.21,44.97,55.03,99.8372,0,Healthy
2026-06-21T14:00,2026-06-21,2026-06,NSS-APP01,Windows Server 2022,Application Server,42.61,72.72,27.28,67.47,32.53,99.9809,0,Healthy
2026-01-21T06:00,2026-01-21,2026-01,NSS-DC02,Windows Server 2022,Domain Controller,45.3,54.85,45.15,67.8,32.2,99.8689,0,Healthy
2026-06-07T21:00,2026-06-07,2026-06,NSS-DC01,Windows Server 2022,Domain Controller,20.72,54.03,45.97,55.0,45.0,99.9392,0,Healthy
2026-07-17T05:00,2026-07-17,2026-07,NSS-LINUX-APP01,Ubuntu 24.04,Application Server,18.09,57.48,42.52,85.49,14.51,99.798,1,Warning
2026-05-27T05:00,2026-05-27,2026-05,NSS-FILE01,Windows Server 2022,File Server,4.69,51.1,48.9,52.07,47.93,99.7824,0,Healthy
2026-03-06T00:00,2026-03-06,2026-03,NSS-DC01,Windows Server 2022,Domain Controller,14.05,31.05,68.95,69.26,30.74,99.8895,0,Healthy
2026-01-26T21:00,2026-01-26,2026-01,NSS-LINUX-DB01,Rocky Linux 9,Database Server,49.16,51.18,48.82,53.96,46.04,99.9658,0,Healthy
2026-06-12T14:00,2026-06-12,2026-06,NSS-DC02,Windows Server 2022,Domain Controller,2.7,36.4,63.6,67.22,32.78,99.7933,0,Healthy
2026-01-20T17:00,2026-01-20,2026-01,NSS-DC01,Windows Server 2022,Domain Controller,29.5,67.29,32.71,49.36,50.64,99.9359,0,Healthy
2026-02-02T11:00,2026-02-02,2026-02,NSS-FILE01,Windows Server 2022,File Server,30.27,63.58,36.42,65.72,34.28,99.8118,0,Healthy
2026-02-26T00:00,2026-02-26,2026-02,NSS-LINUX-DB01,Rocky Linux 9,Database Server,33.42,36.55,63.45,70.79,29.21,99.7976,0,Healthy
2026-04-14T06:00,2026-04-14,2026-04,NSS-LINUX-APP01,Ubuntu 24.04,Application Server,40.39,53.25,46.75,51.3,48.7,99.9737,0,Healthy
2026-06-14T11:00,2026-06-14,2026-06,NSS-MON01,Ubuntu 24.04,Monitoring Server,8.06,69.11,30.89,65.93,34.07,99.8109,0,Healthy
2026-07-21T14:00,2026-07-21,2026-07,NSS-APP01,Windows Server 2022,Application Server,22.46,40.39,59.61,41.87,58.13,99.8475,0,Healthy
2026-05-12T03:00,2026-05-12,2026-05,NSS-LINUX-APP01,Ubuntu 24.04,Application Server,35.69,71.32,28.68,66.08,33.92,99.9988,0,Healthy
2026-02-04T01:00,2026-02-04,2026-02,NSS-LINUX-APP01,Ubuntu 24.04,Application Server,43.32,83.16,16.84,83.37,16.63,99.9909,0,Warning
2026-01-27T18:00,2026-01-27,2026-01,NSS-LINUX-APP01,Ubuntu 24.04,Application Server,10.84,35.61,64.39,64.65,35.35,99.9707,0,Healthy
2026-03-23T01:00,2026-03-23,2026-03,NSS-LINUX-APP01,Ubuntu 24.04,Application Server,16.75,73.18,26.82,70.01,29.99,99.9532,0,Healthy
2026-03-18T19:00,2026-03-18,2026-03,NSS-FILE01,Windows Server 2022,File Server,52.1,68.21,31.79,56.0,44.0,99.9749,0,Healthy
2026-01-28T07:00,2026-01-28,2026-01,NSS-FILE01,Windows Server 2022,File Server,63.54,48.62,51.38,66.53,33.47,99.7636,0,Healthy
2026-01-06T20:00,2026-01-06,2026-01,NSS-APP01,Windows Server 2022,Application Server,45.86,75.58,24.42,73.57,26.43,99.9525,0,Healthy
2026-03-16T12:00,2026-03-16,2026-03,NSS-APP01,Windows Server 2022,Application Server,17.28,53.81,46.19,76.96,23.04,99.7588,0,Healthy
2026-04-13T20:00,2026-04-13,2026-04,NSS-DC01,Windows Server 2022,Domain Controller,40.66,43.33,56.67,55.49,44.51,99.8174,0,Healthy
2026-05-05T08:00,2026-05-05,2026-05,NSS-FILE01,Windows Server 2022,File Server,15.9,58.51,41.49,65.5,34.5,99.9033,0,Healthy
2026-05-20T02:00,2026-05-20,2026-05,NSS-LINUX-DB01,Rocky Linux 9,Database Server,10.16,71.32,28.68,62.91,37.09,99.7891,0,Healthy
2026-01-19T16:00,2026-01-19,2026-01,NSS-APP01,Windows Server 2022,Application Server,27.88,37.45,62.55,50.96,49.04,99.9743,0,Healthy
2026-04-15T17:00,2026-04-15,2026-04,NSS-DC01,Windows Server 2022,Domain Controller,8.41,45.02,54.98,48.9,51.1,99.9743,0,Healthy
2026-02-13T01:00,2026-02-13,2026-02,NSS-LINUX-APP01,Ubuntu 24.04,Application Server,27.93,43.2,56.8,67.83,32.17,99.9198,0,Healthy
2026-03-23T21:00,2026-03-23,2026-03,NSS-DC02,Windows Server 2022,Domain Controller,30.86,58.23,41.77,90.65,9.35,99.8242,1,Critical
2026-04-02T11:00,2026-04-02,2026-04,NSS-FILE01,Windows Server 2022,File Server,24.68,54.43,45.57,86.06,13.94,99.7943,1,Warning
2026-02-25T08:00,2026-02-25,2026-02,NSS-MON01,Ubuntu 24.04,Monitoring Server,23.45,47.14,52.86,57.94,42.06,99.9914,0,Healthy
2026-05-15T17:00,2026-05-15,2026-05,NSS-LINUX-DB01,Rocky Linux 9,Database Server,35.21,77.22,22.78,52.94,47.06,99.7638,0,Healthy
2026-01-18T00:00,2026-01-18,2026-01,NSS-MON01,Ubuntu 24.04,Monitoring Server,27.34,70.85,29.15,54.35,45.65,99.8489,0,Healthy
2026-06-28T09:00,2026-06-28,2026-06,NSS-DC01,Windows Server 2022,Domain Controller,5.04,60.85,39.15,74.53,25.47,99.8182,0,Healthy
2026-05-16T23:00,2026-05-16,2026-05,NSS-LINUX-DB01,Rocky Linux 9,Database Server,14.05,32.72,67.28,46.12,53.88,99.9287,0,Healthy
2026-04-28T20:00,2026-04-28,2026-04,NSS-APP01,Windows Server 2022,Application Server,22.51,41.14,58.86,44.48,55.52,99.9567,0,Healthy
2026-06-05T09:00,2026-06-05,2026-06,NSS-DC02,Windows Server 2022,Domain Controller,30.62,52.02,47.98,85.74,14.26,99.8846,1,Warning
2026-01-03T06:00,2026-01-03,2026-01,NSS-LINUX-APP01,Ubuntu 24.04,Application Server,53.32,72.78,27.22,43.5,56.5,99.8475,0,Healthy
2026-03-09T13:00,2026-03-09,2026-03,NSS-MON01,Ubuntu 24.04,Monitoring Server,33.53,53.39,46.61,60.63,39.37,99.8036,0,Healthy
2026-04-04T02:00,2026-04-04,2026-04,NSS-LINUX-DB01,Rocky Linux 9,Database Server,31.9,59.15,40.85,63.03,36.97,99.9991,0,Healthy
2026-01-02T00:00,2026-01-02,2026-01,NSS-MON01,Ubuntu 24.04,Monitoring Server,24.54,46.29,53.71,57.04,42.96,99.8168,0,Healthy
2026-05-23T06:00,2026-05-23,2026-05,NSS-APP01,Windows Server 2022,Application Server,18.19,41.96,58.04,63.66,36.34,99.9699,0,Healthy
2026-04-16T18:00,2026-04-16,2026-04,NSS-LINUX-APP01,Ubuntu 24.04,Application Server,47.52,60.23,39.77,47.28,52.72,99.8497,0,Healthy
2026-03-18T10:00,2026-03-18,2026-03,NSS-DC01,Windows Server 2022,Domain Controller,7.74,57.23,42.77,55.5,44.5,99.8797,0,Healthy
2026-04-07T01:00,2026-04-07,2026-04,NSS-DC01,Windows Server 2022,Domain Controller,13.65,49.05,50.95,70.58,29.42,99.9503,0,Healthy
2026-07-07T21:00,2026-07-07,2026-07,NSS-DC01,Windows Server 2022,Domain Controller,32.24,76.98,23.02,71.38,28.62,99.8924,0,Healthy
2026-05-04T02:00,2026-05-04,2026-05,NSS-APP01,Windows Server 2022,Application Server,23.35,51.69,48.31,57.95,42.05,99.95,0,Healthy
2026-05-08T22:00,2026-05-08,2026-05,NSS-LINUX-APP01,Ubuntu 24.04,Application Server,30.66,30.98,69.02,53.61,46.39,99.781,0,Healthy
2026-04-30T18:00,2026-04-30,2026-04,NSS-DC02,Windows Server 2022,Domain Controller,20.89,62.66,37.34,38.01,61.99,99.8019,0,Healthy
2026-01-24T14:00,2026-01-24,2026-01,NSS-LINUX-DB01,Rocky Linux 9,Database Server,30.38,67.05,32.95,51.24,48.76,99.8613,0,Healthy
2026-07-21T23:00,2026-07-21,2026-07,NSS-DC01,Windows Server 2022,Domain Controller,44.15,58.97,41.03,59.34,40.66,99.9855,0,Healthy
2026-03-05T02:00,2026-03-05,2026-03,NSS-LINUX-DB01,Rocky Linux 9,Database Server,24.34,36.77,63.23,73.79,26.21,99.9532,0,Healthy
2026-01-01T05:00,2026-01-01,2026-01,NSS-DC02,Windows Server 2022,Domain Controller,32.93,27.09,72.91,61.63,38.37,99.9099,0,Healthy
2026-06-30T00:00,2026-06-30,2026-06,NSS-FILE01,Windows Server 2022,File Server,32.5,31.82,68.18,59.49,40.51,99.7662,0,Healthy
2026-01-10T21:00,2026-01-10,2026-01,NSS-LINUX-APP01,Ubuntu 24.04,Application Server,9.66,51.0,49.0,50.24,49.76,99.8364,0,Healthy
2026-01-09T08:00,2026-01-09,2026-01,NSS-FILE01,Windows Server 2022,File Server,2.0,41.23,58.77,71.83,28.17,99.968,0,Healthy
2026-05-06T07:00,2026-05-06,2026-05,NSS-MON01,Ubuntu 24.04,Monitoring Server,11.27,31.92,68.08,63.79,36.21,99.8871,0,Healthy
2026-06-09T20:00,2026-06-09,2026-06,NSS-MON01,Ubuntu 24.04,Monitoring Server,57.27,74.03,25.97,67.16,32.84,99.7718,0,Healthy
2026-04-05T12:00,2026-04-05,2026-04,NSS-DC01,Windows Server 2022,Domain Controller,25.22,62.23,37.77,57.47,42.53,99.7946,0,Healthy
2026-02-05T00:00,2026-02-05,2026-02,NSS-MON01,Ubuntu 24.04,Monitoring Server,21.18,51.0,49.0,49.34,50.66,99.8362,0,Healthy
2026-03-18T15:00,2026-03-18,2026-03,NSS-DC01,Windows Server 2022,Domain Controller,24.34,59.56,40.44,33.35,66.65,99.9188,0,Healthy
2026-02-17T12:00,2026-02-17,2026-02,NSS-LINUX-DB01,Rocky Linux 9,Database Server,2.42,57.06,42.94,43.62,56.38,99.8982,0,Healthy
2026-07-22T20:00,2026-07-22,2026-07,NSS-DC01,Windows Server 2022,Domain Controller,25.19,51.1,48.9,71.86,28.14,99.9356,0,Healthy
2026-06-25T00:00,2026-06-25,2026-06,NSS-DC02,Windows Server 2022,Domain Controller,2.76,41.69,58.31,54.76,45.24,99.8897,0,Healthy
2026-02-07T09:00,2026-02-07,2026-02,NSS-FILE01,Windows Server 2022,File Server,21.62,59.28,40.72,42.23,57.77,99.8604,0,Healthy
2026-02-05T06:00,2026-02-05,2026-02,NSS-DC01,Windows Server 2022,Domain Controller,14.6,36.1,63.9,47.21,52.79,99.9479,0,Healthy
2026-01-23T01:00,2026-01-23,2026-01,NSS-APP01,Windows Server 2022,Application Server,15.5,33.34,66.66,51.68,48.32,99.8523,0,Healthy
2026-03-06T05:00,2026-03-06,2026-03,NSS-DC02,Windows Server 2022,Domain Controller,2.0,65.86,34.14,55.22,44.78,99.7848,0,Healthy
2026-03-26T08:00,2026-03-26,2026-03,NSS-APP01,Windows Server 2022,Application Server,12.61,58.96,41.04,74.81,25.19,99.8395,0,Healthy
2026-01-14T20:00,2026-01-14,2026-01,NSS-LINUX-DB01,Rocky Linux 9,Database Server,41.72,55.13,44.87,72.11,27.89,99.9003,0,Healthy
2026-03-21T16:00,2026-03-21,2026-03,NSS-DC01,Windows Server 2022,Domain Controller,36.34,28.9,71.1,73.27,26.73,99.8318,0,Healthy
2026-04-02T09:00,2026-04-02,2026-04,NSS-DC02,Windows Server 2022,Domain Controller,21.85,34.71,65.29,74.52,25.48,99.9027,0,Healthy
2026-03-27T09:00,2026-03-27,2026-03,NSS-LINUX-APP01,Ubuntu 24.04,Application Server,26.57,75.26,24.74,58.21,41.79,99.888,0,Healthy
2026-07-13T20:00,2026-07-13,2026-07,NSS-DC01,Windows Server 2022,Domain Controller,45.28,45.75,54.25,71.33,28.67,99.7999,0,Healthy
2026-04-21T17:00,2026-04-21,2026-04,NSS-DC02,Windows Server 2022,Domain Controller,7.98,63.54,36.46,55.68,44.32,99.8312,0,Healthy
2026-05-31T18:00,2026-05-31,2026-05,NSS-APP01,Windows Server 2022,Application Server,32.91,55.11,44.89,60.17,39.83,99.7634,0,Healthy
2026-06-16T11:00,2026-06-16,2026-06,NSS-DC01,Windows Server 2022,Domain Controller,28.63,77.1,22.9,62.38,37.62,99.9597,0,Healthy
2026-02-22T09:00,2026-02-22,2026-02,NSS-DC01,Windows Server 2022,Domain Controller,12.8,33.48,66.52,66.25,33.75,99.7773,0,Healthy
2026-07-11T11:00,2026-07-11,2026-07,NSS-DC01,Windows Server 2022,Domain Controller,12.94,65.64,34.36,57.62,42.38,99.9155,0,Healthy
2026-03-05T22:00,2026-03-05,2026-03,NSS-LINUX-DB01,Rocky Linux 9,Database Server,27.37,53.4,46.6,62.48,37.52,99.9326,0,Healthy
2026-05-15T23:00,2026-05-15,2026-05,NSS-MON01,Ubuntu 24.04,Monitoring Server,42.3,60.9,39.1,58.56,41.44,99.801,0,Healthy
2026-01-26T15:00,2026-01-26,2026-01,NSS-LINUX-DB01,Rocky Linux 9,Database Server,34.29,67.61,32.39,48.24,51.76,99.8629,0,Healthy
2026-02-05T16:00,2026-02-05,2026-02,NSS-LINUX-DB01,Rocky Linux 9,Database Server,14.45,44.63,55.37,67.07,32.93,99.9231,0,Healthy
2026-06-22T14:00,2026-06-22,2026-06,NSS-LINUX-DB01,Rocky Linux 9,Database Server,30.99,49.74,50.26,62.79,37.21,99.936,0,Healthy
2026-04-05T05:00,2026-04-05,2026-04,NSS-LINUX-DB01,Rocky Linux 9,Database Server,21.15,51.47,48.53,60.74,39.26,99.924,0,Healthy
2026-01-19T09:00,2026-01-19,2026-01,NSS-APP01,Windows Server 2022,Application Server,30.69,41.59,58.41,65.81,34.19,99.8685,0,Healthy
2026-07-16T19:00,2026-07-16,2026-07,NSS-DC02,Windows Server 2022,Domain Controller,39.07,24.68,75.32,38.63,61.37,99.8064,0,Healthy
2026-05-03T02:00,2026-05-03,2026-05,NSS-LINUX-APP01,Ubuntu 24.04,Application Server,2.0,56.4,43.6,65.83,34.17,99.9292,0,Healthy
2026-04-27T23:00,2026-04-27,2026-04,NSS-MON01,Ubuntu 24.04,Monitoring Server,12.84,37.02,62.98,61.54,38.46,99.7566,0,Healthy
2026-02-13T16:00,2026-02-13,2026-02,NSS-DC02,Windows Server 2022,Domain Controller,39.88,72.11,27.89,63.79,36.21,99.7525,0,Healthy
2026-02-28T00:00,2026-02-28,2026-02,NSS-MON01,Ubuntu 24.04,Monitoring Server,13.55,62.66,37.34,53.73,46.27,99.9865,0,Healthy
2026-03-12T12:00,2026-03-12,2026-03,NSS-LINUX-DB01,Rocky Linux 9,Database Server,44.52,40.4,59.6,41.33,58.67,99.901,0,Healthy
2026-07-02T02:00,2026-07-02,2026-07,NSS-LINUX-DB01,Rocky Linux 9,Database Server,31.58,60.61,39.39,53.31,46.69,99.8727,0,Healthy
2026-04-13T19:00,2026-04-13,2026-04,NSS-DC01,Windows Server 2022,Domain Controller,28.89,31.36,68.64,56.47,43.53,99.9838,0,Healthy
2026-06-21T05:00,2026-06-21,2026-06,NSS-LINUX-DB01,Rocky Linux 9,Database Server,23.93,68.29,31.71,50.66,49.34,99.8122,0,Healthy
2026-06-20T06:00,2026-06-20,2026-06,NSS-FILE01,Windows Server 2022,File Server,28.56,41.06,58.94,53.51,46.49,99.9835,0,Healthy
2026-06-11T10:00,2026-06-11,2026-06,NSS-MON01,Ubuntu 24.04,Monitoring Server,5.59,46.33,53.67,62.56,37.44,99.9535,0,Healthy
2026-05-13T09:00,2026-05-13,2026-05,NSS-DC02,Windows Server 2022,Domain Controller,18.47,72.55,27.45,48.03,51.97,99.9256,0,Healthy
2026-06-04T09:00,2026-06-04,2026-06,NSS-LINUX-DB01,Rocky Linux 9,Database Server,15.25,65.0,35.0,75.25,24.75,99.8251,0,Healthy
2026-07-25T03:00,2026-07-25,2026-07,NSS-FILE01,Windows Server 2022,File Server,26.04,59.8,40.2,55.38,44.62,99.8089,0,Healthy
2026-06-22T09:00,2026-06-22,2026-06,NSS-MON01,Ubuntu 24.04,Monitoring Server,43.77,65.75,34.25,69.08,30.92,99.8832,0,Healthy
2026-01-14T08:00,2026-01-14,2026-01,NSS-LINUX-APP01,Ubuntu 24.04,Application Server,25.4,43.72,56.28,66.25,33.75,99.9697,0,Healthy
2026-05-26T10:00,2026-05-26,2026-05,NSS-MON01,Ubuntu 24.04,Monitoring Server,31.49,58.8,41.2,73.89,26.11,99.9723,0,Healthy
2026-07-04T22:00,2026-07-04,2026-07,NSS-LINUX-DB01,Rocky Linux 9,Database Server,35.38,69.58,30.42,80.54,19.46,99.9487,0,Warning
2026-06-23T08:00,2026-06-23,2026-06,NSS-APP01,Windows Server 2022,Application Server,19.25,44.92,55.08,61.58,38.42,99.9772,0,Healthy
2026-01-31T11:00,2026-01-31,2026-01,NSS-LINUX-APP01,Ubuntu 24.04,Application Server,18.91,34.34,65.66,82.75,17.25,99.8487,0,Warning
2026-04-13T13:00,2026-04-13,2026-04,NSS-APP01,Windows Server 2022,Application Server,20.64,62.1,37.9,66.36,33.64,99.8535,0,Healthy
2026-05-20T09:00,2026-05-20,2026-05,NSS-DC02,Windows Server 2022,Domain Controller,44.44,71.7,28.3,58.32,41.68,99.9033,0,Healthy
2026-04-04T11:00,2026-04-04,2026-04,NSS-DC01,Windows Server 2022,Domain Controller,19.24,63.5,36.5,49.81,50.19,99.8118,0,Healthy
2026-03-24T18:00,2026-03-24,2026-03,NSS-LINUX-DB01,Rocky Linux 9,Database Server,25.2,45.33,54.67,44.12,55.88,99.8873,0,Healthy
2026-03-10T05:00,2026-03-10,2026-03,NSS-MON01,Ubuntu 24.04,Monitoring Server,21.05,62.46,37.54,60.17,39.83,99.8524,0,Healthy
2026-03-29T08:00,2026-03-29,2026-03,NSS-DC01,Windows Server 2022,Domain Controller,37.64,75.05,24.95,68.68,31.32,99.8722,0,Healthy
2026-06-24T11:00,2026-06-24,2026-06,NSS-LINUX-DB01,Rocky Linux 9,Database Server,34.94,53.65,46.35,79.23,20.77,99.9485,0,Healthy
2026-07-18T16:00,2026-07-18,2026-07,NSS-FILE01,Windows Server 2022,File Server,33.56,71.13,28.87,65.1,34.9,99.8044,0,Healthy
2026-07-28T02:00,2026-07-28,2026-07,NSS-MON01,Ubuntu 24.04,Monitoring Server,16.72,69.16,30.84,69.43,30.57,99.8208,0,Healthy
2026-07-04T13:00,2026-07-04,2026-07,NSS-APP01,Windows Server 2022,Application Server,28.93,61.32,38.68,47.97,52.03,99.8875,0,Healthy
2026-01-14T03:00,2026-01-14,2026-01,NSS-DC02,Windows Server 2022,Domain Controller,29.2,44.58,55.42,75.1,24.9,99.8194,0,Healthy
2026-06-01T19:00,2026-06-01,2026-06,NSS-LINUX-APP01,Ubuntu 24.04,Application Server,24.82,64.21,35.79,64.7,35.3,99.9246,0,Healthy
2026-02-18T00:00,2026-02-18,2026-02,NSS-LINUX-DB01,Rocky Linux 9,Database Server,29.73,68.89,31.11,52.09,47.91,99.872,0,Healthy
2026-01-06T13:00,2026-01-06,2026-01,NSS-DC01,Windows Server 2022,Domain Controller,26.01,72.32,27.68,78.54,21.46,99.9625,0,Healthy
2026-05-22T12:00,2026-05-22,2026-05,NSS-LINUX-APP01,Ubuntu 24.04,Application Server,25.82,56.49,43.51,33.51,66.49,99.857,0,Healthy
2026-07-08T05:00,2026-07-08,2026-07,NSS-DC01,Windows Server 2022,Domain Controller,15.77,52.13,47.87,56.43,43.57,99.8167,0,Healthy
2026-04-27T01:00,2026-04-27,2026-04,NSS-LINUX-APP01,Ubuntu 24.04,Application Server,16.0,45.93,54.07,54.54,45.46,99.8159,0,Healthy
2026-06-25T21:00,2026-06-25,2026-06,NSS-DC02,Windows Server 2022,Domain Controller,45.77,41.72,58.28,69.45,30.55,99.8556,0,Healthy
2026-03-26T16:00,2026-03-26,2026-03,NSS-APP01,Windows Server 2022,Application Server,16.97,20.43,79.57,54.99,45.01,99.9785,0,Healthy
2026-01-12T14:00,2026-01-12,2026-01,NSS-MON01,Ubuntu 24.04,Monitoring Server,14.46,32.2,67.8,67.27,32.73,99.9594,0,Healthy
2026-04-16T00:00,2026-04-16,2026-04,NSS-LINUX-APP01,Ubuntu 24.04,Application Server,27.13,59.09,40.91,50.03,49.97,99.7998,0,Healthy
2026-02-23T19:00,2026-02-23,2026-02,NSS-FILE01,Windows Server 2022,File Server,8.77,16.21,83.79,54.73,45.27,99.9302,0,Healthy
2026-06-24T18:00,2026-06-24,2026-06,NSS-LINUX-DB01,Rocky Linux 9,Database Server,2.0,50.32,49.68,58.59,41.41,99.8556,0,Healthy
2026-01-14T03:00,2026-01-14,2026-01,NSS-LINUX-APP01,Ubuntu 24.04,Application Server,40.57,52.52,47.48,57.83,42.17,99.8281,0,Healthy
2026-03-23T05:00,2026-03-23,2026-03,NSS-DC02,Windows Server 2022,Domain Controller,2.0,85.03,14.97,54.37,45.63,99.8414,0,Warning
2026-04-22T22:00,2026-04-22,2026-04,NSS-LINUX-APP01,Ubuntu 24.04,Application Server,48.01,59.62,40.38,63.05,36.95,99.9079,0,Healthy
2026-07-17T11:00,2026-07-17,2026-07,NSS-LINUX-APP01,Ubuntu 24.04,Application Server,28.17,41.17,58.83,67.57,32.43,99.7623,0,Healthy
2026-06-08T19:00,2026-06-08,2026-06,NSS-LINUX-APP01,Ubuntu 24.04,Application Server,26.0,36.27,63.73,80.78,19.22,99.8137,0,Warning
2026-05-15T16:00,2026-05-15,2026-05,NSS-DC02,Windows Server 2022,Domain Controller,35.19,47.91,52.09,52.98,47.02,99.9131,0,Healthy
2026-06-22T11:00,2026-06-22,2026-06,NSS-LINUX-APP01,Ubuntu 24.04,Application Server,33.19,39.47,60.53,63.23,36.77,99.8943,0,Healthy
2026-05-13T03:00,2026-05-13,2026-05,NSS-MON01,Ubuntu 24.04,Monitoring Server,38.03,30.13,69.87,59.32,40.68,99.9396,0,Healthy
2026-03-28T01:00,2026-03-28,2026-03,NSS-DC01,Windows Server 2022,Domain Controller,51.13,67.88,32.12,60.46,39.54,99.8726,0,Healthy
2026-06-27T18:00,2026-06-27,2026-06,NSS-MON01,Ubuntu 24.04,Monitoring Server,26.53,74.06,25.94,84.23,15.77,99.937,0,Warning
2026-07-01T21:00,2026-07-01,2026-07,NSS-DC02,Windows Server 2022,Domain Controller,24.02,37.07,62.93,80.8,19.2,99.7563,0,Warning
2026-05-31T19:00,2026-05-31,2026-05,NSS-APP01,Windows Server 2022,Application Server,23.62,49.76,50.24,72.51,27.49,99.9177,0,Healthy
2026-01-12T12:00,2026-01-12,2026-01,NSS-APP01,Windows Server 2022,Application Server,2.0,55.41,44.59,81.56,18.44,99.8689,0,Warning
2026-04-16T08:00,2026-04-16,2026-04,NSS-FILE01,Windows Server 2022,File Server,27.75,59.6,40.4,65.9,34.1,99.8348,0,Healthy
2026-04-08T12:00,2026-04-08,2026-04,NSS-FILE01,Windows Server 2022,File Server,13.27,49.22,50.78,56.19,43.81,99.9623,0,Healthy
2026-03-20T13:00,2026-03-20,2026-03,NSS-LINUX-DB01,Rocky Linux 9,Database Server,20.82,55.04,44.96,63.48,36.52,99.8517,0,Healthy
2026-03-14T18:00,2026-03-14,2026-03,NSS-DC02,Windows Server 2022,Domain Controller,64.14,63.96,36.04,61.38,38.62,99.9271,0,Healthy
2026-05-05T22:00,2026-05-05,2026-05,NSS-MON01,Ubuntu 24.04,Monitoring Server,41.5,75.6,24.4,60.44,39.56,99.7839,0,Healthy
2026-06-04T17:00,2026-06-04,2026-06,NSS-APP01,Windows Server 2022,Application Server,35.45,92.29,7.71,53.19,46.81,99.8364,1,Critical
2026-03-20T20:00,2026-03-20,2026-03,NSS-LINUX-DB01,Rocky Linux 9,Database Server,33.83,72.02,27.98,56.4,43.6,99.7672,0,Healthy
2026-04-09T22:00,2026-04-09,2026-04,NSS-DC02,Windows Server 2022,Domain Controller,48.9,47.93,52.07,79.47,20.53,99.915,0,Healthy
2026-03-02T10:00,2026-03-02,2026-03,NSS-MON01,Ubuntu 24.04,Monitoring Server,27.23,60.15,39.85,61.75,38.25,99.9365,0,Healthy
2026-06-01T10:00,2026-06-01,2026-06,NSS-LINUX-DB01,Rocky Linux 9,Database Server,28.12,50.34,49.66,58.26,41.74,99.8003,0,Healthy
2026-07-23T06:00,2026-07-23,2026-07,NSS-LINUX-APP01,Ubuntu 24.04,Application Server,16.88,53.48,46.52,47.59,52.41,99.795,0,Healthy
2026-01-14T14:00,2026-01-14,2026-01,NSS-LINUX-DB01,Rocky Linux 9,Database Server,2.0,51.18,48.82,49.37,50.63,99.7645,0,Healthy
2026-05-18T15:00,2026-05-18,2026-05,NSS-MON01,Ubuntu 24.04,Monitoring Server,2.8,54.27,45.73,68.48,31.52,99.7951,0,Healthy
2026-07-21T21:00,2026-07-21,2026-07,NSS-APP01,Windows Server 2022,Application Server,41.87,48.77,51.23,70.04,29.96,99.873,0,Healthy
2026-07-24T21:00,2026-07-24,2026-07,NSS-DC02,Windows Server 2022,Domain Controller,18.3,55.91,44.09,24.65,75.35,99.9038,0,Healthy
2026-02-04T06:00,2026-02-04,2026-02,NSS-DC01,Windows Server 2022,Domain Controller,17.48,52.98,47.02,61.79,38.21,99.859,0,Healthy
2026-04-13T06:00,2026-04-13,2026-04,NSS-LINUX-DB01,Rocky Linux 9,Database Server,27.81,47.6,52.4,55.98,44.02,99.9337,0,Healthy
2026-02-07T03:00,2026-02-07,2026-02,NSS-DC02,Windows Server 2022,Domain Controller,36.64,78.45,21.55,51.16,48.84,99.8476,0,Healthy
2026-05-02T14:00,2026-05-02,2026-05,NSS-FILE01,Windows Server 2022,File Server,12.15,60.41,39.59,54.65,45.35,99.8609,0,Healthy
2026-04-28T02:00,2026-04-28,2026-04,NSS-LINUX-APP01,Ubuntu 24.04,Application Server,27.11,71.78,28.22,59.11,40.89,99.8074,0,Healthy
2026-03-20T18:00,2026-03-20,2026-03,NSS-MON01,Ubuntu 24.04,Monitoring Server,44.79,54.41,45.59,68.38,31.62,99.866,0,Healthy
2026-06-05T03:00,2026-06-05,2026-06,NSS-DC01,Windows Server 2022,Domain Controller,27.97,74.59,25.41,37.58,62.42,99.8798,0,Healthy
2026-07-10T16:00,2026-07-10,2026-07,NSS-DC01,Windows Server 2022,Domain Controller,14.63,70.88,29.12,57.9,42.1,99.9784,0,Healthy
2026-03-31T06:00,2026-03-31,2026-03,NSS-APP01,Windows Server 2022,Application Server,2.43,57.69,42.31,73.32,26.68,99.9263,0,Healthy
2026-02-16T19:00,2026-02-16,2026-02,NSS-DC01,Windows Server 2022,Domain Controller,24.24,46.95,53.05,38.71,61.29,99.8944,0,Healthy
2026-06-07T19:00,2026-06-07,2026-06,NSS-APP01,Windows Server 2022,Application Server,18.87,50.61,49.39,67.81,32.19,99.8853,0,Healthy
2026-01-19T04:00,2026-01-19,2026-01,NSS-FILE01,Windows Server 2022,File Server,47.87,63.91,36.09,61.59,38.41,99.8173,0,Healthy
2026-04-20T17:00,2026-04-20,2026-04,NSS-DC01,Windows Server 2022,Domain Controller,18.73,67.09,32.91,75.61,24.39,99.7738,0,Healthy
2026-04-28T09:00,2026-04-28,2026-04,NSS-FILE01,Windows Server 2022,File Server,24.11,43.16,56.84,53.0,47.0,99.9633,0,Healthy
2026-04-08T03:00,2026-04-08,2026-04,NSS-FILE01,Windows Server 2022,File Server,34.11,51.98,48.02,47.59,52.41,99.8938,0,Healthy
2026-02-10T16:00,2026-02-10,2026-02,NSS-APP01,Windows Server 2022,Application Server,9.7,34.78,65.22,51.04,48.96,99.9821,0,Healthy
2026-03-13T09:00,2026-03-13,2026-03,NSS-DC02,Windows Server 2022,Domain Controller,30.31,44.2,55.8,45.0,55.0,99.9978,0,Healthy
2026-06-19T18:00,2026-06-19,2026-06,NSS-LINUX-APP01,Ubuntu 24.04,Application Server,32.88,66.68,33.32,38.25,61.75,99.9424,0,Healthy
2026-05-30T08:00,2026-05-30,2026-05,NSS-LINUX-DB01,Rocky Linux 9,Database Server,43.76,38.89,61.11,81.62,18.38,99.8037,0,Warning
2026-04-21T14:00,2026-04-21,2026-04,NSS-MON01,Ubuntu 24.04,Monitoring Server,47.49,64.92,35.08,70.24,29.76,99.9227,0,Healthy
2026-02-09T08:00,2026-02-09,2026-02,NSS-DC02,Windows Server 2022,Domain Controller,13.17,71.62,28.38,89.52,10.48,99.8337,1,Warning
2026-02-14T22:00,2026-02-14,2026-02,NSS-MON01,Ubuntu 24.04,Monitoring Server,27.13,79.71,20.29,79.82,20.18,99.9343,0,Healthy
2026-06-04T10:00,2026-06-04,2026-06,NSS-LINUX-APP01,Ubuntu 24.04,Application Server,50.77,52.48,47.52,68.26,31.74,99.965,0,Healthy
2026-03-28T04:00,2026-03-28,2026-03,NSS-LINUX-APP01,Ubuntu 24.04,Application Server,46.93,49.76,50.24,54.69,45.31,99.9064,0,Healthy
2026-02-02T22:00,2026-02-02,2026-02,NSS-MON01,Ubuntu 24.04,Monitoring Server,25.21,74.65,25.35,71.92,28.08,99.9021,0,Healthy
2026-01-27T11:00,2026-01-27,2026-01,NSS-APP01,Windows Server 2022,Application Server,9.91,49.72,50.28,67.02,32.98,99.9398,0,Healthy
2026-07-03T14:00,2026-07-03,2026-07,NSS-LINUX-APP01,Ubuntu 24.04,Application Server,22.41,62.92,37.08,58.09,41.91,99.8028,0,Healthy
2026-03-19T03:00,2026-03-19,2026-03,NSS-DC01,Windows Server 2022,Domain Controller,24.69,74.44,25.56,86.47,13.53,99.965,1,Warning
2026-03-07T12:00,2026-03-07,2026-03,NSS-LINUX-APP01,Ubuntu 24.04,Application Server,32.61,48.75,51.25,66.07,33.93,99.7758,0,Healthy
2026-02-03T17:00,2026-02-03,2026-02,NSS-APP01,Windows Server 2022,Application Server,11.79,66.91,33.09,46.59,53.41,99.8517,0,Healthy
2026-04-15T06:00,2026-04-15,2026-04,NSS-APP01,Windows Server 2022,Application Server,35.48,59.14,40.86,69.61,30.39,99.8816,0,Healthy
2026-02-22T16:00,2026-02-22,2026-02,NSS-LINUX-APP01,Ubuntu 24.04,Application Server,35.59,55.32,44.68,59.79,40.21,99.7547,0,Healthy
2026-07-28T20:00,2026-07-28,2026-07,NSS-FILE01,Windows Server 2022,File Server,37.25,74.23,25.77,50.33,49.67,99.9115,0,Healthy
2026-03-09T05:00,2026-03-09,2026-03,NSS-DC02,Windows Server 2022,Domain Controller,25.8,55.68,44.32,48.29,51.71,99.7638,0,Healthy
2026-05-15T23:00,2026-05-15,2026-05,NSS-LINUX-APP01,Ubuntu 24.04,Application Server,13.09,31.46,68.54,45.38,54.62,99.9843,0,Healthy
2026-05-21T20:00,2026-05-21,2026-05,NSS-LINUX-DB01,Rocky Linux 9,Database Server,30.2,50.06,49.94,46.21,53.79,99.9105,0,Healthy
2026-07-04T22:00,2026-07-04,2026-07,NSS-LINUX-APP01,Ubuntu 24.04,Application Server,26.37,25.03,74.97,72.17,27.83,99.7922,0,Healthy
2026-05-09T21:00,2026-05-09,2026-05,NSS-DC01,Windows Server 2022,Domain Controller,23.26,51.18,48.82,84.1,15.9,99.9806,0,Warning
2026-02-22T15:00,2026-02-22,2026-02,NSS-DC02,Windows Server 2022,Domain Controller,48.91,69.0,31.0,74.43,25.57,99.812,0,Healthy
2026-07-08T23:00,2026-07-08,2026-07,NSS-DC01,Windows Server 2022,Domain Controller,35.38,23.58,76.42,67.23,32.77,99.996,0,Healthy
2026-02-10T07:00,2026-02-10,2026-02,NSS-DC01,Windows Server 2022,Domain Controller,39.31,63.84,36.16,63.4,36.6,99.928,0,Healthy
2026-04-16T13:00,2026-04-16,2026-04,NSS-MON01,Ubuntu 24.04,Monitoring Server,15.41,42.11,57.89,66.83,33.17,99.9999,0,Healthy
2026-01-23T03:00,2026-01-23,2026-01,NSS-LINUX-APP01,Ubuntu 24.04,Application Server,31.57,80.48,19.52,68.94,31.06,99.806,0,Warning
2026-03-23T11:00,2026-03-23,2026-03,NSS-DC01,Windows Server 2022,Domain Controller,14.9,25.99,74.01,52.34,47.66,99.8002,0,Healthy
2026-02-09T14:00,2026-02-09,2026-02,NSS-APP01,Windows Server 2022,Application Server,37.76,81.2,18.8,45.18,54.82,99.9504,0,Warning
2026-03-14T00:00,2026-03-14,2026-03,NSS-APP01,Windows Server 2022,Application Server,22.31,65.71,34.29,83.2,16.8,99.7785,0,Warning
2026-06-22T06:00,2026-06-22,2026-06,NSS-MON01,Ubuntu 24.04,Monitoring Server,46.89,62.7,37.3,82.68,17.32,99.8061,0,Warning
2026-01-26T09:00,2026-01-26,2026-01,NSS-FILE01,Windows Server 2022,File Server,32.97,48.32,51.68,68.48,31.52,99.9005,0,Healthy
2026-07-26T03:00,2026-07-26,2026-07,NSS-DC01,Windows Server 2022,Domain Controller,39.42,68.44,31.56,75.7,24.3,99.9043,0,Healthy
2026-06-30T12:00,2026-06-30,2026-06,NSS-MON01,Ubuntu 24.04,Monitoring Server,31.88,61.96,38.04,60.16,39.84,99.8517,0,Healthy
2026-04-11T15:00,2026-04-11,2026-04,NSS-LINUX-APP01,Ubuntu 24.04,Application Server,24.83,71.83,28.17,71.62,28.38,99.7639,0,Healthy
2026-03-13T12:00,2026-03-13,2026-03,NSS-MON01,Ubuntu 24.04,Monitoring Server,44.33,46.71,53.29,79.83,20.17,99.8947,0,Healthy
2026-04-11T08:00,2026-04-11,2026-04,NSS-APP01,Windows Server 2022,Application Server,14.98,58.18,41.82,69.7,30.3,99.7956,0,Healthy
2026-04-13T00:00,2026-04-13,2026-04,NSS-LINUX-DB01,Rocky Linux 9,Database Server,29.11,66.12,33.88,60.55,39.45,99.9581,0,Healthy
2026-01-06T22:00,2026-01-06,2026-01,NSS-FILE01,Windows Server 2022,File Server,17.09,77.21,22.79,52.69,47.31,99.7502,0,Healthy
2026-05-05T00:00,2026-05-05,2026-05,NSS-LINUX-DB01,Rocky Linux 9,Database Server,38.09,61.18,38.82,77.0,23.0,99.9412,0,Healthy
2026-04-10T04:00,2026-04-10,2026-04,NSS-DC01,Windows Server 2022,Domain Controller,45.7,56.98,43.02,59.52,40.48,99.8366,0,Healthy
2026-06-07T03:00,2026-06-07,2026-06,NSS-APP01,Windows Server 2022,Application Server,21.56,49.0,51.0,44.1,55.9,99.996,0,Healthy
2026-07-18T13:00,2026-07-18,2026-07,NSS-LINUX-APP01,Ubuntu 24.04,Application Server,14.95,36.46,63.54,56.52,43.48,99.8256,0,Healthy
2026-05-14T03:00,2026-05-14,2026-05,NSS-DC01,Windows Server 2022,Domain Controller,19.29,57.81,42.19,62.83,37.17,99.8005,0,Healthy
2026-07-03T20:00,2026-07-03,2026-07,NSS-FILE01,Windows Server 2022,File Server,17.49,45.27,54.73,65.33,34.67,99.8383,0,Healthy
2026-01-11T06:00,2026-01-11,2026-01,NSS-DC01,Windows Server 2022,Domain Controller,19.61,56.16,43.84,59.26,40.74,99.8732,0,Healthy
2026-07-11T19:00,2026-07-11,2026-07,NSS-DC01,Windows Server 2022,Domain Controller,19.72,47.64,52.36,65.91,34.09,99.9806,0,Healthy
2026-07-18T03:00,2026-07-18,2026-07,NSS-FILE01,Windows Server 2022,File Server,47.39,39.85,60.15,75.74,24.26,99.9978,0,Healthy
2026-01-26T00:00,2026-01-26,2026-01,NSS-APP01,Windows Server 2022,Application Server,30.76,60.95,39.05,53.7,46.3,99.821,0,Healthy
2026-04-05T08:00,2026-04-05,2026-04,NSS-LINUX-APP01,Ubuntu 24.04,Application Server,30.86,47.28,52.72,61.93,38.07,99.7937,0,Healthy
2026-04-24T03:00,2026-04-24,2026-04,NSS-LINUX-APP01,Ubuntu 24.04,Application Server,46.91,81.71,18.29,62.84,37.16,99.7609,0,Warning
2026-07-24T23:00,2026-07-24,2026-07,NSS-DC02,Windows Server 2022,Domain Controller,28.46,53.92,46.08,57.95,42.05,99.796,0,Healthy
2026-01-22T22:00,2026-01-22,2026-01,NSS-FILE01,Windows Server 2022,File Server,11.63,62.59,37.41,59.57,40.43,99.9857,0,Healthy
2026-04-29T19:00,2026-04-29,2026-04,NSS-APP01,Windows Server 2022,Application Server,5.04,42.59,57.41,80.66,19.34,99.8162,0,Warning
2026-03-26T05:00,2026-03-26,2026-03,NSS-MON01,Ubuntu 24.04,Monitoring Server,8.53,80.51,19.49,47.63,52.37,99.9128,0,Warning
2026-06-28T18:00,2026-06-28,2026-06,NSS-LINUX-APP01,Ubuntu 24.04,Application Server,27.2,47.24,52.76,73.94,26.06,99.8282,0,Healthy
2026-05-17T04:00,2026-05-17,2026-05,NSS-DC01,Windows Server 2022,Domain Controller,11.49,75.85,24.15,59.87,40.13,99.8633,0,Healthy
2026-03-09T09:00,2026-03-09,2026-03,NSS-FILE01,Windows Server 2022,File Server,38.97,73.02,26.98,77.34,22.66,99.9722,0,Healthy
2026-04-17T02:00,2026-04-17,2026-04,NSS-LINUX-APP01,Ubuntu 24.04,Application Server,33.39,27.19,72.81,80.94,19.06,99.8856,0,Warning
2026-02-27T00:00,2026-02-27,2026-02,NSS-LINUX-DB01,Rocky Linux 9,Database Server,21.66,57.09,42.91,42.69,57.31,99.9727,0,Healthy
2026-07-07T10:00,2026-07-07,2026-07,NSS-APP01,Windows Server 2022,Application Server,17.02,56.35,43.65,43.39,56.61,99.994,0,Healthy
2026-04-08T15:00,2026-04-08,2026-04,NSS-DC01,Windows Server 2022,Domain Controller,2.0,54.68,45.32,89.57,10.43,99.9594,1,Warning
2026-06-04T08:00,2026-06-04,2026-06,NSS-APP01,Windows Server 2022,Application Server,38.69,57.62,42.38,55.72,44.28,99.7741,0,Healthy
2026-07-05T08:00,2026-07-05,2026-07,NSS-LINUX-DB01,Rocky Linux 9,Database Server,26.33,14.1,85.9,90.18,9.82,99.9178,1,Critical
2026-04-21T17:00,2026-04-21,2026-04,NSS-FILE01,Windows Server 2022,File Server,45.25,65.82,34.18,26.0,74.0,99.8658,0,Healthy
2026-04-18T23:00,2026-04-18,2026-04,NSS-LINUX-APP01,Ubuntu 24.04,Application Server,42.5,65.64,34.36,69.3,30.7,99.9928,0,Healthy
2026-03-23T14:00,2026-03-23,2026-03,NSS-LINUX-DB01,Rocky Linux 9,Database Server,14.33,37.94,62.06,75.05,24.95,99.9399,0,Healthy
2026-05-25T13:00,2026-05-25,2026-05,NSS-DC02,Windows Server 2022,Domain Controller,4.01,34.9,65.1,59.5,40.5,99.9549,0,Healthy
2026-04-15T19:00,2026-04-15,2026-04,NSS-LINUX-DB01,Rocky Linux 9,Database Server,43.02,26.54,73.46,82.87,17.13,99.8178,0,Warning
2026-05-31T17:00,2026-05-31,2026-05,NSS-DC02,Windows Server 2022,Domain Controller,11.95,68.19,31.81,75.42,24.58,99.8854,0,Healthy
2026-04-27T22:00,2026-04-27,2026-04,NSS-FILE01,Windows Server 2022,File Server,2.0,33.79,66.21,70.96,29.04,99.9213,0,Healthy
2026-03-04T00:00,2026-03-04,2026-03,NSS-DC01,Windows Server 2022,Domain Controller,24.19,68.97,31.03,57.98,42.02,99.9525,0,Healthy
2026-06-12T02:00,2026-06-12,2026-06,NSS-LINUX-DB01,Rocky Linux 9,Database Server,3.95,40.95,59.05,48.14,51.86,99.8331,0,Healthy
2026-07-02T22:00,2026-07-02,2026-07,NSS-LINUX-APP01,Ubuntu 24.04,Application Server,49.29,46.64,53.36,62.22,37.78,99.762,0,Healthy
2026-06-10T00:00,2026-06-10,2026-06,NSS-MON01,Ubuntu 24.04,Monitoring Server,38.62,52.91,47.09,28.42,71.58,99.9793,0,Healthy
2026-02-17T01:00,2026-02-17,2026-02,NSS-DC01,Windows Server 2022,Domain Controller,19.6,55.43,44.57,50.41,49.59,99.8035,0,Healthy
2026-02-19T02:00,2026-02-19,2026-02,NSS-LINUX-DB01,Rocky Linux 9,Database Server,45.51,57.65,42.35,64.41,35.59,99.9331,0,Healthy
2026-04-28T11:00,2026-04-28,2026-04,NSS-MON01,Ubuntu 24.04,Monitoring Server,48.09,60.63,39.37,64.06,35.94,99.9228,0,Healthy
2026-06-15T05:00,2026-06-15,2026-06,NSS-MON01,Ubuntu 24.04,Monitoring Server,36.41,53.16,46.84,69.69,30.31,99.8547,0,Healthy
2026-05-23T16:00,2026-05-23,2026-05,NSS-FILE01,Windows Server 2022,File Server,32.31,43.54,56.46,41.81,58.19,99.8378,0,Healthy
2026-05-19T16:00,2026-05-19,2026-05,NSS-MON01,Ubuntu 24.04,Monitoring Server,2.0,55.85,44.15,76.27,23.73,99.9012,0,Healthy
2026-01-23T04:00,2026-01-23,2026-01,NSS-LINUX-APP01,Ubuntu 24.04,Application Server,29.86,40.75,59.25,60.83,39.17,99.9935,0,Healthy
2026-01-07T08:00,2026-01-07,2026-01,NSS-MON01,Ubuntu 24.04,Monitoring Server,48.32,54.48,45.52,51.07,48.93,99.8006,0,Healthy
2026-02-15T11:00,2026-02-15,2026-02,NSS-DC02,Windows Server 2022,Domain Controller,2.0,55.59,44.41,36.94,63.06,99.8325,0,Healthy
2026-02-14T21:00,2026-02-14,2026-02,NSS-APP01,Windows Server 2022,Application Server,2.0,16.84,83.16,53.66,46.34,99.83,0,Healthy
2026-06-04T12:00,2026-06-04,2026-06,NSS-DC02,Windows Server 2022,Domain Controller,22.33,61.04,38.96,52.76,47.24,99.9102,0,Healthy
2026-05-30T13:00,2026-05-30,2026-05,NSS-DC02,Windows Server 2022,Domain Controller,28.56,45.69,54.31,68.06,31.94,99.9629,0,Healthy
2026-07-07T14:00,2026-07-07,2026-07,NSS-DC02,Windows Server 2022,Domain Controller,24.08,61.4,38.6,71.05,28.95,99.873,0,Healthy
2026-02-20T19:00,2026-02-20,2026-02,NSS-LINUX-DB01,Rocky Linux 9,Database Server,17.24,55.89,44.11,48.1,51.9,99.9631,0,Healthy
2026-05-17T01:00,2026-05-17,2026-05,NSS-LINUX-APP01,Ubuntu 24.04,Application Server,18.86,48.28,51.72,47.38,52.62,99.9632,0,Healthy
2026-02-16T11:00,2026-02-16,2026-02,NSS-FILE01,Windows Server 2022,File Server,36.56,44.08,55.92,30.65,69.35,99.9509,0,Healthy
2026-04-01T20:00,2026-04-01,2026-04,NSS-APP01,Windows Server 2022,Application Server,21.17,51.24,48.76,49.21,50.79,99.9562,0,Healthy
2026-05-14T00:00,2026-05-14,2026-05,NSS-LINUX-APP01,Ubuntu 24.04,Application Server,43.48,24.21,75.79,63.44,36.56,99.9194,0,Healthy
2026-06-24T13:00,2026-06-24,2026-06,NSS-APP01,Windows Server 2022,Application Server,33.99,59.56,40.44,91.43,8.57,99.8809,1,Critical
2026-06-29T16:00,2026-06-29,2026-06,NSS-MON01,Ubuntu 24.04,Monitoring Server,49.02,42.41,57.59,70.7,29.3,99.9637,0,Healthy
2026-05-31T21:00,2026-05-31,2026-05,NSS-LINUX-APP01,Ubuntu 24.04,Application Server,23.52,80.68,19.32,59.33,40.67,99.7871,0,Warning
2026-07-07T23:00,2026-07-07,2026-07,NSS-LINUX-APP01,Ubuntu 24.04,Application Server,44.08,54.45,45.55,49.07,50.93,99.7674,0,Healthy
2026-07-18T09:00,2026-07-18,2026-07,NSS-DC01,Windows Server 2022,Domain Controller,26.22,44.82,55.18,50.8,49.2,99.7505,0,Healthy
2026-02-23T02:00,2026-02-23,2026-02,NSS-DC01,Windows Server 2022,Domain Controller,17.67,53.39,46.61,52.07,47.93,99.9853,0,Healthy
2026-05-11T07:00,2026-05-11,2026-05,NSS-DC02,Windows Server 2022,Domain Controller,8.03,54.01,45.99,58.41,41.59,99.8457,0,Healthy
2026-01-09T15:00,2026-01-09,2026-01,NSS-MON01,Ubuntu 24.04,Monitoring Server,19.81,50.56,49.44,93.83,6.17,99.8268,1,Critical
2026-03-01T21:00,2026-03-01,2026-03,NSS-MON01,Ubuntu 24.04,Monitoring Server,42.33,35.02,64.98,61.68,38.32,99.9354,0,Healthy
2026-02-18T02:00,2026-02-18,2026-02,NSS-LINUX-APP01,Ubuntu 24.04,Application Server,27.8,71.33,28.67,37.06,62.94,99.9128,0,Healthy
2026-07-03T14:00,2026-07-03,2026-07,NSS-DC01,Windows Server 2022,Domain Controller,24.58,43.18,56.82,72.32,27.68,99.9405,0,Healthy
2026-06-15T18:00,2026-06-15,2026-06,NSS-APP01,Windows Server 2022,Application Server,30.15,86.38,13.62,54.18,45.82,99.9844,0,Warning
2026-01-16T18:00,2026-01-16,2026-01,NSS-LINUX-DB01,Rocky Linux 9,Database Server,35.39,26.84,73.16,59.74,40.26,99.8411,0,Healthy
2026-02-12T07:00,2026-02-12,2026-02,NSS-MON01,Ubuntu 24.04,Monitoring Server,23.71,27.57,72.43,66.71,33.29,99.8672,0,Healthy
2026-05-15T04:00,2026-05-15,2026-05,NSS-DC02,Windows Server 2022,Domain Controller,32.39,44.89,55.11,41.79,58.21,99.8065,0,Healthy
2026-07-06T11:00,2026-07-06,2026-07,NSS-FILE01,Windows Server 2022,File Server,40.01,62.34,37.66,63.02,36.98,99.7624,0,Healthy
2026-06-25T15:00,2026-06-25,2026-06,NSS-FILE01,Windows Server 2022,File Server,30.07,57.79,42.21,62.27,37.73,99.7761,0,Healthy
2026-03-13T13:00,2026-03-13,2026-03,NSS-DC02,Windows Server 2022,Domain Controller,23.09,81.48,18.52,61.43,38.57,99.963,0,Warning
2026-05-30T16:00,2026-05-30,2026-05,NSS-DC02,Windows Server 2022,Domain Controller,30.95,48.72,51.28,42.57,57.43,99.769,0,Healthy
2026-06-24T09:00,2026-06-24,2026-06,NSS-APP01,Windows Server 2022,Application Server,22.55,54.55,45.45,55.04,44.96,99.9351,0,Healthy
2026-03-07T22:00,2026-03-07,2026-03,NSS-APP01,Windows Server 2022,Application Server,2.0,41.68,58.32,84.93,15.07,99.8661,0,Warning
2026-02-02T22:00,2026-02-02,2026-02,NSS-MON01,Ubuntu 24.04,Monitoring Server,2.0,59.02,40.98,59.35,40.65,99.8425,0,Healthy
2026-04-30T03:00,2026-04-30,2026-04,NSS-APP01,Windows Server 2022,Application Server,5.92,49.5,50.5,51.09,48.91,99.7737,0,Healthy
2026-05-27T17:00,2026-05-27,2026-05,NSS-LINUX-APP01,Ubuntu 24.04,Application Server,19.5,54.58,45.42,63.18,36.82,99.7726,0,Healthy
2026-05-13T09:00,2026-05-13,2026-05,NSS-DC02,Windows Server 2022,Domain Controller,54.65,68.32,31.68,32.56,67.44,99.7626,0,Healthy
2026-02-16T18:00,2026-02-16,2026-02,NSS-LINUX-DB01,Rocky Linux 9,Database Server,36.95,34.13,65.87,71.02,28.98,99.8946,0,Healthy
2026-06-21T11:00,2026-06-21,2026-06,NSS-APP01,Windows Server 2022,Application Server,21.85,79.91,20.09,65.64,34.36,99.7778,0,Healthy
2026-05-19T21:00,2026-05-19,2026-05,NSS-FILE01,Windows Server 2022,File Server,49.45,70.12,29.88,71.13,28.87,99.9056,0,Healthy
2026-04-10T11:00,2026-04-10,2026-04,NSS-APP01,Windows Server 2022,Application Server,30.6,54.1,45.9,59.5,40.5,99.8925,0,Healthy
2026-06-03T02:00,2026-06-03,2026-06,NSS-DC02,Windows Server 2022,Domain Controller,23.03,56.16,43.84,53.24,46.76,99.9081,0,Healthy
2026-04-12T19:00,2026-04-12,2026-04,NSS-LINUX-DB01,Rocky Linux 9,Database Server,2.89,57.71,42.29,71.76,28.24,99.9419,0,Healthy
2026-05-22T12:00,2026-05-22,2026-05,NSS-LINUX-APP01,Ubuntu 24.04,Application Server,27.16,75.65,24.35,58.29,41.71,99.9124,0,Healthy
2026-04-11T08:00,2026-04-11,2026-04,NSS-LINUX-DB01,Rocky Linux 9,Database Server,6.01,64.2,35.8,55.41,44.59,99.8383,0,Healthy
2026-06-13T08:00,2026-06-13,2026-06,NSS-DC01,Windows Server 2022,Domain Controller,21.71,33.44,66.56,68.84,31.16,99.9545,0,Healthy
2026-06-28T04:00,2026-06-28,2026-06,NSS-DC01,Windows Server 2022,Domain Controller,10.59,56.69,43.31,75.8,24.2,99.7809,0,Healthy
2026-03-11T01:00,2026-03-11,2026-03,NSS-MON01,Ubuntu 24.04,Monitoring Server,51.88,36.71,63.29,56.59,43.41,99.8755,0,Healthy
2026-02-09T15:00,2026-02-09,2026-02,NSS-LINUX-DB01,Rocky Linux 9,Database Server,55.5,64.73,35.27,50.84,49.16,99.8141,0,Healthy
2026-07-03T23:00,2026-07-03,2026-07,NSS-LINUX-APP01,Ubuntu 24.04,Application Server,27.11,55.85,44.15,52.22,47.78,99.9216,0,Healthy
2026-03-12T07:00,2026-03-12,2026-03,NSS-MON01,Ubuntu 24.04,Monitoring Server,29.76,68.13,31.87,47.26,52.74,99.9992,0,Healthy
2026-01-30T13:00,2026-01-30,2026-01,NSS-DC01,Windows Server 2022,Domain Controller,15.73,31.97,68.03,58.33,41.67,99.7862,0,Healthy
2026-04-23T00:00,2026-04-23,2026-04,NSS-DC01,Windows Server 2022,Domain Controller,29.88,40.34,59.66,59.05,40.95,99.7704,0,Healthy
2026-01-10T17:00,2026-01-10,2026-01,NSS-DC02,Windows Server 2022,Domain Controller,19.2,49.73,50.27,68.61,31.39,99.7528,0,Healthy
2026-04-25T02:00,2026-04-25,2026-04,NSS-APP01,Windows Server 2022,Application Server,26.03,38.72,61.28,54.29,45.71,99.8336,0,Healthy
2026-05-26T05:00,2026-05-26,2026-05,NSS-LINUX-APP01,Ubuntu 24.04,Application Server,29.91,27.24,72.76,57.96,42.04,99.9839,0,Healthy
2026-01-16T15:00,2026-01-16,2026-01,NSS-LINUX-APP01,Ubuntu 24.04,Application Server,12.58,45.54,54.46,42.84,57.16,99.7649,0,Healthy
2026-03-28T23:00,2026-03-28,2026-03,NSS-DC02,Windows Server 2022,Domain Controller,24.68,24.72,75.28,54.36,45.64,99.8463,0,Healthy
2026-06-23T09:00,2026-06-23,2026-06,NSS-DC01,Windows Server 2022,Domain Controller,38.8,39.54,60.46,40.68,59.32,99.7986,0,Healthy
2026-01-05T02:00,2026-01-05,2026-01,NSS-DC02,Windows Server 2022,Domain Controller,27.72,58.3,41.7,47.88,52.12,99.9011,0,Healthy
2026-01-09T15:00,2026-01-09,2026-01,NSS-DC01,Windows Server 2022,Domain Controller,36.54,54.77,45.23,72.72,27.28,99.9607,0,Healthy
2026-05-08T08:00,2026-05-08,2026-05,NSS-MON01,Ubuntu 24.04,Monitoring Server,50.73,43.88,56.12,37.14,62.86,99.8603,0,Healthy
2026-03-27T16:00,2026-03-27,2026-03,NSS-APP01,Windows Server 2022,Application Server,28.08,55.62,44.38,69.75,30.25,99.8683,0,Healthy
2026-06-29T11:00,2026-06-29,2026-06,NSS-APP01,Windows Server 2022,Application Server,39.46,70.41,29.59,50.48,49.52,99.7777,0,Healthy
2026-04-25T20:00,2026-04-25,2026-04,NSS-LINUX-DB01,Rocky Linux 9,Database Server,15.55,51.01,48.99,81.11,18.89,99.8962,0,Warning
2026-03-26T03:00,2026-03-26,2026-03,NSS-MON01,Ubuntu 24.04,Monitoring Server,29.05,36.24,63.76,50.96,49.04,99.8769,0,Healthy
2026-06-19T17:00,2026-06-19,2026-06,NSS-LINUX-DB01,Rocky Linux 9,Database Server,31.8,31.41,68.59,50.18,49.82,99.7977,0,Healthy
2026-01-30T12:00,2026-01-30,2026-01,NSS-DC01,Windows Server 2022,Domain Controller,24.03,50.97,49.03,56.53,43.47,99.9756,0,Healthy
2026-07-22T02:00,2026-07-22,2026-07,NSS-LINUX-DB01,Rocky Linux 9,Database Server,2.59,45.2,54.8,60.91,39.09,99.8431,0,Healthy
2026-03-08T04:00,2026-03-08,2026-03,NSS-APP01,Windows Server 2022,Application Server,26.01,58.5,41.5,56.83,43.17,99.8322,0,Healthy
2026-02-06T01:00,2026-02-06,2026-02,NSS-FILE01,Windows Server 2022,File Server,22.53,34.29,65.71,39.83,60.17,99.7743,0,Healthy
2026-04-07T16:00,2026-04-07,2026-04,NSS-MON01,Ubuntu 24.04,Monitoring Server,29.32,63.84,36.16,47.38,52.62,99.8283,0,Healthy
2026-01-19T18:00,2026-01-19,2026-01,NSS-DC02,Windows Server 2022,Domain Controller,20.86,67.79,32.21,65.91,34.09,99.8053,0,Healthy
2026-05-27T16:00,2026-05-27,2026-05,NSS-APP01,Windows Server 2022,Application Server,33.12,44.74,55.26,50.29,49.71,99.7912,0,Healthy
2026-03-24T04:00,2026-03-24,2026-03,NSS-DC02,Windows Server 2022,Domain Controller,11.09,71.44,28.56,70.37,29.63,99.8232,0,Healthy
2026-01-11T06:00,2026-01-11,2026-01,NSS-LINUX-DB01,Rocky Linux 9,Database Server,29.89,49.02,50.98,38.89,61.11,99.8271,0,Healthy
2026-04-18T09:00,2026-04-18,2026-04,NSS-DC02,Windows Server 2022,Domain Controller,17.55,50.62,49.38,72.11,27.89,99.9143,0,Healthy
2026-04-05T22:00,2026-04-05,2026-04,NSS-APP01,Windows Server 2022,Application Server,37.92,66.53,33.47,78.4,21.6,99.9144,0,Healthy
2026-02-19T11:00,2026-02-19,2026-02,NSS-FILE01,Windows Server 2022,File Server,20.44,75.71,24.29,61.7,38.3,99.761,0,Healthy
2026-04-18T04:00,2026-04-18,2026-04,NSS-FILE01,Windows Server 2022,File Server,11.81,30.04,69.96,57.88,42.12,99.999,0,Healthy
2026-07-26T04:00,2026-07-26,2026-07,NSS-LINUX-APP01,Ubuntu 24.04,Application Server,24.18,44.45,55.55,45.32,54.68,99.8163,0,Healthy
2026-07-04T00:00,2026-07-04,2026-07,NSS-APP01,Windows Server 2022,Application Server,28.86,18.37,81.63,53.39,46.61,99.8349,0,Healthy
2026-06-09T14:00,2026-06-09,2026-06,NSS-DC02,Windows Server 2022,Domain Controller,23.36,73.87,26.13,77.44,22.56,99.9329,0,Healthy
2026-06-28T06:00,2026-06-28,2026-06,NSS-DC01,Windows Server 2022,Domain Controller,17.92,24.77,75.23,53.42,46.58,99.7792,0,Healthy
2026-03-11T16:00,2026-03-11,2026-03,NSS-DC02,Windows Server 2022,Domain Controller,13.91,68.72,31.28,56.41,43.59,99.7629,0,Healthy
2026-02-12T03:00,2026-02-12,2026-02,NSS-MON01,Ubuntu 24.04,Monitoring Server,21.7,35.06,64.94,74.44,25.56,99.9798,0,Healthy
2026-03-20T01:00,2026-03-20,2026-03,NSS-DC02,Windows Server 2022,Domain Controller,30.56,44.61,55.39,64.36,35.64,99.9064,0,Healthy
2026-01-05T15:00,2026-01-05,2026-01,NSS-FILE01,Windows Server 2022,File Server,5.73,57.08,42.92,76.63,23.37,99.9702,0,Healthy
2026-04-01T05:00,2026-04-01,2026-04,NSS-LINUX-APP01,Ubuntu 24.04,Application Server,9.28,65.77,34.23,49.41,50.59,99.9466,0,Healthy
2026-06-01T04:00,2026-06-01,2026-06,NSS-APP01,Windows Server 2022,Application Server,10.91,55.25,44.75,50.44,49.56,99.7741,0,Healthy
2026-06-29T10:00,2026-06-29,2026-06,NSS-MON01,Ubuntu 24.04,Monitoring Server,13.93,38.93,61.07,60.29,39.71,99.9199,0,Healthy
2026-06-25T19:00,2026-06-25,2026-06,NSS-DC02,Windows Server 2022,Domain Controller,24.98,50.52,49.48,22.96,77.04,99.7701,0,Healthy
2026-06-25T21:00,2026-06-25,2026-06,NSS-LINUX-APP01,Ubuntu 24.04,Application Server,42.39,74.76,25.24,31.89,68.11,99.8716,0,Healthy
2026-07-20T23:00,2026-07-20,2026-07,NSS-DC01,Windows Server 2022,Domain Controller,7.47,27.27,72.73,55.23,44.77,99.9268,0,Healthy
2026-05-29T02:00,2026-05-29,2026-05,NSS-DC01,Windows Server 2022,Domain Controller,35.7,47.85,52.15,46.62,53.38,99.9186,0,Healthy
2026-03-26T16:00,2026-03-26,2026-03,NSS-DC02,Windows Server 2022,Domain Controller,46.78,67.4,32.6,94.63,5.37,99.8708,1,Critical
2026-01-11T18:00,2026-01-11,2026-01,NSS-LINUX-APP01,Ubuntu 24.04,Application Server,36.87,68.44,31.56,63.32,36.68,99.9531,0,Healthy
2026-03-29T01:00,2026-03-29,2026-03,NSS-LINUX-DB01,Rocky Linux 9,Database Server,33.23,60.26,39.74,68.16,31.84,99.787,0,Healthy
2026-04-07T03:00,2026-04-07,2026-04,NSS-LINUX-APP01,Ubuntu 24.04,Application Server,28.67,68.62,31.38,55.83,44.17,99.8834,0,Healthy
2026-03-05T19:00,2026-03-05,2026-03,NSS-DC02,Windows Server 2022,Domain Controller,36.63,36.99,63.01,68.89,31.11,99.817,0,Healthy
2026-01-19T08:00,2026-01-19,2026-01,NSS-DC02,Windows Server 2022,Domain Controller,30.37,70.26,29.74,53.54,46.46,99.9333,0,Healthy
2026-04-11T19:00,2026-04-11,2026-04,NSS-FILE01,Windows Server 2022,File Server,22.47,68.56,31.44,73.27,26.73,99.8643,0,Healthy
2026-02-09T11:00,2026-02-09,2026-02,NSS-DC02,Windows Server 2022,Domain Controller,28.79,34.4,65.6,73.66,26.34,99.9013,0,Healthy
2026-02-05T21:00,2026-02-05,2026-02,NSS-LINUX-APP01,Ubuntu 24.04,Application Server,31.46,47.13,52.87,60.03,39.97,99.8036,0,Healthy
2026-02-16T18:00,2026-02-16,2026-02,NSS-LINUX-APP01,Ubuntu 24.04,Application Server,32.23,24.17,75.83,48.0,52.0,99.8357,0,Healthy
2026-05-09T22:00,2026-05-09,2026-05,NSS-LINUX-APP01,Ubuntu 24.04,Application Server,27.27,49.36,50.64,53.82,46.18,99.9385,0,Healthy
2026-02-11T22:00,2026-02-11,2026-02,NSS-DC01,Windows Server 2022,Domain Controller,38.3,76.67,23.33,47.04,52.96,99.9744,0,Healthy
2026-05-28T12:00,2026-05-28,2026-05,NSS-LINUX-DB01,Rocky Linux 9,Database Server,9.55,76.21,23.79,38.78,61.22,99.8615,0,Healthy
2026-05-31T14:00,2026-05-31,2026-05,NSS-LINUX-APP01,Ubuntu 24.04,Application Server,32.12,63.69,36.31,50.77,49.23,99.867,0,Healthy
2026-01-06T00:00,2026-01-06,2026-01,NSS-DC01,Windows Server 2022,Domain Controller,36.13,58.63,41.37,58.9,41.1,99.9954,0,Healthy
2026-04-18T20:00,2026-04-18,2026-04,NSS-LINUX-APP01,Ubuntu 24.04,Application Server,8.45,60.05,39.95,62.84,37.16,99.9645,0,Healthy
2026-07-01T07:00,2026-07-01,2026-07,NSS-MON01,Ubuntu 24.04,Monitoring Server,39.29,69.37,30.63,69.48,30.52,99.7902,0,Healthy
2026-03-09T07:00,2026-03-09,2026-03,NSS-LINUX-APP01,Ubuntu 24.04,Application Server,17.41,51.54,48.46,70.26,29.74,99.8059,0,Healthy
2026-05-15T06:00,2026-05-15,2026-05,NSS-APP01,Windows Server 2022,Application Server,2.24,42.28,57.72,60.41,39.59,99.9078,0,Healthy
2026-04-24T09:00,2026-04-24,2026-04,NSS-APP01,Windows Server 2022,Application Server,2.96,37.66,62.34,44.53,55.47,99.8049,0,Healthy
2026-06-28T05:00,2026-06-28,2026-06,NSS-LINUX-APP01,Ubuntu 24.04,Application Server,25.27,70.57,29.43,61.75,38.25,99.8685,0,Healthy
2026-07-13T00:00,2026-07-13,2026-07,NSS-APP01,Windows Server 2022,Application Server,27.25,86.91,13.09,62.3,37.7,99.9176,0,Warning
2026-02-25T01:00,2026-02-25,2026-02,NSS-DC01,Windows Server 2022,Domain Controller,6.15,59.45,40.55,28.78,71.22,99.8755,0,Healthy
2026-06-07T16:00,2026-06-07,2026-06,NSS-LINUX-APP01,Ubuntu 24.04,Application Server,49.62,53.11,46.89,80.26,19.74,99.9064,0,Warning
2026-03-21T21:00,2026-03-21,2026-03,NSS-LINUX-DB01,Rocky Linux 9,Database Server,24.79,52.74,47.26,37.18,62.82,99.7655,0,Healthy
2026-07-23T12:00,2026-07-23,2026-07,NSS-LINUX-DB01,Rocky Linux 9,Database Server,20.44,67.72,32.28,17.59,82.41,99.8049,0,Healthy
2026-01-31T13:00,2026-01-31,2026-01,NSS-LINUX-APP01,Ubuntu 24.04,Application Server,9.76,74.48,25.52,79.24,20.76,99.8634,0,Healthy
2026-06-18T19:00,2026-06-18,2026-06,NSS-MON01,Ubuntu 24.04,Monitoring Server,22.73,52.57,47.43,58.63,41.37,99.9211,0,Healthy
2026-05-04T14:00,2026-05-04,2026-05,NSS-DC01,Windows Server 2022,Domain Controller,40.43,72.05,27.95,42.67,57.33,99.8138,0,Healthy
2026-07-12T20:00,2026-07-12,2026-07,NSS-FILE01,Windows Server 2022,File Server,24.52,90.16,9.84,74.97,25.03,99.8845,1,Critical
2026-02-08T12:00,2026-02-08,2026-02,NSS-LINUX-APP01,Ubuntu 24.04,Application Server,21.3,74.85,25.15,57.4,42.6,99.9648,0,Healthy
2026-01-11T20:00,2026-01-11,2026-01,NSS-LINUX-DB01,Rocky Linux 9,Database Server,42.19,49.66,50.34,72.67,27.33,99.879,0,Healthy
2026-06-13T00:00,2026-06-13,2026-06,NSS-DC01,Windows Server 2022,Domain Controller,26.37,56.69,43.31,58.66,41.34,99.8985,0,Healthy
2026-05-24T18:00,2026-05-24,2026-05,NSS-LINUX-DB01,Rocky Linux 9,Database Server,30.57,43.24,56.76,62.46,37.54,99.9332,0,Healthy
2026-03-23T07:00,2026-03-23,2026-03,NSS-FILE01,Windows Server 2022,File Server,39.9,61.28,38.72,88.79,11.21,99.9344,1,Warning
2026-01-08T22:00,2026-01-08,2026-01,NSS-LINUX-DB01,Rocky Linux 9,Database Server,16.67,34.58,65.42,62.51,37.49,99.8213,0,Healthy
2026-01-05T06:00,2026-01-05,2026-01,NSS-LINUX-APP01,Ubuntu 24.04,Application Server,30.96,59.43,40.57,66.61,33.39,99.9332,0,Healthy
2026-06-21T17:00,2026-06-21,2026-06,NSS-DC02,Windows Server 2022,Domain Controller,15.23,61.43,38.57,65.38,34.62,99.7826,0,Healthy
2026-03-22T08:00,2026-03-22,2026-03,NSS-DC01,Windows Server 2022,Domain Controller,5.95,72.06,27.94,85.69,14.31,99.9059,1,Warning
2026-04-09T16:00,2026-04-09,2026-04,NSS-FILE01,Windows Server 2022,File Server,10.39,64.07,35.93,77.31,22.69,99.8791,0,Healthy
2026-03-04T17:00,2026-03-04,2026-03,NSS-LINUX-DB01,Rocky Linux 9,Database Server,19.43,74.34,25.66,60.69,39.31,99.9182,0,Healthy
2026-04-04T16:00,2026-04-04,2026-04,NSS-MON01,Ubuntu 24.04,Monitoring Server,40.66,63.58,36.42,82.8,17.2,99.9603,0,Warning
2026-07-29T19:00,2026-07-29,2026-07,NSS-FILE01,Windows Server 2022,File Server,29.9,60.37,39.63,54.59,45.41,99.9971,0,Healthy
2026-03-26T08:00,2026-03-26,2026-03,NSS-LINUX-DB01,Rocky Linux 9,Database Server,35.95,70.25,29.75,51.88,48.12,99.8616,0,Healthy
2026-05-10T03:00,2026-05-10,2026-05,NSS-LINUX-DB01,Rocky Linux 9,Database Server,45.03,54.93,45.07,71.13,28.87,99.9814,0,Healthy
2026-02-15T04:00,2026-02-15,2026-02,NSS-LINUX-APP01,Ubuntu 24.04,Application Server,14.92,40.77,59.23,47.58,52.42,99.7894,0,Healthy
2026-07-04T21:00,2026-07-04,2026-07,NSS-DC01,Windows Server 2022,Domain Controller,8.55,60.42,39.58,54.14,45.86,99.7795,0,Healthy
2026-02-04T08:00,2026-02-04,2026-02,NSS-FILE01,Windows Server 2022,File Server,34.24,35.2,64.8,73.4,26.6,99.9998,0,Healthy
2026-03-19T01:00,2026-03-19,2026-03,NSS-DC02,Windows Server 2022,Domain Controller,27.61,54.67,45.33,37.86,62.14,99.803,0,Healthy
2026-07-14T07:00,2026-07-14,2026-07,NSS-LINUX-DB01,Rocky Linux 9,Database Server,5.35,42.29,57.71,75.13,24.87,99.8247,0,Healthy
2026-02-16T08:00,2026-02-16,2026-02,NSS-LINUX-APP01,Ubuntu 24.04,Application Server,22.76,82.43,17.57,77.17,22.83,99.86,0,Warning
2026-06-12T01:00,2026-06-12,2026-06,NSS-LINUX-APP01,Ubuntu 24.04,Application Server,40.28,46.73,53.27,55.23,44.77,99.8561,0,Healthy
2026-03-16T08:00,2026-03-16,2026-03,NSS-MON01,Ubuntu 24.04,Monitoring Server,14.73,47.57,52.43,66.21,33.79,99.9943,0,Healthy
2026-04-04T08:00,2026-04-04,2026-04,NSS-APP01,Windows Server 2022,Application Server,24.39,58.92,41.08,81.02,18.98,99.7794,0,Warning
2026-06-20T21:00,2026-06-20,2026-06,NSS-LINUX-APP01,Ubuntu 24.04,Application Server,37.96,20.16,79.84,81.25,18.75,99.8552,0,Warning
2026-03-22T09:00,2026-03-22,2026-03,NSS-LINUX-APP01,Ubuntu 24.04,Application Server,16.64,33.0,67.0,69.93,30.07,99.8225,0,Healthy
2026-01-09T07:00,2026-01-09,2026-01,NSS-LINUX-DB01,Rocky Linux 9,Database Server,2.0,39.84,60.16,45.22,54.78,99.9399,0,Healthy
2026-05-21T21:00,2026-05-21,2026-05,NSS-FILE01,Windows Server 2022,File Server,47.64,20.11,79.89,73.13,26.87,99.8487,0,Healthy
2026-04-29T10:00,2026-04-29,2026-04,NSS-LINUX-APP01,Ubuntu 24.04,Application Server,53.43,67.74,32.26,52.07,47.93,99.902,0,Healthy
2026-06-21T10:00,2026-06-21,2026-06,NSS-DC01,Windows Server 2022,Domain Controller,18.14,73.21,26.79,43.2,56.8,99.9434,0,Healthy
2026-07-10T02:00,2026-07-10,2026-07,NSS-MON01,Ubuntu 24.04,Monitoring Server,58.58,80.73,19.27,53.23,46.77,99.9988,0,Warning
2026-01-20T07:00,2026-01-20,2026-01,NSS-DC02,Windows Server 2022,Domain Controller,25.05,45.15,54.85,80.09,19.91,99.76,0,Warning
2026-02-19T05:00,2026-02-19,2026-02,NSS-MON01,Ubuntu 24.04,Monitoring Server,8.61,63.02,36.98,81.93,18.07,99.9291,0,Warning
2026-06-16T01:00,2026-06-16,2026-06,NSS-DC01,Windows Server 2022,Domain Controller,2.0,45.6,54.4,37.87,62.13,99.7503,0,Healthy
2026-05-22T11:00,2026-05-22,2026-05,NSS-APP01,Windows Server 2022,Application Server,7.66,51.06,48.94,54.38,45.62,99.9107,0,Healthy
2026-02-27T23:00,2026-02-27,2026-02,NSS-DC01,Windows Server 2022,Domain Controller,32.57,58.7,41.3,48.92,51.08,99.9781,0,Healthy
2026-03-04T03:00,2026-03-04,2026-03,NSS-APP01,Windows Server 2022,Application Server,50.57,55.78,44.22,66.95,33.05,99.8887,0,Healthy
2026-02-05T14:00,2026-02-05,2026-02,NSS-FILE01,Windows Server 2022,File Server,16.71,55.93,44.07,65.77,34.23,99.847,0,Healthy
2026-06-26T20:00,2026-06-26,2026-06,NSS-LINUX-DB01,Rocky Linux 9,Database Server,26.79,35.72,64.28,49.46,50.54,99.7544,0,Healthy
2026-01-23T16:00,2026-01-23,2026-01,NSS-LINUX-DB01,Rocky Linux 9,Database Server,52.91,38.03,61.97,58.45,41.55,99.9068,0,Healthy
2026-05-23T04:00,2026-05-23,2026-05,NSS-DC02,Windows Server 2022,Domain Controller,60.52,54.48,45.52,49.31,50.69,99.8167,0,Healthy
2026-03-13T06:00,2026-03-13,2026-03,NSS-LINUX-DB01,Rocky Linux 9,Database Server,4.8,65.13,34.87,81.4,18.6,99.84,0,Warning
2026-01-14T23:00,2026-01-14,2026-01,NSS-DC01,Windows Server 2022,Domain Controller,24.77,76.09,23.91,51.67,48.33,99.973,0,Healthy
2026-05-07T16:00,2026-05-07,2026-05,NSS-APP01,Windows Server 2022,Application Server,33.63,34.19,65.81,50.43,49.57,99.753,0,Healthy
2026-02-17T08:00,2026-02-17,2026-02,NSS-LINUX-DB01,Rocky Linux 9,Database Server,39.77,38.92,61.08,33.62,66.38,99.792,0,Healthy
2026-07-04T23:00,2026-07-04,2026-07,NSS-LINUX-APP01,Ubuntu 24.04,Application Server,21.25,63.68,36.32,75.78,24.22,99.9634,0,Healthy
2026-07-06T16:00,2026-07-06,2026-07,NSS-FILE01,Windows Server 2022,File Server,16.87,50.14,49.86,26.14,73.86,99.7682,0,Healthy
2026-04-19T08:00,2026-04-19,2026-04,NSS-DC01,Windows Server 2022,Domain Controller,17.68,63.29,36.71,75.23,24.77,99.9206,0,Healthy
2026-01-08T00:00,2026-01-08,2026-01,NSS-FILE01,Windows Server 2022,File Server,43.84,59.57,40.43,53.35,46.65,99.9244,0,Healthy
2026-04-10T04:00,2026-04-10,2026-04,NSS-APP01,Windows Server 2022,Application Server,46.83,59.17,40.83,41.18,58.82,99.9124,0,Healthy
2026-01-20T10:00,2026-01-20,2026-01,NSS-FILE01,Windows Server 2022,File Server,16.25,40.78,59.22,52.54,47.46,99.939,0,Healthy
2026-01-02T22:00,2026-01-02,2026-01,NSS-DC01,Windows Server 2022,Domain Controller,13.22,64.07,35.93,56.8,43.2,99.9982,0,Healthy
2026-03-28T04:00,2026-03-28,2026-03,NSS-DC02,Windows Server 2022,Domain Controller,26.68,54.36,45.64,66.07,33.93,99.9388,0,Healthy
2026-04-29T01:00,2026-04-29,2026-04,NSS-APP01,Windows Server 2022,Application Server,9.59,50.59,49.41,56.0,44.0,99.9128,0,Healthy
2026-02-12T19:00,2026-02-12,2026-02,NSS-DC02,Windows Server 2022,Domain Controller,36.05,59.21,40.79,58.48,41.52,99.9852,0,Healthy
2026-03-17T20:00,2026-03-17,2026-03,NSS-FILE01,Windows Server 2022,File Server,33.09,71.23,28.77,53.55,46.45,99.9624,0,Healthy
2026-04-21T17:00,2026-04-21,2026-04,NSS-LINUX-APP01,Ubuntu 24.04,Application Server,40.1,60.68,39.32,41.84,58.16,99.9999,0,Healthy
2026-06-13T07:00,2026-06-13,2026-06,NSS-DC01,Windows Server 2022,Domain Controller,24.44,65.92,34.08,45.92,54.08,99.9348,0,Healthy
2026-03-09T17:00,2026-03-09,2026-03,NSS-APP01,Windows Server 2022,Application Server,38.0,89.12,10.88,78.46,21.54,99.8407,0,Warning
2026-06-20T14:00,2026-06-20,2026-06,NSS-FILE01,Windows Server 2022,File Server,30.16,73.29,26.71,40.94,59.06,99.9467,0,Healthy
2026-02-05T18:00,2026-02-05,2026-02,NSS-MON01,Ubuntu 24.04,Monitoring Server,2.16,71.16,28.84,69.21,30.79,99.9191,0,Healthy
2026-04-08T15:00,2026-04-08,2026-04,NSS-APP01,Windows Server 2022,Application Server,17.17,68.06,31.94,52.2,47.8,99.8163,0,Healthy
2026-01-14T12:00,2026-01-14,2026-01,NSS-DC02,Windows Server 2022,Domain Controller,57.7,66.35,33.65,56.96,43.04,99.7869,0,Healthy
2026-03-14T17:00,2026-03-14,2026-03,NSS-DC02,Windows Server 2022,Domain Controller,34.11,64.32,35.68,84.83,15.17,99.8049,0,Warning
2026-03-06T07:00,2026-03-06,2026-03,NSS-DC02,Windows Server 2022,Domain Controller,11.1,51.45,48.55,53.36,46.64,99.9847,0,Healthy
2026-03-02T16:00,2026-03-02,2026-03,NSS-LINUX-APP01,Ubuntu 24.04,Application Server,27.28,71.47,28.53,79.64,20.36,99.8543,0,Healthy
2026-07-07T20:00,2026-07-07,2026-07,NSS-MON01,Ubuntu 24.04,Monitoring Server,39.13,68.73,31.27,49.23,50.77,99.9784,0,Healthy
2026-01-15T16:00,2026-01-15,2026-01,NSS-LINUX-APP01,Ubuntu 24.04,Application Server,35.67,52.42,47.58,52.36,47.64,99.9047,0,Healthy
2026-03-28T02:00,2026-03-28,2026-03,NSS-DC02,Windows Server 2022,Domain Controller,24.84,67.44,32.56,83.51,16.49,99.854,0,Warning
2026-06-08T05:00,2026-06-08,2026-06,NSS-MON01,Ubuntu 24.04,Monitoring Server,37.25,53.01,46.99,55.69,44.31,99.9934,0,Healthy
2026-04-03T15:00,2026-04-03,2026-04,NSS-LINUX-APP01,Ubuntu 24.04,Application Server,25.26,47.59,52.41,95.0,5.0,99.8933,1,Critical
2026-03-17T08:00,2026-03-17,2026-03,NSS-MON01,Ubuntu 24.04,Monitoring Server,17.42,58.45,41.55,67.13,32.87,99.9318,0,Healthy
2026-03-20T20:00,2026-03-20,2026-03,NSS-FILE01,Windows Server 2022,File Server,24.96,69.51,30.49,59.51,40.49,99.7781,0,Healthy
2026-02-26T22:00,2026-02-26,2026-02,NSS-APP01,Windows Server 2022,Application Server,25.06,66.77,33.23,71.62,28.38,99.7723,0,Healthy
2026-03-08T04:00,2026-03-08,2026-03,NSS-MON01,Ubuntu 24.04,Monitoring Server,30.03,51.34,48.66,61.6,38.4,99.9133,0,Healthy
2026-02-15T12:00,2026-02-15,2026-02,NSS-FILE01,Windows Server 2022,File Server,42.65,64.64,35.36,76.53,23.47,99.7793,0,Healthy
2026-05-24T13:00,2026-05-24,2026-05,NSS-LINUX-APP01,Ubuntu 24.04,Application Server,25.73,28.19,71.81,62.16,37.84,99.9558,0,Healthy
2026-05-07T03:00,2026-05-07,2026-05,NSS-DC01,Windows Server 2022,Domain Controller,22.41,43.05,56.95,46.87,53.13,99.8385,0,Healthy
2026-07-03T05:00,2026-07-03,2026-07,NSS-FILE01,Windows Server 2022,File Server,33.09,86.61,13.39,58.31,41.69,99.8832,0,Warning
2026-06-01T06:00,2026-06-01,2026-06,NSS-LINUX-DB01,Rocky Linux 9,Database Server,10.74,45.75,54.25,35.8,64.2,99.7852,0,Healthy
2026-05-11T12:00,2026-05-11,2026-05,NSS-DC02,Windows Server 2022,Domain Controller,28.57,71.18,28.82,45.96,54.04,99.9344,0,Healthy
2026-04-16T02:00,2026-04-16,2026-04,NSS-DC01,Windows Server 2022,Domain Controller,31.8,61.28,38.72,82.03,17.97,99.9301,0,Warning
2026-03-03T13:00,2026-03-03,2026-03,NSS-MON01,Ubuntu 24.04,Monitoring Server,31.05,56.97,43.03,87.38,12.62,99.8404,1,Warning
2026-05-10T13:00,2026-05-10,2026-05,NSS-MON01,Ubuntu 24.04,Monitoring Server,38.0,80.05,19.95,54.48,45.52,99.9926,0,Warning
2026-05-14T03:00,2026-05-14,2026-05,NSS-DC02,Windows Server 2022,Domain Controller,41.52,42.87,57.13,61.07,38.93,99.7729,0,Healthy
2026-07-11T05:00,2026-07-11,2026-07,NSS-LINUX-APP01,Ubuntu 24.04,Application Server,34.17,60.79,39.21,50.83,49.17,99.8879,0,Healthy
2026-04-15T16:00,2026-04-15,2026-04,NSS-APP01,Windows Server 2022,Application Server,37.19,40.0,60.0,67.3,32.7,99.9785,0,Healthy
2026-05-19T08:00,2026-05-19,2026-05,NSS-APP01,Windows Server 2022,Application Server,24.38,79.05,20.95,42.18,57.82,99.9866,0,Healthy
2026-02-19T08:00,2026-02-19,2026-02,NSS-FILE01,Windows Server 2022,File Server,60.08,63.49,36.51,77.93,22.07,99.7901,0,Healthy
2026-05-21T10:00,2026-05-21,2026-05,NSS-LINUX-DB01,Rocky Linux 9,Database Server,2.0,75.95,24.05,75.69,24.31,99.9623,0,Healthy
2026-03-29T20:00,2026-03-29,2026-03,NSS-APP01,Windows Server 2022,Application Server,23.73,43.45,56.55,44.9,55.1,99.8815,0,Healthy
2026-06-21T23:00,2026-06-21,2026-06,NSS-LINUX-DB01,Rocky Linux 9,Database Server,9.21,50.91,49.09,56.89,43.11,99.9008,0,Healthy
2026-03-19T19:00,2026-03-19,2026-03,NSS-DC02,Windows Server 2022,Domain Controller,9.13,50.39,49.61,71.25,28.75,99.8905,0,Healthy
2026-02-20T04:00,2026-02-20,2026-02,NSS-APP01,Windows Server 2022,Application Server,12.83,23.06,76.94,55.33,44.67,99.9572,0,Healthy
2026-04-03T08:00,2026-04-03,2026-04,NSS-MON01,Ubuntu 24.04,Monitoring Server,50.03,55.16,44.84,53.83,46.17,99.9776,0,Healthy
2026-02-13T13:00,2026-02-13,2026-02,NSS-APP01,Windows Server 2022,Application Server,25.22,59.18,40.82,57.49,42.51,99.8147,0,Healthy
2026-03-05T09:00,2026-03-05,2026-03,NSS-MON01,Ubuntu 24.04,Monitoring Server,17.18,49.74,50.26,68.97,31.03,99.8916,0,Healthy
2026-01-19T21:00,2026-01-19,2026-01,NSS-LINUX-DB01,Rocky Linux 9,Database Server,6.02,60.95,39.05,73.82,26.18,99.8784,0,Healthy
2026-03-26T11:00,2026-03-26,2026-03,NSS-DC01,Windows Server 2022,Domain Controller,14.68,65.24,34.76,32.32,67.68,99.9186,0,Healthy
2026-03-21T11:00,2026-03-21,2026-03,NSS-LINUX-DB01,Rocky Linux 9,Database Server,64.85,56.58,43.42,68.73,31.27,99.7517,0,Healthy
2026-04-30T05:00,2026-04-30,2026-04,NSS-LINUX-DB01,Rocky Linux 9,Database Server,47.84,71.72,28.28,85.99,14.01,99.8403,1,Warning
2026-02-18T22:00,2026-02-18,2026-02,NSS-DC02,Windows Server 2022,Domain Controller,6.7,49.18,50.82,71.76,28.24,99.915,0,Healthy
2026-06-04T11:00,2026-06-04,2026-06,NSS-DC02,Windows Server 2022,Domain Controller,12.59,49.17,50.83,45.27,54.73,99.8678,0,Healthy
2026-02-20T06:00,2026-02-20,2026-02,NSS-MON01,Ubuntu 24.04,Monitoring Server,28.05,44.25,55.75,71.1,28.9,99.9765,0,Healthy
2026-05-17T22:00,2026-05-17,2026-05,NSS-LINUX-DB01,Rocky Linux 9,Database Server,37.26,41.3,58.7,62.02,37.98,99.9369,0,Healthy
2026-02-20T06:00,2026-02-20,2026-02,NSS-DC01,Windows Server 2022,Domain Controller,26.77,53.01,46.99,57.64,42.36,99.9652,0,Healthy
2026-03-26T02:00,2026-03-26,2026-03,NSS-DC01,Windows Server 2022,Domain Controller,2.0,59.67,40.33,34.73,65.27,99.9825,0,Healthy
2026-06-09T18:00,2026-06-09,2026-06,NSS-LINUX-DB01,Rocky Linux 9,Database Server,34.58,60.74,39.26,72.49,27.51,99.849,0,Healthy
2026-01-16T18:00,2026-01-16,2026-01,NSS-MON01,Ubuntu 24.04,Monitoring Server,46.33,46.91,53.09,60.77,39.23,99.8717,0,Healthy
2026-04-13T14:00,2026-04-13,2026-04,NSS-APP01,Windows Server 2022,Application Server,34.92,59.2,40.8,61.41,38.59,99.844,0,Healthy
2026-03-06T04:00,2026-03-06,2026-03,NSS-LINUX-DB01,Rocky Linux 9,Database Server,29.24,73.02,26.98,59.26,40.74,99.8976,0,Healthy
2026-07-16T09:00,2026-07-16,2026-07,NSS-DC02,Windows Server 2022,Domain Controller,2.0,78.72,21.28,35.25,64.75,99.8098,0,Healthy
2026-04-07T00:00,2026-04-07,2026-04,NSS-DC01,Windows Server 2022,Domain Controller,40.99,40.07,59.93,89.11,10.89,99.9709,1,Warning
2026-05-29T07:00,2026-05-29,2026-05,NSS-DC01,Windows Server 2022,Domain Controller,12.21,54.16,45.84,73.85,26.15,99.8298,0,Healthy
2026-03-02T11:00,2026-03-02,2026-03,NSS-DC01,Windows Server 2022,Domain Controller,32.16,67.39,32.61,66.1,33.9,99.7799,0,Healthy
2026-02-02T14:00,2026-02-02,2026-02,NSS-LINUX-APP01,Ubuntu 24.04,Application Server,31.8,66.58,33.42,73.43,26.57,99.9789,0,Healthy
2026-01-09T19:00,2026-01-09,2026-01,NSS-MON01,Ubuntu 24.04,Monitoring Server,42.58,76.01,23.99,74.61,25.39,99.8785,0,Healthy
2026-04-14T04:00,2026-04-14,2026-04,NSS-DC02,Windows Server 2022,Domain Controller,50.69,55.6,44.4,60.61,39.39,99.9757,0,Healthy
2026-05-04T08:00,2026-05-04,2026-05,NSS-LINUX-APP01,Ubuntu 24.04,Application Server,20.24,58.08,41.92,87.54,12.46,99.8666,1,Warning
2026-05-01T21:00,2026-05-01,2026-05,NSS-DC02,Windows Server 2022,Domain Controller,41.93,42.74,57.26,76.01,23.99,99.7612,0,Healthy
2026-03-19T15:00,2026-03-19,2026-03,NSS-DC01,Windows Server 2022,Domain Controller,12.73,76.25,23.75,82.21,17.79,99.9747,0,Warning
2026-01-10T04:00,2026-01-10,2026-01,NSS-FILE01,Windows Server 2022,File Server,42.82,59.85,40.15,77.86,22.14,99.92,0,Healthy
2026-05-26T01:00,2026-05-26,2026-05,NSS-DC01,Windows Server 2022,Domain Controller,35.78,45.78,54.22,61.61,38.39,99.9045,0,Healthy
2026-02-18T01:00,2026-02-18,2026-02,NSS-DC02,Windows Server 2022,Domain Controller,31.64,61.11,38.89,44.82,55.18,99.9462,0,Healthy
2026-06-12T01:00,2026-06-12,2026-06,NSS-LINUX-APP01,Ubuntu 24.04,Application Server,15.65,59.98,40.02,64.56,35.44,99.8851,0,Healthy
2026-05-15T16:00,2026-05-15,2026-05,NSS-FILE01,Windows Server 2022,File Server,7.25,61.65,38.35,50.46,49.54,99.9205,0,Healthy
2026-05-26T05:00,2026-05-26,2026-05,NSS-DC02,Windows Server 2022,Domain Controller,7.75,71.62,28.38,26.2,73.8,99.9183,0,Healthy
2026-02-08T14:00,2026-02-08,2026-02,NSS-LINUX-APP01,Ubuntu 24.04,Application Server,26.46,68.88,31.12,62.16,37.84,99.8171,0,Healthy
2026-03-02T04:00,2026-03-02,2026-03,NSS-LINUX-APP01,Ubuntu 24.04,Application Server,43.84,40.57,59.43,56.07,43.93,99.9158,0,Healthy
2026-05-15T02:00,2026-05-15,2026-05,NSS-DC01,Windows Server 2022,Domain Controller,17.03,69.48,30.52,51.64,48.36,99.9352,0,Healthy
2026-01-04T00:00,2026-01-04,2026-01,NSS-FILE01,Windows Server 2022,File Server,15.74,38.09,61.91,83.45,16.55,99.8855,0,Warning
2026-05-10T00:00,2026-05-10,2026-05,NSS-LINUX-DB01,Rocky Linux 9,Database Server,36.22,45.2,54.8,90.79,9.21,99.8105,1,Critical
2026-02-24T19:00,2026-02-24,2026-02,NSS-FILE01,Windows Server 2022,File Server,25.68,73.29,26.71,76.22,23.78,99.9012,0,Healthy
2026-05-19T23:00,2026-05-19,2026-05,NSS-LINUX-DB01,Rocky Linux 9,Database Server,33.61,54.22,45.78,38.59,61.41,99.9954,0,Healthy
2026-04-06T15:00,2026-04-06,2026-04,NSS-MON01,Ubuntu 24.04,Monitoring Server,10.42,66.11,33.89,50.62,49.38,99.7551,0,Healthy
2026-06-05T22:00,2026-06-05,2026-06,NSS-LINUX-DB01,Rocky Linux 9,Database Server,9.81,53.11,46.89,67.12,32.88,99.8621,0,Healthy
2026-01-08T13:00,2026-01-08,2026-01,NSS-FILE01,Windows Server 2022,File Server,27.68,31.16,68.84,65.35,34.65,99.7649,0,Healthy
2026-06-08T01:00,2026-06-08,2026-06,NSS-MON01,Ubuntu 24.04,Monitoring Server,24.08,56.94,43.06,60.3,39.7,99.8702,0,Healthy
2026-04-12T09:00,2026-04-12,2026-04,NSS-LINUX-DB01,Rocky Linux 9,Database Server,53.11,63.82,36.18,63.99,36.01,99.9944,0,Healthy
2026-07-19T17:00,2026-07-19,2026-07,NSS-MON01,Ubuntu 24.04,Monitoring Server,21.22,60.42,39.58,76.93,23.07,99.9655,0,Healthy
2026-01-24T15:00,2026-01-24,2026-01,NSS-DC02,Windows Server 2022,Domain Controller,33.24,45.0,55.0,70.62,29.38,99.7511,0,Healthy
2026-02-12T09:00,2026-02-12,2026-02,NSS-LINUX-APP01,Ubuntu 24.04,Application Server,34.9,55.76,44.24,61.5,38.5,99.8625,0,Healthy
2026-07-11T14:00,2026-07-11,2026-07,NSS-APP01,Windows Server 2022,Application Server,18.46,68.42,31.58,68.93,31.07,99.7933,0,Healthy
2026-05-23T02:00,2026-05-23,2026-05,NSS-DC02,Windows Server 2022,Domain Controller,46.37,80.59,19.41,58.72,41.28,99.9222,0,Warning
2026-02-12T21:00,2026-02-12,2026-02,NSS-FILE01,Windows Server 2022,File Server,32.89,38.44,61.56,57.57,42.43,99.8772,0,Healthy
2026-07-15T17:00,2026-07-15,2026-07,NSS-DC01,Windows Server 2022,Domain Controller,37.54,26.55,73.45,62.11,37.89,99.8923,0,Healthy
2026-05-25T10:00,2026-05-25,2026-05,NSS-LINUX-APP01,Ubuntu 24.04,Application Server,10.77,77.42,22.58,68.63,31.37,99.8701,0,Healthy
2026-03-17T13:00,2026-03-17,2026-03,NSS-MON01,Ubuntu 24.04,Monitoring Server,40.71,29.39,70.61,50.21,49.79,99.7918,0,Healthy
2026-02-18T18:00,2026-02-18,2026-02,NSS-DC01,Windows Server 2022,Domain Controller,54.98,56.26,43.74,68.86,31.14,99.7888,0,Healthy
2026-05-18T12:00,2026-05-18,2026-05,NSS-LINUX-APP01,Ubuntu 24.04,Application Server,41.26,71.67,28.33,85.66,14.34,99.9583,1,Warning
2026-02-17T23:00,2026-02-17,2026-02,NSS-DC02,Windows Server 2022,Domain Controller,31.58,65.14,34.86,77.33,22.67,99.9613,0,Healthy
2026-05-02T10:00,2026-05-02,2026-05,NSS-LINUX-APP01,Ubuntu 24.04,Application Server,50.01,36.94,63.06,67.9,32.1,99.8563,0,Healthy
2026-06-05T07:00,2026-06-05,2026-06,NSS-FILE01,Windows Server 2022,File Server,27.0,43.93,56.07,47.73,52.27,99.8207,0,Healthy
2026-01-16T15:00,2026-01-16,2026-01,NSS-APP01,Windows Server 2022,Application Server,22.56,69.5,30.5,77.03,22.97,99.7536,0,Healthy
2026-04-18T23:00,2026-04-18,2026-04,NSS-DC02,Windows Server 2022,Domain Controller,20.28,61.52,38.48,77.35,22.65,99.7967,0,Healthy
2026-02-21T03:00,2026-02-21,2026-02,NSS-LINUX-DB01,Rocky Linux 9,Database Server,36.17,55.54,44.46,43.96,56.04,99.7921,0,Healthy
2026-04-23T02:00,2026-04-23,2026-04,NSS-DC01,Windows Server 2022,Domain Controller,22.74,43.0,57.0,52.32,47.68,99.9894,0,Healthy
2026-03-31T10:00,2026-03-31,2026-03,NSS-LINUX-DB01,Rocky Linux 9,Database Server,29.06,71.25,28.75,81.43,18.57,99.7516,0,Warning
2026-01-21T00:00,2026-01-21,2026-01,NSS-DC01,Windows Server 2022,Domain Controller,27.15,53.85,46.15,44.88,55.12,99.8469,0,Healthy
2026-02-11T17:00,2026-02-11,2026-02,NSS-LINUX-DB01,Rocky Linux 9,Database Server,32.25,52.0,48.0,49.9,50.1,99.9602,0,Healthy
2026-02-10T22:00,2026-02-10,2026-02,NSS-LINUX-DB01,Rocky Linux 9,Database Server,20.77,82.88,17.12,90.43,9.57,99.7789,1,Critical
2026-05-16T21:00,2026-05-16,2026-05,NSS-APP01,Windows Server 2022,Application Server,48.48,57.29,42.71,57.85,42.15,99.8534,0,Healthy
2026-05-23T15:00,2026-05-23,2026-05,NSS-LINUX-DB01,Rocky Linux 9,Database Server,57.28,56.97,43.03,64.04,35.96,99.7989,0,Healthy
2026-02-22T07:00,2026-02-22,2026-02,NSS-DC01,Windows Server 2022,Domain Controller,14.09,69.73,30.27,68.24,31.76,99.9478,0,Healthy
2026-05-31T19:00,2026-05-31,2026-05,NSS-FILE01,Windows Server 2022,File Server,56.33,34.25,65.75,63.93,36.07,99.9379,0,Healthy
2026-05-03T04:00,2026-05-03,2026-05,NSS-LINUX-APP01,Ubuntu 24.04,Application Server,24.49,56.3,43.7,85.47,14.53,99.8231,1,Warning
2026-06-07T15:00,2026-06-07,2026-06,NSS-APP01,Windows Server 2022,Application Server,28.09,63.19,36.81,42.63,57.37,99.9033,0,Healthy
2026-07-17T00:00,2026-07-17,2026-07,NSS-LINUX-DB01,Rocky Linux 9,Database Server,38.25,38.93,61.07,68.34,31.66,99.8361,0,Healthy
2026-05-21T06:00,2026-05-21,2026-05,NSS-LINUX-DB01,Rocky Linux 9,Database Server,12.91,37.04,62.96,52.19,47.81,99.8965,0,Healthy
2026-06-16T21:00,2026-06-16,2026-06,NSS-APP01,Windows Server 2022,Application Server,30.83,41.85,58.15,53.39,46.61,99.8575,0,Healthy
2026-04-22T20:00,2026-04-22,2026-04,NSS-FILE01,Windows Server 2022,File Server,48.31,64.65,35.35,61.63,38.37,99.982,0,Healthy
2026-05-12T00:00,2026-05-12,2026-05,NSS-MON01,Ubuntu 24.04,Monitoring Server,16.39,60.12,39.88,34.54,65.46,99.9957,0,Healthy
2026-03-17T04:00,2026-03-17,2026-03,NSS-DC01,Windows Server 2022,Domain Controller,35.94,54.74,45.26,71.11,28.89,99.8333,0,Healthy
2026-06-25T21:00,2026-06-25,2026-06,NSS-MON01,Ubuntu 24.04,Monitoring Server,4.31,39.47,60.53,69.23,30.77,99.84,0,Healthy
2026-07-08T02:00,2026-07-08,2026-07,NSS-LINUX-DB01,Rocky Linux 9,Database Server,16.06,54.98,45.02,54.83,45.17,99.9837,0,Healthy
2026-05-11T00:00,2026-05-11,2026-05,NSS-LINUX-DB01,Rocky Linux 9,Database Server,44.2,41.14,58.86,52.26,47.74,99.8481,0,Healthy
2026-01-15T04:00,2026-01-15,2026-01,NSS-DC01,Windows Server 2022,Domain Controller,8.18,58.62,41.38,89.5,10.5,99.9614,1,Warning
2026-01-30T15:00,2026-01-30,2026-01,NSS-MON01,Ubuntu 24.04,Monitoring Server,29.06,51.43,48.57,62.9,37.1,99.8792,0,Healthy
2026-05-24T07:00,2026-05-24,2026-05,NSS-LINUX-DB01,Rocky Linux 9,Database Server,9.9,70.81,29.19,57.35,42.65,99.8353,0,Healthy
2026-07-04T18:00,2026-07-04,2026-07,NSS-DC02,Windows Server 2022,Domain Controller,17.96,63.24,36.76,69.01,30.99,99.8963,0,Healthy
2026-01-15T17:00,2026-01-15,2026-01,NSS-LINUX-DB01,Rocky Linux 9,Database Server,42.61,33.04,66.96,39.27,60.73,99.8454,0,Healthy
2026-06-19T07:00,2026-06-19,2026-06,NSS-DC02,Windows Server 2022,Domain Controller,34.62,66.16,33.84,43.46,56.54,99.9006,0,Healthy
2026-06-27T10:00,2026-06-27,2026-06,NSS-FILE01,Windows Server 2022,File Server,15.51,55.44,44.56,71.4,28.6,99.9853,0,Healthy
2026-07-08T18:00,2026-07-08,2026-07,NSS-LINUX-DB01,Rocky Linux 9,Database Server,59.81,64.98,35.02,71.0,29.0,99.9095,0,Healthy
2026-04-29T01:00,2026-04-29,2026-04,NSS-APP01,Windows Server 2022,Application Server,30.06,54.38,45.62,79.79,20.21,99.8802,0,Healthy
2026-07-03T17:00,2026-07-03,2026-07,NSS-LINUX-DB01,Rocky Linux 9,Database Server,39.56,56.21,43.79,72.36,27.64,99.9517,0,Healthy
2026-05-20T12:00,2026-05-20,2026-05,NSS-DC02,Windows Server 2022,Domain Controller,30.54,41.05,58.95,47.06,52.94,99.8462,0,Healthy
2026-05-26T06:00,2026-05-26,2026-05,NSS-DC01,Windows Server 2022,Domain Controller,37.81,53.5,46.5,67.76,32.24,99.882,0,Healthy
2026-04-18T12:00,2026-04-18,2026-04,NSS-DC01,Windows Server 2022,Domain Controller,31.56,71.74,28.26,59.13,40.87,99.9594,0,Healthy
2026-03-14T12:00,2026-03-14,2026-03,NSS-LINUX-APP01,Ubuntu 24.04,Application Server,26.02,45.57,54.43,54.5,45.5,99.8915,0,Healthy
2026-04-02T20:00,2026-04-02,2026-04,NSS-FILE01,Windows Server 2022,File Server,23.88,76.15,23.85,76.99,23.01,99.7844,0,Healthy
2026-02-22T04:00,2026-02-22,2026-02,NSS-FILE01,Windows Server 2022,File Server,37.05,75.16,24.84,75.88,24.12,99.9893,0,Healthy
2026-06-18T20:00,2026-06-18,2026-06,NSS-FILE01,Windows Server 2022,File Server,35.98,58.06,41.94,44.43,55.57,99.9757,0,Healthy
2026-06-02T15:00,2026-06-02,2026-06,NSS-LINUX-DB01,Rocky Linux 9,Database Server,51.05,33.3,66.7,56.11,43.89,99.9215,0,Healthy
2026-06-19T07:00,2026-06-19,2026-06,NSS-FILE01,Windows Server 2022,File Server,39.55,67.12,32.88,63.63,36.37,99.8232,0,Healthy
2026-02-20T02:00,2026-02-20,2026-02,NSS-DC01,Windows Server 2022,Domain Controller,42.48,42.94,57.06,69.25,30.75,99.7672,0,Healthy
2026-04-25T06:00,2026-04-25,2026-04,NSS-APP01,Windows Server 2022,Application Server,31.28,34.38,65.62,57.19,42.81,99.9658,0,Healthy
2026-01-11T16:00,2026-01-11,2026-01,NSS-LINUX-APP01,Ubuntu 24.04,Application Server,25.89,70.31,29.69,69.01,30.99,99.7506,0,Healthy
2026-03-27T17:00,2026-03-27,2026-03,NSS-APP01,Windows Server 2022,Application Server,46.57,65.46,34.54,40.35,59.65,99.7757,0,Healthy
2026-03-03T16:00,2026-03-03,2026-03,NSS-FILE01,Windows Server 2022,File Server,40.82,30.6,69.4,74.83,25.17,99.9538,0,Healthy
2026-05-13T01:00,2026-05-13,2026-05,NSS-LINUX-APP01,Ubuntu 24.04,Application Server,22.04,72.1,27.9,51.63,48.37,99.9573,0,Healthy
2026-07-04T13:00,2026-07-04,2026-07,NSS-DC01,Windows Server 2022,Domain Controller,24.74,80.26,19.74,27.33,72.67,99.9646,0,Warning
2026-05-27T00:00,2026-05-27,2026-05,NSS-LINUX-DB01,Rocky Linux 9,Database Server,29.66,49.92,50.08,37.64,62.36,99.8782,0,Healthy
2026-07-07T09:00,2026-07-07,2026-07,NSS-DC02,Windows Server 2022,Domain Controller,50.41,46.7,53.3,69.06,30.94,99.921,0,Healthy
2026-03-02T01:00,2026-03-02,2026-03,NSS-FILE01,Windows Server 2022,File Server,36.1,46.56,53.44,72.72,27.28,99.8965,0,Healthy
2026-03-19T13:00,2026-03-19,2026-03,NSS-APP01,Windows Server 2022,Application Server,24.3,41.56,58.44,53.65,46.35,99.8803,0,Healthy
2026-05-07T15:00,2026-05-07,2026-05,NSS-APP01,Windows Server 2022,Application Server,24.79,56.85,43.15,64.27,35.73,99.9036,0,Healthy
2026-05-01T09:00,2026-05-01,2026-05,NSS-LINUX-DB01,Rocky Linux 9,Database Server,44.96,51.43,48.57,59.31,40.69,99.8484,0,Healthy
2026-01-12T09:00,2026-01-12,2026-01,NSS-APP01,Windows Server 2022,Application Server,52.64,54.95,45.05,49.23,50.77,99.8195,0,Healthy
2026-07-07T11:00,2026-07-07,2026-07,NSS-MON01,Ubuntu 24.04,Monitoring Server,25.82,44.65,55.35,60.59,39.41,99.8299,0,Healthy
2026-07-19T06:00,2026-07-19,2026-07,NSS-LINUX-APP01,Ubuntu 24.04,Application Server,20.43,55.15,44.85,74.13,25.87,99.7731,0,Healthy
2026-02-01T07:00,2026-02-01,2026-02,NSS-DC01,Windows Server 2022,Domain Controller,7.0,59.26,40.74,41.44,58.56,99.8616,0,Healthy
2026-06-22T00:00,2026-06-22,2026-06,NSS-LINUX-DB01,Rocky Linux 9,Database Server,15.35,79.02,20.98,66.74,33.26,99.8999,0,Healthy
2026-03-24T06:00,2026-03-24,2026-03,NSS-FILE01,Windows Server 2022,File Server,25.16,66.63,33.37,52.92,47.08,99.9826,0,Healthy
2026-03-25T15:00,2026-03-25,2026-03,NSS-MON01,Ubuntu 24.04,Monitoring Server,51.39,41.37,58.63,82.01,17.99,99.8039,0,Warning
2026-02-16T09:00,2026-02-16,2026-02,NSS-LINUX-DB01,Rocky Linux 9,Database Server,18.7,52.96,47.04,57.85,42.15,99.8777,0,Healthy
2026-06-30T12:00,2026-06-30,2026-06,NSS-APP01,Windows Server 2022,Application Server,20.16,47.94,52.06,77.49,22.51,99.7776,0,Healthy
2026-01-23T17:00,2026-01-23,2026-01,NSS-MON01,Ubuntu 24.04,Monitoring Server,20.29,77.41,22.59,49.4,50.6,99.8122,0,Healthy
2026-04-21T03:00,2026-04-21,2026-04,NSS-APP01,Windows Server 2022,Application Server,43.37,50.69,49.31,34.59,65.41,99.9287,0,Healthy
2026-04-02T00:00,2026-04-02,2026-04,NSS-DC01,Windows Server 2022,Domain Controller,24.17,59.35,40.65,41.87,58.13,99.8015,0,Healthy
2026-07-18T19:00,2026-07-18,2026-07,NSS-APP01,Windows Server 2022,Application Server,14.77,27.01,72.99,57.28,42.72,99.8704,0,Healthy
2026-01-16T10:00,2026-01-16,2026-01,NSS-LINUX-APP01,Ubuntu 24.04,Application Server,45.15,76.86,23.14,58.02,41.98,99.9557,0,Healthy
2026-06-16T00:00,2026-06-16,2026-06,NSS-APP01,Windows Server 2022,Application Server,15.95,57.28,42.72,59.1,40.9,99.9277,0,Healthy
2026-03-02T20:00,2026-03-02,2026-03,NSS-LINUX-DB01,Rocky Linux 9,Database Server,25.46,61.11,38.89,64.73,35.27,99.809,0,Healthy
2026-06-02T13:00,2026-06-02,2026-06,NSS-APP01,Windows Server 2022,Application Server,34.88,37.47,62.53,53.35,46.65,99.9612,0,Healthy
2026-02-12T20:00,2026-02-12,2026-02,NSS-LINUX-DB01,Rocky Linux 9,Database Server,18.03,26.62,73.38,78.47,21.53,99.7751,0,Healthy
2026-03-02T17:00,2026-03-02,2026-03,NSS-DC02,Windows Server 2022,Domain Controller,24.81,71.5,28.5,69.33,30.67,99.9503,0,Healthy
2026-01-05T01:00,2026-01-05,2026-01,NSS-LINUX-DB01,Rocky Linux 9,Database Server,22.14,66.33,33.67,45.26,54.74,99.8162,0,Healthy
2026-02-22T20:00,2026-02-22,2026-02,NSS-DC01,Windows Server 2022,Domain Controller,12.8,53.85,46.15,76.26,23.74,99.9558,0,Healthy
2026-02-09T22:00,2026-02-09,2026-02,NSS-DC02,Windows Server 2022,Domain Controller,31.77,48.49,51.51,76.61,23.39,99.8271,0,Healthy
2026-03-21T22:00,2026-03-21,2026-03,NSS-LINUX-DB01,Rocky Linux 9,Database Server,31.42,50.96,49.04,81.42,18.58,99.925,0,Warning
2026-01-12T10:00,2026-01-12,2026-01,NSS-FILE01,Windows Server 2022,File Server,17.43,73.06,26.94,35.58,64.42,99.9486,0,Healthy
2026-04-27T00:00,2026-04-27,2026-04,NSS-FILE01,Windows Server 2022,File Server,3.85,58.79,41.21,46.46,53.54,99.7514,0,Healthy
2026-01-14T16:00,2026-01-14,2026-01,NSS-DC01,Windows Server 2022,Domain Controller,22.76,91.08,8.92,62.8,37.2,99.9892,1,Critical
2026-06-01T00:00,2026-06-01,2026-06,NSS-LINUX-APP01,Ubuntu 24.04,Application Server,18.1,47.9,52.1,72.7,27.3,99.9131,0,Healthy
2026-05-01T06:00,2026-05-01,2026-05,NSS-MON01,Ubuntu 24.04,Monitoring Server,45.49,78.59,21.41,67.76,32.24,99.7538,0,Healthy
2026-05-28T06:00,2026-05-28,2026-05,NSS-LINUX-APP01,Ubuntu 24.04,Application Server,34.71,67.34,32.66,63.48,36.52,99.8138,0,Healthy
2026-01-06T14:00,2026-01-06,2026-01,NSS-APP01,Windows Server 2022,Application Server,38.88,32.73,67.27,49.87,50.13,99.8209,0,Healthy
2026-05-30T10:00,2026-05-30,2026-05,NSS-LINUX-DB01,Rocky Linux 9,Database Server,15.77,46.03,53.97,55.16,44.84,99.9682,0,Healthy
2026-03-10T16:00,2026-03-10,2026-03,NSS-DC02,Windows Server 2022,Domain Controller,14.68,67.65,32.35,52.5,47.5,99.8997,0,Healthy
2026-07-01T12:00,2026-07-01,2026-07,NSS-MON01,Ubuntu 24.04,Monitoring Server,53.56,40.67,59.33,73.42,26.58,99.8265,0,Healthy
2026-01-28T10:00,2026-01-28,2026-01,NSS-LINUX-APP01,Ubuntu 24.04,Application Server,43.14,41.77,58.23,87.17,12.83,99.7721,1,Warning
2026-04-23T16:00,2026-04-23,2026-04,NSS-LINUX-APP01,Ubuntu 24.04,Application Server,8.73,56.64,43.36,51.07,48.93,99.7615,0,Healthy
2026-06-23T03:00,2026-06-23,2026-06,NSS-APP01,Windows Server 2022,Application Server,25.29,44.45,55.55,66.57,33.43,99.9699,0,Healthy
2026-06-12T00:00,2026-06-12,2026-06,NSS-FILE01,Windows Server 2022,File Server,26.12,62.21,37.79,60.53,39.47,99.9614,0,Healthy
2026-07-14T13:00,2026-07-14,2026-07,NSS-MON01,Ubuntu 24.04,Monitoring Server,15.31,37.51,62.49,67.73,32.27,99.8594,0,Healthy
2026-07-05T21:00,2026-07-05,2026-07,NSS-MON01,Ubuntu 24.04,Monitoring Server,28.65,43.16,56.84,65.05,34.95,99.8948,0,Healthy
2026-04-02T20:00,2026-04-02,2026-04,NSS-DC02,Windows Server 2022,Domain Controller,40.7,38.92,61.08,43.33,56.67,99.8449,0,Healthy
2026-01-03T20:00,2026-01-03,2026-01,NSS-LINUX-DB01,Rocky Linux 9,Database Server,18.48,65.93,34.07,60.13,39.87,99.894,0,Healthy
2026-06-01T19:00,2026-06-01,2026-06,NSS-FILE01,Windows Server 2022,File Server,40.82,59.35,40.65,67.3,32.7,99.9875,0,Healthy
2026-01-25T20:00,2026-01-25,2026-01,NSS-DC01,Windows Server 2022,Domain Controller,33.39,41.81,58.19,88.48,11.52,99.9888,1,Warning
2026-04-12T18:00,2026-04-12,2026-04,NSS-MON01,Ubuntu 24.04,Monitoring Server,26.22,67.67,32.33,57.39,42.61,99.8858,0,Healthy
2026-02-07T17:00,2026-02-07,2026-02,NSS-DC02,Windows Server 2022,Domain Controller,24.07,58.38,41.62,82.21,17.79,99.8144,0,Warning
2026-02-23T19:00,2026-02-23,2026-02,NSS-MON01,Ubuntu 24.04,Monitoring Server,22.76,57.32,42.68,73.33,26.67,99.8726,0,Healthy
2026-01-13T02:00,2026-01-13,2026-01,NSS-DC02,Windows Server 2022,Domain Controller,2.3,62.47,37.53,52.56,47.44,99.7626,0,Healthy
2026-01-21T13:00,2026-01-21,2026-01,NSS-LINUX-APP01,Ubuntu 24.04,Application Server,42.25,67.38,32.62,59.4,40.6,99.8217,0,Healthy
2026-05-13T18:00,2026-05-13,2026-05,NSS-FILE01,Windows Server 2022,File Server,31.04,35.94,64.06,70.65,29.35,99.7588,0,Healthy
2026-06-19T14:00,2026-06-19,2026-06,NSS-LINUX-APP01,Ubuntu 24.04,Application Server,40.15,57.59,42.41,59.81,40.19,99.9637,0,Healthy
2026-06-25T06:00,2026-06-25,2026-06,NSS-APP01,Windows Server 2022,Application Server,17.01,28.86,71.14,44.97,55.03,99.8497,0,Healthy
2026-07-29T23:00,2026-07-29,2026-07,NSS-MON01,Ubuntu 24.04,Monitoring Server,2.0,40.62,59.38,46.7,53.3,99.7938,0,Healthy
2026-01-08T15:00,2026-01-08,2026-01,NSS-DC02,Windows Server 2022,Domain Controller,38.02,74.62,25.38,44.86,55.14,99.98,0,Healthy
2026-05-14T06:00,2026-05-14,2026-05,NSS-LINUX-APP01,Ubuntu 24.04,Application Server,55.85,44.92,55.08,55.23,44.77,99.9739,0,Healthy
2026-05-19T18:00,2026-05-19,2026-05,NSS-LINUX-DB01,Rocky Linux 9,Database Server,21.61,35.71,64.29,57.76,42.24,99.9615,0,Healthy
2026-03-30T05:00,2026-03-30,2026-03,NSS-DC02,Windows Server 2022,Domain Controller,26.87,17.86,82.14,56.56,43.44,99.7971,0,Healthy
2026-03-10T13:00,2026-03-10,2026-03,NSS-MON01,Ubuntu 24.04,Monitoring Server,47.82,50.65,49.35,73.33,26.67,99.7857,0,Healthy
2026-05-30T05:00,2026-05-30,2026-05,NSS-APP01,Windows Server 2022,Application Server,43.18,53.62,46.38,53.21,46.79,99.9706,0,Healthy
2026-06-16T08:00,2026-06-16,2026-06,NSS-LINUX-DB01,Rocky Linux 9,Database Server,2.0,25.84,74.16,59.27,40.73,99.9273,0,Healthy
2026-03-10T16:00,2026-03-10,2026-03,NSS-DC01,Windows Server 2022,Domain Controller,18.69,63.86,36.14,65.69,34.31,99.8967,0,Healthy
2026-02-22T15:00,2026-02-22,2026-02,NSS-MON01,Ubuntu 24.04,Monitoring Server,35.34,56.03,43.97,43.85,56.15,99.9966,0,Healthy
2026-01-27T23:00,2026-01-27,2026-01,NSS-APP01,Windows Server 2022,Application Server,47.58,54.6,45.4,95.0,5.0,99.8133,1,Critical
2026-01-31T06:00,2026-01-31,2026-01,NSS-FILE01,Windows Server 2022,File Server,3.2,67.79,32.21,75.33,24.67,99.8576,0,Healthy
2026-02-24T07:00,2026-02-24,2026-02,NSS-MON01,Ubuntu 24.04,Monitoring Server,26.38,44.64,55.36,75.4,24.6,99.9354,0,Healthy
2026-03-15T13:00,2026-03-15,2026-03,NSS-MON01,Ubuntu 24.04,Monitoring Server,48.64,67.43,32.57,57.44,42.56,99.8772,0,Healthy
2026-01-05T04:00,2026-01-05,2026-01,NSS-MON01,Ubuntu 24.04,Monitoring Server,19.71,47.43,52.57,66.43,33.57,99.8638,0,Healthy
2026-06-08T16:00,2026-06-08,2026-06,NSS-LINUX-DB01,Rocky Linux 9,Database Server,32.53,64.73,35.27,34.73,65.27,99.8815,0,Healthy
2026-05-23T06:00,2026-05-23,2026-05,NSS-DC01,Windows Server 2022,Domain Controller,33.25,36.75,63.25,46.77,53.23,99.7921,0,Healthy
2026-04-21T02:00,2026-04-21,2026-04,NSS-LINUX-APP01,Ubuntu 24.04,Application Server,26.45,21.11,78.89,74.03,25.97,99.948,0,Healthy
2026-03-20T07:00,2026-03-20,2026-03,NSS-LINUX-APP01,Ubuntu 24.04,Application Server,29.06,45.1,54.9,70.84,29.16,99.8862,0,Healthy
2026-03-23T18:00,2026-03-23,2026-03,NSS-LINUX-APP01,Ubuntu 24.04,Application Server,47.24,65.41,34.59,70.79,29.21,99.9225,0,Healthy
2026-03-26T08:00,2026-03-26,2026-03,NSS-MON01,Ubuntu 24.04,Monitoring Server,15.05,51.72,48.28,45.17,54.83,99.7611,0,Healthy
2026-01-21T19:00,2026-01-21,2026-01,NSS-LINUX-APP01,Ubuntu 24.04,Application Server,22.16,57.71,42.29,69.43,30.57,99.8922,0,Healthy
2026-02-22T09:00,2026-02-22,2026-02,NSS-MON01,Ubuntu 24.04,Monitoring Server,37.81,61.28,38.72,56.81,43.19,99.929,0,Healthy
2026-04-24T11:00,2026-04-24,2026-04,NSS-APP01,Windows Server 2022,Application Server,47.87,57.82,42.18,71.55,28.45,99.8041,0,Healthy
2026-01-15T05:00,2026-01-15,2026-01,NSS-APP01,Windows Server 2022,Application Server,53.49,69.06,30.94,55.33,44.67,99.8265,0,Healthy
2026-05-10T22:00,2026-05-10,2026-05,NSS-DC01,Windows Server 2022,Domain Controller,45.04,31.06,68.94,78.09,21.91,99.7764,0,Healthy
2026-01-04T00:00,2026-01-04,2026-01,NSS-LINUX-DB01,Rocky Linux 9,Database Server,18.48,37.9,62.1,61.35,38.65,99.9436,0,Healthy
2026-01-12T12:00,2026-01-12,2026-01,NSS-LINUX-APP01,Ubuntu 24.04,Application Server,24.59,55.78,44.22,38.66,61.34,99.7709,0,Healthy
2026-01-22T17:00,2026-01-22,2026-01,NSS-APP01,Windows Server 2022,Application Server,20.89,34.7,65.3,42.23,57.77,99.7602,0,Healthy
2026-05-31T02:00,2026-05-31,2026-05,NSS-DC01,Windows Server 2022,Domain Controller,27.82,53.91,46.09,55.88,44.12,99.885,0,Healthy
2026-03-05T09:00,2026-03-05,2026-03,NSS-MON01,Ubuntu 24.04,Monitoring Server,31.29,37.54,62.46,52.25,47.75,99.8703,0,Healthy
2026-01-20T10:00,2026-01-20,2026-01,NSS-DC01,Windows Server 2022,Domain Controller,14.48,51.3,48.7,84.21,15.79,99.8989,0,Warning
2026-01-30T02:00,2026-01-30,2026-01,NSS-DC01,Windows Server 2022,Domain Controller,35.61,44.92,55.08,72.39,27.61,99.8295,0,Healthy
2026-05-09T10:00,2026-05-09,2026-05,NSS-LINUX-DB01,Rocky Linux 9,Database Server,25.19,83.39,16.61,39.49,60.51,99.9815,0,Warning
2026-01-04T15:00,2026-01-04,2026-01,NSS-APP01,Windows Server 2022,Application Server,24.91,41.74,58.26,42.64,57.36,99.8851,0,Healthy
2026-04-22T23:00,2026-04-22,2026-04,NSS-LINUX-DB01,Rocky Linux 9,Database Server,48.81,45.1,54.9,72.8,27.2,99.8061,0,Healthy
2026-04-26T20:00,2026-04-26,2026-04,NSS-DC02,Windows Server 2022,Domain Controller,4.6,31.53,68.47,65.42,34.58,99.8529,0,Healthy
2026-06-07T13:00,2026-06-07,2026-06,NSS-LINUX-APP01,Ubuntu 24.04,Application Server,36.45,51.93,48.07,95.0,5.0,99.8641,1,Critical
2026-06-17T05:00,2026-06-17,2026-06,NSS-MON01,Ubuntu 24.04,Monitoring Server,2.0,49.31,50.69,46.06,53.94,99.9831,0,Healthy
2026-04-12T23:00,2026-04-12,2026-04,NSS-DC02,Windows Server 2022,Domain Controller,39.79,56.45,43.55,79.97,20.03,99.8225,0,Healthy
2026-05-04T07:00,2026-05-04,2026-05,NSS-APP01,Windows Server 2022,Application Server,17.26,50.32,49.68,42.53,57.47,99.976,0,Healthy
2026-01-10T06:00,2026-01-10,2026-01,NSS-LINUX-DB01,Rocky Linux 9,Database Server,21.92,53.21,46.79,57.72,42.28,99.9721,0,Healthy
2026-03-30T06:00,2026-03-30,2026-03,NSS-LINUX-DB01,Rocky Linux 9,Database Server,37.53,32.24,67.76,49.46,50.54,99.7609,0,Healthy
2026-04-29T01:00,2026-04-29,2026-04,NSS-LINUX-DB01,Rocky Linux 9,Database Server,36.59,55.66,44.34,68.62,31.38,99.9483,0,Healthy
2026-02-08T16:00,2026-02-08,2026-02,NSS-DC02,Windows Server 2022,Domain Controller,27.83,47.59,52.41,70.43,29.57,99.7723,0,Healthy
2026-06-27T22:00,2026-06-27,2026-06,NSS-LINUX-APP01,Ubuntu 24.04,Application Server,33.89,74.55,25.45,58.49,41.51,99.8351,0,Healthy
2026-05-16T23:00,2026-05-16,2026-05,NSS-DC02,Windows Server 2022,Domain Controller,22.21,46.21,53.79,47.49,52.51,99.8718,0,Healthy
2026-02-06T17:00,2026-02-06,2026-02,NSS-DC02,Windows Server 2022,Domain Controller,24.66,60.07,39.93,51.62,48.38,99.9257,0,Healthy
2026-06-14T06:00,2026-06-14,2026-06,NSS-FILE01,Windows Server 2022,File Server,36.48,46.11,53.89,68.32,31.68,99.8366,0,Healthy
2026-04-19T13:00,2026-04-19,2026-04,NSS-FILE01,Windows Server 2022,File Server,46.16,70.42,29.58,68.37,31.63,99.9707,0,Healthy
2026-05-17T11:00,2026-05-17,2026-05,NSS-LINUX-DB01,Rocky Linux 9,Database Server,12.85,37.25,62.75,60.72,39.28,99.9255,0,Healthy
2026-02-16T05:00,2026-02-16,2026-02,NSS-LINUX-DB01,Rocky Linux 9,Database Server,41.19,79.4,20.6,46.43,53.57,99.8915,0,Healthy
2026-05-06T16:00,2026-05-06,2026-05,NSS-LINUX-APP01,Ubuntu 24.04,Application Server,21.79,38.99,61.01,33.13,66.87,99.8202,0,Healthy
2026-05-13T02:00,2026-05-13,2026-05,NSS-MON01,Ubuntu 24.04,Monitoring Server,19.72,33.15,66.85,61.9,38.1,99.8478,0,Healthy
2026-06-22T01:00,2026-06-22,2026-06,NSS-LINUX-DB01,Rocky Linux 9,Database Server,37.79,55.27,44.73,73.63,26.37,99.7766,0,Healthy
2026-06-22T17:00,2026-06-22,2026-06,NSS-FILE01,Windows Server 2022,File Server,16.38,27.4,72.6,52.4,47.6,99.8262,0,Healthy
2026-04-20T09:00,2026-04-20,2026-04,NSS-DC01,Windows Server 2022,Domain Controller,6.56,83.32,16.68,79.43,20.57,99.9881,0,Warning
2026-06-17T22:00,2026-06-17,2026-06,NSS-MON01,Ubuntu 24.04,Monitoring Server,29.91,23.2,76.8,66.15,33.85,99.9333,0,Healthy
2026-03-04T17:00,2026-03-04,2026-03,NSS-LINUX-APP01,Ubuntu 24.04,Application Server,11.48,61.86,38.14,60.41,39.59,99.8842,0,Healthy
2026-05-09T10:00,2026-05-09,2026-05,NSS-FILE01,Windows Server 2022,File Server,32.97,15.15,84.85,80.96,19.04,99.9486,0,Warning
2026-02-12T09:00,2026-02-12,2026-02,NSS-LINUX-APP01,Ubuntu 24.04,Application Server,16.7,52.11,47.89,74.61,25.39,99.883,0,Healthy
2026-04-13T15:00,2026-04-13,2026-04,NSS-LINUX-DB01,Rocky Linux 9,Database Server,24.59,62.11,37.89,46.77,53.23,99.8607,0,Healthy
2026-06-09T17:00,2026-06-09,2026-06,NSS-FILE01,Windows Server 2022,File Server,36.58,54.88,45.12,61.33,38.67,99.862,0,Healthy
2026-06-10T22:00,2026-06-10,2026-06,NSS-APP01,Windows Server 2022,Application Server,10.64,41.99,58.01,67.7,32.3,99.7909,0,Healthy
2026-01-15T20:00,2026-01-15,2026-01,NSS-MON01,Ubuntu 24.04,Monitoring Server,2.0,66.37,33.63,54.77,45.23,99.9508,0,Healthy
2026-04-25T10:00,2026-04-25,2026-04,NSS-APP01,Windows Server 2022,Application Server,49.56,37.44,62.56,31.72,68.28,99.8628,0,Healthy
2026-03-03T06:00,2026-03-03,2026-03,NSS-FILE01,Windows Server 2022,File Server,18.75,38.55,61.45,63.68,36.32,99.8661,0,Healthy
2026-07-21T05:00,2026-07-21,2026-07,NSS-MON01,Ubuntu 24.04,Monitoring Server,14.95,54.58,45.42,70.02,29.98,99.9096,0,Healthy
2026-05-18T12:00,2026-05-18,2026-05,NSS-DC02,Windows Server 2022,Domain Controller,38.44,43.87,56.13,50.66,49.34,99.8592,0,Healthy
2026-01-19T15:00,2026-01-19,2026-01,NSS-LINUX-DB01,Rocky Linux 9,Database Server,38.47,32.5,67.5,60.43,39.57,99.9906,0,Healthy
2026-02-13T10:00,2026-02-13,2026-02,NSS-DC02,Windows Server 2022,Domain Controller,54.3,40.65,59.35,52.54,47.46,99.8435,0,Healthy
2026-04-22T04:00,2026-04-22,2026-04,NSS-MON01,Ubuntu 24.04,Monitoring Server,37.76,69.97,30.03,63.56,36.44,99.8518,0,Healthy
