timestamp,hostname,platform,role,cpu_percent,memory_used_percent,disk_used_percent,availability_percent,active_alerts
2026-02-03T20:00,NSS-DC01,Windows Server 2022,Domain Controller,2.0,49.51,77.75,99.8891,0
2026-04-17T17:00,NSS-DC02,Windows Server 2022,Domain Controller,17.6,42.18,66.54,99.9689,0
2026-04-26T09:00,NSS-LINUX-DB01,Rocky Linux 9,Database Server,15.55,69.69,58.47,99.7632,0
2026-02-04T04:00,NSS-LINUX-DB01,Rocky Linux 9,Database Server,21.49,54.81,84.87,99.9052,0
2026-05-07T14:00,NSS-FILE01,Windows Server 2022,File Server,40.78,73.98,69.49,99.7829,0
2026-05-26T06:00,NSS-LINUX-DB01,Rocky Linux 9,Database Server,2.0,45.01,33.96,99.8078,0
2026-07-23T20:00,NSS-DC02,Windows Server 2022,Domain Controller,36.99,54.24,40.14,99.9406,0
2026-06-12T14:00,NSS-DC01,Windows Server 2022,Domain Controller,22.29,44.82,44.67,99.8503,0
2026-02-16T15:00,NSS-APP01,Windows Server 2022,Application Server,34.03,43.86,71.21,99.9439,0
2026-04-08T01:00,NSS-APP01,Windows Server 2022,Application Server,24.48,35.67,61.45,99.9747,0
2026-06-08T02:00,NSS-LINUX-APP01,Ubuntu 24.04,Application Server,25.9,41.34,65.25,99.9017,0
2026-04-11T17:00,NSS-DC02,Windows Server 2022,Domain Controller,17.01,56.35,60.17,99.8717,0
2026-05-16T18:00,NSS-DC01,Windows Server 2022,Domain Controller,39.07,68.02,46.25,99.8094,0
2026-03-23T19:00,NSS-LINUX-DB01,Rocky Linux 9,Database Server,30.06,65.95,72.48,99.7859,0
2026-01-17T07:00,NSS-APP01,Windows Server 2022,Application Server,2.0,28.34,60.15,99.8435,0
2026-07-25T05:00,NSS-APP01,Windows Server 2022,Application Server,21.31,52.36,65.54,99.9723,0
2026-01-14T00:00,NSS-LINUX-APP01,Ubuntu 24.04,Application Server,11.6,54.35,74.23,99.9684,0
2026-03-13T07:00,NSS-MON01,Ubuntu 24.04,Monitoring Server,42.53,45.38,57.86,99.7888,0
2026-05-11T22:00,NSS-LINUX-DB01,Rocky Linux 9,Database Server,34.16,65.54,65.21,99.8152,0
2026-04-21T00:00,NSS-LINUX-APP01,Ubuntu 24.04,Application Server,31.08,41.04,75.33,99.983,0
2026-01-14T01:00,NSS-DC01,Windows Server 2022,Domain Controller,27.42,36.09,57.32,99.9111,0
2026-01-25T23:00,NSS-LINUX-APP01,Ubuntu 24.04,Application Server,36.38,56.79,57.03,99.9183,0
2026-02-21T08:00,NSS-APP01,Windows Server 2022,Application Server,21.37,66.51,77.24,99.9981,0
2026-01-15T13:00,NSS-APP01,Windows Server 2022,Application Server,32.01,59.17,83.37,99.8464,0
2026-07-27T06:00,NSS-MON01,Ubuntu 24.04,Monitoring Server,35.68,45.54,59.49,99.8114,0
2026-07-05T14:00,NSS-LINUX-DB01,Rocky Linux 9,Database Server,6.11,29.67,54.88,99.8948,0
2026-06-23T02:00,NSS-DC02,Windows Server 2022,Domain Controller,42.64,67.4,65.25,99.9527,0
2026-01-17T21:00,NSS-FILE01,Windows Server 2022,File Server,4.66,53.62,89.59,99.928,1
2026-04-08T18:00,NSS-LINUX-APP01,Ubuntu 24.04,Application Server,40.03,71.85,86.95,99.9346,1
2026-04-22T03:00,NSS-LINUX-APP01,Ubuntu 24.04,Application Server,15.17,61.67,66.15,99.8405,0
2026-05-31T14:00,NSS-APP01,Windows Server 2022,Application Server,47.76,40.04,62.46,99.7535,0
2026-06-09T16:00,NSS-LINUX-APP01,Ubuntu 24.04,Application Server,26.12,52.86,56.54,99.8473,0
2026-01-17T12:00,NSS-APP01,Windows Server 2022,Application Server,26.63,43.51,73.56,99.966,0
2026-01-02T08:00,NSS-DC02,Windows Server 2022,Domain Controller,29.38,57.01,75.17,99.9685,0
2026-04-06T20:00,NSS-FILE01,Windows Server 2022,File Server,35.92,52.33,56.41,99.7565,0
2026-04-05T16:00,NSS-DC01,Windows Server 2022,Domain Controller,52.86,34.31,70.3,99.9797,0
2026-04-07T13:00,NSS-MON01,Ubuntu 24.04,Monitoring Server,10.25,36.8,61.24,99.8305,0
2026-05-31T12:00,NSS-DC02,Windows Server 2022,Domain Controller,6.78,45.46,76.51,99.7594,0
2026-02-13T01:00,NSS-LINUX-APP01,Ubuntu 24.04,Application Server,20.64,64.23,60.48,99.8614,0
2026-06-18T02:00,NSS-APP01,Windows Server 2022,Application Server,18.13,64.81,67.52,99.971,0
2026-04-25T19:00,NSS-LINUX-APP01,Ubuntu 24.04,Application Server,30.32,32.55,53.74,99.7812,0
2026-01-16T21:00,NSS-LINUX-APP01,Ubuntu 24.04,Application Server,18.54,56.42,70.67,99.8402,0
2026-04-07T07:00,NSS-DC02,Windows Server 2022,Domain Controller,14.74,58.23,48.19,99.8107,0
2026-07-11T19:00,NSS-FILE01,Windows Server 2022,File Server,18.46,37.9,37.9,99.8259,0
2026-01-07T18:00,NSS-APP01,Windows Server 2022,Application Server,2.0,48.62,45.47,99.7971,0
2026-01-11T12:00,NSS-APP01,Windows Server 2022,Application Server,12.02,21.12,50.07,99.8376,0
2026-05-11T06:00,NSS-LINUX-APP01,Ubuntu 24.04,Application Server,12.63,35.41,62.29,99.9273,0
2026-06-16T02:00,NSS-FILE01,Windows Server 2022,File Server,42.18,27.74,57.85,99.7665,0
2026-07-25T18:00,NSS-LINUX-APP01,Ubuntu 24.04,Application Server,42.6,47.99,59.89,99.7704,0
2026-07-09T05:00,NSS-FILE01,Windows Server 2022,File Server,11.96,30.37,52.4,99.9697,0
2026-07-17T17:00,NSS-LINUX-APP01,Ubuntu 24.04,Application Server,36.04,68.74,64.76,99.8889,0
2026-05-28T19:00,NSS-LINUX-APP01,Ubuntu 24.04,Application Server,15.11,78.42,61.64,99.923,0
2026-03-31T07:00,NSS-LINUX-DB01,Rocky Linux 9,Database Server,39.48,57.96,45.92,99.8887,0
2026-06-27T09:00,NSS-FILE01,Windows Server 2022,File Server,37.99,74.41,60.66,99.783,0
2026-02-22T03:00,NSS-DC01,Windows Server 2022,Domain Controller,44.56,44.1,34.59,99.7765,0
2026-06-06T05:00,NSS-DC01,Windows Server 2022,Domain Controller,7.76,40.21,62.47,99.8286,0
2026-04-16T13:00,NSS-DC01,Windows Server 2022,Domain Controller,16.83,93.21,55.89,99.7643,1
2026-04-28T11:00,NSS-DC01,Windows Server 2022,Domain Controller,59.08,72.77,60.55,99.8864,0
2026-05-08T11:00,NSS-MON01,Ubuntu 24.04,Monitoring Server,18.19,81.32,65.45,99.7832,0
2026-06-20T13:00,NSS-LINUX-DB01,Rocky Linux 9,Database Server,10.69,49.49,62.4,99.8397,0
2026-02-28T03:00,NSS-LINUX-APP01,Ubuntu 24.04,Application Server,35.3,61.65,53.94,99.85,0
2026-07-04T21:00,NSS-DC01,Windows Server 2022,Domain Controller,30.8,78.8,76.12,99.8277,0
2026-05-25T04:00,NSS-LINUX-DB01,Rocky Linux 9,Database Server,46.63,68.85,39.49,99.7789,0
2026-01-30T05:00,NSS-DC02,Windows Server 2022,Domain Controller,25.76,38.47,60.55,99.8284,0
2026-07-26T06:00,NSS-MON01,Ubuntu 24.04,Monitoring Server,25.8,79.0,83.0,99.9124,0
2026-02-18T04:00,NSS-APP01,Windows Server 2022,Application Server,35.81,49.5,68.19,99.8502,0
2026-07-02T09:00,NSS-LINUX-DB01,Rocky Linux 9,Database Server,33.31,56.92,50.96,99.9946,0
2026-02-18T21:00,NSS-DC01,Windows Server 2022,Domain Controller,31.84,42.15,62.22,99.9506,0
2026-02-18T22:00,NSS-MON01,Ubuntu 24.04,Monitoring Server,29.34,66.24,36.03,99.8613,0
2026-03-24T10:00,NSS-DC02,Windows Server 2022,Domain Controller,16.75,67.9,45.52,99.7981,0
2026-07-04T19:00,NSS-DC02,Windows Server 2022,Domain Controller,21.98,79.02,44.41,99.8284,0
2026-06-30T18:00,NSS-LINUX-DB01,Rocky Linux 9,Database Server,43.05,41.01,72.79,99.9891,0
2026-07-08T06:00,NSS-FILE01,Windows Server 2022,File Server,13.88,70.41,86.18,99.7711,1
2026-04-15T11:00,NSS-MON01,Ubuntu 24.04,Monitoring Server,9.29,62.55,61.17,99.9826,0
2026-02-21T00:00,NSS-DC02,Windows Server 2022,Domain Controller,20.19,65.85,64.5,99.7938,0
2026-03-04T08:00,NSS-FILE01,Windows Server 2022,File Server,59.6,48.98,55.31,99.9813,0
2026-07-13T15:00,NSS-APP01,Windows Server 2022,Application Server,14.65,47.99,47.15,99.8987,0
2026-03-28T07:00,NSS-LINUX-APP01,Ubuntu 24.04,Application Server,41.58,5.32,60.79,99.7594,0
2026-06-24T11:00,NSS-LINUX-DB01,Rocky Linux 9,Database Server,29.1,62.42,47.54,99.8289,0
2026-05-26T01:00,NSS-LINUX-APP01,Ubuntu 24.04,Application Server,41.56,68.75,73.28,99.7562,0
2026-02-09T09:00,NSS-DC01,Windows Server 2022,Domain Controller,18.0,86.17,71.12,99.8603,0
2026-07-29T15:00,NSS-LINUX-APP01,Ubuntu 24.04,Application Server,19.92,33.78,68.56,99.7928,0
2026-03-31T02:00,NSS-APP01,Windows Server 2022,Application Server,9.8,47.23,66.51,99.8953,0
2026-07-29T21:00,NSS-FILE01,Windows Server 2022,File Server,34.93,60.34,52.49,99.9312,0
2026-02-15T17:00,NSS-APP01,Windows Server 2022,Application Server,35.23,53.03,75.1,99.9696,0
2026-03-06T22:00,NSS-FILE01,Windows Server 2022,File Server,26.09,46.99,32.16,99.9001,0
2026-02-09T15:00,NSS-DC02,Windows Server 2022,Domain Controller,27.06,37.83,34.14,99.9154,0
2026-01-01T11:00,NSS-MON01,Ubuntu 24.04,Monitoring Server,51.04,44.37,55.91,99.9902,0
2026-01-07T07:00,NSS-DC02,Windows Server 2022,Domain Controller,46.48,49.21,63.49,99.9287,0
2026-06-29T23:00,NSS-DC01,Windows Server 2022,Domain Controller,25.07,54.32,77.37,99.9193,0
2026-05-07T17:00,NSS-FILE01,Windows Server 2022,File Server,20.79,43.51,43.46,99.8181,0
2026-07-05T12:00,NSS-DC02,Windows Server 2022,Domain Controller,22.35,69.56,55.28,99.7531,0
2026-05-18T15:00,NSS-FILE01,Windows Server 2022,File Server,50.36,59.68,75.57,99.9336,0
2026-04-07T22:00,NSS-FILE01,Windows Server 2022,File Server,45.85,50.14,27.22,99.8325,0
2026-07-08T23:00,NSS-DC02,Windows Server 2022,Domain Controller,21.9,86.03,60.67,99.9246,0
2026-01-03T15:00,NSS-LINUX-DB01,Rocky Linux 9,Database Server,9.77,63.64,66.84,99.9014,0
2026-04-14T06:00,NSS-DC02,Windows Server 2022,Domain Controller,41.7,62.26,65.33,99.9253,0
2026-05-04T22:00,NSS-DC02,Windows Server 2022,Domain Controller,40.56,59.21,74.09,99.9076,0
2026-04-20T03:00,NSS-MON01,Ubuntu 24.04,Monitoring Server,5.98,42.15,60.04,99.9851,0
2026-02-07T12:00,NSS-LINUX-DB01,Rocky Linux 9,Database Server,21.22,87.26,53.17,99.8972,0
2026-05-23T03:00,NSS-DC01,Windows Server 2022,Domain Controller,25.27,61.11,69.43,99.8839,0
2026-01-18T09:00,NSS-LINUX-DB01,Rocky Linux 9,Database Server,37.04,63.64,54.28,99.8833,0
2026-03-15T21:00,NSS-MON01,Ubuntu 24.04,Monitoring Server,33.86,43.46,52.45,99.8777,0
2026-07-07T03:00,NSS-LINUX-DB01,Rocky Linux 9,Database Server,2.0,32.63,50.69,99.8903,0
2026-06-23T21:00,NSS-LINUX-DB01,Rocky Linux 9,Database Server,37.8,82.99,62.09,99.9324,0
2026-03-26T15:00,NSS-DC01,Windows Server 2022,Domain Controller,29.41,78.85,61.06,99.8257,0
2026-02-09T21:00,NSS-LINUX-APP01,Ubuntu 24.04,Application Server,8.17,65.64,64.47,99.9783,0
2026-04-27T02:00,NSS-DC02,Windows Server 2022,Domain Controller,16.04,48.25,37.5,99.8577,0
2026-07-04T03:00,NSS-LINUX-APP01,Ubuntu 24.04,Application Server,14.03,31.19,51.65,99.8213,0
2026-04-27T23:00,NSS-DC02,Windows Server 2022,Domain Controller,45.98,81.87,43.06,99.8445,0
2026-05-09T19:00,NSS-APP01,Windows Server 2022,Application Server,32.44,46.82,65.31,99.8455,0
2026-04-04T21:00,NSS-LINUX-APP01,Ubuntu 24.04,Application Server,36.59,56.97,55.2,99.8387,0
2026-05-25T23:00,NSS-LINUX-DB01,Rocky Linux 9,Database Server,10.73,81.14,44.29,99.9165,0
2026-03-25T22:00,NSS-APP01,Windows Server 2022,Application Server,41.09,45.43,55.37,99.8563,0
2026-07-23T21:00,NSS-LINUX-DB01,Rocky Linux 9,Database Server,3.18,71.01,48.68,99.9606,0
2026-01-14T21:00,NSS-DC02,Windows Server 2022,Domain Controller,29.4,41.05,68.76,99.9036,0
2026-02-28T22:00,NSS-APP01,Windows Server 2022,Application Server,22.86,40.97,79.82,99.7704,0
2026-01-28T07:00,NSS-DC01,Windows Server 2022,Domain Controller,25.5,58.88,75.03,99.9741,0
2026-02-24T19:00,NSS-MON01,Ubuntu 24.04,Monitoring Server,37.19,40.29,64.73,99.9011,0
2026-01-09T22:00,NSS-DC02,Windows Server 2022,Domain Controller,4.11,58.16,83.2,99.9234,0
2026-06-25T05:00,NSS-DC01,Windows Server 2022,Domain Controller,15.98,49.39,66.93,99.951,0
2026-05-20T21:00,NSS-DC01,Windows Server 2022,Domain Controller,38.28,38.69,76.91,99.8261,0
2026-01-27T00:00,NSS-DC02,Windows Server 2022,Domain Controller,20.74,49.34,63.61,99.9033,0
2026-07-14T22:00,NSS-DC02,Windows Server 2022,Domain Controller,21.87,56.3,61.42,99.8069,0
2026-02-16T09:00,NSS-LINUX-DB01,Rocky Linux 9,Database Server,32.38,61.49,62.19,99.9689,0
2026-05-27T12:00,NSS-LINUX-APP01,Ubuntu 24.04,Application Server,27.35,57.12,67.56,99.8513,0
2026-02-04T10:00,NSS-MON01,Ubuntu 24.04,Monitoring Server,29.77,62.81,70.41,99.9813,0
2026-05-18T16:00,NSS-LINUX-DB01,Rocky Linux 9,Database Server,28.69,74.59,41.27,99.9006,0
2026-01-21T03:00,NSS-MON01,Ubuntu 24.04,Monitoring Server,36.82,49.65,54.53,99.7781,0
2026-07-03T11:00,NSS-DC01,Windows Server 2022,Domain Controller,20.18,55.47,66.59,99.9214,0
2026-05-10T11:00,NSS-DC02,Windows Server 2022,Domain Controller,13.74,17.68,72.55,99.7879,0
2026-07-18T06:00,NSS-FILE01,Windows Server 2022,File Server,31.28,54.66,59.17,99.9804,0
2026-02-02T23:00,NSS-FILE01,Windows Server 2022,File Server,32.3,38.02,59.51,99.839,0
2026-04-29T09:00,NSS-APP01,Windows Server 2022,Application Server,35.08,46.55,57.02,99.9212,0
2026-05-09T04:00,NSS-LINUX-DB01,Rocky Linux 9,Database Server,7.1,30.6,40.7,99.8398,0
2026-05-14T08:00,NSS-LINUX-APP01,Ubuntu 24.04,Application Server,50.21,67.69,34.05,99.8978,0
2026-04-02T13:00,NSS-FILE01,Windows Server 2022,File Server,23.34,76.95,54.79,99.9942,0
2026-05-19T00:00,NSS-MON01,Ubuntu 24.04,Monitoring Server,31.84,49.92,59.99,99.8301,0
2026-03-11T01:00,NSS-APP01,Windows Server 2022,Application Server,2.0,43.84,74.81,99.9689,0
2026-07-17T03:00,NSS-LINUX-DB01,Rocky Linux 9,Database Server,56.64,32.9,59.2,99.9505,0
2026-07-05T19:00,NSS-APP01,Windows Server 2022,Application Server,58.21,52.83,68.47,99.8006,0
2026-03-07T11:00,NSS-APP01,Windows Server 2022,Application Server,18.49,66.64,56.92,99.8446,0
2026-05-05T03:00,NSS-APP01,Windows Server 2022,Application Server,13.3,40.92,89.59,99.7906,1
2026-06-06T10:00,NSS-APP01,Windows Server 2022,Application Server,31.82,62.21,57.38,99.879,0
2026-01-25T18:00,NSS-LINUX-DB01,Rocky Linux 9,Database Server,40.41,65.08,80.78,99.8697,0
2026-06-20T13:00,NSS-DC02,Windows Server 2022,Domain Controller,29.44,39.46,82.28,99.7801,0
2026-06-01T17:00,NSS-APP01,Windows Server 2022,Application Server,17.14,71.81,71.23,99.8225,0
2026-07-29T15:00,NSS-APP01,Windows Server 2022,Application Server,16.84,63.09,44.27,99.7592,0
2026-02-08T07:00,NSS-APP01,Windows Server 2022,Application Server,19.93,72.56,58.14,99.7807,0
2026-01-02T12:00,NSS-DC01,Windows Server 2022,Domain Controller,25.63,44.68,61.93,99.7708,0
2026-06-27T03:00,NSS-DC01,Windows Server 2022,Domain Controller,25.72,70.78,77.75,99.9848,0
2026-03-06T16:00,NSS-DC02,Windows Server 2022,Domain Controller,13.42,55.35,50.2,99.8183,0
2026-04-27T16:00,NSS-DC01,Windows Server 2022,Domain Controller,2.0,59.57,60.07,99.8917,0
2026-05-23T17:00,NSS-LINUX-DB01,Rocky Linux 9,Database Server,45.34,63.53,86.26,99.7927,1
2026-03-06T00:00,NSS-APP01,Windows Server 2022,Application Server,29.86,51.17,57.09,99.8313,0
2026-02-07T00:00,NSS-DC01,Windows Server 2022,Domain Controller,16.14,48.16,45.98,99.7546,0
2026-04-03T09:00,NSS-APP01,Windows Server 2022,Application Server,31.49,55.18,55.39,99.7827,0
2026-04-17T14:00,NSS-APP01,Windows Server 2022,Application Server,2.0,49.84,62.25,99.9719,0
2026-02-05T14:00,NSS-APP01,Windows Server 2022,Application Server,38.92,39.06,65.95,99.7523,0
2026-05-04T22:00,NSS-LINUX-APP01,Ubuntu 24.04,Application Server,45.15,33.77,65.36,99.8308,0
2026-02-27T17:00,NSS-APP01,Windows Server 2022,Application Server,13.02,98.0,53.87,99.8067,1
2026-04-28T10:00,NSS-DC01,Windows Server 2022,Domain Controller,16.68,60.91,72.6,99.9166,0
2026-03-22T11:00,NSS-LINUX-DB01,Rocky Linux 9,Database Server,48.12,49.26,41.82,99.9048,0
2026-04-25T23:00,NSS-LINUX-DB01,Rocky Linux 9,Database Server,23.36,47.59,57.49,99.7831,0
2026-04-19T13:00,NSS-APP01,Windows Server 2022,Application Server,17.71,64.12,52.52,99.8473,0
2026-03-18T16:00,NSS-LINUX-DB01,Rocky Linux 9,Database Server,24.73,40.93,79.98,99.7679,0
2026-02-21T00:00,NSS-MON01,Ubuntu 24.04,Monitoring Server,32.26,38.91,64.62,99.8304,0
2026-05-04T04:00,NSS-MON01,Ubuntu 24.04,Monitoring Server,34.32,64.13,50.23,99.8088,0
2026-03-14T09:00,NSS-APP01,Windows Server 2022,Application Server,30.43,71.08,42.85,99.7558,0
2026-05-01T01:00,NSS-FILE01,Windows Server 2022,File Server,46.26,69.73,21.59,99.9991,0
2026-03-19T02:00,NSS-LINUX-APP01,Ubuntu 24.04,Application Server,25.67,49.44,80.52,99.8406,0
2026-02-20T22:00,NSS-DC01,Windows Server 2022,Domain Controller,12.09,72.56,69.7,99.7938,0
2026-07-05T06:00,NSS-MON01,Ubuntu 24.04,Monitoring Server,12.57,39.91,65.0,99.8991,0
2026-01-15T11:00,NSS-MON01,Ubuntu 24.04,Monitoring Server,40.38,62.16,71.56,99.7977,0
2026-07-14T06:00,NSS-DC01,Windows Server 2022,Domain Controller,18.14,55.57,63.65,99.7588,0
2026-05-30T17:00,NSS-LINUX-DB01,Rocky Linux 9,Database Server,16.71,64.1,75.73,99.9984,0
2026-06-27T09:00,NSS-APP01,Windows Server 2022,Application Server,23.53,61.99,57.75,99.8727,0
2026-07-23T03:00,NSS-DC02,Windows Server 2022,Domain Controller,20.84,66.6,66.38,99.7577,0
2026-03-30T03:00,NSS-LINUX-DB01,Rocky Linux 9,Database Server,19.62,46.1,76.24,99.9389,0
2026-03-24T16:00,NSS-DC01,Windows Server 2022,Domain Controller,18.66,38.08,72.65,99.8387,0
2026-06-21T03:00,NSS-MON01,Ubuntu 24.04,Monitoring Server,20.99,63.54,71.59,99.7992,0
2026-04-02T10:00,NSS-APP01,Windows Server 2022,Application Server,25.05,57.77,46.09,99.9017,0
2026-03-28T02:00,NSS-DC01,Windows Server 2022,Domain Controller,32.64,68.77,63.28,99.9399,0
2026-03-24T08:00,NSS-DC02,Windows Server 2022,Domain Controller,7.86,60.29,63.89,99.9643,0
2026-06-13T05:00,NSS-DC01,Windows Server 2022,Domain Controller,17.92,60.65,35.08,99.841,0
2026-03-11T12:00,NSS-DC02,Windows Server 2022,Domain Controller,32.36,53.56,66.17,99.9201,0
2026-02-06T07:00,NSS-APP01,Windows Server 2022,Application Server,18.93,43.31,66.46,99.851,0
2026-03-05T14:00,NSS-APP01,Windows Server 2022,Application Server,27.5,66.39,71.63,99.9279,0
2026-02-10T21:00,NSS-LINUX-DB01,Rocky Linux 9,Database Server,48.15,41.55,61.27,99.8229,0
2026-07-07T23:00,NSS-APP01,Windows Server 2022,Application Server,19.0,50.08,63.25,99.7668,0
2026-07-20T08:00,NSS-FILE01,Windows Server 2022,File Server,31.09,48.89,54.02,99.9196,0
2026-06-20T01:00,NSS-FILE01,Windows Server 2022,File Server,30.09,67.58,43.95,99.9305,0
2026-06-29T21:00,NSS-DC01,Windows Server 2022,Domain Controller,26.96,39.88,45.78,99.8365,0
2026-04-03T20:00,NSS-MON01,Ubuntu 24.04,Monitoring Server,27.48,61.41,69.82,99.8156,0
2026-05-14T09:00,NSS-DC01,Windows Server 2022,Domain Controller,39.7,53.03,58.18,99.757,0
2026-03-02T02:00,NSS-DC02,Windows Server 2022,Domain Controller,6.96,53.88,63.31,99.8267,0
2026-07-28T10:00,NSS-FILE01,Windows Server 2022,File Server,18.2,53.87,67.71,99.7526,0
2026-07-13T04:00,NSS-FILE01,Windows Server 2022,File Server,10.01,31.53,74.56,99.7865,0
2026-04-10T23:00,NSS-APP01,Windows Server 2022,Application Server,5.76,59.69,63.69,99.9847,0
2026-04-25T18:00,NSS-LINUX-APP01,Ubuntu 24.04,Application Server,23.75,58.37,70.12,99.8494,0
2026-03-30T22:00,NSS-LINUX-APP01,Ubuntu 24.04,Application Server,44.72,47.82,55.56,99.8679,0
2026-07-03T05:00,NSS-APP01,Windows Server 2022,Application Server,39.49,34.71,50.11,99.9689,0
2026-03-10T07:00,NSS-LINUX-APP01,Ubuntu 24.04,Application Server,19.95,51.11,53.45,99.916,0
2026-01-07T04:00,NSS-DC01,Windows Server 2022,Domain Controller,23.18,65.29,46.67,99.8948,0
2026-01-13T04:00,NSS-DC02,Windows Server 2022,Domain Controller,36.46,46.13,59.47,99.7959,0
2026-04-27T02:00,NSS-LINUX-APP01,Ubuntu 24.04,Application Server,52.29,46.96,95.0,99.8612,1
2026-01-14T07:00,NSS-LINUX-APP01,Ubuntu 24.04,Application Server,31.18,72.94,59.82,99.9153,0
2026-03-29T07:00,NSS-MON01,Ubuntu 24.04,Monitoring Server,43.46,50.68,53.69,99.9746,0
2026-05-02T15:00,NSS-APP01,Windows Server 2022,Application Server,52.37,57.67,56.6,99.9312,0
2026-02-09T14:00,NSS-MON01,Ubuntu 24.04,Monitoring Server,21.89,38.4,83.59,99.9649,0
2026-06-25T22:00,NSS-APP01,Windows Server 2022,Application Server,35.77,45.35,46.58,99.9933,0
2026-06-06T03:00,NSS-LINUX-DB01,Rocky Linux 9,Database Server,7.84,65.77,60.01,99.8185,0
2026-03-19T04:00,NSS-FILE01,Windows Server 2022,File Server,18.47,52.61,64.84,99.7935,0
2026-06-20T09:00,NSS-DC01,Windows Server 2022,Domain Controller,54.01,48.68,60.13,99.8836,0
2026-04-23T13:00,NSS-MON01,Ubuntu 24.04,Monitoring Server,3.76,73.14,72.68,99.8314,0
2026-05-06T07:00,NSS-LINUX-DB01,Rocky Linux 9,Database Server,26.87,32.99,57.27,99.9021,0
2026-01-20T11:00,NSS-LINUX-DB01,Rocky Linux 9,Database Server,26.37,52.02,56.66,99.7719,0
2026-04-27T04:00,NSS-LINUX-APP01,Ubuntu 24.04,Application Server,28.01,62.58,74.6,99.9932,0
2026-02-16T06:00,NSS-APP01,Windows Server 2022,Application Server,40.98,59.9,62.78,99.891,0
2026-04-04T21:00,NSS-APP01,Windows Server 2022,Application Server,31.31,65.45,49.41,99.9328,0
2026-03-30T15:00,NSS-LINUX-DB01,Rocky Linux 9,Database Server,46.88,49.46,55.54,99.802,0
2026-03-25T00:00,NSS-MON01,Ubuntu 24.04,Monitoring Server,25.35,43.36,51.46,99.9012,0
2026-04-06T05:00,NSS-DC02,Windows Server 2022,Domain Controller,35.17,37.29,67.28,99.881,0
2026-02-14T14:00,NSS-DC01,Windows Server 2022,Domain Controller,31.2,69.62,52.32,99.805,0
2026-01-05T01:00,NSS-LINUX-DB01,Rocky Linux 9,Database Server,33.12,49.12,66.33,99.8997,0
2026-02-27T12:00,NSS-LINUX-DB01,Rocky Linux 9,Database Server,12.14,68.88,69.99,99.9744,0
2026-05-06T21:00,NSS-LINUX-APP01,Ubuntu 24.04,Application Server,35.05,69.12,48.29,99.7644,0
2026-05-29T21:00,NSS-DC01,Windows Server 2022,Domain Controller,21.79,48.67,56.39,99.8979,0
2026-02-22T17:00,NSS-DC02,Windows Server 2022,Domain Controller,36.67,49.88,53.88,99.8256,0
2026-06-30T14:00,NSS-APP01,Windows Server 2022,Application Server,2.0,52.96,63.79,99.8764,0
2026-02-28T11:00,NSS-FILE01,Windows Server 2022,File Server,9.87,54.88,36.93,99.9904,0
2026-06-30T15:00,NSS-APP01,Windows Server 2022,Application Server,12.61,30.86,57.62,99.7605,0
2026-05-14T12:00,NSS-APP01,Windows Server 2022,Application Server,50.31,83.57,55.53,99.7543,0
2026-01-23T10:00,NSS-DC02,Windows Server 2022,Domain Controller,35.15,42.41,61.05,99.9876,0
2026-05-15T07:00,NSS-LINUX-DB01,Rocky Linux 9,Database Server,9.13,41.53,41.86,99.7808,0
2026-05-01T09:00,NSS-LINUX-APP01,Ubuntu 24.04,Application Server,52.27,87.48,45.15,99.9847,0
2026-04-04T05:00,NSS-DC01,Windows Server 2022,Domain Controller,32.0,57.87,72.82,99.8335,0
2026-05-14T23:00,NSS-APP01,Windows Server 2022,Application Server,10.62,82.53,64.79,99.7949,0
2026-05-25T10:00,NSS-LINUX-APP01,Ubuntu 24.04,Application Server,3.6,54.31,21.8,99.8252,0
2026-07-12T05:00,NSS-DC02,Windows Server 2022,Domain Controller,12.44,36.3,64.14,99.9703,0
2026-01-06T22:00,NSS-DC01,Windows Server 2022,Domain Controller,2.0,58.57,60.64,99.8019,0
2026-05-05T18:00,NSS-DC01,Windows Server 2022,Domain Controller,27.71,55.5,54.19,99.7687,0
2026-03-02T10:00,NSS-MON01,Ubuntu 24.04,Monitoring Server,13.05,45.05,56.03,99.8356,0
2026-03-23T13:00,NSS-MON01,Ubuntu 24.04,Monitoring Server,9.88,64.98,55.9,99.9201,0
2026-04-04T15:00,NSS-LINUX-APP01,Ubuntu 24.04,Application Server,31.91,62.85,68.89,99.8891,0
2026-01-31T08:00,NSS-DC01,Windows Server 2022,Domain Controller,22.1,65.55,52.16,99.9699,0
2026-05-13T04:00,NSS-LINUX-DB01,Rocky Linux 9,Database Server,22.3,64.95,47.22,99.8334,0
2026-05-01T13:00,NSS-LINUX-APP01,Ubuntu 24.04,Application Server,35.74,15.1,64.01,99.9895,0
2026-01-14T15:00,NSS-DC02,Windows Server 2022,Domain Controller,17.53,48.86,36.69,99.7964,0
2026-04-20T07:00,NSS-DC01,Windows Server 2022,Domain Controller,33.61,83.18,57.53,99.9225,0
2026-07-07T15:00,NSS-APP01,Windows Server 2022,Application Server,34.78,30.0,58.74,99.8352,0
2026-07-16T02:00,NSS-LINUX-DB01,Rocky Linux 9,Database Server,30.11,46.46,45.98,99.7791,0
2026-06-17T23:00,NSS-LINUX-DB01,Rocky Linux 9,Database Server,15.64,34.48,72.78,99.9938,0
2026-06-08T15:00,NSS-LINUX-DB01,Rocky Linux 9,Database Server,19.56,37.88,55.2,99.8169,0
2026-06-03T22:00,NSS-DC01,Windows Server 2022,Domain Controller,36.24,44.79,67.88,99.9668,0
2026-01-27T09:00,NSS-DC01,Windows Server 2022,Domain Controller,45.55,41.71,69.49,99.9572,0
2026-07-28T13:00,NSS-MON01,Ubuntu 24.04,Monitoring Server,27.23,60.5,48.98,99.9771,0
2026-03-10T23:00,NSS-DC01,Windows Server 2022,Domain Controller,40.52,44.52,80.51,99.9441,0
2026-05-28T15:00,NSS-DC02,Windows Server 2022,Domain Controller,42.48,73.18,68.22,99.8743,0
2026-03-20T03:00,NSS-MON01,Ubuntu 24.04,Monitoring Server,22.14,29.34,70.24,99.761,0
2026-02-04T21:00,NSS-MON01,Ubuntu 24.04,Monitoring Server,38.79,72.24,59.09,99.8303,0
2026-01-13T20:00,NSS-DC01,Windows Server 2022,Domain Controller,38.62,50.31,62.33,99.7561,0
2026-02-06T07:00,NSS-APP01,Windows Server 2022,Application Server,27.91,52.71,53.92,99.8025,0
2026-02-12T08:00,NSS-FILE01,Windows Server 2022,File Server,36.41,62.2,37.56,99.8147,0
2026-01-05T13:00,NSS-FILE01,Windows Server 2022,File Server,25.95,72.45,64.48,99.866,0
2026-01-31T06:00,NSS-DC01,Windows Server 2022,Domain Controller,10.4,75.32,64.36,99.9468,0
2026-04-30T10:00,NSS-DC02,Windows Server 2022,Domain Controller,13.36,44.28,77.25,99.9983,0
2026-07-02T00:00,NSS-LINUX-DB01,Rocky Linux 9,Database Server,37.44,57.43,48.46,99.8811,0
2026-05-16T16:00,NSS-FILE01,Windows Server 2022,File Server,27.2,66.96,47.87,99.8531,0
2026-02-03T23:00,NSS-MON01,Ubuntu 24.04,Monitoring Server,27.11,74.72,95.0,99.8191,1
2026-06-25T06:00,NSS-LINUX-APP01,Ubuntu 24.04,Application Server,40.09,37.9,89.57,99.9956,1
2026-06-29T06:00,NSS-DC02,Windows Server 2022,Domain Controller,34.07,63.27,60.37,99.9759,0
2026-05-13T03:00,NSS-MON01,Ubuntu 24.04,Monitoring Server,39.56,84.98,86.34,99.8394,1
2026-01-21T16:00,NSS-DC01,Windows Server 2022,Domain Controller,46.46,28.8,55.26,99.9658,0
2026-03-27T14:00,NSS-FILE01,Windows Server 2022,File Server,18.11,42.33,69.38,99.7972,0
2026-01-05T15:00,NSS-FILE01,Windows Server 2022,File Server,38.68,41.25,45.01,99.8384,0
2026-03-25T21:00,NSS-FILE01,Windows Server 2022,File Server,31.72,57.89,72.33,99.9601,0
2026-07-07T18:00,NSS-APP01,Windows Server 2022,Application Server,38.55,67.73,73.93,99.8303,0
2026-06-05T06:00,NSS-FILE01,Windows Server 2022,File Server,23.93,52.18,48.28,99.8017,0
2026-01-03T02:00,NSS-LINUX-DB01,Rocky Linux 9,Database Server,36.73,69.54,36.0,99.757,0
2026-04-26T15:00,NSS-MON01,Ubuntu 24.04,Monitoring Server,45.45,72.37,63.98,99.9068,0
2026-03-13T07:00,NSS-MON01,Ubuntu 24.04,Monitoring Server,16.14,35.16,34.45,99.753,0
2026-03-12T01:00,NSS-FILE01,Windows Server 2022,File Server,20.85,54.84,53.22,99.854,0
2026-05-21T02:00,NSS-FILE01,Windows Server 2022,File Server,26.22,89.82,71.3,99.9339,0
2026-05-30T08:00,NSS-DC01,Windows Server 2022,Domain Controller,37.32,62.36,43.71,99.7895,0
2026-05-06T01:00,NSS-DC01,Windows Server 2022,Domain Controller,58.04,84.65,36.0,99.9308,0
2026-01-07T08:00,NSS-FILE01,Windows Server 2022,File Server,43.82,35.66,59.08,99.8262,0
2026-05-19T07:00,NSS-LINUX-DB01,Rocky Linux 9,Database Server,12.13,83.07,71.06,99.9642,0
2026-03-20T00:00,NSS-MON01,Ubuntu 24.04,Monitoring Server,38.53,71.78,60.26,99.8288,0
2026-05-05T18:00,NSS-DC02,Windows Server 2022,Domain Controller,22.45,33.57,45.87,99.841,0
2026-02-21T08:00,NSS-DC02,Windows Server 2022,Domain Controller,2.0,68.35,57.69,99.9909,0
2026-06-28T09:00,NSS-APP01,Windows Server 2022,Application Server,13.37,43.11,75.95,99.9243,0
2026-03-07T15:00,NSS-DC02,Windows Server 2022,Domain Controller,3.11,54.96,85.15,99.7852,1
2026-05-12T02:00,NSS-LINUX-DB01,Rocky Linux 9,Database Server,39.75,64.02,44.61,99.7818,0
2026-07-17T05:00,NSS-LINUX-DB01,Rocky Linux 9,Database Server,7.79,52.87,49.05,99.8997,0
2026-05-27T20:00,NSS-LINUX-APP01,Ubuntu 24.04,Application Server,13.5,57.01,77.28,99.9783,0
2026-04-26T03:00,NSS-DC01,Windows Server 2022,Domain Controller,12.78,67.21,54.13,99.9267,0
2026-07-23T05:00,NSS-LINUX-DB01,Rocky Linux 9,Database Server,40.41,69.3,52.91,99.907,0
2026-05-26T22:00,NSS-LINUX-APP01,Ubuntu 24.04,Application Server,12.58,77.88,55.87,99.9936,0
2026-01-23T10:00,NSS-LINUX-APP01,Ubuntu 24.04,Application Server,2.0,35.33,55.58,99.832,0
2026-06-23T09:00,NSS-LINUX-APP01,Ubuntu 24.04,Application Server,11.09,38.0,54.55,99.8177,0
2026-07-14T21:00,NSS-MON01,Ubuntu 24.04,Monitoring Server,40.71,55.81,40.92,99.7919,0
2026-04-05T23:00,NSS-LINUX-APP01,Ubuntu 24.04,Application Server,29.67,40.88,57.73,99.9153,0
2026-07-23T18:00,NSS-APP01,Windows Server 2022,Application Server,26.47,34.91,42.56,99.8456,0
2026-05-23T11:00,NSS-LINUX-APP01,Ubuntu 24.04,Application Server,8.67,35.76,75.82,99.8244,0
2026-04-02T04:00,NSS-FILE01,Windows Server 2022,File Server,33.92,35.29,63.99,99.7704,0
2026-07-16T01:00,NSS-LINUX-DB01,Rocky Linux 9,Database Server,14.51,50.85,74.06,99.7643,0
2026-05-16T04:00,NSS-MON01,Ubuntu 24.04,Monitoring Server,44.62,57.62,69.82,99.8226,0
2026-01-01T11:00,NSS-LINUX-APP01,Ubuntu 24.04,Application Server,31.03,62.1,62.73,99.9875,0
2026-01-11T04:00,NSS-APP01,Windows Server 2022,Application Server,42.39,51.51,53.11,99.816,0
2026-02-14T02:00,NSS-MON01,Ubuntu 24.04,Monitoring Server,18.98,41.95,71.07,99.8334,0
2026-04-23T20:00,NSS-APP01,Windows Server 2022,Application Server,20.71,36.53,32.89,99.8228,0
2026-06-15T22:00,NSS-MON01,Ubuntu 24.04,Monitoring Server,20.89,39.29,38.77,99.9299,0
2026-03-16T10:00,NSS-LINUX-DB01,Rocky Linux 9,Database Server,24.55,49.12,51.48,99.8218,0
2026-02-20T19:00,NSS-LINUX-DB01,Rocky Linux 9,Database Server,31.23,71.73,58.04,99.7958,0
2026-02-28T00:00,NSS-FILE01,Windows Server 2022,File Server,36.95,53.21,41.38,99.992,0
2026-02-13T18:00,NSS-LINUX-APP01,Ubuntu 24.04,Application Server,38.66,47.25,53.98,99.8783,0
2026-02-21T18:00,NSS-APP01,Windows Server 2022,Application Server,2.0,44.88,53.06,99.8436,0
2026-05-05T07:00,NSS-FILE01,Windows Server 2022,File Server,28.04,60.19,36.95,99.9264,0
2026-02-22T11:00,NSS-APP01,Windows Server 2022,Application Server,27.72,73.24,73.63,99.757,0
2026-05-30T18:00,NSS-LINUX-DB01,Rocky Linux 9,Database Server,32.51,60.59,49.02,99.7734,0
2026-01-20T11:00,NSS-APP01,Windows Server 2022,Application Server,12.42,56.8,74.97,99.9481,0
2026-06-24T02:00,NSS-LINUX-DB01,Rocky Linux 9,Database Server,29.34,42.16,78.88,99.9576,0
2026-07-21T15:00,NSS-MON01,Ubuntu 24.04,Monitoring Server,18.59,62.01,59.79,99.8198,0
2026-07-03T06:00,NSS-FILE01,Windows Server 2022,File Server,22.69,81.39,68.23,99.8476,0
2026-07-01T15:00,NSS-LINUX-APP01,Ubuntu 24.04,Application Server,17.4,49.2,63.19,99.7516,0
2026-04-23T12:00,NSS-DC01,Windows Server 2022,Domain Controller,26.07,22.33,73.5,99.7852,0
2026-05-29T22:00,NSS-MON01,Ubuntu 24.04,Monitoring Server,18.39,75.87,26.83,99.7786,0
2026-03-14T21:00,NSS-DC01,Windows Server 2022,Domain Controller,8.01,55.23,75.42,99.8031,0
2026-01-17T14:00,NSS-FILE01,Windows Server 2022,File Server,34.03,65.63,32.16,99.9742,0
2026-05-22T03:00,NSS-MON01,Ubuntu 24.04,Monitoring Server,31.38,53.91,50.53,99.9075,0
2026-07-08T12:00,NSS-LINUX-DB01,Rocky Linux 9,Database Server,34.5,72.99,39.46,99.87,0
2026-04-14T09:00,NSS-DC01,Windows Server 2022,Domain Controller,2.45,31.05,68.17,99.7619,0
2026-02-08T15:00,NSS-APP01,Windows Server 2022,Application Server,35.67,65.56,64.2,99.8464,0
2026-03-22T13:00,NSS-LINUX-APP01,Ubuntu 24.04,Application Server,26.72,81.29,69.38,99.8856,0
2026-02-19T00:00,NSS-FILE01,Windows Server 2022,File Server,35.74,71.15,36.53,99.8167,0
2026-04-15T07:00,NSS-DC01,Windows Server 2022,Domain Controller,36.91,64.87,69.12,99.9147,0
2026-02-23T09:00,NSS-DC02,Windows Server 2022,Domain Controller,47.21,59.08,71.22,99.7821,0
2026-07-20T10:00,NSS-LINUX-APP01,Ubuntu 24.04,Application Server,29.86,58.2,73.82,99.8533,0
2026-04-19T07:00,NSS-DC01,Windows Server 2022,Domain Controller,53.64,71.62,65.86,99.819,0
2026-01-18T05:00,NSS-APP01,Windows Server 2022,Application Server,43.82,49.26,46.38,99.7578,0
2026-05-13T10:00,NSS-APP01,Windows Server 2022,Application Server,26.35,23.83,70.68,99.835,0
2026-02-20T02:00,NSS-LINUX-DB01,Rocky Linux 9,Database Server,18.8,54.28,52.28,99.8851,0
2026-04-28T17:00,NSS-FILE01,Windows Server 2022,File Server,3.66,50.91,56.6,99.9991,0
2026-01-05T11:00,NSS-LINUX-DB01,Rocky Linux 9,Database Server,30.81,44.72,92.79,99.907,1
2026-02-10T13:00,NSS-APP01,Windows Server 2022,Application Server,45.58,66.06,75.15,99.9341,0
2026-03-28T08:00,NSS-LINUX-DB01,Rocky Linux 9,Database Server,32.93,46.86,51.49,99.9351,0
2026-06-17T10:00,NSS-FILE01,Windows Server 2022,File Server,11.83,28.37,59.63,99.8247,0
2026-04-01T16:00,NSS-APP01,Windows Server 2022,Application Server,35.37,51.72,65.45,99.9951,0
2026-07-02T06:00,NSS-DC01,Windows Server 2022,Domain Controller,47.03,53.09,50.18,99.9136,0
2026-05-09T17:00,NSS-APP01,Windows Server 2022,Application Server,48.04,74.08,84.52,99.999,0
2026-03-28T19:00,NSS-LINUX-DB01,Rocky Linux 9,Database Server,26.98,66.76,76.5,99.7528,0
2026-03-12T02:00,NSS-LINUX-DB01,Rocky Linux 9,Database Server,2.0,41.7,60.67,99.9243,0
2026-04-03T20:00,NSS-LINUX-DB01,Rocky Linux 9,Database Server,11.27,52.79,54.6,99.9727,0
2026-04-14T02:00,NSS-DC01,Windows Server 2022,Domain Controller,32.78,55.16,62.42,99.792,0
2026-01-28T08:00,NSS-MON01,Ubuntu 24.04,Monitoring Server,29.44,26.05,41.05,99.8122,0
2026-01-06T14:00,NSS-DC01,Windows Server 2022,Domain Controller,38.07,46.91,55.52,99.955,0
2026-05-21T19:00,NSS-DC02,Windows Server 2022,Domain Controller,19.65,52.8,84.0,99.8206,0
2026-01-07T11:00,NSS-DC02,Windows Server 2022,Domain Controller,34.06,60.27,53.31,99.8825,0
2026-02-25T03:00,NSS-DC01,Windows Server 2022,Domain Controller,18.41,34.01,52.23,99.9245,0
2026-05-01T18:00,NSS-APP01,Windows Server 2022,Application Server,19.05,54.61,34.23,99.928,0
2026-04-27T01:00,NSS-LINUX-APP01,Ubuntu 24.04,Application Server,18.2,72.22,46.89,99.9467,0
2026-04-18T23:00,NSS-APP01,Windows Server 2022,Application Server,48.35,41.98,85.69,99.8551,1
2026-06-05T07:00,NSS-DC02,Windows Server 2022,Domain Controller,28.03,51.7,55.02,99.7781,0
2026-05-12T00:00,NSS-LINUX-APP01,Ubuntu 24.04,Application Server,58.44,82.13,59.62,99.9421,0
2026-05-06T18:00,NSS-LINUX-DB01,Rocky Linux 9,Database Server,34.92,45.93,52.2,99.968,0
2026-06-06T11:00,NSS-DC01,Windows Server 2022,Domain Controller,19.24,43.15,54.07,99.9564,0
2026-04-24T04:00,NSS-LINUX-DB01,Rocky Linux 9,Database Server,28.29,54.64,88.44,99.822,1
2026-04-01T08:00,NSS-MON01,Ubuntu 24.04,Monitoring Server,2.0,49.38,70.0,99.7625,0
2026-01-04T14:00,NSS-APP01,Windows Server 2022,Application Server,17.27,48.92,61.24,99.7958,0
2026-03-14T10:00,NSS-MON01,Ubuntu 24.04,Monitoring Server,26.28,55.15,85.27,99.9742,1
2026-05-07T21:00,NSS-DC02,Windows Server 2022,Domain Controller,15.91,49.61,80.2,99.9199,0
2026-02-19T05:00,NSS-FILE01,Windows Server 2022,File Server,32.92,37.77,74.41,99.9187,0
2026-05-16T09:00,NSS-LINUX-APP01,Ubuntu 24.04,Application Server,23.34,41.42,37.88,99.8248,0
2026-02-03T03:00,NSS-APP01,Windows Server 2022,Application Server,29.67,35.19,45.6,99.9489,0
2026-06-23T05:00,NSS-FILE01,Windows Server 2022,File Server,26.62,87.04,61.76,99.9176,0
2026-07-07T16:00,NSS-LINUX-DB01,Rocky Linux 9,Database Server,36.03,47.05,40.74,99.9456,0
2026-05-14T00:00,NSS-DC02,Windows Server 2022,Domain Controller,9.61,48.75,47.19,99.9131,0
2026-03-02T11:00,NSS-DC02,Windows Server 2022,Domain Controller,22.64,47.81,69.77,99.8388,0
2026-06-23T21:00,NSS-LINUX-APP01,Ubuntu 24.04,Application Server,6.12,44.89,63.58,99.8979,0
2026-05-08T22:00,NSS-LINUX-DB01,Rocky Linux 9,Database Server,27.22,64.04,64.24,99.8315,0
2026-01-10T08:00,NSS-APP01,Windows Server 2022,Application Server,36.22,67.73,68.08,99.9333,0
2026-07-19T13:00,NSS-APP01,Windows Server 2022,Application Server,5.46,52.97,63.32,99.9893,0
2026-01-27T23:00,NSS-MON01,Ubuntu 24.04,Monitoring Server,11.53,62.5,71.91,99.9213,0
2026-01-07T15:00,NSS-APP01,Windows Server 2022,Application Server,16.81,20.89,51.57,99.7605,0
2026-01-05T13:00,NSS-LINUX-APP01,Ubuntu 24.04,Application Server,34.79,52.93,59.31,99.8618,0
2026-03-23T23:00,NSS-DC02,Windows Server 2022,Domain Controller,59.44,43.93,79.75,99.9957,0
2026-01-12T18:00,NSS-FILE01,Windows Server 2022,File Server,37.33,71.42,72.55,99.7908,0
2026-06-11T10:00,NSS-FILE01,Windows Server 2022,File Server,26.61,49.6,44.51,99.9859,0
2026-05-01T06:00,NSS-DC02,Windows Server 2022,Domain Controller,35.36,66.32,54.62,99.8483,0
2026-06-30T15:00,NSS-MON01,Ubuntu 24.04,Monitoring Server,30.36,57.84,54.92,99.9759,0
2026-04-26T09:00,NSS-APP01,Windows Server 2022,Application Server,21.14,60.8,84.38,99.8203,0
2026-05-31T01:00,NSS-FILE01,Windows Server 2022,File Server,26.94,85.53,53.3,99.9383,0
2026-07-17T19:00,NSS-LINUX-APP01,Ubuntu 24.04,Application Server,47.35,48.8,68.36,99.9929,0
2026-02-08T01:00,NSS-LINUX-APP01,Ubuntu 24.04,Application Server,12.76,59.91,66.62,99.9833,0
2026-01-08T03:00,NSS-FILE01,Windows Server 2022,File Server,28.39,18.45,44.11,99.9708,0
2026-05-11T23:00,NSS-LINUX-DB01,Rocky Linux 9,Database Server,43.9,59.73,77.23,99.8898,0
2026-06-14T20:00,NSS-DC01,Windows Server 2022,Domain Controller,16.13,63.19,54.04,99.9997,0
2026-01-19T15:00,NSS-APP01,Windows Server 2022,Application Server,10.55,32.77,56.75,99.8118,0
2026-06-10T08:00,NSS-LINUX-DB01,Rocky Linux 9,Database Server,16.22,59.1,48.21,99.7588,0
2026-05-08T02:00,NSS-FILE01,Windows Server 2022,File Server,22.28,67.05,43.24,99.7906,0
2026-01-28T10:00,NSS-APP01,Windows Server 2022,Application Server,34.07,45.22,51.25,99.7633,0
2026-01-07T21:00,NSS-APP01,Windows Server 2022,Application Server,36.55,59.29,55.89,99.872,0
2026-03-16T06:00,NSS-APP01,Windows Server 2022,Application Server,30.68,50.99,60.37,99.793,0
2026-03-06T01:00,NSS-DC02,Windows Server 2022,Domain Controller,33.19,64.4,60.5,99.9308,0
2026-06-01T19:00,NSS-DC01,Windows Server 2022,Domain Controller,27.66,45.21,69.9,99.9117,0
2026-07-06T15:00,NSS-LINUX-APP01,Ubuntu 24.04,Application Server,48.57,55.63,63.37,99.8733,0
2026-02-07T05:00,NSS-DC01,Windows Server 2022,Domain Controller,37.39,78.94,42.09,99.9764,0
2026-07-25T20:00,NSS-LINUX-DB01,Rocky Linux 9,Database Server,21.44,48.49,43.69,99.9193,0
2026-01-29T06:00,NSS-APP01,Windows Server 2022,Application Server,20.2,62.71,57.71,99.9732,0
2026-03-09T12:00,NSS-DC01,Windows Server 2022,Domain Controller,43.67,42.57,69.12,99.7792,0
2026-04-15T22:00,NSS-LINUX-APP01,Ubuntu 24.04,Application Server,6.14,63.51,73.71,99.9107,0
2026-02-14T09:00,NSS-LINUX-DB01,Rocky Linux 9,Database Server,31.02,67.23,41.22,99.8957,0
2026-05-07T02:00,NSS-DC01,Windows Server 2022,Domain Controller,58.72,51.87,52.6,99.9493,0
2026-03-12T02:00,NSS-FILE01,Windows Server 2022,File Server,5.53,76.81,73.07,99.8431,0
2026-07-25T11:00,NSS-APP01,Windows Server 2022,Application Server,32.9,30.29,55.37,99.9116,0
2026-02-26T01:00,NSS-LINUX-APP01,Ubuntu 24.04,Application Server,30.09,78.41,88.04,99.8896,1
2026-01-23T13:00,NSS-MON01,Ubuntu 24.04,Monitoring Server,18.98,67.88,65.22,99.7779,0
2026-03-13T21:00,NSS-DC01,Windows Server 2022,Domain Controller,23.62,54.26,55.22,99.8369,0
2026-01-12T11:00,NSS-DC02,Windows Server 2022,Domain Controller,30.23,46.97,59.96,99.9026,0
2026-04-03T03:00,NSS-FILE01,Windows Server 2022,File Server,2.14,25.39,39.18,99.8843,0
2026-03-26T09:00,NSS-FILE01,Windows Server 2022,File Server,15.78,35.59,85.67,99.9348,1
2026-03-03T12:00,NSS-APP01,Windows Server 2022,Application Server,36.5,66.41,95.0,99.9364,1
2026-03-17T02:00,NSS-MON01,Ubuntu 24.04,Monitoring Server,28.49,29.16,40.22,99.8434,0
2026-04-17T01:00,NSS-DC01,Windows Server 2022,Domain Controller,5.64,50.03,61.84,99.92,0
2026-02-21T18:00,NSS-DC02,Windows Server 2022,Domain Controller,34.77,55.45,51.61,99.9032,0
2026-01-08T23:00,NSS-FILE01,Windows Server 2022,File Server,2.0,76.42,56.88,99.7609,0
2026-02-08T10:00,NSS-APP01,Windows Server 2022,Application Server,24.3,40.83,63.03,99.9874,0
2026-01-17T02:00,NSS-DC02,Windows Server 2022,Domain Controller,2.0,72.56,66.97,99.9866,0
2026-06-24T19:00,NSS-LINUX-DB01,Rocky Linux 9,Database Server,27.92,42.14,59.44,99.8178,0
2026-01-07T18:00,NSS-LINUX-DB01,Rocky Linux 9,Database Server,29.97,47.81,63.65,99.9309,0
2026-07-16T01:00,NSS-DC01,Windows Server 2022,Domain Controller,28.28,50.73,56.56,99.9595,0
2026-03-18T11:00,NSS-MON01,Ubuntu 24.04,Monitoring Server,41.09,41.59,79.39,99.7908,0
2026-06-04T06:00,NSS-MON01,Ubuntu 24.04,Monitoring Server,28.84,39.69,90.39,99.9691,1
2026-03-03T10:00,NSS-MON01,Ubuntu 24.04,Monitoring Server,40.84,43.19,68.4,99.7888,0
2026-06-17T23:00,NSS-MON01,Ubuntu 24.04,Monitoring Server,33.56,19.23,68.88,99.8939,0
2026-04-24T15:00,NSS-LINUX-DB01,Rocky Linux 9,Database Server,25.13,35.89,71.75,99.9433,0
2026-06-05T09:00,NSS-MON01,Ubuntu 24.04,Monitoring Server,41.91,57.65,81.07,99.8754,0
2026-06-15T14:00,NSS-DC01,Windows Server 2022,Domain Controller,26.0,70.61,50.11,99.8256,0
2026-02-07T01:00,NSS-DC01,Windows Server 2022,Domain Controller,31.44,48.19,62.7,99.7539,0
2026-01-14T11:00,NSS-DC02,Windows Server 2022,Domain Controller,16.52,50.14,37.54,99.9709,0
2026-04-24T20:00,NSS-FILE01,Windows Server 2022,File Server,11.05,73.46,48.23,99.8005,0
2026-05-05T10:00,NSS-DC02,Windows Server 2022,Domain Controller,2.0,53.21,64.79,99.9318,0
2026-04-25T22:00,NSS-APP01,Windows Server 2022,Application Server,39.4,37.06,63.55,99.7502,0
2026-03-08T13:00,NSS-LINUX-APP01,Ubuntu 24.04,Application Server,18.97,84.39,68.08,99.7862,0
2026-07-04T20:00,NSS-FILE01,Windows Server 2022,File Server,3.89,48.89,59.93,99.9643,0
2026-01-01T22:00,NSS-APP01,Windows Server 2022,Application Server,27.26,64.58,59.98,99.9503,0
2026-06-16T02:00,NSS-FILE01,Windows Server 2022,File Server,45.94,59.16,62.46,99.8759,0
2026-02-10T16:00,NSS-FILE01,Windows Server 2022,File Server,43.42,74.66,70.3,99.8072,0
2026-05-12T16:00,NSS-APP01,Windows Server 2022,Application Server,42.2,33.01,44.92,99.9272,0
2026-03-02T04:00,NSS-DC02,Windows Server 2022,Domain Controller,35.04,48.61,59.7,99.9146,0
2026-06-24T07:00,NSS-APP01,Windows Server 2022,Application Server,42.62,52.8,66.18,99.8534,0
2026-05-10T08:00,NSS-LINUX-DB01,Rocky Linux 9,Database Server,15.01,41.47,53.03,99.9991,0
2026-02-26T14:00,NSS-DC02,Windows Server 2022,Domain Controller,27.58,43.73,86.46,99.9551,1
2026-01-24T08:00,NSS-APP01,Windows Server 2022,Application Server,10.16,66.31,54.3,99.8973,0
2026-06-02T08:00,NSS-LINUX-DB01,Rocky Linux 9,Database Server,38.58,72.6,65.88,99.8465,0
2026-06-18T09:00,NSS-FILE01,Windows Server 2022,File Server,45.57,21.13,49.89,99.7914,0
2026-04-06T10:00,NSS-MON01,Ubuntu 24.04,Monitoring Server,8.36,64.95,85.98,99.8048,1
2026-06-27T23:00,NSS-MON01,Ubuntu 24.04,Monitoring Server,34.21,61.41,45.87,99.7609,0
2026-01-31T17:00,NSS-LINUX-DB01,Rocky Linux 9,Database Server,40.57,32.57,62.13,99.9922,0
2026-05-26T23:00,NSS-FILE01,Windows Server 2022,File Server,47.4,39.42,73.17,99.9958,0
2026-02-25T01:00,NSS-FILE01,Windows Server 2022,File Server,25.72,34.59,63.07,99.8263,0
2026-03-16T09:00,NSS-LINUX-DB01,Rocky Linux 9,Database Server,50.8,48.93,50.47,99.7551,0
2026-02-20T03:00,NSS-MON01,Ubuntu 24.04,Monitoring Server,43.83,46.87,49.71,99.9844,0
2026-03-29T01:00,NSS-MON01,Ubuntu 24.04,Monitoring Server,60.79,78.83,54.31,99.9922,0
2026-07-29T03:00,NSS-APP01,Windows Server 2022,Application Server,29.71,51.45,70.54,99.9305,0
2026-07-13T04:00,NSS-LINUX-APP01,Ubuntu 24.04,Application Server,28.1,30.45,43.69,99.8061,0
2026-03-18T18:00,NSS-LINUX-APP01,Ubuntu 24.04,Application Server,34.98,63.31,57.14,99.8715,0
2026-05-05T07:00,NSS-FILE01,Windows Server 2022,File Server,22.71,35.98,58.64,99.9353,0
2026-07-06T23:00,NSS-APP01,Windows Server 2022,Application Server,42.51,68.56,70.81,99.8644,0
2026-02-14T16:00,NSS-MON01,Ubuntu 24.04,Monitoring Server,23.32,54.63,55.6,99.8445,0
2026-07-24T15:00,NSS-MON01,Ubuntu 24.04,Monitoring Server,25.06,28.11,35.85,99.877,0
2026-04-26T12:00,NSS-MON01,Ubuntu 24.04,Monitoring Server,10.86,50.81,43.78,99.9308,0
2026-07-29T16:00,NSS-DC01,Windows Server 2022,Domain Controller,39.48,54.04,70.52,99.8112,0
2026-05-04T12:00,NSS-FILE01,Windows Server 2022,File Server,28.7,65.26,65.06,99.7725,0
2026-06-08T02:00,NSS-DC02,Windows Server 2022,Domain Controller,47.7,43.16,57.45,99.8312,0
2026-03-06T14:00,NSS-LINUX-DB01,Rocky Linux 9,Database Server,19.14,49.06,56.75,99.9518,0
2026-05-12T04:00,NSS-FILE01,Windows Server 2022,File Server,40.01,57.6,68.74,99.8286,0
2026-06-27T18:00,NSS-FILE01,Windows Server 2022,File Server,14.64,59.6,47.72,99.9893,0
2026-05-26T07:00,NSS-LINUX-DB01,Rocky Linux 9,Database Server,19.8,54.36,44.94,99.9654,0
2026-06-21T00:00,NSS-LINUX-APP01,Ubuntu 24.04,Application Server,12.05,61.91,76.92,99.9575,0
2026-04-14T02:00,NSS-MON01,Ubuntu 24.04,Monitoring Server,44.84,61.15,62.55,99.9842,0
2026-06-24T09:00,NSS-DC02,Windows Server 2022,Domain Controller,26.46,33.17,67.88,99.7635,0
2026-03-14T03:00,NSS-LINUX-DB01,Rocky Linux 9,Database Server,31.35,70.68,62.31,99.8171,0
2026-01-15T14:00,NSS-LINUX-DB01,Rocky Linux 9,Database Server,25.89,81.02,85.86,99.8383,1
2026-02-18T08:00,NSS-LINUX-DB01,Rocky Linux 9,Database Server,31.9,62.61,63.05,99.8968,0
2026-06-11T16:00,NSS-APP01,Windows Server 2022,Application Server,30.47,37.19,74.01,99.8794,0
2026-05-07T20:00,NSS-LINUX-DB01,Rocky Linux 9,Database Server,29.02,46.67,61.42,99.9313,0
2026-03-24T20:00,NSS-FILE01,Windows Server 2022,File Server,30.97,61.52,56.95,99.753,0
2026-03-17T23:00,NSS-FILE01,Windows Server 2022,File Server,23.9,72.01,75.08,99.9514,0
2026-03-27T17:00,NSS-MON01,Ubuntu 24.04,Monitoring Server,17.48,67.18,66.23,99.9539,0
2026-02-23T05:00,NSS-DC02,Windows Server 2022,Domain Controller,44.08,41.8,46.13,99.8592,0
2026-06-25T08:00,NSS-LINUX-DB01,Rocky Linux 9,Database Server,31.92,52.53,83.17,99.9567,0
2026-03-21T11:00,NSS-LINUX-APP01,Ubuntu 24.04,Application Server,30.95,70.1,54.62,99.9363,0
2026-06-28T16:00,NSS-LINUX-DB01,Rocky Linux 9,Database Server,31.09,39.84,61.48,99.9064,0
2026-07-22T08:00,NSS-LINUX-DB01,Rocky Linux 9,Database Server,16.59,39.04,67.41,99.7731,0
2026-07-23T15:00,NSS-LINUX-DB01,Rocky Linux 9,Database Server,27.13,79.88,64.32,99.862,0
2026-02-15T03:00,NSS-LINUX-DB01,Rocky Linux 9,Database Server,29.16,59.87,58.3,99.7556,0
2026-07-23T18:00,NSS-MON01,Ubuntu 24.04,Monitoring Server,3.85,56.75,46.8,99.8042,0
2026-01-07T15:00,NSS-DC02,Windows Server 2022,Domain Controller,41.12,54.14,89.21,99.7789,1
2026-01-21T03:00,NSS-DC02,Windows Server 2022,Domain Controller,42.8,50.0,87.32,99.849,1
2026-03-11T03:00,NSS-APP01,Windows Server 2022,Application Server,35.85,72.09,74.79,99.828,0
2026-05-23T23:00,NSS-FILE01,Windows Server 2022,File Server,48.55,35.05,91.74,99.9764,1
2026-07-18T03:00,NSS-DC02,Windows Server 2022,Domain Controller,45.28,60.23,39.7,99.919,0
2026-02-13T18:00,NSS-DC01,Windows Server 2022,Domain Controller,16.49,33.67,68.07,99.9575,0
2026-05-07T07:00,NSS-LINUX-APP01,Ubuntu 24.04,Application Server,46.22,47.8,68.84,99.8142,0
2026-03-14T00:00,NSS-APP01,Windows Server 2022,Application Server,25.9,65.69,80.28,99.8637,0
2026-01-01T06:00,NSS-FILE01,Windows Server 2022,File Server,15.94,39.16,95.0,99.9547,1
2026-07-12T16:00,NSS-LINUX-DB01,Rocky Linux 9,Database Server,16.9,43.44,74.38,99.7513,0
2026-03-26T01:00,NSS-MON01,Ubuntu 24.04,Monitoring Server,40.87,47.34,65.98,99.8181,0
2026-02-05T15:00,NSS-FILE01,Windows Server 2022,File Server,30.89,46.6,79.93,99.9938,0
2026-03-23T11:00,NSS-LINUX-APP01,Ubuntu 24.04,Application Server,30.62,51.68,90.33,99.8017,1
2026-06-28T01:00,NSS-DC02,Windows Server 2022,Domain Controller,19.06,35.68,58.36,99.7536,0
2026-05-13T09:00,NSS-FILE01,Windows Server 2022,File Server,22.9,43.48,56.05,99.9794,0
2026-02-04T17:00,NSS-DC02,Windows Server 2022,Domain Controller,15.61,60.77,53.84,99.8029,0
2026-06-18T07:00,NSS-MON01,Ubuntu 24.04,Monitoring Server,40.32,43.31,52.59,99.8994,0
2026-06-19T22:00,NSS-LINUX-DB01,Rocky Linux 9,Database Server,54.67,46.45,52.41,99.8744,0
2026-05-05T05:00,NSS-DC02,Windows Server 2022,Domain Controller,29.38,61.4,64.54,99.979,0
2026-03-25T13:00,NSS-DC02,Windows Server 2022,Domain Controller,25.41,47.92,67.92,99.9263,0
2026-02-14T18:00,NSS-LINUX-APP01,Ubuntu 24.04,Application Server,2.0,51.76,68.78,99.7751,0
2026-02-13T20:00,NSS-LINUX-APP01,Ubuntu 24.04,Application Server,25.49,62.8,62.43,99.8059,0
2026-07-26T00:00,NSS-LINUX-APP01,Ubuntu 24.04,Application Server,2.0,44.16,75.02,99.7562,0
2026-07-14T14:00,NSS-DC02,Windows Server 2022,Domain Controller,46.32,41.04,69.33,99.7954,0
2026-01-29T09:00,NSS-FILE01,Windows Server 2022,File Server,25.74,38.96,21.31,99.949,0
2026-04-22T16:00,NSS-LINUX-DB01,Rocky Linux 9,Database Server,19.85,64.45,80.81,99.8705,0
2026-06-04T04:00,NSS-APP01,Windows Server 2022,Application Server,36.44,53.79,71.43,99.9369,0
2026-03-27T12:00,NSS-MON01,Ubuntu 24.04,Monitoring Server,49.68,46.41,36.0,99.94,0
2026-04-16T11:00,NSS-LINUX-APP01,Ubuntu 24.04,Application Server,22.84,79.75,59.17,99.8575,0
2026-03-18T06:00,NSS-LINUX-APP01,Ubuntu 24.04,Application Server,40.49,70.69,95.0,99.7747,1
2026-01-21T14:00,NSS-LINUX-APP01,Ubuntu 24.04,Application Server,11.55,45.12,74.86,99.9876,0
2026-06-21T03:00,NSS-DC01,Windows Server 2022,Domain Controller,19.79,48.3,76.33,99.984,0
2026-02-18T06:00,NSS-DC01,Windows Server 2022,Domain Controller,34.25,60.84,82.37,99.8207,0
2026-07-11T06:00,NSS-FILE01,Windows Server 2022,File Server,23.55,58.86,70.95,99.9055,0
2026-07-19T02:00,NSS-LINUX-DB01,Rocky Linux 9,Database Server,39.49,53.8,62.93,99.9217,0
2026-01-01T05:00,NSS-DC01,Windows Server 2022,Domain Controller,6.16,75.66,66.45,99.8225,0
2026-02-28T07:00,NSS-DC01,Windows Server 2022,Domain Controller,48.9,59.17,83.78,99.8089,0
2026-05-01T00:00,NSS-LINUX-DB01,Rocky Linux 9,Database Server,17.57,51.74,54.25,99.9822,0
2026-06-17T10:00,NSS-DC02,Windows Server 2022,Domain Controller,28.73,45.47,93.53,99.8505,1
2026-05-02T17:00,NSS-FILE01,Windows Server 2022,File Server,28.69,70.75,75.08,99.8807,0
2026-05-30T16:00,NSS-LINUX-DB01,Rocky Linux 9,Database Server,29.75,52.47,35.25,99.9409,0
2026-03-23T10:00,NSS-MON01,Ubuntu 24.04,Monitoring Server,51.36,50.69,66.33,99.863,0
2026-04-14T05:00,NSS-APP01,Windows Server 2022,Application Server,22.26,41.14,62.72,99.886,0
2026-07-29T18:00,NSS-MON01,Ubuntu 24.04,Monitoring Server,23.1,57.22,69.43,99.7942,0
2026-05-11T11:00,NSS-LINUX-DB01,Rocky Linux 9,Database Server,2.0,62.42,47.71,99.9349,0
2026-01-23T06:00,NSS-DC02,Windows Server 2022,Domain Controller,7.52,64.16,59.78,99.9052,0
2026-02-19T11:00,NSS-LINUX-DB01,Rocky Linux 9,Database Server,24.69,54.1,77.97,99.7738,0
2026-03-13T16:00,NSS-DC01,Windows Server 2022,Domain Controller,21.26,62.76,61.48,99.891,0
2026-07-17T21:00,NSS-LINUX-DB01,Rocky Linux 9,Database Server,11.22,62.43,65.46,99.9623,0
2026-03-27T15:00,NSS-FILE01,Windows Server 2022,File Server,2.0,51.24,37.01,99.7746,0
2026-06-27T08:00,NSS-DC01,Windows Server 2022,Domain Controller,45.46,46.27,44.45,99.8939,0
2026-06-23T00:00,NSS-DC02,Windows Server 2022,Domain Controller,32.14,45.14,66.76,99.8657,0
2026-01-26T21:00,NSS-DC02,Windows Server 2022,Domain Controller,39.04,67.06,56.71,99.9502,0
2026-07-20T19:00,NSS-LINUX-DB01,Rocky Linux 9,Database Server,12.99,59.95,69.78,99.7544,0
2026-02-03T00:00,NSS-DC01,Windows Server 2022,Domain Controller,2.0,42.23,71.94,99.9442,0
2026-07-22T15:00,NSS-DC01,Windows Server 2022,Domain Controller,8.4,75.55,40.14,99.8101,0
2026-07-10T03:00,NSS-LINUX-DB01,Rocky Linux 9,Database Server,20.62,71.72,95.0,99.9282,1
2026-04-25T02:00,NSS-LINUX-DB01,Rocky Linux 9,Database Server,20.15,62.26,79.12,99.7551,0
2026-06-05T16:00,NSS-DC01,Windows Server 2022,Domain Controller,37.26,31.63,54.31,99.8186,0
2026-01-14T13:00,NSS-LINUX-DB01,Rocky Linux 9,Database Server,44.62,56.49,75.89,99.7606,0
2026-05-07T17:00,NSS-APP01,Windows Server 2022,Application Server,30.98,52.78,74.52,99.9506,0
2026-04-07T20:00,NSS-FILE01,Windows Server 2022,File Server,20.75,70.51,55.0,99.8594,0
2026-03-06T20:00,NSS-DC02,Windows Server 2022,Domain Controller,16.62,15.55,42.6,99.7683,0
2026-02-08T11:00,NSS-DC02,Windows Server 2022,Domain Controller,38.45,66.68,54.81,99.8279,0
2026-06-16T11:00,NSS-DC01,Windows Server 2022,Domain Controller,33.34,79.63,53.39,99.8511,0
2026-03-28T20:00,NSS-APP01,Windows Server 2022,Application Server,36.21,23.5,53.78,99.9981,0
2026-03-01T23:00,NSS-DC02,Windows Server 2022,Domain Controller,30.16,46.25,38.95,99.8913,0
2026-01-02T19:00,NSS-LINUX-APP01,Ubuntu 24.04,Application Server,4.21,72.69,32.96,99.8767,0
2026-06-07T11:00,NSS-LINUX-APP01,Ubuntu 24.04,Application Server,34.65,57.71,53.9,99.9806,0
2026-06-19T17:00,NSS-APP01,Windows Server 2022,Application Server,25.83,49.52,46.84,99.8755,0
2026-07-03T04:00,NSS-DC01,Windows Server 2022,Domain Controller,51.2,46.98,38.42,99.8311,0
2026-07-13T15:00,NSS-FILE01,Windows Server 2022,File Server,44.28,44.9,48.94,99.9733,0
2026-04-18T02:00,NSS-DC01,Windows Server 2022,Domain Controller,19.02,57.7,73.51,99.8141,0
2026-07-08T17:00,NSS-LINUX-DB01,Rocky Linux 9,Database Server,30.3,45.71,60.91,99.8521,0
2026-05-28T15:00,NSS-MON01,Ubuntu 24.04,Monitoring Server,60.02,54.91,54.09,99.7573,0
2026-01-16T00:00,NSS-DC02,Windows Server 2022,Domain Controller,34.84,72.88,56.39,99.9166,0
2026-04-02T21:00,NSS-LINUX-APP01,Ubuntu 24.04,Application Server,18.34,33.77,78.97,99.8786,0
2026-06-18T05:00,NSS-APP01,Windows Server 2022,Application Server,15.0,41.02,74.36,99.7526,0
2026-02-28T09:00,NSS-APP01,Windows Server 2022,Application Server,11.82,54.47,72.51,99.9915,0
2026-03-04T08:00,NSS-DC01,Windows Server 2022,Domain Controller,33.88,38.84,54.49,99.8559,0
2026-04-16T15:00,NSS-MON01,Ubuntu 24.04,Monitoring Server,22.83,78.53,61.1,99.9641,0
2026-02-02T21:00,NSS-APP01,Windows Server 2022,Application Server,36.56,41.49,60.42,99.8498,0
2026-02-08T01:00,NSS-MON01,Ubuntu 24.04,Monitoring Server,32.16,54.9,66.29,99.8322,0
2026-06-14T19:00,NSS-FILE01,Windows Server 2022,File Server,28.03,52.5,48.01,99.9138,0
2026-01-23T22:00,NSS-LINUX-APP01,Ubuntu 24.04,Application Server,36.59,47.52,70.12,99.9986,0
2026-06-04T19:00,NSS-FILE01,Windows Server 2022,File Server,13.53,38.58,66.8,99.7919,0
2026-03-29T10:00,NSS-LINUX-APP01,Ubuntu 24.04,Application Server,42.2,50.38,76.81,99.947,0
2026-04-26T14:00,NSS-APP01,Windows Server 2022,Application Server,2.0,52.91,72.89,99.7508,0
2026-01-16T08:00,NSS-APP01,Windows Server 2022,Application Server,15.95,66.92,59.36,99.784,0
2026-06-21T00:00,NSS-DC02,Windows Server 2022,Domain Controller,4.19,62.35,52.35,99.8964,0
2026-06-20T20:00,NSS-DC01,Windows Server 2022,Domain Controller,22.25,65.22,92.49,99.849,1
2026-07-05T16:00,NSS-DC02,Windows Server 2022,Domain Controller,2.88,33.54,55.71,99.9073,0
2026-01-22T19:00,NSS-FILE01,Windows Server 2022,File Server,17.92,82.26,72.46,99.8725,0
2026-01-13T04:00,NSS-LINUX-DB01,Rocky Linux 9,Database Server,47.35,53.42,64.79,99.9106,0
2026-03-17T12:00,NSS-APP01,Windows Server 2022,Application Server,45.0,41.18,47.78,99.9474,0
2026-07-22T07:00,NSS-MON01,Ubuntu 24.04,Monitoring Server,54.42,72.36,52.16,99.8937,0
2026-01-15T22:00,NSS-MON01,Ubuntu 24.04,Monitoring Server,27.38,61.58,53.64,99.8534,0
2026-07-09T14:00,NSS-FILE01,Windows Server 2022,File Server,40.09,45.68,61.15,99.9622,0
2026-05-09T15:00,NSS-LINUX-APP01,Ubuntu 24.04,Application Server,21.24,62.44,73.93,99.9138,0
2026-06-03T23:00,NSS-MON01,Ubuntu 24.04,Monitoring Server,37.85,33.12,58.19,99.814,0
2026-02-16T00:00,NSS-DC01,Windows Server 2022,Domain Controller,32.29,39.62,45.63,99.8018,0
2026-02-17T13:00,NSS-DC01,Windows Server 2022,Domain Controller,39.23,45.16,64.18,99.9048,0
2026-05-07T14:00,NSS-LINUX-DB01,Rocky Linux 9,Database Server,15.1,48.73,68.54,99.992,0
2026-01-11T20:00,NSS-MON01,Ubuntu 24.04,Monitoring Server,31.12,69.26,67.62,99.8371,0
2026-03-05T11:00,NSS-LINUX-DB01,Rocky Linux 9,Database Server,29.72,22.53,69.94,99.9892,0
2026-03-20T12:00,NSS-DC01,Windows Server 2022,Domain Controller,29.68,50.95,50.92,99.8904,0
2026-05-25T00:00,NSS-LINUX-DB01,Rocky Linux 9,Database Server,15.21,37.72,64.26,99.9802,0
2026-07-09T15:00,NSS-FILE01,Windows Server 2022,File Server,26.32,40.47,76.54,99.9086,0
2026-03-16T14:00,NSS-APP01,Windows Server 2022,Application Server,24.8,30.65,73.73,99.8933,0
2026-07-10T01:00,NSS-FILE01,Windows Server 2022,File Server,35.35,45.1,60.91,99.9645,0
2026-02-10T00:00,NSS-MON01,Ubuntu 24.04,Monitoring Server,3.7,62.73,58.5,99.8,0
2026-03-30T04:00,NSS-LINUX-DB01,Rocky Linux 9,Database Server,15.18,42.44,69.13,99.8079,0
2026-03-14T01:00,NSS-FILE01,Windows Server 2022,File Server,39.04,39.93,60.11,99.8613,0
2026-04-09T05:00,NSS-FILE01,Windows Server 2022,File Server,36.93,46.78,68.55,99.8013,0
2026-02-26T14:00,NSS-LINUX-DB01,Rocky Linux 9,Database Server,27.6,70.47,71.65,99.9094,0
2026-03-18T14:00,NSS-LINUX-APP01,Ubuntu 24.04,Application Server,23.01,53.03,67.04,99.8309,0
2026-07-16T12:00,NSS-DC01,Windows Server 2022,Domain Controller,17.79,27.8,72.04,99.7912,0
2026-07-10T11:00,NSS-APP01,Windows Server 2022,Application Server,14.94,49.26,33.8,99.801,0
2026-03-05T06:00,NSS-DC01,Windows Server 2022,Domain Controller,31.14,49.0,63.74,99.8897,0
2026-03-28T10:00,NSS-LINUX-APP01,Ubuntu 24.04,Application Server,26.68,61.47,67.25,99.852,0
2026-03-01T09:00,NSS-MON01,Ubuntu 24.04,Monitoring Server,41.66,55.25,70.97,99.8187,0
2026-04-13T22:00,NSS-APP01,Windows Server 2022,Application Server,30.44,48.8,50.85,99.8549,0
2026-07-05T20:00,NSS-DC01,Windows Server 2022,Domain Controller,33.29,49.82,57.95,99.92,0
2026-06-02T04:00,NSS-LINUX-DB01,Rocky Linux 9,Database Server,26.36,61.26,61.73,99.8835,0
2026-05-25T22:00,NSS-FILE01,Windows Server 2022,File Server,40.56,65.63,65.53,99.7593,0
2026-05-25T08:00,NSS-DC02,Windows Server 2022,Domain Controller,30.61,48.64,58.59,99.9797,0
2026-04-23T08:00,NSS-DC02,Windows Server 2022,Domain Controller,24.38,72.1,64.64,99.9559,0
2026-04-15T17:00,NSS-MON01,Ubuntu 24.04,Monitoring Server,29.45,44.78,61.36,99.9294,0
2026-07-04T11:00,NSS-MON01,Ubuntu 24.04,Monitoring Server,18.62,40.48,56.66,99.8151,0
2026-04-27T21:00,NSS-LINUX-APP01,Ubuntu 24.04,Application Server,33.78,68.83,78.25,99.8093,0
2026-01-11T06:00,NSS-FILE01,Windows Server 2022,File Server,22.63,58.72,67.71,99.9096,0
2026-04-26T22:00,NSS-LINUX-DB01,Rocky Linux 9,Database Server,33.19,47.99,52.15,99.9634,0
2026-05-24T16:00,NSS-MON01,Ubuntu 24.04,Monitoring Server,49.31,39.72,56.46,99.9876,0
2026-04-27T05:00,NSS-DC02,Windows Server 2022,Domain Controller,20.81,54.53,71.21,99.8811,0
2026-06-19T19:00,NSS-FILE01,Windows Server 2022,File Server,41.62,68.19,63.99,99.9534,0
2026-01-05T10:00,NSS-FILE01,Windows Server 2022,File Server,10.49,32.28,60.98,99.9512,0
2026-01-17T05:00,NSS-DC01,Windows Server 2022,Domain Controller,38.25,68.05,43.56,99.8467,0
2026-01-28T11:00,NSS-FILE01,Windows Server 2022,File Server,15.89,64.8,40.62,99.9061,0
2026-02-27T20:00,NSS-MON01,Ubuntu 24.04,Monitoring Server,20.1,67.97,60.7,99.8897,0
2026-07-09T12:00,NSS-MON01,Ubuntu 24.04,Monitoring Server,26.54,49.56,55.09,99.9055,0
2026-02-19T08:00,NSS-LINUX-APP01,Ubuntu 24.04,Application Server,15.23,62.28,64.55,99.9569,0
2026-06-10T02:00,NSS-DC01,Windows Server 2022,Domain Controller,31.84,25.68,56.24,99.8269,0
2026-01-18T17:00,NSS-DC01,Windows Server 2022,Domain Controller,59.72,61.16,44.43,99.819,0
2026-07-28T06:00,NSS-LINUX-APP01,Ubuntu 24.04,Application Server,32.49,63.38,64.75,99.8686,0
2026-06-26T11:00,NSS-LINUX-DB01,Rocky Linux 9,Database Server,19.63,54.92,85.59,99.761,1
2026-07-21T09:00,NSS-MON01,Ubuntu 24.04,Monitoring Server,13.73,51.35,33.03,99.892,0
2026-02-10T07:00,NSS-DC02,Windows Server 2022,Domain Controller,14.37,54.18,48.28,99.8393,0
2026-04-11T00:00,NSS-DC02,Windows Server 2022,Domain Controller,36.11,48.01,77.44,99.9635,0
2026-05-19T04:00,NSS-DC01,Windows Server 2022,Domain Controller,47.72,36.66,74.02,99.7624,0
2026-06-02T11:00,NSS-APP01,Windows Server 2022,Application Server,2.0,74.09,41.15,99.7523,0
2026-02-26T22:00,NSS-DC01,Windows Server 2022,Domain Controller,15.37,65.99,63.24,99.777,0
2026-01-05T13:00,NSS-DC01,Windows Server 2022,Domain Controller,35.15,70.74,82.16,99.8027,0
2026-04-29T04:00,NSS-FILE01,Windows Server 2022,File Server,41.52,82.48,51.56,99.8718,0
2026-07-01T11:00,NSS-DC01,Windows Server 2022,Domain Controller,16.08,56.04,43.72,99.7841,0
2026-05-16T13:00,NSS-DC02,Windows Server 2022,Domain Controller,37.76,51.77,50.43,99.8374,0
2026-04-19T15:00,NSS-LINUX-DB01,Rocky Linux 9,Database Server,18.36,40.18,70.83,99.751,0
2026-01-24T18:00,NSS-DC02,Windows Server 2022,Domain Controller,55.93,80.61,51.18,99.954,0
2026-06-17T17:00,NSS-LINUX-DB01,Rocky Linux 9,Database Server,32.63,49.77,91.46,99.9868,1
2026-06-30T17:00,NSS-MON01,Ubuntu 24.04,Monitoring Server,15.6,72.75,90.06,99.9337,1
2026-07-15T16:00,NSS-DC02,Windows Server 2022,Domain Controller,14.62,62.26,42.15,99.9368,0
2026-03-28T22:00,NSS-LINUX-DB01,Rocky Linux 9,Database Server,37.54,38.48,64.81,99.7999,0
2026-02-17T03:00,NSS-APP01,Windows Server 2022,Application Server,31.28,43.71,55.37,99.9859,0
2026-04-04T01:00,NSS-LINUX-DB01,Rocky Linux 9,Database Server,2.0,65.59,60.06,99.8735,0
2026-05-03T19:00,NSS-FILE01,Windows Server 2022,File Server,20.72,59.7,86.34,99.8535,1
2026-03-15T15:00,NSS-APP01,Windows Server 2022,Application Server,26.72,35.96,47.24,99.8117,0
2026-03-27T02:00,NSS-LINUX-APP01,Ubuntu 24.04,Application Server,38.98,59.51,64.09,99.9428,0
2026-01-27T15:00,NSS-DC01,Windows Server 2022,Domain Controller,31.09,48.66,76.89,99.7719,0
2026-06-27T09:00,NSS-DC01,Windows Server 2022,Domain Controller,36.02,64.05,55.29,99.7663,0
2026-01-04T16:00,NSS-FILE01,Windows Server 2022,File Server,2.0,67.93,48.09,99.8584,0
2026-06-03T19:00,NSS-DC01,Windows Server 2022,Domain Controller,48.37,49.81,60.24,99.756,0
2026-03-06T00:00,NSS-APP01,Windows Server 2022,Application Server,8.97,57.02,95.0,99.7581,1
2026-01-08T07:00,NSS-APP01,Windows Server 2022,Application Server,44.67,46.65,73.76,99.8355,0
2026-01-09T12:00,NSS-FILE01,Windows Server 2022,File Server,30.8,37.66,43.0,99.81,0
2026-02-03T06:00,NSS-LINUX-APP01,Ubuntu 24.04,Application Server,13.45,52.04,61.23,99.9178,0
2026-07-18T00:00,NSS-LINUX-DB01,Rocky Linux 9,Database Server,18.85,55.49,51.98,99.8121,0
2026-05-20T17:00,NSS-LINUX-APP01,Ubuntu 24.04,Application Server,21.11,66.37,46.29,99.8247,0
2026-07-05T00:00,NSS-LINUX-APP01,Ubuntu 24.04,Application Server,20.34,42.7,68.28,99.9714,0
2026-06-24T07:00,NSS-DC01,Windows Server 2022,Domain Controller,52.33,64.47,42.37,99.7782,0
2026-05-11T13:00,NSS-FILE01,Windows Server 2022,File Server,49.04,51.52,83.07,99.8037,0
2026-03-16T20:00,NSS-LINUX-DB01,Rocky Linux 9,Database Server,27.06,59.94,57.41,99.7971,0
2026-03-28T13:00,NSS-MON01,Ubuntu 24.04,Monitoring Server,16.24,52.36,84.5,99.8184,0
2026-01-18T23:00,NSS-LINUX-DB01,Rocky Linux 9,Database Server,2.0,40.29,69.75,99.954,0
2026-02-04T10:00,NSS-APP01,Windows Server 2022,Application Server,45.2,51.0,75.16,99.9036,0
2026-02-06T18:00,NSS-APP01,Windows Server 2022,Application Server,42.1,45.38,43.65,99.91,0
2026-02-09T17:00,NSS-MON01,Ubuntu 24.04,Monitoring Server,19.91,29.46,62.63,99.9597,0
2026-06-15T10:00,NSS-MON01,Ubuntu 24.04,Monitoring Server,26.49,78.41,79.23,99.8281,0
2026-07-29T09:00,NSS-FILE01,Windows Server 2022,File Server,17.2,58.62,57.25,99.8066,0
2026-06-14T13:00,NSS-MON01,Ubuntu 24.04,Monitoring Server,32.75,41.45,74.29,99.9693,0
2026-07-04T01:00,NSS-MON01,Ubuntu 24.04,Monitoring Server,19.43,47.5,72.73,99.9921,0
2026-02-16T16:00,NSS-FILE01,Windows Server 2022,File Server,11.25,59.27,34.89,99.9744,0
2026-06-26T01:00,NSS-MON01,Ubuntu 24.04,Monitoring Server,35.77,64.37,56.59,99.9491,0
2026-01-02T22:00,NSS-DC01,Windows Server 2022,Domain Controller,12.32,75.1,77.12,99.7891,0
2026-06-07T10:00,NSS-APP01,Windows Server 2022,Application Server,39.81,74.45,74.28,99.8413,0
2026-03-19T09:00,NSS-APP01,Windows Server 2022,Application Server,36.34,43.03,61.21,99.8515,0
2026-07-26T22:00,NSS-LINUX-DB01,Rocky Linux 9,Database Server,27.68,74.63,51.03,99.9793,0
2026-04-06T15:00,NSS-APP01,Windows Server 2022,Application Server,24.42,50.05,78.76,99.9512,0
2026-03-03T02:00,NSS-FILE01,Windows Server 2022,File Server,17.37,47.37,63.4,99.8361,0
2026-02-18T04:00,NSS-FILE01,Windows Server 2022,File Server,35.01,52.25,63.42,99.9103,0
2026-01-22T04:00,NSS-DC02,Windows Server 2022,Domain Controller,20.32,76.66,88.22,99.8921,1
2026-03-28T22:00,NSS-FILE01,Windows Server 2022,File Server,13.19,51.65,72.07,99.8775,0
2026-02-20T10:00,NSS-LINUX-APP01,Ubuntu 24.04,Application Server,16.37,61.34,52.63,99.8046,0
2026-04-15T21:00,NSS-APP01,Windows Server 2022,Application Server,26.69,82.03,72.65,99.9527,0
2026-07-12T09:00,NSS-FILE01,Windows Server 2022,File Server,22.58,56.63,70.55,99.7642,0
2026-01-09T15:00,NSS-DC01,Windows Server 2022,Domain Controller,23.54,32.67,47.04,99.7898,0
2026-01-22T23:00,NSS-DC02,Windows Server 2022,Domain Controller,9.01,63.62,54.15,99.9515,0
2026-03-09T18:00,NSS-LINUX-APP01,Ubuntu 24.04,Application Server,4.47,48.42,39.77,99.9813,0
2026-04-15T16:00,NSS-DC02,Windows Server 2022,Domain Controller,17.59,66.06,69.98,99.995,0
2026-03-26T01:00,NSS-DC02,Windows Server 2022,Domain Controller,33.73,69.62,74.32,99.7913,0
2026-02-01T00:00,NSS-LINUX-DB01,Rocky Linux 9,Database Server,37.08,64.48,87.09,99.9169,1
2026-05-28T15:00,NSS-DC01,Windows Server 2022,Domain Controller,20.29,47.51,62.77,99.8805,0
2026-02-01T06:00,NSS-DC02,Windows Server 2022,Domain Controller,46.3,48.3,63.59,99.9277,0
2026-05-24T08:00,NSS-FILE01,Windows Server 2022,File Server,40.39,71.34,52.44,99.8543,0
2026-04-14T08:00,NSS-FILE01,Windows Server 2022,File Server,13.48,63.09,71.41,99.8709,0
2026-03-06T01:00,NSS-FILE01,Windows Server 2022,File Server,21.51,66.67,69.98,99.7722,0
2026-05-08T05:00,NSS-LINUX-DB01,Rocky Linux 9,Database Server,39.17,37.81,77.37,99.8933,0
2026-05-15T17:00,NSS-DC01,Windows Server 2022,Domain Controller,29.9,53.55,43.74,99.7829,0
2026-02-05T13:00,NSS-MON01,Ubuntu 24.04,Monitoring Server,48.1,48.6,61.1,99.878,0
2026-07-11T03:00,NSS-LINUX-APP01,Ubuntu 24.04,Application Server,36.22,54.66,80.19,99.7719,0
2026-07-05T17:00,NSS-LINUX-APP01,Ubuntu 24.04,Application Server,3.24,43.72,47.49,99.9573,0
2026-05-20T01:00,NSS-FILE01,Windows Server 2022,File Server,35.59,67.76,86.02,99.8193,1
2026-01-04T06:00,NSS-LINUX-APP01,Ubuntu 24.04,Application Server,51.11,56.61,61.88,99.8267,0
2026-01-17T00:00,NSS-LINUX-APP01,Ubuntu 24.04,Application Server,31.83,48.17,45.49,99.7958,0
2026-04-28T12:00,NSS-FILE01,Windows Server 2022,File Server,10.27,29.0,63.0,99.802,0
2026-02-18T00:00,NSS-DC02,Windows Server 2022,Domain Controller,36.52,49.08,70.33,99.8011,0
2026-07-08T01:00,NSS-LINUX-DB01,Rocky Linux 9,Database Server,40.06,19.41,38.26,99.8214,0
2026-01-24T21:00,NSS-LINUX-DB01,Rocky Linux 9,Database Server,26.57,71.72,44.09,99.8713,0
2026-02-20T22:00,NSS-APP01,Windows Server 2022,Application Server,27.9,63.41,38.94,99.8627,0
2026-04-06T07:00,NSS-APP01,Windows Server 2022,Application Server,9.68,70.85,64.5,99.9116,0
2026-02-10T10:00,NSS-APP01,Windows Server 2022,Application Server,40.52,77.38,62.49,99.9875,0
2026-01-22T09:00,NSS-APP01,Windows Server 2022,Application Server,30.86,70.64,60.07,99.9517,0
2026-02-11T06:00,NSS-LINUX-APP01,Ubuntu 24.04,Application Server,44.05,52.32,51.36,99.9353,0
2026-02-09T14:00,NSS-DC01,Windows Server 2022,Domain Controller,27.69,41.83,50.01,99.8757,0
2026-07-10T17:00,NSS-APP01,Windows Server 2022,Application Server,18.92,79.6,95.0,99.7574,1
2026-05-17T22:00,NSS-APP01,Windows Server 2022,Application Server,46.67,49.62,56.08,99.8718,0
2026-04-24T20:00,NSS-DC01,Windows Server 2022,Domain Controller,25.2,63.56,73.65,99.8447,0
2026-04-17T17:00,NSS-MON01,Ubuntu 24.04,Monitoring Server,18.19,49.84,50.03,99.8567,0
2026-04-03T09:00,NSS-LINUX-APP01,Ubuntu 24.04,Application Server,17.51,57.78,46.61,99.836,0
2026-01-20T01:00,NSS-MON01,Ubuntu 24.04,Monitoring Server,23.5,85.62,56.32,99.9821,0
2026-04-05T09:00,NSS-FILE01,Windows Server 2022,File Server,16.89,64.84,59.41,99.8258,0
2026-05-10T00:00,NSS-MON01,Ubuntu 24.04,Monitoring Server,25.89,62.02,63.53,99.7675,0
2026-03-23T03:00,NSS-LINUX-APP01,Ubuntu 24.04,Application Server,30.44,56.22,65.27,99.8309,0
2026-03-10T23:00,NSS-LINUX-APP01,Ubuntu 24.04,Application Server,35.74,39.79,78.38,99.8199,0
2026-07-13T23:00,NSS-APP01,Windows Server 2022,Application Server,16.4,74.94,40.42,99.8518,0
2026-06-08T15:00,NSS-LINUX-DB01,Rocky Linux 9,Database Server,16.26,69.88,50.18,99.9957,0
2026-04-07T10:00,NSS-LINUX-APP01,Ubuntu 24.04,Application Server,12.84,48.56,70.17,99.7728,0
2026-02-26T17:00,NSS-DC01,Windows Server 2022,Domain Controller,26.29,39.81,67.18,99.8313,0
2026-07-12T02:00,NSS-FILE01,Windows Server 2022,File Server,47.84,64.07,66.97,99.9707,0
2026-04-11T02:00,NSS-FILE01,Windows Server 2022,File Server,10.81,79.99,66.13,99.9878,0
2026-02-04T20:00,NSS-FILE01,Windows Server 2022,File Server,2.0,47.83,84.73,99.8548,0
2026-06-16T21:00,NSS-DC02,Windows Server 2022,Domain Controller,35.78,49.34,51.17,99.8808,0
2026-03-17T03:00,NSS-LINUX-DB01,Rocky Linux 9,Database Server,22.03,54.48,61.35,99.8637,0
2026-02-22T03:00,NSS-APP01,Windows Server 2022,Application Server,29.24,61.11,61.2,99.7622,0
2026-07-23T20:00,NSS-DC02,Windows Server 2022,Domain Controller,3.46,31.76,76.28,99.902,0
2026-05-05T11:00,NSS-FILE01,Windows Server 2022,File Server,5.84,54.91,84.73,99.8795,0
2026-06-01T23:00,NSS-APP01,Windows Server 2022,Application Server,12.41,57.72,52.51,99.9049,0
2026-03-16T13:00,NSS-LINUX-DB01,Rocky Linux 9,Database Server,20.25,52.89,41.04,99.9156,0
2026-01-22T02:00,NSS-DC01,Windows Server 2022,Domain Controller,2.0,31.98,65.75,99.9237,0
2026-05-20T22:00,NSS-LINUX-DB01,Rocky Linux 9,Database Server,9.29,73.67,54.68,99.979,0
2026-01-12T16:00,NSS-MON01,Ubuntu 24.04,Monitoring Server,43.05,55.23,64.2,99.8531,0
2026-03-01T04:00,NSS-DC02,Windows Server 2022,Domain Controller,2.1,31.5,49.68,99.9527,0
2026-06-12T13:00,NSS-APP01,Windows Server 2022,Application Server,27.44,35.22,95.0,99.8205,1
2026-02-01T10:00,NSS-DC02,Windows Server 2022,Domain Controller,27.48,33.04,52.17,99.9298,0
2026-05-30T02:00,NSS-MON01,Ubuntu 24.04,Monitoring Server,41.34,55.67,58.9,99.8196,0
2026-07-05T12:00,NSS-LINUX-DB01,Rocky Linux 9,Database Server,10.78,30.85,62.32,99.7838,0
2026-03-21T23:00,NSS-APP01,Windows Server 2022,Application Server,11.09,44.67,65.98,99.7999,0
2026-04-14T12:00,NSS-FILE01,Windows Server 2022,File Server,36.39,64.8,47.15,99.9948,0
2026-02-03T20:00,NSS-LINUX-DB01,Rocky Linux 9,Database Server,33.9,50.81,73.06,99.9873,0
2026-06-19T20:00,NSS-FILE01,Windows Server 2022,File Server,35.53,31.3,36.78,99.9648,0
2026-03-22T06:00,NSS-MON01,Ubuntu 24.04,Monitoring Server,33.23,59.38,37.63,99.9088,0
2026-04-25T21:00,NSS-FILE01,Windows Server 2022,File Server,9.68,71.22,67.52,99.9538,0
2026-07-08T10:00,NSS-LINUX-DB01,Rocky Linux 9,Database Server,16.65,59.33,31.93,99.8855,0
2026-07-06T19:00,NSS-LINUX-DB01,Rocky Linux 9,Database Server,31.46,62.35,63.18,99.8274,0
2026-03-14T17:00,NSS-DC02,Windows Server 2022,Domain Controller,41.39,45.27,57.36,99.7549,0
2026-05-18T19:00,NSS-DC01,Windows Server 2022,Domain Controller,21.92,57.83,69.37,99.7619,0
2026-01-14T23:00,NSS-FILE01,Windows Server 2022,File Server,10.91,58.67,63.17,99.7685,0
2026-01-29T15:00,NSS-DC01,Windows Server 2022,Domain Controller,24.24,81.53,61.94,99.7668,0
2026-02-26T20:00,NSS-LINUX-DB01,Rocky Linux 9,Database Server,38.7,50.99,56.44,99.9114,0
2026-02-04T21:00,NSS-MON01,Ubuntu 24.04,Monitoring Server,33.01,74.65,62.33,99.8649,0
2026-02-28T09:00,NSS-LINUX-DB01,Rocky Linux 9,Database Server,19.27,30.66,49.52,99.8769,0
2026-05-01T22:00,NSS-DC01,Windows Server 2022,Domain Controller,8.83,18.85,75.02,99.7986,0
2026-02-14T01:00,NSS-FILE01,Windows Server 2022,File Server,16.93,44.62,65.63,99.9294,0
2026-01-29T17:00,NSS-APP01,Windows Server 2022,Application Server,42.08,15.96,90.75,99.7872,1
2026-06-07T15:00,NSS-FILE01,Windows Server 2022,File Server,25.51,54.7,47.58,99.7888,0
2026-06-22T23:00,NSS-FILE01,Windows Server 2022,File Server,40.99,52.52,55.39,99.9215,0
2026-07-13T18:00,NSS-LINUX-DB01,Rocky Linux 9,Database Server,47.07,46.58,44.26,99.7867,0
2026-07-10T23:00,NSS-LINUX-DB01,Rocky Linux 9,Database Server,52.1,41.4,86.53,99.7809,1
2026-01-13T05:00,NSS-DC01,Windows Server 2022,Domain Controller,11.26,54.85,75.43,99.8347,0
2026-05-06T14:00,NSS-DC01,Windows Server 2022,Domain Controller,2.87,16.57,57.17,99.8825,0
2026-07-22T00:00,NSS-LINUX-APP01,Ubuntu 24.04,Application Server,32.76,37.37,54.0,99.8731,0
2026-05-17T02:00,NSS-DC02,Windows Server 2022,Domain Controller,17.34,75.94,43.58,99.8943,0
2026-02-09T23:00,NSS-APP01,Windows Server 2022,Application Server,12.49,73.86,59.63,99.8472,0
2026-05-13T16:00,NSS-APP01,Windows Server 2022,Application Server,39.05,65.91,80.83,99.911,0
2026-03-04T05:00,NSS-LINUX-DB01,Rocky Linux 9,Database Server,51.25,58.77,28.24,99.8003,0
2026-01-10T18:00,NSS-MON01,Ubuntu 24.04,Monitoring Server,10.18,57.2,63.79,99.8107,0
2026-07-04T21:00,NSS-FILE01,Windows Server 2022,File Server,2.0,44.48,50.98,99.9678,0
2026-06-23T00:00,NSS-DC01,Windows Server 2022,Domain Controller,23.44,51.61,61.39,99.9948,0
2026-04-28T12:00,NSS-DC02,Windows Server 2022,Domain Controller,31.79,80.86,43.9,99.7529,0
2026-07-15T08:00,NSS-LINUX-APP01,Ubuntu 24.04,Application Server,36.04,80.22,62.14,99.9999,0
2026-03-04T20:00,NSS-DC02,Windows Server 2022,Domain Controller,13.2,70.65,43.09,99.8958,0
2026-01-28T12:00,NSS-DC01,Windows Server 2022,Domain Controller,20.03,68.39,91.08,99.7735,1
2026-03-01T19:00,NSS-LINUX-DB01,Rocky Linux 9,Database Server,21.51,70.37,68.64,99.9877,0
2026-07-01T18:00,NSS-APP01,Windows Server 2022,Application Server,32.8,60.33,54.08,99.8058,0
2026-02-01T11:00,NSS-MON01,Ubuntu 24.04,Monitoring Server,33.06,52.63,70.37,99.7568,0
2026-04-14T07:00,NSS-MON01,Ubuntu 24.04,Monitoring Server,36.01,61.51,67.7,99.7816,0
2026-07-03T09:00,NSS-DC02,Windows Server 2022,Domain Controller,27.86,58.98,55.2,99.8411,0
2026-03-03T13:00,NSS-FILE01,Windows Server 2022,File Server,40.58,60.89,78.29,99.7578,0
2026-07-25T04:00,NSS-DC02,Windows Server 2022,Domain Controller,21.7,37.4,50.01,99.7994,0
2026-04-01T14:00,NSS-LINUX-APP01,Ubuntu 24.04,Application Server,26.22,50.9,57.98,99.9681,0
2026-07-18T13:00,NSS-DC02,Windows Server 2022,Domain Controller,48.03,42.09,58.64,99.9578,0
2026-07-25T05:00,NSS-FILE01,Windows Server 2022,File Server,12.57,74.38,28.91,99.9157,0
2026-01-03T02:00,NSS-DC01,Windows Server 2022,Domain Controller,13.29,52.79,67.04,99.8724,0
2026-05-06T00:00,NSS-DC02,Windows Server 2022,Domain Controller,31.34,63.45,53.56,99.8125,0
2026-07-12T06:00,NSS-LINUX-DB01,Rocky Linux 9,Database Server,29.09,65.33,75.93,99.9411,0
2026-05-18T05:00,NSS-MON01,Ubuntu 24.04,Monitoring Server,15.98,62.65,74.8,99.9508,0
2026-05-21T09:00,NSS-LINUX-DB01,Rocky Linux 9,Database Server,17.11,39.65,58.43,99.9544,0
2026-02-14T05:00,NSS-LINUX-APP01,Ubuntu 24.04,Application Server,38.01,59.63,61.35,99.9399,0
2026-02-11T20:00,NSS-LINUX-DB01,Rocky Linux 9,Database Server,2.0,45.29,70.97,99.8488,0
2026-07-08T10:00,NSS-LINUX-DB01,Rocky Linux 9,Database Server,20.75,79.58,65.99,99.89,0
2026-01-01T16:00,NSS-LINUX-APP01,Ubuntu 24.04,Application Server,28.91,58.9,86.46,99.8573,1
2026-03-21T15:00,NSS-LINUX-DB01,Rocky Linux 9,Database Server,18.68,38.49,56.83,99.789,0
2026-04-09T07:00,NSS-DC02,Windows Server 2022,Domain Controller,12.15,52.58,64.67,99.9797,0
2026-06-05T18:00,NSS-FILE01,Windows Server 2022,File Server,12.66,36.9,52.76,99.9211,0
2026-05-11T18:00,NSS-MON01,Ubuntu 24.04,Monitoring Server,33.9,49.02,73.43,99.8204,0
2026-07-05T10:00,NSS-MON01,Ubuntu 24.04,Monitoring Server,57.28,11.84,50.69,99.7545,0
2026-05-19T02:00,NSS-DC02,Windows Server 2022,Domain Controller,16.13,52.1,23.33,99.7938,0
2026-07-14T04:00,NSS-DC01,Windows Server 2022,Domain Controller,22.63,49.78,48.32,99.9169,0
2026-07-19T23:00,NSS-LINUX-DB01,Rocky Linux 9,Database Server,3.11,59.45,64.77,99.8189,0
2026-03-01T09:00,NSS-MON01,Ubuntu 24.04,Monitoring Server,11.77,54.55,70.84,99.8329,0
2026-03-23T22:00,NSS-MON01,Ubuntu 24.04,Monitoring Server,20.51,35.34,48.76,99.7618,0
2026-06-23T14:00,NSS-FILE01,Windows Server 2022,File Server,56.66,54.03,63.31,99.8217,0
2026-06-21T14:00,NSS-LINUX-APP01,Ubuntu 24.04,Application Server,48.68,84.01,62.34,99.9301,0
2026-05-30T12:00,NSS-LINUX-DB01,Rocky Linux 9,Database Server,38.11,57.88,59.6,99.8295,0
2026-04-17T17:00,NSS-MON01,Ubuntu 24.04,Monitoring Server,2.0,59.14,56.89,99.7945,0
2026-05-10T14:00,NSS-DC02,Windows Server 2022,Domain Controller,38.61,41.35,51.74,99.8026,0
2026-01-20T10:00,NSS-APP01,Windows Server 2022,Application Server,45.37,42.88,93.31,99.8509,1
2026-03-09T21:00,NSS-FILE01,Windows Server 2022,File Server,56.5,48.95,66.37,99.8855,0
2026-02-04T23:00,NSS-MON01,Ubuntu 24.04,Monitoring Server,13.68,70.9,72.06,99.9413,0
2026-06-06T04:00,NSS-LINUX-DB01,Rocky Linux 9,Database Server,11.64,38.68,63.75,99.9442,0
2026-06-03T15:00,NSS-MON01,Ubuntu 24.04,Monitoring Server,20.44,69.54,65.71,99.9356,0
2026-06-09T10:00,NSS-DC02,Windows Server 2022,Domain Controller,42.57,55.74,71.72,99.8076,0
2026-07-16T00:00,NSS-APP01,Windows Server 2022,Application Server,23.19,25.74,59.81,99.9271,0
2026-03-21T14:00,NSS-DC02,Windows Server 2022,Domain Controller,39.18,36.85,66.97,99.7801,0
2026-03-27T04:00,NSS-MON01,Ubuntu 24.04,Monitoring Server,44.47,69.63,52.76,99.8676,0
2026-03-16T17:00,NSS-MON01,Ubuntu 24.04,Monitoring Server,40.2,73.44,44.21,99.7771,0
2026-03-15T11:00,NSS-LINUX-DB01,Rocky Linux 9,Database Server,34.2,54.06,61.23,99.7787,0
2026-01-19T19:00,NSS-LINUX-APP01,Ubuntu 24.04,Application Server,46.44,52.25,52.26,99.8429,0
2026-06-25T08:00,NSS-LINUX-APP01,Ubuntu 24.04,Application Server,27.12,55.58,47.55,99.7531,0
2026-07-12T05:00,NSS-DC01,Windows Server 2022,Domain Controller,20.66,48.89,86.24,99.9601,1
2026-05-02T18:00,NSS-FILE01,Windows Server 2022,File Server,35.72,32.61,61.41,99.7978,0
2026-04-30T06:00,NSS-DC01,Windows Server 2022,Domain Controller,45.43,64.91,57.34,99.9229,0
2026-03-11T14:00,NSS-MON01,Ubuntu 24.04,Monitoring Server,10.53,75.84,52.03,99.9107,0
2026-02-07T22:00,NSS-LINUX-APP01,Ubuntu 24.04,Application Server,60.83,41.53,64.18,99.9269,0
2026-07-14T07:00,NSS-DC01,Windows Server 2022,Domain Controller,33.97,60.48,64.66,99.8847,0
2026-03-14T14:00,NSS-LINUX-APP01,Ubuntu 24.04,Application Server,19.91,25.69,59.6,99.8197,0
2026-06-04T14:00,NSS-FILE01,Windows Server 2022,File Server,23.12,50.11,70.47,99.8785,0
2026-05-26T07:00,NSS-LINUX-APP01,Ubuntu 24.04,Application Server,16.4,40.77,53.12,99.9822,0
2026-05-18T20:00,NSS-LINUX-APP01,Ubuntu 24.04,Application Server,26.14,72.27,43.91,99.7739,0
2026-01-27T01:00,NSS-APP01,Windows Server 2022,Application Server,35.88,23.66,58.43,99.7586,0
2026-04-05T22:00,NSS-DC01,Windows Server 2022,Domain Controller,13.63,62.08,49.86,99.8287,0
2026-01-16T12:00,NSS-LINUX-DB01,Rocky Linux 9,Database Server,35.24,59.46,27.39,99.8414,0
2026-05-02T20:00,NSS-LINUX-APP01,Ubuntu 24.04,Application Server,27.63,53.13,60.43,99.9312,0
2026-01-27T07:00,NSS-MON01,Ubuntu 24.04,Monitoring Server,41.59,56.9,44.52,99.8216,0
2026-02-21T11:00,NSS-LINUX-APP01,Ubuntu 24.04,Application Server,33.52,40.45,54.46,99.8739,0
2026-05-14T08:00,NSS-FILE01,Windows Server 2022,File Server,43.1,54.68,58.03,99.8566,0
2026-07-13T22:00,NSS-FILE01,Windows Server 2022,File Server,38.25,46.99,55.28,99.8162,0
2026-04-04T13:00,NSS-DC01,Windows Server 2022,Domain Controller,33.0,18.02,53.09,99.9134,0
2026-05-04T01:00,NSS-FILE01,Windows Server 2022,File Server,17.16,58.98,58.18,99.7803,0
2026-06-03T05:00,NSS-LINUX-DB01,Rocky Linux 9,Database Server,31.81,54.79,75.65,99.8466,0
2026-01-09T16:00,NSS-FILE01,Windows Server 2022,File Server,18.37,17.83,79.1,99.7661,0
2026-06-05T09:00,NSS-FILE01,Windows Server 2022,File Server,35.08,62.61,67.3,99.9397,0
2026-02-22T03:00,NSS-APP01,Windows Server 2022,Application Server,24.75,35.66,65.23,99.7789,0
2026-07-29T01:00,NSS-MON01,Ubuntu 24.04,Monitoring Server,47.17,70.08,90.76,99.9282,1
2026-01-07T18:00,NSS-FILE01,Windows Server 2022,File Server,7.39,36.75,34.12,99.7941,0
2026-02-27T03:00,NSS-FILE01,Windows Server 2022,File Server,19.74,56.36,27.22,99.9053,0
2026-07-27T20:00,NSS-LINUX-APP01,Ubuntu 24.04,Application Server,30.06,34.66,28.59,99.8027,0
2026-07-17T13:00,NSS-DC02,Windows Server 2022,Domain Controller,33.2,60.44,79.21,99.7824,0
2026-03-08T22:00,NSS-APP01,Windows Server 2022,Application Server,29.61,56.03,41.55,99.8606,0
2026-04-16T20:00,NSS-DC01,Windows Server 2022,Domain Controller,34.78,18.62,76.97,99.9557,0
2026-01-06T11:00,NSS-LINUX-APP01,Ubuntu 24.04,Application Server,38.57,49.64,58.15,99.9214,0
2026-06-04T18:00,NSS-DC01,Windows Server 2022,Domain Controller,43.05,33.47,61.75,99.7787,0
2026-02-23T06:00,NSS-DC01,Windows Server 2022,Domain Controller,27.35,64.04,63.13,99.9332,0
2026-04-14T16:00,NSS-LINUX-DB01,Rocky Linux 9,Database Server,37.83,42.31,66.23,99.8326,0
2026-03-06T01:00,NSS-FILE01,Windows Server 2022,File Server,17.14,70.66,55.76,99.918,0
2026-01-27T18:00,NSS-DC02,Windows Server 2022,Domain Controller,43.65,52.14,55.93,99.8655,0
2026-05-16T03:00,NSS-FILE01,Windows Server 2022,File Server,21.45,54.54,59.02,99.8888,0
2026-07-25T08:00,NSS-DC01,Windows Server 2022,Domain Controller,10.07,30.45,63.42,99.839,0
2026-07-20T08:00,NSS-APP01,Windows Server 2022,Application Server,22.65,37.19,55.48,99.8156,0
2026-03-02T09:00,NSS-DC01,Windows Server 2022,Domain Controller,31.64,39.48,64.63,99.8099,0
2026-02-17T11:00,NSS-LINUX-DB01,Rocky Linux 9,Database Server,18.19,60.45,66.7,99.8341,0
2026-04-02T05:00,NSS-LINUX-APP01,Ubuntu 24.04,Application Server,29.82,84.42,57.42,99.7936,0
2026-07-13T21:00,NSS-LINUX-APP01,Ubuntu 24.04,Application Server,26.69,48.61,55.28,99.8219,0
2026-03-03T08:00,NSS-DC01,Windows Server 2022,Domain Controller,30.53,62.46,57.75,99.7786,0
2026-06-21T05:00,NSS-MON01,Ubuntu 24.04,Monitoring Server,26.0,44.44,33.65,99.8889,0
2026-05-26T21:00,NSS-DC02,Windows Server 2022,Domain Controller,37.07,51.59,33.73,99.8822,0
2026-05-22T01:00,NSS-DC02,Windows Server 2022,Domain Controller,30.8,25.59,48.35,99.8287,0
2026-03-15T18:00,NSS-APP01,Windows Server 2022,Application Server,22.31,48.3,59.69,99.8595,0
2026-05-07T22:00,NSS-APP01,Windows Server 2022,Application Server,17.04,57.87,79.83,99.8357,0
2026-05-03T16:00,NSS-APP01,Windows Server 2022,Application Server,9.35,51.08,84.67,99.9594,0
2026-03-25T20:00,NSS-MON01,Ubuntu 24.04,Monitoring Server,30.88,72.96,81.88,99.9686,0
2026-06-13T07:00,NSS-DC01,Windows Server 2022,Domain Controller,39.33,25.58,70.9,99.8399,0
2026-01-29T20:00,NSS-LINUX-DB01,Rocky Linux 9,Database Server,28.85,56.99,36.41,99.8559,0
2026-02-21T08:00,NSS-FILE01,Windows Server 2022,File Server,4.63,52.82,71.34,99.8512,0
2026-05-28T23:00,NSS-LINUX-APP01,Ubuntu 24.04,Application Server,26.26,65.67,71.59,99.7797,0
2026-05-17T23:00,NSS-DC02,Windows Server 2022,Domain Controller,30.74,81.31,47.34,99.8112,0
2026-03-16T04:00,NSS-LINUX-APP01,Ubuntu 24.04,Application Server,38.43,42.49,41.07,99.9421,0
2026-06-27T23:00,NSS-DC01,Windows Server 2022,Domain Controller,33.32,58.47,34.93,99.9353,0
2026-07-26T10:00,NSS-APP01,Windows Server 2022,Application Server,21.83,41.61,62.56,99.8221,0
2026-06-16T04:00,NSS-LINUX-DB01,Rocky Linux 9,Database Server,60.43,65.58,69.16,99.9301,0
2026-03-01T01:00,NSS-APP01,Windows Server 2022,Application Server,34.82,51.57,62.94,99.7629,0
2026-02-14T10:00,NSS-DC02,Windows Server 2022,Domain Controller,2.0,51.33,68.75,99.7762,0
2026-05-02T06:00,NSS-DC01,Windows Server 2022,Domain Controller,19.34,41.46,68.6,99.9504,0
2026-05-29T15:00,NSS-DC01,Windows Server 2022,Domain Controller,31.95,41.76,74.47,99.8203,0
2026-04-30T01:00,NSS-LINUX-DB01,Rocky Linux 9,Database Server,41.32,48.81,68.62,99.7815,0
2026-07-26T10:00,NSS-DC01,Windows Server 2022,Domain Controller,36.86,60.95,57.47,99.8723,0
2026-01-03T10:00,NSS-FILE01,Windows Server 2022,File Server,14.4,58.38,82.99,99.917,0
2026-02-28T06:00,NSS-DC02,Windows Server 2022,Domain Controller,2.0,39.24,50.75,99.8783,0
2026-03-29T04:00,NSS-MON01,Ubuntu 24.04,Monitoring Server,26.24,42.1,64.62,99.7805,0
2026-07-01T06:00,NSS-FILE01,Windows Server 2022,File Server,48.37,35.75,40.67,99.9767,0
2026-07-13T09:00,NSS-LINUX-DB01,Rocky Linux 9,Database Server,36.62,42.19,64.15,99.7926,0
2026-07-24T20:00,NSS-MON01,Ubuntu 24.04,Monitoring Server,23.35,48.03,62.23,99.7783,0
2026-05-26T13:00,NSS-FILE01,Windows Server 2022,File Server,13.82,83.94,63.4,99.9359,0
2026-06-20T03:00,NSS-DC01,Windows Server 2022,Domain Controller,46.23,47.94,76.39,99.9588,0
2026-06-25T02:00,NSS-FILE01,Windows Server 2022,File Server,9.65,45.05,77.28,99.8896,0
2026-06-26T06:00,NSS-MON01,Ubuntu 24.04,Monitoring Server,32.22,25.99,54.11,99.9324,0
2026-06-16T01:00,NSS-MON01,Ubuntu 24.04,Monitoring Server,13.23,45.24,42.14,99.8335,0
2026-05-31T13:00,NSS-DC02,Windows Server 2022,Domain Controller,20.75,59.85,72.66,99.8577,0
2026-05-06T11:00,NSS-LINUX-DB01,Rocky Linux 9,Database Server,9.12,75.37,79.61,99.8261,0
2026-07-16T19:00,NSS-LINUX-DB01,Rocky Linux 9,Database Server,12.4,45.35,49.23,99.8606,0
2026-05-13T15:00,NSS-LINUX-APP01,Ubuntu 24.04,Application Server,20.19,46.66,63.48,99.8549,0
2026-05-05T07:00,NSS-LINUX-APP01,Ubuntu 24.04,Application Server,33.6,76.88,60.98,99.9809,0
2026-02-02T18:00,NSS-FILE01,Windows Server 2022,File Server,13.76,67.07,58.63,99.995,0
2026-06-27T05:00,NSS-APP01,Windows Server 2022,Application Server,32.15,47.39,83.56,99.9019,0
2026-03-19T08:00,NSS-DC01,Windows Server 2022,Domain Controller,15.49,70.34,44.59,99.7586,0
2026-03-09T14:00,NSS-LINUX-DB01,Rocky Linux 9,Database Server,22.84,50.9,58.33,99.8505,0
2026-04-29T18:00,NSS-LINUX-DB01,Rocky Linux 9,Database Server,27.07,67.58,46.09,99.8356,0
2026-02-01T02:00,NSS-LINUX-DB01,Rocky Linux 9,Database Server,19.66,25.34,72.06,99.9729,0
2026-05-08T18:00,NSS-LINUX-DB01,Rocky Linux 9,Database Server,19.04,39.5,61.02,99.7864,0
2026-06-02T16:00,NSS-DC01,Windows Server 2022,Domain Controller,23.21,58.47,56.06,99.869,0
2026-01-18T10:00,NSS-LINUX-APP01,Ubuntu 24.04,Application Server,6.48,67.12,63.12,99.9881,0
2026-02-15T09:00,NSS-LINUX-APP01,Ubuntu 24.04,Application Server,27.86,56.85,58.47,99.9618,0
2026-06-06T05:00,NSS-LINUX-DB01,Rocky Linux 9,Database Server,30.03,58.73,25.58,99.9117,0
2026-06-26T10:00,NSS-MON01,Ubuntu 24.04,Monitoring Server,19.16,85.66,55.3,99.8084,0
2026-07-24T23:00,NSS-FILE01,Windows Server 2022,File Server,39.28,49.04,58.94,99.9384,0
2026-01-23T11:00,NSS-DC01,Windows Server 2022,Domain Controller,29.76,63.03,58.68,99.8498,0
2026-06-01T15:00,NSS-FILE01,Windows Server 2022,File Server,6.07,25.54,45.9,99.8668,0
2026-04-18T12:00,NSS-FILE01,Windows Server 2022,File Server,50.87,32.56,75.96,99.9464,0
2026-03-31T00:00,NSS-FILE01,Windows Server 2022,File Server,22.57,34.84,81.47,99.8357,0
2026-07-08T03:00,NSS-LINUX-DB01,Rocky Linux 9,Database Server,18.78,59.05,52.53,99.9531,0
2026-04-28T13:00,NSS-MON01,Ubuntu 24.04,Monitoring Server,16.57,52.07,71.91,99.9351,0
2026-05-18T07:00,NSS-APP01,Windows Server 2022,Application Server,37.32,66.48,57.05,99.9457,0
2026-03-31T17:00,NSS-DC02,Windows Server 2022,Domain Controller,56.45,66.18,57.92,99.9907,0
2026-03-10T23:00,NSS-LINUX-APP01,Ubuntu 24.04,Application Server,27.24,32.66,48.55,99.9947,0
2026-06-27T04:00,NSS-LINUX-APP01,Ubuntu 24.04,Application Server,15.85,28.14,65.92,99.8573,0
2026-03-21T12:00,NSS-MON01,Ubuntu 24.04,Monitoring Server,13.37,47.73,50.05,99.8497,0
2026-05-13T15:00,NSS-LINUX-DB01,Rocky Linux 9,Database Server,28.84,66.4,37.84,99.7679,0
2026-04-19T03:00,NSS-LINUX-APP01,Ubuntu 24.04,Application Server,33.42,23.8,60.75,99.9909,0
2026-05-30T20:00,NSS-APP01,Windows Server 2022,Application Server,46.69,48.38,48.5,99.8846,0
2026-01-28T01:00,NSS-LINUX-APP01,Ubuntu 24.04,Application Server,39.13,44.1,70.67,99.7737,0
2026-01-24T12:00,NSS-DC02,Windows Server 2022,Domain Controller,30.8,59.75,62.44,99.8174,0
2026-02-01T01:00,NSS-APP01,Windows Server 2022,Application Server,23.08,44.2,74.66,99.8921,0
2026-06-19T09:00,NSS-LINUX-DB01,Rocky Linux 9,Database Server,31.32,52.22,46.49,99.9515,0
2026-01-20T10:00,NSS-MON01,Ubuntu 24.04,Monitoring Server,24.25,46.26,60.44,99.9734,0
2026-05-05T18:00,NSS-MON01,Ubuntu 24.04,Monitoring Server,43.77,42.57,65.35,99.9929,0
2026-05-12T10:00,NSS-DC02,Windows Server 2022,Domain Controller,28.63,70.02,60.98,99.8762,0
2026-05-15T13:00,NSS-APP01,Windows Server 2022,Application Server,20.86,63.2,54.56,99.8411,0
2026-06-16T06:00,NSS-DC02,Windows Server 2022,Domain Controller,37.38,40.93,62.44,99.8913,0
2026-02-08T07:00,NSS-LINUX-DB01,Rocky Linux 9,Database Server,30.57,31.56,52.67,99.9028,0
2026-01-25T02:00,NSS-APP01,Windows Server 2022,Application Server,15.07,39.46,57.92,99.9262,0
2026-01-23T12:00,NSS-MON01,Ubuntu 24.04,Monitoring Server,40.14,72.43,65.7,99.9832,0
2026-06-28T16:00,NSS-DC01,Windows Server 2022,Domain Controller,42.85,67.35,59.91,99.8998,0
2026-02-08T23:00,NSS-LINUX-DB01,Rocky Linux 9,Database Server,40.24,33.15,54.76,99.7921,0
2026-05-28T01:00,NSS-APP01,Windows Server 2022,Application Server,37.98,46.32,79.99,99.9689,0
2026-01-05T02:00,NSS-APP01,Windows Server 2022,Application Server,40.7,40.89,65.46,99.9049,0
2026-06-08T07:00,NSS-DC02,Windows Server 2022,Domain Controller,54.34,49.16,44.11,99.8391,0
2026-07-14T11:00,NSS-LINUX-APP01,Ubuntu 24.04,Application Server,35.66,66.31,58.66,99.8379,0
2026-07-20T18:00,NSS-APP01,Windows Server 2022,Application Server,22.16,57.22,58.88,99.9214,0
2026-04-24T20:00,NSS-LINUX-DB01,Rocky Linux 9,Database Server,28.24,59.63,41.91,99.7715,0
2026-05-23T20:00,NSS-MON01,Ubuntu 24.04,Monitoring Server,14.78,66.77,82.58,99.9965,0
2026-07-12T06:00,NSS-DC01,Windows Server 2022,Domain Controller,25.86,59.98,75.66,99.7646,0
2026-01-19T00:00,NSS-APP01,Windows Server 2022,Application Server,42.3,48.44,46.2,99.8272,0
2026-02-15T21:00,NSS-DC02,Windows Server 2022,Domain Controller,32.78,66.14,48.05,99.9765,0
2026-01-21T03:00,NSS-LINUX-APP01,Ubuntu 24.04,Application Server,23.22,76.6,88.26,99.9293,1
2026-06-19T01:00,NSS-LINUX-APP01,Ubuntu 24.04,Application Server,41.11,48.63,60.37,99.8631,0
2026-01-17T23:00,NSS-LINUX-DB01,Rocky Linux 9,Database Server,23.87,72.96,81.19,99.8914,0
2026-02-10T03:00,NSS-MON01,Ubuntu 24.04,Monitoring Server,18.8,33.35,68.91,99.8849,0
2026-04-15T11:00,NSS-FILE01,Windows Server 2022,File Server,33.43,54.67,63.31,99.9753,0
2026-03-19T20:00,NSS-DC01,Windows Server 2022,Domain Controller,39.26,55.99,76.35,99.8072,0
2026-02-07T13:00,NSS-LINUX-DB01,Rocky Linux 9,Database Server,37.03,59.55,44.92,99.9772,0
2026-03-23T00:00,NSS-DC01,Windows Server 2022,Domain Controller,34.07,56.82,62.52,99.7901,0
2026-07-15T12:00,NSS-DC01,Windows Server 2022,Domain Controller,54.81,34.76,70.06,99.8066,0
2026-06-06T12:00,NSS-APP01,Windows Server 2022,Application Server,7.33,47.27,47.52,99.9091,0
2026-01-17T22:00,NSS-DC01,Windows Server 2022,Domain Controller,55.53,71.64,58.26,99.7675,0
2026-02-26T04:00,NSS-APP01,Windows Server 2022,Application Server,32.22,53.78,79.14,99.9006,0
2026-04-15T18:00,NSS-LINUX-DB01,Rocky Linux 9,Database Server,36.13,23.8,53.15,99.7513,0
2026-03-02T23:00,NSS-DC02,Windows Server 2022,Domain Controller,8.45,61.93,92.28,99.9102,1
2026-03-14T01:00,NSS-DC02,Windows Server 2022,Domain Controller,11.32,47.57,87.19,99.8438,1
2026-03-21T14:00,NSS-DC01,Windows Server 2022,Domain Controller,19.16,74.35,51.98,99.9336,0
2026-04-15T15:00,NSS-DC01,Windows Server 2022,Domain Controller,44.86,41.78,43.83,99.9218,0
2026-06-24T10:00,NSS-MON01,Ubuntu 24.04,Monitoring Server,19.83,50.34,73.25,99.8772,0
2026-06-09T04:00,NSS-LINUX-APP01,Ubuntu 24.04,Application Server,18.53,67.11,60.36,99.8664,0
2026-01-01T12:00,NSS-DC01,Windows Server 2022,Domain Controller,16.51,51.68,46.14,99.781,0
2026-05-13T20:00,NSS-APP01,Windows Server 2022,Application Server,13.04,53.86,87.52,99.9521,1
2026-06-30T12:00,NSS-MON01,Ubuntu 24.04,Monitoring Server,5.46,63.99,47.65,99.8584,0
2026-03-01T06:00,NSS-APP01,Windows Server 2022,Application Server,37.21,75.25,95.0,99.9189,1
2026-07-29T05:00,NSS-MON01,Ubuntu 24.04,Monitoring Server,19.84,45.01,58.19,99.948,0
2026-03-02T10:00,NSS-LINUX-DB01,Rocky Linux 9,Database Server,14.04,39.34,60.99,99.8994,0
2026-07-29T13:00,NSS-LINUX-APP01,Ubuntu 24.04,Application Server,32.99,44.23,49.8,99.9938,0
2026-02-20T11:00,NSS-APP01,Windows Server 2022,Application Server,55.07,41.25,69.42,99.7841,0
2026-07-17T23:00,NSS-FILE01,Windows Server 2022,File Server,51.36,60.97,59.94,99.9524,0
2026-06-10T15:00,NSS-DC02,Windows Server 2022,Domain Controller,48.66,26.37,75.93,99.8411,0
2026-02-01T07:00,NSS-DC02,Windows Server 2022,Domain Controller,48.41,87.78,60.47,99.7787,0
2026-01-09T14:00,NSS-LINUX-DB01,Rocky Linux 9,Database Server,30.21,52.5,58.36,99.8646,0
2026-01-16T07:00,NSS-DC01,Windows Server 2022,Domain Controller,25.13,69.07,54.37,99.9616,0
2026-05-11T06:00,NSS-DC02,Windows Server 2022,Domain Controller,15.5,46.49,58.22,99.8035,0
2026-05-13T21:00,NSS-MON01,Ubuntu 24.04,Monitoring Server,20.03,74.51,53.18,99.7873,0
2026-03-24T22:00,NSS-APP01,Windows Server 2022,Application Server,42.43,32.63,50.08,99.8755,0
2026-06-02T22:00,NSS-FILE01,Windows Server 2022,File Server,11.44,35.51,63.11,99.8886,0
2026-02-14T09:00,NSS-APP01,Windows Server 2022,Application Server,28.15,61.81,64.71,99.969,0
2026-07-06T23:00,NSS-APP01,Windows Server 2022,Application Server,11.64,12.98,83.91,99.7574,0
2026-05-28T13:00,NSS-LINUX-DB01,Rocky Linux 9,Database Server,44.5,61.73,50.09,99.9297,0
2026-06-04T11:00,NSS-LINUX-DB01,Rocky Linux 9,Database Server,30.84,41.99,59.84,99.9868,0
2026-05-01T07:00,NSS-APP01,Windows Server 2022,Application Server,59.73,18.97,65.97,99.8116,0
2026-01-05T22:00,NSS-MON01,Ubuntu 24.04,Monitoring Server,21.63,71.01,57.72,99.9447,0
2026-07-11T03:00,NSS-DC01,Windows Server 2022,Domain Controller,31.54,32.41,43.09,99.997,0
2026-05-04T02:00,NSS-LINUX-APP01,Ubuntu 24.04,Application Server,13.65,50.89,62.66,99.7858,0
2026-05-09T22:00,NSS-DC01,Windows Server 2022,Domain Controller,65.66,18.78,52.58,99.9382,0
2026-01-15T00:00,NSS-MON01,Ubuntu 24.04,Monitoring Server,32.41,33.98,50.32,99.8858,0
2026-05-23T03:00,NSS-FILE01,Windows Server 2022,File Server,36.84,41.15,61.64,99.8282,0
2026-06-10T22:00,NSS-APP01,Windows Server 2022,Application Server,43.28,48.41,77.11,99.8043,0
2026-04-04T02:00,NSS-FILE01,Windows Server 2022,File Server,63.2,57.41,61.86,99.9012,0
2026-03-03T11:00,NSS-APP01,Windows Server 2022,Application Server,42.88,58.19,29.55,99.9825,0
2026-04-25T17:00,NSS-LINUX-APP01,Ubuntu 24.04,Application Server,6.92,45.83,72.71,99.7691,0
2026-01-27T20:00,NSS-LINUX-APP01,Ubuntu 24.04,Application Server,16.95,87.01,49.54,99.7977,0
2026-06-02T12:00,NSS-FILE01,Windows Server 2022,File Server,12.21,63.4,66.14,99.7815,0
2026-05-19T16:00,NSS-FILE01,Windows Server 2022,File Server,12.47,10.74,45.2,99.97,0
2026-02-06T18:00,NSS-FILE01,Windows Server 2022,File Server,51.72,64.07,74.42,99.9606,0
2026-04-26T14:00,NSS-DC01,Windows Server 2022,Domain Controller,25.01,59.74,40.56,99.9968,0
2026-03-01T12:00,NSS-LINUX-APP01,Ubuntu 24.04,Application Server,30.49,81.03,48.98,99.8128,0
2026-02-28T17:00,NSS-FILE01,Windows Server 2022,File Server,25.84,56.04,74.46,99.968,0
2026-02-27T23:00,NSS-LINUX-APP01,Ubuntu 24.04,Application Server,40.2,45.52,80.19,99.7549,0
2026-02-20T01:00,NSS-LINUX-DB01,Rocky Linux 9,Database Server,24.39,53.93,63.49,99.9706,0
2026-05-31T11:00,NSS-FILE01,Windows Server 2022,File Server,23.77,38.02,52.25,99.7898,0
2026-06-12T14:00,NSS-DC01,Windows Server 2022,Domain Controller,28.09,40.88,57.87,99.7795,0
2026-04-06T09:00,NSS-LINUX-APP01,Ubuntu 24.04,Application Server,25.79,45.99,69.38,99.8512,0
2026-02-05T02:00,NSS-FILE01,Windows Server 2022,File Server,2.0,59.39,54.01,99.9108,0
2026-03-28T19:00,NSS-DC02,Windows Server 2022,Domain Controller,32.6,56.51,73.13,99.9061,0
2026-04-13T06:00,NSS-LINUX-APP01,Ubuntu 24.04,Application Server,20.32,51.15,66.12,99.8717,0
2026-02-27T04:00,NSS-FILE01,Windows Server 2022,File Server,31.87,60.42,88.71,99.8177,1
2026-06-24T14:00,NSS-APP01,Windows Server 2022,Application Server,25.65,30.03,74.76,99.9711,0
2026-07-13T10:00,NSS-LINUX-DB01,Rocky Linux 9,Database Server,30.9,59.13,61.12,99.7558,0
2026-04-07T20:00,NSS-LINUX-DB01,Rocky Linux 9,Database Server,18.88,71.64,95.0,99.7898,1
2026-03-19T13:00,NSS-LINUX-APP01,Ubuntu 24.04,Application Server,18.12,31.02,74.79,99.7602,0
2026-03-07T12:00,NSS-FILE01,Windows Server 2022,File Server,34.07,45.23,53.89,99.8869,0
2026-07-13T08:00,NSS-LINUX-APP01,Ubuntu 24.04,Application Server,26.88,38.77,69.01,99.8568,0
2026-03-10T22:00,NSS-LINUX-APP01,Ubuntu 24.04,Application Server,34.41,67.0,64.32,99.9628,0
2026-03-13T12:00,NSS-APP01,Windows Server 2022,Application Server,51.19,48.29,57.52,99.8599,0
2026-05-18T17:00,NSS-DC02,Windows Server 2022,Domain Controller,4.56,66.57,53.92,99.7989,0
2026-05-07T08:00,NSS-FILE01,Windows Server 2022,File Server,46.88,42.01,51.99,99.7524,0
2026-04-24T05:00,NSS-LINUX-DB01,Rocky Linux 9,Database Server,32.99,43.7,85.74,99.9157,1
2026-02-25T00:00,NSS-LINUX-APP01,Ubuntu 24.04,Application Server,31.59,90.3,70.12,99.8001,1
2026-03-10T01:00,NSS-FILE01,Windows Server 2022,File Server,21.18,43.55,78.02,99.9293,0
2026-05-18T18:00,NSS-APP01,Windows Server 2022,Application Server,47.65,68.15,49.96,99.8632,0
2026-04-30T17:00,NSS-DC02,Windows Server 2022,Domain Controller,33.77,57.73,75.63,99.7827,0
2026-05-29T14:00,NSS-FILE01,Windows Server 2022,File Server,39.88,46.85,69.22,99.839,0
2026-02-08T17:00,NSS-MON01,Ubuntu 24.04,Monitoring Server,29.46,50.75,42.58,99.7851,0
2026-02-04T06:00,NSS-DC02,Windows Server 2022,Domain Controller,35.54,43.84,57.98,99.9394,0
2026-07-14T15:00,NSS-FILE01,Windows Server 2022,File Server,12.42,55.7,49.42,99.7909,0
2026-07-16T17:00,NSS-MON01,Ubuntu 24.04,Monitoring Server,19.77,57.66,51.42,99.9665,0
2026-03-22T04:00,NSS-LINUX-DB01,Rocky Linux 9,Database Server,46.19,49.77,44.58,99.837,0
2026-04-09T12:00,NSS-MON01,Ubuntu 24.04,Monitoring Server,20.71,37.76,65.1,99.8594,0
2026-01-31T05:00,NSS-DC01,Windows Server 2022,Domain Controller,20.66,64.83,60.7,99.7663,0
2026-03-02T14:00,NSS-LINUX-DB01,Rocky Linux 9,Database Server,24.11,41.43,79.16,99.9071,0
2026-02-06T00:00,NSS-LINUX-APP01,Ubuntu 24.04,Application Server,11.91,41.67,55.7,99.9718,0
2026-04-22T22:00,NSS-LINUX-DB01,Rocky Linux 9,Database Server,33.59,50.39,65.42,99.9985,0
2026-01-07T00:00,NSS-FILE01,Windows Server 2022,File Server,45.07,50.83,60.89,99.9199,0
2026-01-30T17:00,NSS-DC02,Windows Server 2022,Domain Controller,25.01,52.39,77.44,99.9904,0
2026-05-21T15:00,NSS-DC01,Windows Server 2022,Domain Controller,2.0,66.53,61.59,99.9413,0
2026-03-05T20:00,NSS-LINUX-APP01,Ubuntu 24.04,Application Server,24.24,49.0,42.65,99.9299,0
2026-03-25T20:00,NSS-MON01,Ubuntu 24.04,Monitoring Server,2.0,48.1,68.03,99.8878,0
2026-06-11T11:00,NSS-DC02,Windows Server 2022,Domain Controller,41.19,66.16,36.43,99.7703,0
2026-03-19T08:00,NSS-LINUX-APP01,Ubuntu 24.04,Application Server,30.3,63.01,55.14,99.9353,0
2026-06-29T17:00,NSS-APP01,Windows Server 2022,Application Server,20.31,58.79,45.82,99.8994,0
2026-07-22T00:00,NSS-APP01,Windows Server 2022,Application Server,28.95,44.24,75.92,99.7668,0
2026-02-19T16:00,NSS-DC01,Windows Server 2022,Domain Controller,24.38,81.38,75.64,99.9988,0
2026-02-16T17:00,NSS-LINUX-DB01,Rocky Linux 9,Database Server,16.66,62.64,72.96,99.8829,0
2026-07-06T08:00,NSS-DC01,Windows Server 2022,Domain Controller,26.62,61.14,78.27,99.8107,0
2026-06-04T18:00,NSS-MON01,Ubuntu 24.04,Monitoring Server,34.9,62.43,24.9,99.818,0
2026-07-11T12:00,NSS-DC01,Windows Server 2022,Domain Controller,50.69,43.48,49.33,99.8883,0
2026-04-16T14:00,NSS-LINUX-DB01,Rocky Linux 9,Database Server,51.93,18.81,90.97,99.774,1
2026-02-07T04:00,NSS-DC01,Windows Server 2022,Domain Controller,4.5,73.82,56.48,99.9007,0
2026-04-01T04:00,NSS-FILE01,Windows Server 2022,File Server,24.77,52.51,69.91,99.9506,0
2026-04-22T18:00,NSS-MON01,Ubuntu 24.04,Monitoring Server,21.07,29.92,55.91,99.7663,0
2026-01-29T06:00,NSS-DC01,Windows Server 2022,Domain Controller,21.42,30.71,75.17,99.9181,0
2026-04-29T07:00,NSS-DC01,Windows Server 2022,Domain Controller,24.37,35.09,67.97,99.784,0
2026-01-21T14:00,NSS-APP01,Windows Server 2022,Application Server,43.72,53.47,57.48,99.8383,0
2026-07-04T17:00,NSS-DC01,Windows Server 2022,Domain Controller,22.4,56.05,62.36,99.999,0
2026-05-11T00:00,NSS-LINUX-DB01,Rocky Linux 9,Database Server,21.31,44.85,42.02,99.7782,0
2026-03-09T09:00,NSS-APP01,Windows Server 2022,Application Server,12.08,52.64,73.72,99.9356,0
2026-07-28T16:00,NSS-APP01,Windows Server 2022,Application Server,44.48,62.53,76.65,99.9136,0
2026-04-26T09:00,NSS-LINUX-DB01,Rocky Linux 9,Database Server,24.44,85.04,72.64,99.8137,0
2026-05-20T20:00,NSS-FILE01,Windows Server 2022,File Server,43.29,51.02,73.73,99.9826,0
2026-01-08T08:00,NSS-DC01,Windows Server 2022,Domain Controller,10.95,78.01,70.01,99.9544,0
2026-01-10T07:00,NSS-MON01,Ubuntu 24.04,Monitoring Server,9.14,74.75,60.01,99.9874,0
2026-02-09T03:00,NSS-LINUX-DB01,Rocky Linux 9,Database Server,23.52,67.78,38.08,99.8922,0
2026-01-29T20:00,NSS-DC01,Windows Server 2022,Domain Controller,54.55,62.43,54.54,99.7752,0
2026-05-26T01:00,NSS-DC01,Windows Server 2022,Domain Controller,29.79,56.51,59.04,99.8686,0
2026-06-13T09:00,NSS-FILE01,Windows Server 2022,File Server,25.37,63.56,54.8,99.9385,0
2026-06-27T18:00,NSS-LINUX-APP01,Ubuntu 24.04,Application Server,23.37,67.54,66.52,99.8554,0
2026-02-14T17:00,NSS-DC01,Windows Server 2022,Domain Controller,34.1,55.48,56.6,99.8079,0
2026-04-23T00:00,NSS-APP01,Windows Server 2022,Application Server,23.96,51.96,45.43,99.8341,0
2026-05-11T22:00,NSS-DC02,Windows Server 2022,Domain Controller,10.54,55.99,54.09,99.9288,0
2026-02-09T21:00,NSS-FILE01,Windows Server 2022,File Server,4.48,38.36,73.68,99.865,0
2026-03-25T17:00,NSS-MON01,Ubuntu 24.04,Monitoring Server,43.28,66.36,65.25,99.8938,0
2026-03-19T07:00,NSS-MON01,Ubuntu 24.04,Monitoring Server,31.3,30.87,48.1,99.7665,0
2026-06-15T21:00,NSS-MON01,Ubuntu 24.04,Monitoring Server,47.74,38.57,62.3,99.7676,0
2026-03-19T09:00,NSS-LINUX-APP01,Ubuntu 24.04,Application Server,11.63,19.83,49.55,99.7655,0
2026-05-04T18:00,NSS-LINUX-DB01,Rocky Linux 9,Database Server,55.5,64.73,69.75,99.7931,0
2026-06-10T16:00,NSS-MON01,Ubuntu 24.04,Monitoring Server,48.93,26.42,75.75,99.996,0
2026-02-13T16:00,NSS-DC02,Windows Server 2022,Domain Controller,21.11,50.92,31.01,99.8575,0
2026-02-13T04:00,NSS-DC01,Windows Server 2022,Domain Controller,8.73,38.81,64.99,99.8374,0
2026-07-28T03:00,NSS-FILE01,Windows Server 2022,File Server,35.17,55.16,62.05,99.9176,0
2026-06-30T18:00,NSS-DC02,Windows Server 2022,Domain Controller,6.22,49.17,63.51,99.9237,0
2026-03-17T08:00,NSS-MON01,Ubuntu 24.04,Monitoring Server,17.61,44.31,40.92,99.8716,0
2026-03-28T21:00,NSS-LINUX-APP01,Ubuntu 24.04,Application Server,23.04,82.62,60.56,99.8405,0
2026-07-20T12:00,NSS-DC01,Windows Server 2022,Domain Controller,2.0,43.13,58.45,99.9444,0
2026-01-22T09:00,NSS-APP01,Windows Server 2022,Application Server,28.22,67.64,74.42,99.9621,0
2026-07-15T00:00,NSS-LINUX-APP01,Ubuntu 24.04,Application Server,26.86,48.47,63.76,99.7574,0
2026-04-15T14:00,NSS-DC02,Windows Server 2022,Domain Controller,30.16,72.25,59.48,99.852,0
2026-01-13T06:00,NSS-FILE01,Windows Server 2022,File Server,34.37,68.98,41.54,99.9107,0
2026-03-20T22:00,NSS-DC02,Windows Server 2022,Domain Controller,34.29,62.47,26.12,99.9032,0
2026-07-07T17:00,NSS-LINUX-APP01,Ubuntu 24.04,Application Server,23.08,47.41,66.92,99.9138,0
2026-07-08T11:00,NSS-LINUX-APP01,Ubuntu 24.04,Application Server,12.69,42.7,88.57,99.81,1
2026-04-05T04:00,NSS-LINUX-APP01,Ubuntu 24.04,Application Server,63.83,53.14,37.29,99.9691,0
2026-01-06T05:00,NSS-LINUX-DB01,Rocky Linux 9,Database Server,13.14,64.05,42.78,99.8541,0
2026-07-14T00:00,NSS-MON01,Ubuntu 24.04,Monitoring Server,23.69,52.03,63.27,99.7812,0
2026-07-07T07:00,NSS-APP01,Windows Server 2022,Application Server,46.15,57.96,87.62,99.978,1
2026-05-21T07:00,NSS-DC01,Windows Server 2022,Domain Controller,30.51,61.0,41.72,99.8084,0
2026-07-28T09:00,NSS-FILE01,Windows Server 2022,File Server,32.1,76.37,54.55,99.9948,0
2026-04-16T09:00,NSS-APP01,Windows Server 2022,Application Server,22.07,85.54,65.98,99.757,0
2026-03-12T01:00,NSS-DC02,Windows Server 2022,Domain Controller,31.28,31.28,56.91,99.9372,0
2026-02-18T22:00,NSS-APP01,Windows Server 2022,Application Server,36.55,52.94,74.72,99.9207,0
2026-05-30T04:00,NSS-FILE01,Windows Server 2022,File Server,63.42,23.35,45.17,99.9973,0
2026-02-24T18:00,NSS-LINUX-DB01,Rocky Linux 9,Database Server,39.55,80.01,60.09,99.7749,0
2026-05-16T11:00,NSS-LINUX-DB01,Rocky Linux 9,Database Server,32.52,59.13,62.74,99.889,0
2026-04-02T05:00,NSS-DC02,Windows Server 2022,Domain Controller,18.34,50.2,74.94,99.807,0
2026-03-27T21:00,NSS-LINUX-DB01,Rocky Linux 9,Database Server,30.74,46.04,84.72,99.9127,0
2026-04-30T19:00,NSS-DC01,Windows Server 2022,Domain Controller,21.16,48.51,88.04,99.9057,1
2026-02-04T04:00,NSS-DC01,Windows Server 2022,Domain Controller,31.97,33.39,68.73,99.8137,0
2026-05-15T02:00,NSS-LINUX-DB01,Rocky Linux 9,Database Server,14.09,55.91,71.13,99.9655,0
2026-01-22T12:00,NSS-APP01,Windows Server 2022,Application Server,56.33,42.76,50.02,99.754,0
2026-04-07T20:00,NSS-FILE01,Windows Server 2022,File Server,20.59,44.69,37.97,99.9509,0
2026-03-11T18:00,NSS-APP01,Windows Server 2022,Application Server,30.64,68.89,44.37,99.855,0
2026-03-17T18:00,NSS-LINUX-APP01,Ubuntu 24.04,Application Server,25.31,49.76,52.62,99.7769,0
2026-02-11T00:00,NSS-LINUX-APP01,Ubuntu 24.04,Application Server,42.72,98.0,73.22,99.8838,1
2026-07-27T21:00,NSS-APP01,Windows Server 2022,Application Server,7.91,47.99,76.21,99.7559,0
2026-03-28T16:00,NSS-LINUX-APP01,Ubuntu 24.04,Application Server,22.71,67.36,53.69,99.8841,0
2026-06-01T01:00,NSS-MON01,Ubuntu 24.04,Monitoring Server,40.98,58.33,42.82,99.8233,0
2026-07-15T13:00,NSS-LINUX-DB01,Rocky Linux 9,Database Server,29.92,69.72,60.82,99.8353,0
2026-05-19T16:00,NSS-FILE01,Windows Server 2022,File Server,16.85,53.58,47.9,99.9405,0
2026-06-25T06:00,NSS-DC02,Windows Server 2022,Domain Controller,19.07,45.07,42.8,99.9041,0
2026-01-22T11:00,NSS-DC02,Windows Server 2022,Domain Controller,38.13,39.74,55.59,99.9498,0
2026-01-09T20:00,NSS-MON01,Ubuntu 24.04,Monitoring Server,3.03,61.02,24.08,99.9015,0
2026-06-15T20:00,NSS-MON01,Ubuntu 24.04,Monitoring Server,21.53,52.52,52.06,99.8767,0
2026-06-16T18:00,NSS-LINUX-APP01,Ubuntu 24.04,Application Server,30.85,71.37,78.98,99.9667,0
2026-01-14T09:00,NSS-MON01,Ubuntu 24.04,Monitoring Server,9.05,43.4,49.4,99.8876,0
2026-04-14T13:00,NSS-LINUX-APP01,Ubuntu 24.04,Application Server,15.19,66.17,15.95,99.7754,0
2026-02-05T08:00,NSS-DC02,Windows Server 2022,Domain Controller,54.88,56.42,59.77,99.8719,0
2026-04-22T04:00,NSS-DC02,Windows Server 2022,Domain Controller,27.08,31.61,72.09,99.7669,0
2026-01-12T15:00,NSS-DC02,Windows Server 2022,Domain Controller,35.68,62.92,53.79,99.9406,0
2026-07-18T21:00,NSS-APP01,Windows Server 2022,Application Server,19.81,44.89,65.87,99.8786,0
2026-04-10T02:00,NSS-APP01,Windows Server 2022,Application Server,21.22,71.76,72.39,99.9972,0
2026-04-02T09:00,NSS-LINUX-APP01,Ubuntu 24.04,Application Server,50.46,48.49,92.83,99.9584,1
2026-01-15T01:00,NSS-DC01,Windows Server 2022,Domain Controller,5.06,56.02,80.29,99.7945,0
2026-01-31T05:00,NSS-LINUX-APP01,Ubuntu 24.04,Application Server,43.91,30.09,73.37,99.7781,0
2026-02-21T11:00,NSS-LINUX-APP01,Ubuntu 24.04,Application Server,39.2,24.74,88.5,99.7703,1
2026-01-05T00:00,NSS-LINUX-DB01,Rocky Linux 9,Database Server,21.89,49.69,84.44,99.9078,0
2026-05-27T09:00,NSS-DC01,Windows Server 2022,Domain Controller,46.45,61.11,63.04,99.8379,0
2026-03-12T13:00,NSS-DC01,Windows Server 2022,Domain Controller,43.5,90.19,51.64,99.9574,1
2026-02-07T04:00,NSS-FILE01,Windows Server 2022,File Server,49.67,42.52,60.87,99.9048,0
2026-01-03T00:00,NSS-DC02,Windows Server 2022,Domain Controller,14.61,42.76,45.63,99.797,0
2026-07-21T08:00,NSS-MON01,Ubuntu 24.04,Monitoring Server,2.0,49.92,50.3,99.9096,0
2026-01-09T04:00,NSS-DC02,Windows Server 2022,Domain Controller,12.6,57.53,42.66,99.9319,0
2026-05-31T17:00,NSS-DC02,Windows Server 2022,Domain Controller,14.34,46.88,55.92,99.9733,0
2026-06-02T12:00,NSS-FILE01,Windows Server 2022,File Server,36.92,43.64,53.61,99.8869,0
2026-05-12T11:00,NSS-MON01,Ubuntu 24.04,Monitoring Server,31.14,49.7,43.95,99.8547,0
2026-04-26T17:00,NSS-LINUX-DB01,Rocky Linux 9,Database Server,9.05,61.84,68.48,99.9792,0
2026-03-01T08:00,NSS-APP01,Windows Server 2022,Application Server,31.43,63.27,42.95,99.997,0
2026-03-27T16:00,NSS-APP01,Windows Server 2022,Application Server,40.79,42.55,43.6,99.7785,0
2026-03-21T20:00,NSS-DC02,Windows Server 2022,Domain Controller,28.11,46.42,57.22,99.9292,0
2026-07-12T18:00,NSS-DC02,Windows Server 2022,Domain Controller,36.07,69.2,68.55,99.9564,0
2026-03-31T07:00,NSS-FILE01,Windows Server 2022,File Server,8.22,46.44,55.49,99.9746,0
2026-02-25T04:00,NSS-APP01,Windows Server 2022,Application Server,23.31,62.84,68.4,99.819,0
2026-02-16T02:00,NSS-LINUX-DB01,Rocky Linux 9,Database Server,41.56,79.57,58.74,99.9572,0
2026-06-10T03:00,NSS-DC02,Windows Server 2022,Domain Controller,41.64,68.9,59.74,99.953,0
2026-04-04T13:00,NSS-DC01,Windows Server 2022,Domain Controller,20.77,59.43,56.12,99.869,0
2026-01-24T05:00,NSS-LINUX-APP01,Ubuntu 24.04,Application Server,28.42,66.16,62.19,99.8552,0
2026-07-07T08:00,NSS-MON01,Ubuntu 24.04,Monitoring Server,39.21,46.3,57.47,99.8618,0
2026-03-01T08:00,NSS-MON01,Ubuntu 24.04,Monitoring Server,50.44,86.66,85.05,99.8946,1
2026-03-06T04:00,NSS-DC02,Windows Server 2022,Domain Controller,12.53,53.73,48.75,99.9451,0
2026-05-23T16:00,NSS-LINUX-DB01,Rocky Linux 9,Database Server,11.36,40.89,94.21,99.9663,1
2026-05-12T00:00,NSS-LINUX-APP01,Ubuntu 24.04,Application Server,30.3,58.3,55.37,99.9065,0
2026-06-21T12:00,NSS-LINUX-APP01,Ubuntu 24.04,Application Server,11.91,57.11,47.38,99.8635,0
2026-04-30T09:00,NSS-LINUX-APP01,Ubuntu 24.04,Application Server,44.51,66.79,50.36,99.9494,0
2026-06-11T20:00,NSS-LINUX-DB01,Rocky Linux 9,Database Server,34.03,33.81,71.57,99.7856,0
2026-05-05T14:00,NSS-FILE01,Windows Server 2022,File Server,34.72,61.86,70.14,99.9001,0
2026-05-01T03:00,NSS-FILE01,Windows Server 2022,File Server,27.81,25.26,65.09,99.9981,0
2026-05-09T12:00,NSS-LINUX-DB01,Rocky Linux 9,Database Server,30.04,59.34,49.63,99.8256,0
2026-02-15T22:00,NSS-LINUX-APP01,Ubuntu 24.04,Application Server,23.64,57.96,66.69,99.7824,0
2026-03-24T22:00,NSS-LINUX-DB01,Rocky Linux 9,Database Server,17.72,77.31,32.26,99.7635,0
2026-07-27T10:00,NSS-DC01,Windows Server 2022,Domain Controller,29.08,21.28,71.46,99.9077,0
2026-06-06T06:00,NSS-APP01,Windows Server 2022,Application Server,42.07,54.3,58.12,99.8371,0
2026-03-23T11:00,NSS-MON01,Ubuntu 24.04,Monitoring Server,29.44,72.29,78.73,99.9824,0
2026-04-18T06:00,NSS-MON01,Ubuntu 24.04,Monitoring Server,15.18,57.91,38.24,99.8766,0
2026-05-20T03:00,NSS-LINUX-DB01,Rocky Linux 9,Database Server,30.0,85.73,56.52,99.848,0
2026-05-09T04:00,NSS-DC01,Windows Server 2022,Domain Controller,17.89,69.61,60.66,99.9119,0
2026-02-15T05:00,NSS-APP01,Windows Server 2022,Application Server,39.11,53.5,50.5,99.9319,0
2026-03-01T06:00,NSS-LINUX-APP01,Ubuntu 24.04,Application Server,18.32,9.15,79.95,99.9491,0
2026-03-06T03:00,NSS-FILE01,Windows Server 2022,File Server,34.57,36.13,32.94,99.808,0
2026-03-05T15:00,NSS-APP01,Windows Server 2022,Application Server,37.82,63.09,58.97,99.8387,0
2026-02-05T02:00,NSS-DC02,Windows Server 2022,Domain Controller,24.94,35.9,58.7,99.8501,0
2026-05-10T13:00,NSS-MON01,Ubuntu 24.04,Monitoring Server,25.63,28.46,39.11,99.862,0
2026-06-17T10:00,NSS-LINUX-APP01,Ubuntu 24.04,Application Server,22.19,47.03,67.95,99.9469,0
2026-06-01T21:00,NSS-FILE01,Windows Server 2022,File Server,41.79,64.46,76.46,99.9152,0
2026-06-09T03:00,NSS-LINUX-DB01,Rocky Linux 9,Database Server,2.62,46.91,76.03,99.8336,0
2026-07-03T00:00,NSS-FILE01,Windows Server 2022,File Server,24.48,44.77,77.14,99.9908,0
2026-07-13T10:00,NSS-FILE01,Windows Server 2022,File Server,14.14,51.61,50.6,99.8737,0
2026-04-04T08:00,NSS-MON01,Ubuntu 24.04,Monitoring Server,11.64,37.65,61.95,99.8569,0
2026-04-19T17:00,NSS-LINUX-DB01,Rocky Linux 9,Database Server,19.62,52.81,85.6,99.9107,1
2026-03-09T05:00,NSS-DC01,Windows Server 2022,Domain Controller,47.15,60.41,72.11,99.9128,0
2026-02-10T08:00,NSS-LINUX-DB01,Rocky Linux 9,Database Server,21.24,55.56,65.39,99.7762,0
2026-01-09T10:00,NSS-MON01,Ubuntu 24.04,Monitoring Server,40.04,69.92,63.77,99.9829,0
2026-02-26T11:00,NSS-LINUX-APP01,Ubuntu 24.04,Application Server,32.54,81.32,42.36,99.8761,0
2026-07-14T11:00,NSS-DC01,Windows Server 2022,Domain Controller,14.67,41.77,25.69,99.7609,0
2026-05-16T05:00,NSS-LINUX-APP01,Ubuntu 24.04,Application Server,30.27,56.83,80.84,99.959,0
2026-01-26T19:00,NSS-FILE01,Windows Server 2022,File Server,23.59,37.62,59.48,99.7769,0
2026-01-23T09:00,NSS-APP01,Windows Server 2022,Application Server,28.35,46.36,74.58,99.861,0
2026-03-10T15:00,NSS-APP01,Windows Server 2022,Application Server,43.25,95.03,56.64,99.927,1
2026-03-23T13:00,NSS-LINUX-DB01,Rocky Linux 9,Database Server,38.49,33.6,42.68,99.9837,0
2026-03-06T22:00,NSS-DC01,Windows Server 2022,Domain Controller,2.46,73.98,55.56,99.963,0
2026-03-13T14:00,NSS-MON01,Ubuntu 24.04,Monitoring Server,9.66,43.32,43.7,99.9063,0
2026-03-30T04:00,NSS-FILE01,Windows Server 2022,File Server,13.48,36.27,64.33,99.9547,0
2026-01-28T21:00,NSS-LINUX-DB01,Rocky Linux 9,Database Server,23.6,79.13,63.55,99.9,0
2026-02-21T18:00,NSS-DC02,Windows Server 2022,Domain Controller,29.85,53.44,58.37,99.8288,0
2026-03-16T07:00,NSS-DC01,Windows Server 2022,Domain Controller,34.83,77.94,66.05,99.846,0
2026-01-24T14:00,NSS-LINUX-DB01,Rocky Linux 9,Database Server,16.88,36.22,41.05,99.8978,0
2026-05-07T01:00,NSS-FILE01,Windows Server 2022,File Server,42.19,61.06,46.91,99.9315,0
2026-07-20T19:00,NSS-APP01,Windows Server 2022,Application Server,5.59,79.27,83.05,99.9748,0
2026-01-25T19:00,NSS-FILE01,Windows Server 2022,File Server,4.33,49.09,71.86,99.9372,0
2026-05-17T03:00,NSS-FILE01,Windows Server 2022,File Server,34.28,40.43,58.11,99.7933,0
2026-06-19T09:00,NSS-APP01,Windows Server 2022,Application Server,46.38,47.04,54.76,99.7949,0
2026-04-03T21:00,NSS-LINUX-APP01,Ubuntu 24.04,Application Server,48.49,64.83,61.06,99.9097,0
2026-04-17T14:00,NSS-DC01,Windows Server 2022,Domain Controller,41.81,56.43,68.86,99.827,0
2026-07-24T23:00,NSS-APP01,Windows Server 2022,Application Server,33.63,45.08,45.67,99.9045,0
2026-07-28T04:00,NSS-LINUX-DB01,Rocky Linux 9,Database Server,36.06,63.0,59.79,99.8791,0
2026-05-15T09:00,NSS-FILE01,Windows Server 2022,File Server,15.25,23.08,69.0,99.9365,0
2026-01-23T17:00,NSS-FILE01,Windows Server 2022,File Server,34.94,24.23,57.31,99.9611,0
2026-02-28T19:00,NSS-FILE01,Windows Server 2022,File Server,12.17,64.47,56.93,99.9237,0
2026-06-16T11:00,NSS-DC01,Windows Server 2022,Domain Controller,23.22,39.78,68.12,99.9255,0
2026-06-27T07:00,NSS-LINUX-DB01,Rocky Linux 9,Database Server,16.59,67.3,65.47,99.8839,0
2026-03-04T13:00,NSS-DC02,Windows Server 2022,Domain Controller,26.67,68.32,65.11,99.7857,0
2026-07-29T00:00,NSS-APP01,Windows Server 2022,Application Server,41.57,78.15,66.41,99.9067,0
2026-01-22T07:00,NSS-MON01,Ubuntu 24.04,Monitoring Server,10.63,66.05,44.68,99.9309,0
2026-06-01T19:00,NSS-LINUX-DB01,Rocky Linux 9,Database Server,39.08,64.84,55.61,99.9735,0
2026-04-12T10:00,NSS-LINUX-APP01,Ubuntu 24.04,Application Server,10.02,42.2,41.41,99.9312,0
2026-01-31T20:00,NSS-LINUX-APP01,Ubuntu 24.04,Application Server,41.8,49.16,66.65,99.9093,0
2026-03-14T04:00,NSS-FILE01,Windows Server 2022,File Server,26.06,36.34,50.28,99.9063,0
2026-01-09T14:00,NSS-MON01,Ubuntu 24.04,Monitoring Server,39.4,62.76,76.18,99.8286,0
2026-01-20T16:00,NSS-LINUX-APP01,Ubuntu 24.04,Application Server,3.51,33.02,60.14,99.8733,0
2026-01-31T15:00,NSS-LINUX-DB01,Rocky Linux 9,Database Server,2.85,67.67,60.13,99.8519,0
2026-07-12T12:00,NSS-FILE01,Windows Server 2022,File Server,8.31,30.91,36.77,99.9208,0
2026-03-03T01:00,NSS-MON01,Ubuntu 24.04,Monitoring Server,27.75,68.62,55.0,99.8052,0
2026-07-19T23:00,NSS-APP01,Windows Server 2022,Application Server,31.73,48.64,35.03,99.9586,0
2026-01-17T15:00,NSS-DC02,Windows Server 2022,Domain Controller,38.26,80.79,71.37,99.7573,0
2026-02-21T17:00,NSS-DC02,Windows Server 2022,Domain Controller,7.11,41.36,62.99,99.7885,0
2026-03-02T13:00,NSS-FILE01,Windows Server 2022,File Server,13.62,59.39,45.65,99.7803,0
2026-03-17T08:00,NSS-DC01,Windows Server 2022,Domain Controller,38.72,73.17,78.99,99.8607,0
2026-05-25T03:00,NSS-FILE01,Windows Server 2022,File Server,23.41,66.56,39.96,99.8076,0
2026-03-03T02:00,NSS-LINUX-DB01,Rocky Linux 9,Database Server,13.71,51.09,54.45,99.7723,0
2026-01-10T11:00,NSS-LINUX-APP01,Ubuntu 24.04,Application Server,5.59,84.81,53.73,99.8504,0
2026-06-22T20:00,NSS-MON01,Ubuntu 24.04,Monitoring Server,47.4,63.3,71.0,99.9442,0
2026-02-16T12:00,NSS-DC01,Windows Server 2022,Domain Controller,32.87,17.47,71.34,99.982,0
2026-04-19T04:00,NSS-APP01,Windows Server 2022,Application Server,39.62,39.5,61.34,99.9583,0
2026-01-04T07:00,NSS-LINUX-DB01,Rocky Linux 9,Database Server,46.52,64.08,53.96,99.916,0
2026-04-11T20:00,NSS-FILE01,Windows Server 2022,File Server,38.55,69.32,80.53,99.8832,0
2026-04-24T07:00,NSS-FILE01,Windows Server 2022,File Server,2.0,43.64,67.18,99.8683,0
2026-07-19T02:00,NSS-DC02,Windows Server 2022,Domain Controller,36.74,51.62,47.58,99.8679,0
2026-06-04T08:00,NSS-MON01,Ubuntu 24.04,Monitoring Server,24.78,38.14,74.25,99.9094,0
2026-07-20T16:00,NSS-LINUX-DB01,Rocky Linux 9,Database Server,31.83,40.6,52.16,99.9585,0
2026-05-16T02:00,NSS-LINUX-DB01,Rocky Linux 9,Database Server,18.5,69.79,50.84,99.7805,0
2026-03-05T04:00,NSS-DC02,Windows Server 2022,Domain Controller,33.47,57.77,63.19,99.7615,0
2026-04-11T06:00,NSS-LINUX-DB01,Rocky Linux 9,Database Server,18.77,59.77,36.76,99.8512,0
2026-02-01T08:00,NSS-APP01,Windows Server 2022,Application Server,62.7,51.08,54.69,99.8441,0
2026-05-07T22:00,NSS-LINUX-APP01,Ubuntu 24.04,Application Server,15.24,51.0,61.8,99.9326,0
2026-03-05T03:00,NSS-DC01,Windows Server 2022,Domain Controller,35.65,56.9,59.36,99.8992,0
2026-07-25T13:00,NSS-DC01,Windows Server 2022,Domain Controller,29.37,67.48,54.95,99.7666,0
2026-06-22T22:00,NSS-DC02,Windows Server 2022,Domain Controller,20.32,56.64,69.33,99.916,0
2026-03-08T14:00,NSS-APP01,Windows Server 2022,Application Server,23.81,48.42,57.88,99.9946,0
2026-02-02T04:00,NSS-LINUX-APP01,Ubuntu 24.04,Application Server,2.0,42.69,54.25,99.7787,0
2026-02-09T14:00,NSS-APP01,Windows Server 2022,Application Server,23.37,55.09,36.67,99.8334,0
2026-05-31T08:00,NSS-LINUX-DB01,Rocky Linux 9,Database Server,10.16,36.49,56.65,99.9559,0
2026-06-14T04:00,NSS-FILE01,Windows Server 2022,File Server,35.5,53.23,73.01,99.9959,0
2026-03-31T19:00,NSS-FILE01,Windows Server 2022,File Server,26.17,53.66,48.97,99.959,0
2026-02-16T09:00,NSS-DC01,Windows Server 2022,Domain Controller,69.52,42.37,69.0,99.7864,0
2026-05-02T07:00,NSS-DC01,Windows Server 2022,Domain Controller,29.63,78.27,66.65,99.8058,0
2026-05-29T13:00,NSS-FILE01,Windows Server 2022,File Server,25.66,53.32,40.8,99.9728,0
2026-06-09T07:00,NSS-LINUX-APP01,Ubuntu 24.04,Application Server,25.92,70.64,50.12,99.9686,0
2026-03-06T19:00,NSS-LINUX-APP01,Ubuntu 24.04,Application Server,26.56,61.63,68.02,99.81,0
2026-02-15T12:00,NSS-FILE01,Windows Server 2022,File Server,30.73,72.09,61.51,99.7837,0
2026-02-27T06:00,NSS-LINUX-DB01,Rocky Linux 9,Database Server,37.04,23.97,70.28,99.992,0
2026-04-15T09:00,NSS-DC01,Windows Server 2022,Domain Controller,38.75,41.68,75.52,99.9461,0
2026-06-30T03:00,NSS-APP01,Windows Server 2022,Application Server,30.3,37.81,45.74,99.8377,0
2026-01-31T23:00,NSS-DC01,Windows Server 2022,Domain Controller,26.12,46.86,74.79,99.9908,0
2026-05-07T19:00,NSS-LINUX-DB01,Rocky Linux 9,Database Server,7.4,37.48,25.36,99.7807,0
2026-06-14T15:00,NSS-LINUX-DB01,Rocky Linux 9,Database Server,25.27,78.83,68.63,99.7602,0
2026-02-24T17:00,NSS-FILE01,Windows Server 2022,File Server,13.99,47.21,62.63,99.8425,0
2026-03-20T21:00,NSS-DC01,Windows Server 2022,Domain Controller,34.81,77.38,64.14,99.922,0
2026-01-16T04:00,NSS-FILE01,Windows Server 2022,File Server,36.32,64.17,34.52,99.7804,0
2026-04-29T23:00,NSS-LINUX-DB01,Rocky Linux 9,Database Server,21.96,41.68,45.61,99.8158,0
2026-02-15T22:00,NSS-FILE01,Windows Server 2022,File Server,25.93,46.81,52.27,99.9119,0
2026-07-03T02:00,NSS-FILE01,Windows Server 2022,File Server,3.13,36.13,71.28,99.7915,0
2026-03-12T19:00,NSS-DC01,Windows Server 2022,Domain Controller,12.26,47.38,55.68,99.9957,0
2026-01-24T17:00,NSS-DC01,Windows Server 2022,Domain Controller,22.21,48.95,76.66,99.882,0
2026-06-09T00:00,NSS-LINUX-APP01,Ubuntu 24.04,Application Server,33.46,55.01,60.07,99.8581,0
2026-06-19T18:00,NSS-LINUX-APP01,Ubuntu 24.04,Application Server,37.26,69.06,41.96,99.785,0
2026-01-16T02:00,NSS-LINUX-DB01,Rocky Linux 9,Database Server,16.5,72.65,67.23,99.9337,0
2026-04-23T06:00,NSS-DC02,Windows Server 2022,Domain Controller,31.79,40.07,47.74,99.82,0
2026-04-06T22:00,NSS-APP01,Windows Server 2022,Application Server,19.43,29.39,82.61,99.9502,0
2026-05-18T15:00,NSS-LINUX-APP01,Ubuntu 24.04,Application Server,13.99,53.46,75.3,99.9938,0
2026-06-25T21:00,NSS-FILE01,Windows Server 2022,File Server,28.54,33.89,64.66,99.9986,0
2026-03-31T06:00,NSS-MON01,Ubuntu 24.04,Monitoring Server,2.0,44.99,66.39,99.9995,0
2026-01-03T00:00,NSS-MON01,Ubuntu 24.04,Monitoring Server,50.8,36.42,52.45,99.9766,0
2026-01-30T20:00,NSS-DC01,Windows Server 2022,Domain Controller,16.83,63.35,81.32,99.8387,0
2026-01-04T12:00,NSS-APP01,Windows Server 2022,Application Server,17.64,76.75,89.43,99.9217,1
2026-02-28T19:00,NSS-DC02,Windows Server 2022,Domain Controller,37.25,49.82,75.73,99.982,0
2026-05-11T09:00,NSS-DC02,Windows Server 2022,Domain Controller,20.73,56.7,75.1,99.9206,0
2026-02-25T22:00,NSS-DC02,Windows Server 2022,Domain Controller,32.36,67.16,57.55,99.7644,0
2026-01-15T11:00,NSS-APP01,Windows Server 2022,Application Server,29.67,47.94,65.5,99.7618,0
2026-04-18T07:00,NSS-LINUX-DB01,Rocky Linux 9,Database Server,28.3,54.25,43.8,99.8911,0
2026-07-25T10:00,NSS-DC01,Windows Server 2022,Domain Controller,43.94,69.3,59.56,99.9899,0
2026-02-06T03:00,NSS-DC02,Windows Server 2022,Domain Controller,37.58,51.52,71.81,99.8826,0
2026-03-16T01:00,NSS-FILE01,Windows Server 2022,File Server,17.63,43.4,59.4,99.7746,0
2026-04-29T06:00,NSS-MON01,Ubuntu 24.04,Monitoring Server,14.78,67.82,78.15,99.9269,0
2026-07-30T00:00,NSS-MON01,Ubuntu 24.04,Monitoring Server,28.74,52.07,49.1,99.8675,0
2026-04-26T14:00,NSS-APP01,Windows Server 2022,Application Server,51.78,40.71,38.01,99.9648,0
2026-03-01T14:00,NSS-MON01,Ubuntu 24.04,Monitoring Server,2.0,54.03,39.32,99.7889,0
2026-05-19T03:00,NSS-LINUX-APP01,Ubuntu 24.04,Application Server,22.55,55.65,51.95,99.7688,0
2026-03-21T15:00,NSS-LINUX-DB01,Rocky Linux 9,Database Server,10.88,77.21,50.69,99.8859,0
2026-05-01T20:00,NSS-LINUX-APP01,Ubuntu 24.04,Application Server,12.6,69.44,76.83,99.8306,0
2026-07-03T15:00,NSS-DC02,Windows Server 2022,Domain Controller,22.54,60.69,81.26,99.8647,0
2026-06-22T15:00,NSS-DC02,Windows Server 2022,Domain Controller,57.52,71.88,50.65,99.929,0
2026-06-01T01:00,NSS-LINUX-APP01,Ubuntu 24.04,Application Server,14.57,47.77,54.19,99.7783,0
2026-02-17T14:00,NSS-FILE01,Windows Server 2022,File Server,14.35,73.63,62.01,99.8443,0
2026-06-17T06:00,NSS-MON01,Ubuntu 24.04,Monitoring Server,11.76,56.51,59.13,99.7529,0
2026-02-17T17:00,NSS-LINUX-APP01,Ubuntu 24.04,Application Server,16.5,69.91,42.33,99.7708,0
2026-04-14T12:00,NSS-MON01,Ubuntu 24.04,Monitoring Server,14.54,63.34,47.68,99.9717,0
2026-04-06T23:00,NSS-LINUX-DB01,Rocky Linux 9,Database Server,40.67,70.07,48.88,99.7785,0
2026-05-23T10:00,NSS-FILE01,Windows Server 2022,File Server,38.26,51.51,79.08,99.8336,0
2026-05-12T07:00,NSS-LINUX-APP01,Ubuntu 24.04,Application Server,40.26,35.05,20.05,99.9397,0
2026-05-08T05:00,NSS-LINUX-APP01,Ubuntu 24.04,Application Server,37.32,78.69,30.82,99.8178,0
2026-06-07T22:00,NSS-LINUX-DB01,Rocky Linux 9,Database Server,30.91,59.85,62.44,99.9438,0
2026-06-27T14:00,NSS-FILE01,Windows Server 2022,File Server,23.37,53.69,53.25,99.8731,0
2026-03-27T20:00,NSS-DC01,Windows Server 2022,Domain Controller,15.41,56.23,35.3,99.945,0
2026-04-18T14:00,NSS-LINUX-DB01,Rocky Linux 9,Database Server,30.51,51.85,43.74,99.7732,0
2026-07-01T20:00,NSS-LINUX-DB01,Rocky Linux 9,Database Server,18.34,45.2,89.12,99.8944,1
2026-02-03T15:00,NSS-LINUX-APP01,Ubuntu 24.04,Application Server,43.57,43.12,53.11,99.9949,0
2026-05-07T11:00,NSS-DC01,Windows Server 2022,Domain Controller,32.4,44.84,62.79,99.994,0
2026-02-13T17:00,NSS-LINUX-DB01,Rocky Linux 9,Database Server,42.05,45.37,76.27,99.9277,0
2026-06-26T06:00,NSS-DC02,Windows Server 2022,Domain Controller,5.93,65.0,61.68,99.9683,0
2026-05-27T12:00,NSS-LINUX-DB01,Rocky Linux 9,Database Server,2.0,49.32,34.63,99.8246,0
2026-02-21T00:00,NSS-LINUX-DB01,Rocky Linux 9,Database Server,26.41,51.96,43.15,99.9025,0
2026-01-22T02:00,NSS-DC01,Windows Server 2022,Domain Controller,13.63,67.21,50.86,99.9605,0
2026-03-30T20:00,NSS-LINUX-DB01,Rocky Linux 9,Database Server,15.5,52.08,71.41,99.7783,0
2026-06-24T05:00,NSS-DC02,Windows Server 2022,Domain Controller,2.0,45.89,61.02,99.8053,0
2026-01-23T00:00,NSS-LINUX-APP01,Ubuntu 24.04,Application Server,19.41,95.9,48.67,99.8008,1
2026-06-14T12:00,NSS-APP01,Windows Server 2022,Application Server,16.11,38.15,40.69,99.912,0
2026-02-23T02:00,NSS-LINUX-APP01,Ubuntu 24.04,Application Server,34.46,53.94,54.19,99.7644,0
2026-02-26T17:00,NSS-APP01,Windows Server 2022,Application Server,27.59,59.65,74.34,99.9291,0
2026-03-28T22:00,NSS-FILE01,Windows Server 2022,File Server,7.61,39.14,46.82,99.9436,0
2026-01-15T01:00,NSS-FILE01,Windows Server 2022,File Server,34.0,64.09,63.05,99.9212,0
2026-01-27T18:00,NSS-APP01,Windows Server 2022,Application Server,15.76,64.56,58.81,99.943,0
2026-06-18T22:00,NSS-LINUX-DB01,Rocky Linux 9,Database Server,32.07,45.98,65.98,99.9211,0
2026-06-06T19:00,NSS-MON01,Ubuntu 24.04,Monitoring Server,19.32,37.92,45.31,99.7777,0
2026-06-14T21:00,NSS-FILE01,Windows Server 2022,File Server,3.18,33.79,57.93,99.8479,0
2026-01-24T12:00,NSS-FILE01,Windows Server 2022,File Server,18.27,41.02,75.2,99.9471,0
2026-04-21T14:00,NSS-DC02,Windows Server 2022,Domain Controller,30.43,56.21,66.26,99.8643,0
2026-01-18T17:00,NSS-APP01,Windows Server 2022,Application Server,23.99,62.29,62.93,99.8819,0
2026-06-27T18:00,NSS-APP01,Windows Server 2022,Application Server,24.18,52.63,53.01,99.962,0
2026-03-23T14:00,NSS-FILE01,Windows Server 2022,File Server,27.0,42.31,72.75,99.7937,0
2026-01-29T01:00,NSS-APP01,Windows Server 2022,Application Server,6.56,60.26,35.31,99.7684,0
2026-06-09T20:00,NSS-LINUX-APP01,Ubuntu 24.04,Application Server,38.47,56.7,83.73,99.8105,0
2026-01-04T11:00,NSS-DC02,Windows Server 2022,Domain Controller,18.1,78.31,53.44,99.7815,0
2026-05-18T13:00,NSS-FILE01,Windows Server 2022,File Server,49.64,49.73,66.04,99.7916,0
2026-06-18T23:00,NSS-DC01,Windows Server 2022,Domain Controller,39.67,58.04,62.64,99.9077,0
2026-07-27T04:00,NSS-MON01,Ubuntu 24.04,Monitoring Server,39.71,53.63,75.65,99.767,0
2026-06-15T06:00,NSS-DC02,Windows Server 2022,Domain Controller,14.74,63.6,73.25,99.8523,0
2026-04-27T16:00,NSS-FILE01,Windows Server 2022,File Server,36.19,63.28,46.32,99.9106,0
2026-07-25T14:00,NSS-DC02,Windows Server 2022,Domain Controller,23.25,39.0,43.45,99.9568,0
2026-05-02T06:00,NSS-APP01,Windows Server 2022,Application Server,20.44,62.85,67.02,99.8985,0
2026-02-24T05:00,NSS-LINUX-DB01,Rocky Linux 9,Database Server,16.04,55.13,59.84,99.9495,0
2026-05-26T10:00,NSS-APP01,Windows Server 2022,Application Server,27.13,47.69,86.74,99.8383,1
2026-07-14T07:00,NSS-FILE01,Windows Server 2022,File Server,18.81,59.8,49.76,99.9529,0
2026-06-05T20:00,NSS-LINUX-APP01,Ubuntu 24.04,Application Server,28.88,27.54,64.05,99.7952,0
2026-01-25T04:00,NSS-FILE01,Windows Server 2022,File Server,9.19,40.31,54.65,99.8426,0
2026-04-14T18:00,NSS-LINUX-APP01,Ubuntu 24.04,Application Server,39.87,69.65,60.68,99.861,0
2026-03-12T07:00,NSS-LINUX-DB01,Rocky Linux 9,Database Server,2.0,54.36,48.63,99.8705,0
2026-07-28T22:00,NSS-MON01,Ubuntu 24.04,Monitoring Server,32.48,54.22,45.54,99.9758,0
2026-01-24T20:00,NSS-DC02,Windows Server 2022,Domain Controller,48.84,59.33,68.22,99.7921,0
2026-05-22T03:00,NSS-DC01,Windows Server 2022,Domain Controller,33.01,45.47,86.54,99.8157,1
2026-03-18T15:00,NSS-DC02,Windows Server 2022,Domain Controller,35.28,48.77,56.94,99.8612,0
2026-05-25T11:00,NSS-LINUX-APP01,Ubuntu 24.04,Application Server,52.38,70.62,64.46,99.8305,0
2026-01-13T01:00,NSS-DC01,Windows Server 2022,Domain Controller,12.54,46.37,45.11,99.9228,0
2026-07-11T19:00,NSS-DC02,Windows Server 2022,Domain Controller,13.39,68.3,69.43,99.9632,0
2026-06-25T18:00,NSS-DC01,Windows Server 2022,Domain Controller,36.68,35.77,54.9,99.9965,0
2026-07-03T08:00,NSS-MON01,Ubuntu 24.04,Monitoring Server,21.73,55.39,59.08,99.9367,0
2026-07-22T09:00,NSS-FILE01,Windows Server 2022,File Server,26.99,37.61,68.27,99.7596,0
2026-01-29T22:00,NSS-LINUX-DB01,Rocky Linux 9,Database Server,43.14,58.03,37.54,99.9303,0
2026-07-22T00:00,NSS-DC02,Windows Server 2022,Domain Controller,26.68,87.69,66.99,99.8146,0
2026-06-18T00:00,NSS-LINUX-DB01,Rocky Linux 9,Database Server,30.5,42.74,56.38,99.8338,0
2026-02-16T23:00,NSS-DC01,Windows Server 2022,Domain Controller,27.51,27.11,54.04,99.9203,0
2026-07-25T18:00,NSS-APP01,Windows Server 2022,Application Server,26.5,52.01,49.21,99.8798,0
2026-03-29T03:00,NSS-FILE01,Windows Server 2022,File Server,24.75,33.6,63.25,99.9702,0
2026-04-01T12:00,NSS-MON01,Ubuntu 24.04,Monitoring Server,43.57,58.6,66.5,99.8613,0
2026-01-07T15:00,NSS-FILE01,Windows Server 2022,File Server,2.0,43.44,55.65,99.8311,0
2026-03-09T09:00,NSS-MON01,Ubuntu 24.04,Monitoring Server,4.26,70.09,69.33,99.8217,0
2026-01-28T03:00,NSS-DC01,Windows Server 2022,Domain Controller,10.01,62.37,54.6,99.9638,0
2026-02-14T23:00,NSS-FILE01,Windows Server 2022,File Server,3.86,48.28,70.65,99.945,0
2026-05-26T20:00,NSS-DC02,Windows Server 2022,Domain Controller,30.4,67.92,64.96,99.7863,0
2026-04-01T01:00,NSS-APP01,Windows Server 2022,Application Server,32.64,66.46,48.56,99.872,0
2026-05-29T23:00,NSS-DC02,Windows Server 2022,Domain Controller,19.32,91.21,56.05,99.9079,1
2026-01-07T00:00,NSS-FILE01,Windows Server 2022,File Server,2.0,45.21,40.28,99.7606,0
2026-05-18T21:00,NSS-FILE01,Windows Server 2022,File Server,36.51,43.68,43.77,99.8161,0
2026-05-18T06:00,NSS-LINUX-DB01,Rocky Linux 9,Database Server,22.07,33.54,86.13,99.8614,1
2026-05-06T01:00,NSS-MON01,Ubuntu 24.04,Monitoring Server,28.39,63.64,28.54,99.805,0
2026-01-15T20:00,NSS-DC01,Windows Server 2022,Domain Controller,17.88,66.08,56.91,99.9943,0
2026-06-20T15:00,NSS-LINUX-APP01,Ubuntu 24.04,Application Server,10.84,25.28,74.92,99.8857,0
2026-03-12T16:00,NSS-LINUX-APP01,Ubuntu 24.04,Application Server,28.94,64.43,69.45,99.9205,0
2026-05-19T16:00,NSS-FILE01,Windows Server 2022,File Server,12.8,65.13,65.29,99.7891,0
2026-02-17T17:00,NSS-DC01,Windows Server 2022,Domain Controller,24.75,58.59,52.2,99.7881,0
2026-04-28T09:00,NSS-FILE01,Windows Server 2022,File Server,10.05,72.19,28.81,99.7585,0
2026-05-08T10:00,NSS-FILE01,Windows Server 2022,File Server,20.06,57.91,66.56,99.9563,0
2026-04-07T09:00,NSS-MON01,Ubuntu 24.04,Monitoring Server,38.07,36.15,71.75,99.8562,0
2026-03-27T16:00,NSS-LINUX-DB01,Rocky Linux 9,Database Server,41.78,56.67,62.17,99.9466,0
2026-06-14T07:00,NSS-APP01,Windows Server 2022,Application Server,31.9,62.14,77.56,99.9424,0
2026-03-24T22:00,NSS-DC02,Windows Server 2022,Domain Controller,27.72,44.4,72.24,99.8285,0
2026-04-14T09:00,NSS-LINUX-DB01,Rocky Linux 9,Database Server,41.61,66.53,78.02,99.888,0
2026-05-01T09:00,NSS-FILE01,Windows Server 2022,File Server,30.09,54.3,50.63,99.9759,0
2026-06-24T08:00,NSS-DC01,Windows Server 2022,Domain Controller,39.71,48.56,29.19,99.896,0
2026-07-25T18:00,NSS-DC02,Windows Server 2022,Domain Controller,15.53,43.76,59.87,99.8142,0
2026-04-06T19:00,NSS-LINUX-DB01,Rocky Linux 9,Database Server,44.54,76.45,40.74,99.7982,0
2026-01-03T16:00,NSS-LINUX-APP01,Ubuntu 24.04,Application Server,29.54,42.58,73.53,99.8397,0
2026-04-27T08:00,NSS-DC02,Windows Server 2022,Domain Controller,7.7,62.4,74.14,99.8177,0
2026-02-28T00:00,NSS-FILE01,Windows Server 2022,File Server,33.13,62.44,62.94,99.97,0
2026-03-22T12:00,NSS-DC02,Windows Server 2022,Domain Controller,51.85,59.55,69.96,99.8101,0
2026-01-28T21:00,NSS-APP01,Windows Server 2022,Application Server,42.96,57.91,61.71,99.8386,0
2026-05-17T02:00,NSS-FILE01,Windows Server 2022,File Server,48.28,36.79,47.7,99.9891,0
2026-05-06T03:00,NSS-LINUX-APP01,Ubuntu 24.04,Application Server,20.1,47.54,59.06,99.9382,0
2026-04-04T21:00,NSS-LINUX-DB01,Rocky Linux 9,Database Server,24.51,43.19,65.69,99.9999,0
2026-05-07T17:00,NSS-FILE01,Windows Server 2022,File Server,31.32,56.89,57.23,99.7999,0
2026-05-11T13:00,NSS-APP01,Windows Server 2022,Application Server,53.5,75.24,43.88,99.8552,0
2026-05-15T22:00,NSS-MON01,Ubuntu 24.04,Monitoring Server,7.18,51.71,62.22,99.7909,0
2026-04-17T03:00,NSS-DC01,Windows Server 2022,Domain Controller,34.85,83.38,51.41,99.7546,0
2026-07-03T00:00,NSS-FILE01,Windows Server 2022,File Server,14.7,76.39,56.01,99.8703,0
2026-06-05T20:00,NSS-APP01,Windows Server 2022,Application Server,23.17,58.42,79.11,99.7971,0
2026-02-01T13:00,NSS-APP01,Windows Server 2022,Application Server,28.35,62.23,95.0,99.9971,1
2026-04-14T02:00,NSS-LINUX-APP01,Ubuntu 24.04,Application Server,7.23,71.09,58.4,99.8008,0
2026-01-17T05:00,NSS-LINUX-DB01,Rocky Linux 9,Database Server,48.66,59.62,79.15,99.8048,0
2026-01-29T08:00,NSS-DC01,Windows Server 2022,Domain Controller,34.0,68.46,48.71,99.8732,0
2026-06-20T00:00,NSS-LINUX-APP01,Ubuntu 24.04,Application Server,29.89,74.04,73.0,99.7526,0
2026-07-22T08:00,NSS-FILE01,Windows Server 2022,File Server,40.18,52.65,49.36,99.9601,0
2026-01-28T22:00,NSS-DC01,Windows Server 2022,Domain Controller,12.79,65.4,81.15,99.965,0
2026-04-11T23:00,NSS-FILE01,Windows Server 2022,File Server,28.87,47.27,71.57,99.8219,0
2026-07-07T11:00,NSS-FILE01,Windows Server 2022,File Server,45.48,38.86,38.49,99.9112,0
2026-04-24T17:00,NSS-FILE01,Windows Server 2022,File Server,11.47,79.48,50.3,99.9225,0
2026-04-14T11:00,NSS-DC01,Windows Server 2022,Domain Controller,10.27,24.58,51.72,99.9538,0
2026-02-12T11:00,NSS-LINUX-DB01,Rocky Linux 9,Database Server,40.85,63.16,71.75,99.7714,0
2026-01-21T15:00,NSS-DC01,Windows Server 2022,Domain Controller,33.27,45.02,69.3,99.7652,0
2026-06-02T00:00,NSS-LINUX-DB01,Rocky Linux 9,Database Server,13.99,54.36,51.52,99.7581,0
2026-04-11T02:00,NSS-LINUX-APP01,Ubuntu 24.04,Application Server,4.61,77.62,57.53,99.7636,0
2026-07-08T19:00,NSS-APP01,Windows Server 2022,Application Server,8.15,45.27,29.33,99.7867,0
2026-01-22T03:00,NSS-MON01,Ubuntu 24.04,Monitoring Server,25.07,77.83,55.54,99.8462,0
2026-04-05T14:00,NSS-LINUX-APP01,Ubuntu 24.04,Application Server,23.49,70.55,47.46,99.7933,0
2026-01-21T12:00,NSS-DC02,Windows Server 2022,Domain Controller,35.89,56.47,64.57,99.7782,0
2026-03-17T05:00,NSS-FILE01,Windows Server 2022,File Server,23.32,61.57,56.73,99.8026,0
2026-05-21T22:00,NSS-APP01,Windows Server 2022,Application Server,35.95,45.72,55.34,99.9116,0
2026-07-27T19:00,NSS-FILE01,Windows Server 2022,File Server,16.85,52.58,52.05,99.752,0
2026-04-26T12:00,NSS-LINUX-APP01,Ubuntu 24.04,Application Server,19.42,18.71,41.41,99.8854,0
2026-05-10T03:00,NSS-FILE01,Windows Server 2022,File Server,25.34,71.53,52.52,99.9349,0
2026-06-19T00:00,NSS-LINUX-DB01,Rocky Linux 9,Database Server,31.72,33.6,73.09,99.9051,0
2026-02-22T04:00,NSS-APP01,Windows Server 2022,Application Server,49.25,55.44,72.18,99.9055,0
2026-01-31T05:00,NSS-LINUX-APP01,Ubuntu 24.04,Application Server,20.91,41.18,59.56,99.9897,0
2026-01-10T08:00,NSS-LINUX-APP01,Ubuntu 24.04,Application Server,7.6,65.06,67.8,99.9295,0
2026-03-21T21:00,NSS-DC01,Windows Server 2022,Domain Controller,21.5,66.82,50.01,99.7508,0
2026-05-18T20:00,NSS-DC01,Windows Server 2022,Domain Controller,13.57,58.54,50.82,99.9422,0
2026-04-28T13:00,NSS-DC02,Windows Server 2022,Domain Controller,29.1,57.53,53.79,99.8775,0
2026-05-16T14:00,NSS-DC01,Windows Server 2022,Domain Controller,25.18,53.18,53.59,99.7847,0
2026-04-28T01:00,NSS-FILE01,Windows Server 2022,File Server,21.01,60.91,70.06,99.926,0
2026-05-22T03:00,NSS-FILE01,Windows Server 2022,File Server,15.85,55.47,59.13,99.9271,0
2026-07-08T16:00,NSS-FILE01,Windows Server 2022,File Server,41.29,57.67,70.65,99.8323,0
2026-06-24T10:00,NSS-DC02,Windows Server 2022,Domain Controller,27.15,49.37,73.93,99.8253,0
2026-07-02T13:00,NSS-DC01,Windows Server 2022,Domain Controller,49.68,56.15,66.93,99.9635,0
2026-07-01T03:00,NSS-FILE01,Windows Server 2022,File Server,6.5,59.8,52.44,99.9283,0
2026-07-23T06:00,NSS-DC02,Windows Server 2022,Domain Controller,41.44,49.17,40.12,99.7767,0
2026-05-27T02:00,NSS-APP01,Windows Server 2022,Application Server,55.91,37.23,67.96,99.9357,0
2026-01-23T18:00,NSS-LINUX-APP01,Ubuntu 24.04,Application Server,18.78,46.19,49.71,99.9446,0
2026-06-08T01:00,NSS-FILE01,Windows Server 2022,File Server,35.92,46.72,56.41,99.8555,0
2026-01-06T04:00,NSS-LINUX-APP01,Ubuntu 24.04,Application Server,24.0,57.95,79.03,99.7838,0
2026-07-08T03:00,NSS-DC01,Windows Server 2022,Domain Controller,14.74,28.52,45.46,99.7592,0
2026-02-16T01:00,NSS-DC01,Windows Server 2022,Domain Controller,30.51,55.27,56.39,99.8445,0
2026-03-05T22:00,NSS-FILE01,Windows Server 2022,File Server,14.31,64.28,72.83,99.7967,0
2026-04-24T10:00,NSS-DC01,Windows Server 2022,Domain Controller,31.74,38.11,57.12,99.9525,0
2026-01-22T01:00,NSS-MON01,Ubuntu 24.04,Monitoring Server,48.02,65.96,82.39,99.9227,0
2026-03-31T15:00,NSS-LINUX-DB01,Rocky Linux 9,Database Server,33.91,71.52,43.28,99.7772,0
2026-01-25T04:00,NSS-LINUX-APP01,Ubuntu 24.04,Application Server,2.0,56.56,58.95,99.8647,0
2026-01-01T23:00,NSS-FILE01,Windows Server 2022,File Server,10.53,62.88,55.88,99.9025,0
2026-03-24T19:00,NSS-MON01,Ubuntu 24.04,Monitoring Server,21.12,28.51,89.17,99.8239,1
2026-02-21T09:00,NSS-MON01,Ubuntu 24.04,Monitoring Server,26.12,52.98,77.74,99.8098,0
2026-01-07T01:00,NSS-FILE01,Windows Server 2022,File Server,11.12,51.78,70.16,99.8856,0
2026-04-11T15:00,NSS-LINUX-DB01,Rocky Linux 9,Database Server,32.23,66.22,63.91,99.9095,0
2026-01-03T18:00,NSS-MON01,Ubuntu 24.04,Monitoring Server,51.96,62.95,60.9,99.9999,0
2026-03-21T11:00,NSS-LINUX-APP01,Ubuntu 24.04,Application Server,32.92,77.42,63.88,99.8117,0
2026-06-24T12:00,NSS-LINUX-APP01,Ubuntu 24.04,Application Server,31.29,45.92,48.98,99.8611,0
2026-01-15T21:00,NSS-DC02,Windows Server 2022,Domain Controller,18.01,19.46,89.52,99.7647,1
2026-03-28T05:00,NSS-LINUX-APP01,Ubuntu 24.04,Application Server,28.28,31.51,59.76,99.7522,0
2026-06-04T07:00,NSS-FILE01,Windows Server 2022,File Server,9.89,55.88,65.99,99.9843,0
2026-06-20T12:00,NSS-FILE01,Windows Server 2022,File Server,23.95,61.11,65.27,99.9377,0
2026-01-19T07:00,NSS-LINUX-DB01,Rocky Linux 9,Database Server,40.9,31.52,28.79,99.9357,0
2026-01-04T01:00,NSS-DC02,Windows Server 2022,Domain Controller,6.13,56.29,42.31,99.9726,0
2026-01-01T09:00,NSS-DC02,Windows Server 2022,Domain Controller,23.87,72.9,57.85,99.9506,0
2026-07-09T10:00,NSS-FILE01,Windows Server 2022,File Server,19.0,51.8,86.64,99.9189,1
2026-04-15T23:00,NSS-MON01,Ubuntu 24.04,Monitoring Server,25.87,30.88,62.0,99.9354,0
2026-07-21T22:00,NSS-LINUX-APP01,Ubuntu 24.04,Application Server,21.71,51.43,69.7,99.8478,0
2026-04-11T15:00,NSS-DC01,Windows Server 2022,Domain Controller,34.94,78.03,66.61,99.8619,0
2026-03-08T09:00,NSS-FILE01,Windows Server 2022,File Server,29.57,66.13,62.77,99.7617,0
2026-02-06T04:00,NSS-FILE01,Windows Server 2022,File Server,8.82,65.77,42.91,99.814,0
2026-03-29T19:00,NSS-LINUX-APP01,Ubuntu 24.04,Application Server,34.97,77.9,68.72,99.752,0
2026-04-22T18:00,NSS-LINUX-DB01,Rocky Linux 9,Database Server,16.16,72.54,65.98,99.9109,0
2026-03-30T13:00,NSS-DC01,Windows Server 2022,Domain Controller,20.8,27.01,78.82,99.8689,0
2026-03-23T22:00,NSS-FILE01,Windows Server 2022,File Server,40.51,46.06,75.67,99.8727,0
2026-03-15T09:00,NSS-DC02,Windows Server 2022,Domain Controller,18.88,86.04,57.29,99.9949,0
2026-01-10T18:00,NSS-LINUX-APP01,Ubuntu 24.04,Application Server,6.39,37.07,68.92,99.8421,0
2026-03-21T15:00,NSS-LINUX-APP01,Ubuntu 24.04,Application Server,31.81,19.13,79.84,99.9707,0
2026-06-17T12:00,NSS-LINUX-APP01,Ubuntu 24.04,Application Server,22.77,68.21,31.33,99.9652,0
2026-02-20T12:00,NSS-LINUX-DB01,Rocky Linux 9,Database Server,16.23,58.8,64.05,99.9227,0
2026-04-22T06:00,NSS-APP01,Windows Server 2022,Application Server,33.16,17.75,56.32,99.8581,0
2026-03-25T03:00,NSS-DC01,Windows Server 2022,Domain Controller,2.0,65.29,59.14,99.9713,0
2026-04-15T14:00,NSS-DC01,Windows Server 2022,Domain Controller,33.83,60.74,46.96,99.9132,0
2026-03-30T01:00,NSS-LINUX-DB01,Rocky Linux 9,Database Server,17.2,76.51,59.75,99.9218,0
2026-03-19T03:00,NSS-LINUX-APP01,Ubuntu 24.04,Application Server,26.11,52.13,57.45,99.8996,0
2026-05-30T00:00,NSS-MON01,Ubuntu 24.04,Monitoring Server,21.31,41.63,42.27,99.9661,0
2026-01-23T03:00,NSS-MON01,Ubuntu 24.04,Monitoring Server,31.85,52.21,83.96,99.8912,0
2026-03-15T19:00,NSS-MON01,Ubuntu 24.04,Monitoring Server,28.82,39.43,51.0,99.84,0
2026-04-11T13:00,NSS-LINUX-DB01,Rocky Linux 9,Database Server,2.0,42.63,48.48,99.7706,0
2026-01-08T05:00,NSS-MON01,Ubuntu 24.04,Monitoring Server,18.85,65.3,66.05,99.9981,0
2026-03-03T03:00,NSS-DC02,Windows Server 2022,Domain Controller,36.53,48.78,53.79,99.7685,0
2026-06-03T09:00,NSS-MON01,Ubuntu 24.04,Monitoring Server,54.09,58.61,76.79,99.7556,0
2026-01-23T07:00,NSS-DC02,Windows Server 2022,Domain Controller,19.02,29.92,67.03,99.9497,0
2026-05-26T13:00,NSS-MON01,Ubuntu 24.04,Monitoring Server,16.83,43.4,59.26,99.8335,0
2026-01-27T15:00,NSS-LINUX-APP01,Ubuntu 24.04,Application Server,36.35,36.02,78.92,99.8556,0
2026-04-20T08:00,NSS-LINUX-APP01,Ubuntu 24.04,Application Server,22.01,50.01,51.23,99.8137,0
2026-04-15T18:00,NSS-FILE01,Windows Server 2022,File Server,10.38,26.6,57.25,99.8226,0
2026-01-06T21:00,NSS-DC02,Windows Server 2022,Domain Controller,29.04,72.87,62.45,99.7948,0
2026-03-22T18:00,NSS-APP01,Windows Server 2022,Application Server,7.69,19.77,63.97,99.9156,0
2026-05-03T08:00,NSS-DC01,Windows Server 2022,Domain Controller,28.82,68.08,60.03,99.8151,0
2026-06-12T02:00,NSS-DC01,Windows Server 2022,Domain Controller,24.53,65.67,77.39,99.96,0
2026-05-01T17:00,NSS-FILE01,Windows Server 2022,File Server,18.8,41.85,70.64,99.8109,0
2026-03-26T00:00,NSS-LINUX-DB01,Rocky Linux 9,Database Server,2.0,52.6,79.14,99.7783,0
2026-06-13T15:00,NSS-LINUX-DB01,Rocky Linux 9,Database Server,27.6,37.79,52.32,99.879,0
2026-06-01T02:00,NSS-MON01,Ubuntu 24.04,Monitoring Server,43.65,58.19,57.96,99.9545,0
2026-07-29T02:00,NSS-MON01,Ubuntu 24.04,Monitoring Server,15.46,35.92,62.51,99.8234,0
2026-06-28T06:00,NSS-MON01,Ubuntu 24.04,Monitoring Server,17.61,85.78,40.36,99.9058,0
2026-04-11T13:00,NSS-MON01,Ubuntu 24.04,Monitoring Server,8.23,47.5,49.8,99.9352,0
2026-03-30T16:00,NSS-DC02,Windows Server 2022,Domain Controller,50.36,56.0,57.61,99.9337,0
2026-01-25T00:00,NSS-FILE01,Windows Server 2022,File Server,35.05,60.15,47.14,99.7611,0
2026-01-18T15:00,NSS-FILE01,Windows Server 2022,File Server,27.39,45.87,84.23,99.8176,0
2026-02-27T09:00,NSS-FILE01,Windows Server 2022,File Server,18.98,66.6,75.06,99.9322,0
2026-02-24T15:00,NSS-APP01,Windows Server 2022,Application Server,7.25,51.27,59.74,99.9623,0
2026-03-09T21:00,NSS-LINUX-APP01,Ubuntu 24.04,Application Server,39.18,48.99,73.95,99.7999,0
2026-03-22T06:00,NSS-DC01,Windows Server 2022,Domain Controller,33.24,63.32,78.06,99.8921,0
2026-07-03T16:00,NSS-APP01,Windows Server 2022,Application Server,20.64,27.29,53.47,99.9219,0
2026-04-12T17:00,NSS-DC01,Windows Server 2022,Domain Controller,39.74,39.31,77.87,99.8585,0
2026-04-17T20:00,NSS-MON01,Ubuntu 24.04,Monitoring Server,29.71,32.89,53.24,99.7859,0
2026-05-26T17:00,NSS-FILE01,Windows Server 2022,File Server,2.25,71.88,78.95,99.7805,0
2026-04-26T05:00,NSS-DC02,Windows Server 2022,Domain Controller,34.75,52.95,69.26,99.9942,0
2026-04-15T07:00,NSS-FILE01,Windows Server 2022,File Server,39.45,62.19,49.1,99.9725,0
2026-02-13T12:00,NSS-FILE01,Windows Server 2022,File Server,32.85,57.63,93.44,99.8705,1
2026-06-21T05:00,NSS-DC01,Windows Server 2022,Domain Controller,22.29,77.79,52.41,99.8002,0
2026-04-18T21:00,NSS-DC02,Windows Server 2022,Domain Controller,6.09,60.59,67.66,99.8132,0
2026-06-13T15:00,NSS-DC02,Windows Server 2022,Domain Controller,13.35,30.32,70.99,99.9434,0
2026-05-28T04:00,NSS-APP01,Windows Server 2022,Application Server,22.42,66.24,68.53,99.8741,0
2026-02-26T00:00,NSS-LINUX-DB01,Rocky Linux 9,Database Server,13.03,21.11,66.35,99.8772,0
2026-03-16T11:00,NSS-APP01,Windows Server 2022,Application Server,8.02,81.11,37.08,99.9718,0
2026-07-03T00:00,NSS-LINUX-DB01,Rocky Linux 9,Database Server,25.09,42.23,49.78,99.9557,0
2026-06-12T06:00,NSS-LINUX-DB01,Rocky Linux 9,Database Server,27.28,66.01,54.2,99.8278,0
2026-07-15T04:00,NSS-LINUX-DB01,Rocky Linux 9,Database Server,31.07,60.56,55.72,99.9166,0
2026-03-11T00:00,NSS-DC01,Windows Server 2022,Domain Controller,16.53,44.54,54.6,99.751,0
2026-06-12T07:00,NSS-DC02,Windows Server 2022,Domain Controller,24.01,64.94,60.15,99.8198,0
2026-04-27T14:00,NSS-DC02,Windows Server 2022,Domain Controller,49.71,55.12,46.63,99.7828,0
2026-07-10T05:00,NSS-APP01,Windows Server 2022,Application Server,2.0,54.7,59.9,99.8282,0
2026-06-27T14:00,NSS-DC02,Windows Server 2022,Domain Controller,47.93,58.03,32.73,99.8696,0
2026-06-06T11:00,NSS-LINUX-APP01,Ubuntu 24.04,Application Server,5.8,68.15,69.4,99.8816,0
2026-06-16T04:00,NSS-DC01,Windows Server 2022,Domain Controller,28.77,47.39,37.2,99.9461,0
2026-06-08T14:00,NSS-FILE01,Windows Server 2022,File Server,47.04,71.26,91.81,99.9731,1
2026-01-03T22:00,NSS-DC02,Windows Server 2022,Domain Controller,16.15,67.52,48.13,99.9836,0
2026-06-01T17:00,NSS-DC02,Windows Server 2022,Domain Controller,20.87,44.4,54.39,99.9283,0
2026-04-21T05:00,NSS-MON01,Ubuntu 24.04,Monitoring Server,66.67,58.42,62.52,99.7711,0
2026-03-19T21:00,NSS-LINUX-DB01,Rocky Linux 9,Database Server,26.71,72.18,34.73,99.8402,0
2026-04-27T00:00,NSS-DC01,Windows Server 2022,Domain Controller,38.21,57.09,59.08,99.8021,0
2026-06-08T01:00,NSS-LINUX-DB01,Rocky Linux 9,Database Server,27.99,57.88,44.98,99.7616,0
2026-06-20T03:00,NSS-FILE01,Windows Server 2022,File Server,36.11,43.12,63.93,99.8458,0
2026-03-05T00:00,NSS-FILE01,Windows Server 2022,File Server,28.26,40.04,59.89,99.8689,0
2026-02-03T22:00,NSS-FILE01,Windows Server 2022,File Server,38.5,69.68,59.46,99.8283,0
2026-02-22T22:00,NSS-LINUX-APP01,Ubuntu 24.04,Application Server,15.49,55.13,59.33,99.8901,0
2026-07-10T00:00,NSS-APP01,Windows Server 2022,Application Server,19.49,38.05,93.04,99.8185,1
2026-05-18T11:00,NSS-FILE01,Windows Server 2022,File Server,32.86,46.88,38.83,99.8126,0
2026-05-04T09:00,NSS-FILE01,Windows Server 2022,File Server,33.04,35.51,66.78,99.9515,0
2026-02-01T03:00,NSS-FILE01,Windows Server 2022,File Server,19.08,52.54,83.16,99.8122,0
2026-03-02T15:00,NSS-FILE01,Windows Server 2022,File Server,36.87,49.34,58.8,99.8276,0
2026-05-06T15:00,NSS-APP01,Windows Server 2022,Application Server,7.02,49.78,63.14,99.9497,0
2026-07-06T00:00,NSS-LINUX-APP01,Ubuntu 24.04,Application Server,53.35,76.37,48.48,99.9877,0
2026-02-04T00:00,NSS-APP01,Windows Server 2022,Application Server,14.04,51.69,54.53,99.9676,0
2026-04-06T07:00,NSS-DC02,Windows Server 2022,Domain Controller,2.0,81.36,59.84,99.9529,0
2026-04-03T10:00,NSS-LINUX-APP01,Ubuntu 24.04,Application Server,33.91,65.55,73.05,99.7897,0
2026-03-14T19:00,NSS-FILE01,Windows Server 2022,File Server,37.12,33.79,73.36,99.7532,0
2026-01-23T14:00,NSS-LINUX-APP01,Ubuntu 24.04,Application Server,9.15,71.66,95.0,99.7915,1
2026-03-16T15:00,NSS-LINUX-DB01,Rocky Linux 9,Database Server,52.86,28.72,46.96,99.7663,0
2026-05-04T01:00,NSS-MON01,Ubuntu 24.04,Monitoring Server,9.65,37.15,73.84,99.9235,0
2026-05-20T05:00,NSS-APP01,Windows Server 2022,Application Server,45.55,60.9,51.48,99.9761,0
2026-04-08T14:00,NSS-MON01,Ubuntu 24.04,Monitoring Server,23.84,48.0,72.47,99.9736,0
2026-07-06T04:00,NSS-FILE01,Windows Server 2022,File Server,2.0,30.0,61.99,99.8971,0
2026-04-10T05:00,NSS-DC01,Windows Server 2022,Domain Controller,30.37,38.52,66.67,99.8586,0
2026-06-05T04:00,NSS-MON01,Ubuntu 24.04,Monitoring Server,23.38,65.83,62.54,99.7965,0
2026-01-20T17:00,NSS-LINUX-DB01,Rocky Linux 9,Database Server,38.58,71.38,38.62,99.9365,0
2026-03-21T09:00,NSS-FILE01,Windows Server 2022,File Server,2.72,58.1,51.03,99.7522,0
2026-04-21T14:00,NSS-MON01,Ubuntu 24.04,Monitoring Server,45.36,73.0,48.99,99.8914,0
2026-01-07T02:00,NSS-DC02,Windows Server 2022,Domain Controller,4.82,46.16,66.01,99.783,0
2026-01-01T10:00,NSS-FILE01,Windows Server 2022,File Server,27.14,65.73,59.34,99.9155,0
2026-01-23T06:00,NSS-DC01,Windows Server 2022,Domain Controller,14.88,82.01,89.89,99.7987,1
2026-05-05T09:00,NSS-DC01,Windows Server 2022,Domain Controller,2.0,37.94,48.8,99.8137,0
2026-03-28T18:00,NSS-MON01,Ubuntu 24.04,Monitoring Server,14.77,23.67,67.81,99.7909,0
2026-06-22T09:00,NSS-LINUX-APP01,Ubuntu 24.04,Application Server,10.0,47.72,59.55,99.8949,0
2026-04-12T03:00,NSS-FILE01,Windows Server 2022,File Server,57.9,48.65,50.89,99.8119,0
2026-05-11T14:00,NSS-APP01,Windows Server 2022,Application Server,2.0,79.22,60.08,99.8825,0
2026-07-28T07:00,NSS-MON01,Ubuntu 24.04,Monitoring Server,35.75,64.35,81.33,99.9491,0
2026-03-18T20:00,NSS-APP01,Windows Server 2022,Application Server,40.66,50.37,52.26,99.975,0
2026-07-02T20:00,NSS-LINUX-APP01,Ubuntu 24.04,Application Server,12.18,54.99,63.75,99.8741,0
2026-06-15T06:00,NSS-LINUX-APP01,Ubuntu 24.04,Application Server,31.93,65.71,76.48,99.8925,0
2026-07-07T02:00,NSS-MON01,Ubuntu 24.04,Monitoring Server,15.05,61.73,95.0,99.952,1
2026-03-26T11:00,NSS-LINUX-APP01,Ubuntu 24.04,Application Server,25.55,54.22,49.32,99.9718,0
2026-05-15T12:00,NSS-DC02,Windows Server 2022,Domain Controller,6.52,50.09,69.7,99.8204,0
2026-03-14T00:00,NSS-LINUX-APP01,Ubuntu 24.04,Application Server,23.61,36.17,73.59,99.803,0
2026-05-31T08:00,NSS-FILE01,Windows Server 2022,File Server,48.94,42.2,74.91,99.8842,0
2026-03-02T01:00,NSS-FILE01,Windows Server 2022,File Server,14.27,42.8,20.43,99.994,0
2026-02-23T23:00,NSS-LINUX-APP01,Ubuntu 24.04,Application Server,33.48,57.9,72.91,99.894,0
2026-05-03T09:00,NSS-APP01,Windows Server 2022,Application Server,2.77,78.99,61.15,99.9259,0
2026-04-25T20:00,NSS-FILE01,Windows Server 2022,File Server,30.43,30.87,63.12,99.8514,0
2026-03-14T03:00,NSS-DC01,Windows Server 2022,Domain Controller,33.03,29.48,59.11,99.8319,0
2026-05-28T08:00,NSS-DC01,Windows Server 2022,Domain Controller,34.72,31.82,57.47,99.8394,0
2026-05-21T15:00,NSS-FILE01,Windows Server 2022,File Server,26.48,53.61,57.1,99.8306,0
2026-03-16T09:00,NSS-LINUX-APP01,Ubuntu 24.04,Application Server,37.34,50.22,66.48,99.7893,0
2026-05-22T19:00,NSS-LINUX-APP01,Ubuntu 24.04,Application Server,19.91,74.08,92.56,99.8345,1
2026-01-01T16:00,NSS-FILE01,Windows Server 2022,File Server,40.8,81.53,60.39,99.8149,0
2026-04-30T09:00,NSS-FILE01,Windows Server 2022,File Server,18.0,50.5,75.61,99.9661,0
2026-01-15T15:00,NSS-MON01,Ubuntu 24.04,Monitoring Server,50.54,68.44,52.96,99.7928,0
2026-01-12T01:00,NSS-APP01,Windows Server 2022,Application Server,33.91,82.38,57.43,99.7795,0
2026-01-04T20:00,NSS-DC01,Windows Server 2022,Domain Controller,23.71,55.63,71.86,99.9646,0
2026-05-06T01:00,NSS-LINUX-APP01,Ubuntu 24.04,Application Server,25.41,50.2,57.01,99.8591,0
2026-05-03T11:00,NSS-FILE01,Windows Server 2022,File Server,34.65,71.29,92.66,99.8942,1
2026-06-03T02:00,NSS-APP01,Windows Server 2022,Application Server,14.7,56.55,63.19,99.7735,0
2026-07-28T01:00,NSS-LINUX-DB01,Rocky Linux 9,Database Server,31.45,44.29,58.96,99.9546,0
2026-04-16T05:00,NSS-DC01,Windows Server 2022,Domain Controller,41.04,70.63,34.18,99.8654,0
2026-01-28T07:00,NSS-MON01,Ubuntu 24.04,Monitoring Server,30.67,50.88,45.28,99.9774,0
2026-02-27T10:00,NSS-MON01,Ubuntu 24.04,Monitoring Server,26.94,51.09,79.12,99.7649,0
2026-06-19T06:00,NSS-LINUX-DB01,Rocky Linux 9,Database Server,20.21,47.11,62.19,99.8906,0
2026-03-14T23:00,NSS-LINUX-DB01,Rocky Linux 9,Database Server,17.07,78.37,56.19,99.884,0
2026-05-11T18:00,NSS-FILE01,Windows Server 2022,File Server,41.44,31.81,73.31,99.9761,0
2026-05-02T02:00,NSS-MON01,Ubuntu 24.04,Monitoring Server,17.85,16.11,40.66,99.7848,0
2026-07-16T03:00,NSS-APP01,Windows Server 2022,Application Server,28.78,60.89,33.2,99.8285,0
2026-02-25T16:00,NSS-DC01,Windows Server 2022,Domain Controller,11.86,59.36,34.84,99.8595,0
2026-07-22T10:00,NSS-MON01,Ubuntu 24.04,Monitoring Server,40.7,56.25,67.47,99.8117,0
2026-02-06T02:00,NSS-MON01,Ubuntu 24.04,Monitoring Server,32.57,66.18,64.64,99.9326,0
2026-04-12T14:00,NSS-FILE01,Windows Server 2022,File Server,44.1,33.71,45.74,99.9514,0
2026-02-24T23:00,NSS-APP01,Windows Server 2022,Application Server,33.01,71.3,79.98,99.8545,0
2026-02-28T03:00,NSS-LINUX-APP01,Ubuntu 24.04,Application Server,23.64,56.01,75.77,99.912,0
2026-03-21T14:00,NSS-MON01,Ubuntu 24.04,Monitoring Server,29.14,47.42,67.16,99.767,0
2026-06-13T12:00,NSS-LINUX-DB01,Rocky Linux 9,Database Server,28.0,42.6,49.32,99.9868,0
2026-03-13T05:00,NSS-DC01,Windows Server 2022,Domain Controller,14.71,22.29,83.71,99.8598,0
2026-05-11T01:00,NSS-APP01,Windows Server 2022,Application Server,37.24,53.23,41.76,99.8023,0
2026-02-19T08:00,NSS-FILE01,Windows Server 2022,File Server,24.8,78.92,64.01,99.9461,0
2026-05-19T13:00,NSS-LINUX-DB01,Rocky Linux 9,Database Server,34.67,61.11,85.62,99.92,1
2026-07-29T01:00,NSS-FILE01,Windows Server 2022,File Server,36.43,64.84,59.4,99.7708,0
2026-06-17T20:00,NSS-APP01,Windows Server 2022,Application Server,21.5,75.4,57.85,99.9961,0
2026-05-19T23:00,NSS-MON01,Ubuntu 24.04,Monitoring Server,25.47,41.37,56.05,99.94,0
2026-03-05T17:00,NSS-LINUX-DB01,Rocky Linux 9,Database Server,43.13,47.48,51.93,99.8804,0
2026-01-27T08:00,NSS-LINUX-DB01,Rocky Linux 9,Database Server,31.83,61.39,64.42,99.7873,0
2026-07-08T00:00,NSS-DC01,Windows Server 2022,Domain Controller,23.69,51.78,78.82,99.9883,0
2026-06-27T04:00,NSS-FILE01,Windows Server 2022,File Server,25.09,43.26,36.71,99.9775,0
2026-03-28T10:00,NSS-LINUX-DB01,Rocky Linux 9,Database Server,35.42,51.85,68.91,99.7932,0
2026-06-05T07:00,NSS-DC02,Windows Server 2022,Domain Controller,22.79,38.24,50.86,99.863,0
2026-03-28T03:00,NSS-MON01,Ubuntu 24.04,Monitoring Server,48.02,47.08,67.07,99.8911,0
2026-05-14T10:00,NSS-APP01,Windows Server 2022,Application Server,14.73,52.34,65.75,99.7972,0
2026-01-16T00:00,NSS-APP01,Windows Server 2022,Application Server,28.07,67.4,40.12,99.7894,0
2026-05-10T15:00,NSS-MON01,Ubuntu 24.04,Monitoring Server,13.63,21.22,51.83,99.876,0
2026-03-03T14:00,NSS-APP01,Windows Server 2022,Application Server,26.5,66.78,84.92,99.7705,0
2026-02-20T20:00,NSS-FILE01,Windows Server 2022,File Server,38.03,64.68,67.78,99.7722,0
2026-07-07T13:00,NSS-DC02,Windows Server 2022,Domain Controller,45.45,50.98,34.24,99.8543,0
2026-02-02T03:00,NSS-MON01,Ubuntu 24.04,Monitoring Server,39.06,56.96,64.43,99.8042,0
2026-04-12T13:00,NSS-APP01,Windows Server 2022,Application Server,25.74,48.89,58.52,99.9518,0
2026-07-09T11:00,NSS-FILE01,Windows Server 2022,File Server,7.08,44.3,62.8,99.8932,0
2026-05-22T02:00,NSS-DC01,Windows Server 2022,Domain Controller,30.67,58.48,48.57,99.8669,0
2026-03-19T00:00,NSS-FILE01,Windows Server 2022,File Server,14.84,56.8,55.1,99.8771,0
2026-06-21T10:00,NSS-FILE01,Windows Server 2022,File Server,23.74,45.89,69.25,99.9225,0
2026-06-25T05:00,NSS-LINUX-DB01,Rocky Linux 9,Database Server,35.55,60.7,51.94,99.8756,0
2026-07-19T17:00,NSS-APP01,Windows Server 2022,Application Server,26.14,78.65,56.0,99.9194,0
2026-01-18T18:00,NSS-FILE01,Windows Server 2022,File Server,34.91,63.52,54.62,99.8131,0
2026-01-28T20:00,NSS-MON01,Ubuntu 24.04,Monitoring Server,16.78,72.12,72.64,99.9881,0
2026-05-01T22:00,NSS-FILE01,Windows Server 2022,File Server,29.02,30.42,77.34,99.9709,0
2026-01-24T07:00,NSS-MON01,Ubuntu 24.04,Monitoring Server,28.93,34.44,55.65,99.8081,0
2026-02-21T20:00,NSS-DC01,Windows Server 2022,Domain Controller,2.0,62.18,42.13,99.8124,0
2026-03-29T10:00,NSS-DC01,Windows Server 2022,Domain Controller,25.91,85.42,68.88,99.8921,0
2026-02-12T19:00,NSS-MON01,Ubuntu 24.04,Monitoring Server,37.8,54.35,62.84,99.796,0
2026-06-03T04:00,NSS-MON01,Ubuntu 24.04,Monitoring Server,48.04,55.49,74.9,99.9045,0
2026-07-27T16:00,NSS-LINUX-APP01,Ubuntu 24.04,Application Server,32.56,47.25,62.23,99.9801,0
2026-02-05T15:00,NSS-DC01,Windows Server 2022,Domain Controller,36.28,38.7,40.87,99.8596,0
2026-07-04T07:00,NSS-DC01,Windows Server 2022,Domain Controller,22.25,31.25,49.14,99.8651,0
2026-07-23T23:00,NSS-MON01,Ubuntu 24.04,Monitoring Server,24.35,70.59,70.09,99.9389,0
2026-05-13T09:00,NSS-MON01,Ubuntu 24.04,Monitoring Server,32.73,29.34,62.74,99.8662,0
2026-04-27T05:00,NSS-FILE01,Windows Server 2022,File Server,12.96,23.36,73.31,99.8408,0
2026-07-09T22:00,NSS-LINUX-APP01,Ubuntu 24.04,Application Server,20.26,65.96,49.71,99.9693,0
2026-01-30T05:00,NSS-LINUX-DB01,Rocky Linux 9,Database Server,32.98,68.36,63.0,99.8735,0
2026-02-10T15:00,NSS-FILE01,Windows Server 2022,File Server,2.0,17.34,66.18,99.9464,0
2026-01-21T21:00,NSS-LINUX-APP01,Ubuntu 24.04,Application Server,36.32,56.26,60.89,99.7708,0
2026-07-08T09:00,NSS-APP01,Windows Server 2022,Application Server,37.57,47.72,73.77,99.8831,0
2026-03-04T16:00,NSS-DC01,Windows Server 2022,Domain Controller,6.43,53.36,53.37,99.7825,0
2026-01-15T22:00,NSS-DC02,Windows Server 2022,Domain Controller,28.74,45.83,63.72,99.7552,0
2026-05-12T07:00,NSS-APP01,Windows Server 2022,Application Server,16.59,69.97,31.22,99.8375,0
2026-02-19T16:00,NSS-LINUX-DB01,Rocky Linux 9,Database Server,8.12,58.93,58.76,99.7898,0
2026-04-09T18:00,NSS-FILE01,Windows Server 2022,File Server,22.82,68.77,81.27,99.8111,0
2026-02-24T15:00,NSS-DC02,Windows Server 2022,Domain Controller,25.4,47.13,63.86,99.8832,0
2026-03-16T12:00,NSS-DC02,Windows Server 2022,Domain Controller,36.9,60.93,70.04,99.7647,0
2026-04-04T16:00,NSS-DC01,Windows Server 2022,Domain Controller,49.04,34.31,41.28,99.9056,0
2026-03-20T10:00,NSS-MON01,Ubuntu 24.04,Monitoring Server,14.41,66.73,78.87,99.8273,0
2026-01-16T09:00,NSS-LINUX-DB01,Rocky Linux 9,Database Server,10.75,79.53,76.93,99.764,0
2026-03-27T10:00,NSS-FILE01,Windows Server 2022,File Server,29.26,45.48,71.15,99.8108,0
2026-04-25T12:00,NSS-LINUX-APP01,Ubuntu 24.04,Application Server,14.63,65.4,66.43,99.8548,0
2026-01-10T18:00,NSS-APP01,Windows Server 2022,Application Server,27.68,54.01,68.49,99.8024,0
2026-01-03T06:00,NSS-APP01,Windows Server 2022,Application Server,39.95,37.81,83.53,99.901,0
2026-04-11T08:00,NSS-MON01,Ubuntu 24.04,Monitoring Server,31.91,64.48,48.45,99.8023,0
2026-02-07T08:00,NSS-LINUX-DB01,Rocky Linux 9,Database Server,19.97,47.95,60.73,99.8127,0
2026-04-29T05:00,NSS-APP01,Windows Server 2022,Application Server,17.65,54.59,76.32,99.8197,0
2026-02-13T06:00,NSS-DC02,Windows Server 2022,Domain Controller,30.99,76.08,76.72,99.9,0
2026-02-27T00:00,NSS-FILE01,Windows Server 2022,File Server,25.98,44.99,39.42,99.9942,0
2026-01-24T22:00,NSS-FILE01,Windows Server 2022,File Server,15.13,47.72,74.39,99.7896,0
2026-07-27T04:00,NSS-MON01,Ubuntu 24.04,Monitoring Server,35.38,75.8,56.21,99.7978,0
2026-03-09T22:00,NSS-LINUX-DB01,Rocky Linux 9,Database Server,36.94,53.56,44.89,99.7687,0
2026-07-17T03:00,NSS-DC02,Windows Server 2022,Domain Controller,29.54,49.25,49.59,99.8865,0
2026-02-02T04:00,NSS-APP01,Windows Server 2022,Application Server,30.59,74.61,53.75,99.7937,0
2026-05-19T15:00,NSS-LINUX-APP01,Ubuntu 24.04,Application Server,31.63,65.81,45.63,99.8859,0
2026-05-30T19:00,NSS-APP01,Windows Server 2022,Application Server,44.96,20.73,63.96,99.8196,0
2026-05-17T03:00,NSS-DC02,Windows Server 2022,Domain Controller,38.64,45.5,76.45,99.7573,0
2026-07-15T17:00,NSS-APP01,Windows Server 2022,Application Server,22.31,58.85,54.82,99.7914,0
2026-06-29T00:00,NSS-LINUX-APP01,Ubuntu 24.04,Application Server,41.33,49.9,55.9,99.888,0
2026-03-24T04:00,NSS-APP01,Windows Server 2022,Application Server,24.43,66.28,59.82,99.8783,0
2026-01-24T21:00,NSS-LINUX-APP01,Ubuntu 24.04,Application Server,49.92,50.36,47.6,99.9366,0
2026-05-02T15:00,NSS-LINUX-APP01,Ubuntu 24.04,Application Server,35.0,76.51,57.59,99.9885,0
2026-07-27T14:00,NSS-LINUX-DB01,Rocky Linux 9,Database Server,16.5,59.72,71.19,99.7641,0
2026-01-21T12:00,NSS-MON01,Ubuntu 24.04,Monitoring Server,44.5,36.78,61.38,99.8838,0
2026-02-19T20:00,NSS-DC01,Windows Server 2022,Domain Controller,25.33,57.23,57.22,99.776,0
2026-02-24T12:00,NSS-DC02,Windows Server 2022,Domain Controller,41.2,53.22,65.85,99.9962,0
2026-05-09T02:00,NSS-APP01,Windows Server 2022,Application Server,22.96,64.63,73.12,99.8543,0
2026-04-19T13:00,NSS-DC01,Windows Server 2022,Domain Controller,19.95,54.73,78.7,99.9132,0
2026-05-25T20:00,NSS-DC02,Windows Server 2022,Domain Controller,46.46,59.21,73.1,99.8555,0
2026-02-05T22:00,NSS-APP01,Windows Server 2022,Application Server,7.48,38.97,41.13,99.7846,0
2026-06-28T16:00,NSS-FILE01,Windows Server 2022,File Server,36.73,59.97,39.58,99.842,0
2026-03-20T22:00,NSS-LINUX-DB01,Rocky Linux 9,Database Server,41.14,36.7,49.12,99.9699,0
2026-02-08T13:00,NSS-DC02,Windows Server 2022,Domain Controller,16.37,9.24,39.73,99.8698,0
2026-05-05T18:00,NSS-DC02,Windows Server 2022,Domain Controller,2.52,39.65,68.68,99.9218,0
2026-05-17T14:00,NSS-DC01,Windows Server 2022,Domain Controller,31.15,56.62,80.33,99.9998,0
2026-04-30T23:00,NSS-LINUX-APP01,Ubuntu 24.04,Application Server,24.29,58.06,46.12,99.7681,0
2026-01-02T23:00,NSS-MON01,Ubuntu 24.04,Monitoring Server,38.57,70.17,32.09,99.8555,0
2026-05-15T20:00,NSS-APP01,Windows Server 2022,Application Server,2.0,56.62,61.61,99.9943,0
2026-02-15T07:00,NSS-APP01,Windows Server 2022,Application Server,28.98,53.97,74.14,99.8641,0
2026-05-04T16:00,NSS-DC02,Windows Server 2022,Domain Controller,45.43,56.59,94.41,99.8286,1
2026-04-20T23:00,NSS-LINUX-DB01,Rocky Linux 9,Database Server,34.35,42.15,81.35,99.7581,0
2026-04-17T01:00,NSS-LINUX-DB01,Rocky Linux 9,Database Server,25.57,53.03,54.04,99.8893,0
2026-04-29T05:00,NSS-DC01,Windows Server 2022,Domain Controller,18.4,57.38,56.56,99.943,0
2026-02-03T20:00,NSS-LINUX-APP01,Ubuntu 24.04,Application Server,10.22,67.44,56.58,99.7537,0
2026-02-03T01:00,NSS-DC01,Windows Server 2022,Domain Controller,33.27,48.08,56.64,99.8353,0
2026-04-09T23:00,NSS-LINUX-APP01,Ubuntu 24.04,Application Server,32.86,54.2,49.23,99.8515,0
2026-02-11T08:00,NSS-APP01,Windows Server 2022,Application Server,36.43,67.59,33.56,99.7578,0
2026-06-15T14:00,NSS-DC01,Windows Server 2022,Domain Controller,17.05,50.29,60.92,99.7733,0
2026-04-20T02:00,NSS-DC01,Windows Server 2022,Domain Controller,21.44,40.64,59.66,99.8329,0
2026-06-02T00:00,NSS-LINUX-DB01,Rocky Linux 9,Database Server,40.62,70.6,54.25,99.9141,0
2026-06-19T05:00,NSS-DC01,Windows Server 2022,Domain Controller,44.06,76.35,66.04,99.8755,0
2026-07-01T00:00,NSS-DC02,Windows Server 2022,Domain Controller,27.79,57.74,85.14,99.9955,1
2026-04-23T14:00,NSS-FILE01,Windows Server 2022,File Server,26.26,48.09,65.04,99.7562,0
2026-07-26T06:00,NSS-DC01,Windows Server 2022,Domain Controller,52.49,38.26,61.83,99.7926,0
2026-03-07T14:00,NSS-LINUX-APP01,Ubuntu 24.04,Application Server,17.49,54.36,52.55,99.9752,0
2026-02-02T18:00,NSS-FILE01,Windows Server 2022,File Server,23.24,46.42,46.94,99.9064,0
2026-03-15T10:00,NSS-LINUX-DB01,Rocky Linux 9,Database Server,24.16,72.4,62.15,99.8479,0
2026-06-22T13:00,NSS-APP01,Windows Server 2022,Application Server,30.31,57.81,50.89,99.8181,0
2026-05-29T21:00,NSS-MON01,Ubuntu 24.04,Monitoring Server,46.15,56.79,68.25,99.7682,0
2026-02-16T11:00,NSS-DC02,Windows Server 2022,Domain Controller,31.56,79.86,43.1,99.9996,0
2026-04-04T20:00,NSS-LINUX-DB01,Rocky Linux 9,Database Server,50.87,60.25,62.76,99.9649,0
2026-05-04T00:00,NSS-MON01,Ubuntu 24.04,Monitoring Server,26.66,57.53,55.63,99.7612,0
2026-05-27T09:00,NSS-FILE01,Windows Server 2022,File Server,37.98,52.68,55.62,99.9709,0
2026-01-07T19:00,NSS-APP01,Windows Server 2022,Application Server,22.28,55.33,68.14,99.9176,0
2026-07-17T23:00,NSS-MON01,Ubuntu 24.04,Monitoring Server,39.55,43.44,70.47,99.9283,0
2026-05-13T05:00,NSS-MON01,Ubuntu 24.04,Monitoring Server,20.14,60.06,55.06,99.9825,0
2026-05-13T09:00,NSS-DC02,Windows Server 2022,Domain Controller,23.34,68.85,46.58,99.7789,0
2026-03-14T14:00,NSS-DC02,Windows Server 2022,Domain Controller,47.24,43.23,47.47,99.8803,0
2026-05-11T13:00,NSS-DC01,Windows Server 2022,Domain Controller,40.88,59.1,83.96,99.9458,0
2026-01-22T05:00,NSS-APP01,Windows Server 2022,Application Server,8.21,50.87,94.01,99.9136,1
2026-03-30T01:00,NSS-DC01,Windows Server 2022,Domain Controller,22.67,65.48,57.92,99.8222,0
2026-04-22T15:00,NSS-LINUX-DB01,Rocky Linux 9,Database Server,15.43,49.02,65.92,99.9223,0
2026-03-30T10:00,NSS-DC01,Windows Server 2022,Domain Controller,34.14,40.34,54.4,99.9538,0
2026-04-10T08:00,NSS-FILE01,Windows Server 2022,File Server,34.83,34.97,83.45,99.8006,0
2026-01-12T05:00,NSS-APP01,Windows Server 2022,Application Server,20.81,61.75,33.53,99.8891,0
2026-07-20T17:00,NSS-FILE01,Windows Server 2022,File Server,41.17,45.91,95.0,99.7817,1
2026-05-08T08:00,NSS-LINUX-APP01,Ubuntu 24.04,Application Server,43.34,53.53,56.16,99.7951,0
2026-07-17T07:00,NSS-DC01,Windows Server 2022,Domain Controller,16.87,36.95,26.7,99.775,0
2026-01-15T19:00,NSS-LINUX-APP01,Ubuntu 24.04,Application Server,14.35,71.42,50.54,99.8277,0
2026-07-29T23:00,NSS-LINUX-DB01,Rocky Linux 9,Database Server,32.41,38.56,72.66,99.9844,0
2026-03-31T00:00,NSS-DC02,Windows Server 2022,Domain Controller,43.75,43.68,58.97,99.8296,0
2026-03-29T21:00,NSS-FILE01,Windows Server 2022,File Server,43.79,41.36,57.7,99.9157,0
2026-01-07T08:00,NSS-DC02,Windows Server 2022,Domain Controller,12.96,43.29,86.6,99.8274,1
2026-05-01T11:00,NSS-FILE01,Windows Server 2022,File Server,41.38,53.09,48.35,99.9537,0
2026-03-18T04:00,NSS-DC02,Windows Server 2022,Domain Controller,29.8,55.51,35.53,99.9826,0
2026-01-27T12:00,NSS-DC01,Windows Server 2022,Domain Controller,10.28,40.92,68.04,99.9641,0
2026-03-31T03:00,NSS-DC02,Windows Server 2022,Domain Controller,59.54,48.41,64.18,99.762,0
2026-05-13T20:00,NSS-DC02,Windows Server 2022,Domain Controller,50.85,47.55,70.56,99.7531,0
2026-01-21T23:00,NSS-LINUX-APP01,Ubuntu 24.04,Application Server,13.65,48.54,74.73,99.8574,0
2026-05-26T09:00,NSS-APP01,Windows Server 2022,Application Server,43.67,77.34,51.46,99.8785,0
2026-06-03T05:00,NSS-APP01,Windows Server 2022,Application Server,46.87,55.36,67.83,99.9222,0
2026-05-29T00:00,NSS-LINUX-DB01,Rocky Linux 9,Database Server,12.39,18.89,59.81,99.8641,0
2026-02-24T14:00,NSS-DC01,Windows Server 2022,Domain Controller,33.0,43.14,72.06,99.9938,0
2026-04-04T06:00,NSS-FILE01,Windows Server 2022,File Server,19.5,61.44,71.72,99.9554,0
2026-06-29T01:00,NSS-LINUX-APP01,Ubuntu 24.04,Application Server,32.9,43.63,59.68,99.7735,0
2026-04-19T19:00,NSS-LINUX-APP01,Ubuntu 24.04,Application Server,17.41,43.71,46.44,99.8996,0
2026-01-14T04:00,NSS-APP01,Windows Server 2022,Application Server,40.92,77.48,80.44,99.8374,0
2026-05-09T22:00,NSS-DC01,Windows Server 2022,Domain Controller,15.82,46.29,67.5,99.7562,0
2026-05-07T01:00,NSS-DC02,Windows Server 2022,Domain Controller,40.76,69.91,92.85,99.936,1
2026-01-08T19:00,NSS-DC02,Windows Server 2022,Domain Controller,34.25,45.71,66.33,99.8464,0
2026-03-28T20:00,NSS-LINUX-DB01,Rocky Linux 9,Database Server,53.86,55.99,42.07,99.8186,0
2026-05-19T10:00,NSS-DC01,Windows Server 2022,Domain Controller,37.21,64.99,54.93,99.8595,0
2026-04-13T13:00,NSS-MON01,Ubuntu 24.04,Monitoring Server,15.14,51.43,60.53,99.8756,0
2026-02-09T11:00,NSS-MON01,Ubuntu 24.04,Monitoring Server,33.47,65.04,58.07,99.9312,0
2026-01-24T12:00,NSS-LINUX-DB01,Rocky Linux 9,Database Server,17.75,76.36,59.35,99.9116,0
2026-04-28T16:00,NSS-MON01,Ubuntu 24.04,Monitoring Server,29.26,42.51,28.59,99.9084,0
2026-02-24T05:00,NSS-FILE01,Windows Server 2022,File Server,46.32,59.12,59.68,99.9437,0
2026-06-22T03:00,NSS-APP01,Windows Server 2022,Application Server,28.86,79.57,56.56,99.9898,0
2026-03-22T20:00,NSS-DC02,Windows Server 2022,Domain Controller,25.61,88.11,76.02,99.8944,0
2026-04-18T13:00,NSS-APP01,Windows Server 2022,Application Server,36.61,27.1,92.97,99.8451,1
2026-06-14T22:00,NSS-APP01,Windows Server 2022,Application Server,17.64,36.49,81.33,99.7948,0
2026-03-17T15:00,NSS-MON01,Ubuntu 24.04,Monitoring Server,42.54,58.77,60.52,99.7994,0
2026-03-07T02:00,NSS-LINUX-DB01,Rocky Linux 9,Database Server,6.85,33.31,43.5,99.7688,0
2026-02-02T02:00,NSS-LINUX-DB01,Rocky Linux 9,Database Server,42.38,53.9,55.01,99.7967,0
2026-04-14T02:00,NSS-APP01,Windows Server 2022,Application Server,11.81,62.95,82.48,99.9044,0
2026-05-14T16:00,NSS-DC02,Windows Server 2022,Domain Controller,24.18,37.82,73.35,99.7565,0
2026-04-16T14:00,NSS-LINUX-DB01,Rocky Linux 9,Database Server,25.3,60.44,53.89,99.8246,0
2026-02-23T22:00,NSS-DC01,Windows Server 2022,Domain Controller,2.0,62.66,38.0,99.8531,0
2026-03-03T02:00,NSS-MON01,Ubuntu 24.04,Monitoring Server,31.16,60.19,62.85,99.9646,0
2026-01-22T02:00,NSS-DC02,Windows Server 2022,Domain Controller,19.26,49.73,56.68,99.946,0
2026-05-09T19:00,NSS-DC02,Windows Server 2022,Domain Controller,28.68,56.94,72.75,99.7521,0
2026-03-09T02:00,NSS-FILE01,Windows Server 2022,File Server,35.67,27.97,63.94,99.8944,0
2026-07-09T10:00,NSS-FILE01,Windows Server 2022,File Server,14.46,27.51,59.96,99.9573,0
2026-05-23T15:00,NSS-LINUX-APP01,Ubuntu 24.04,Application Server,34.28,76.72,59.09,99.8695,0
2026-03-05T12:00,NSS-DC01,Windows Server 2022,Domain Controller,29.79,67.38,36.34,99.79,0
2026-05-25T03:00,NSS-APP01,Windows Server 2022,Application Server,17.72,31.09,64.76,99.9541,0
2026-02-07T23:00,NSS-DC01,Windows Server 2022,Domain Controller,24.61,52.6,55.17,99.8447,0
2026-01-02T21:00,NSS-MON01,Ubuntu 24.04,Monitoring Server,39.7,38.41,70.33,99.8975,0
2026-02-09T15:00,NSS-MON01,Ubuntu 24.04,Monitoring Server,21.21,53.06,60.02,99.9189,0
2026-01-24T08:00,NSS-FILE01,Windows Server 2022,File Server,31.42,71.67,63.72,99.8986,0
2026-06-15T13:00,NSS-LINUX-APP01,Ubuntu 24.04,Application Server,47.28,44.58,73.85,99.9038,0
2026-05-13T03:00,NSS-LINUX-APP01,Ubuntu 24.04,Application Server,2.0,53.65,60.61,99.7961,0
2026-07-02T13:00,NSS-FILE01,Windows Server 2022,File Server,43.09,64.73,72.18,99.9425,0
2026-06-30T12:00,NSS-LINUX-DB01,Rocky Linux 9,Database Server,17.36,30.48,52.74,99.9286,0
2026-06-12T19:00,NSS-DC01,Windows Server 2022,Domain Controller,40.02,29.3,54.33,99.755,0
2026-07-07T21:00,NSS-LINUX-APP01,Ubuntu 24.04,Application Server,21.15,53.38,81.33,99.8533,0
2026-07-01T23:00,NSS-APP01,Windows Server 2022,Application Server,37.22,68.13,51.02,99.8758,0
2026-01-26T22:00,NSS-LINUX-DB01,Rocky Linux 9,Database Server,46.42,44.87,51.58,99.8549,0
2026-06-16T07:00,NSS-APP01,Windows Server 2022,Application Server,29.51,22.51,76.27,99.9666,0
2026-04-18T19:00,NSS-LINUX-DB01,Rocky Linux 9,Database Server,32.04,36.39,79.89,99.9362,0
2026-01-12T00:00,NSS-MON01,Ubuntu 24.04,Monitoring Server,44.63,58.86,53.44,99.7629,0
2026-03-11T14:00,NSS-LINUX-APP01,Ubuntu 24.04,Application Server,43.1,68.59,61.67,99.8838,0
2026-06-04T02:00,NSS-MON01,Ubuntu 24.04,Monitoring Server,46.26,45.16,38.06,99.7575,0
2026-07-01T03:00,NSS-LINUX-DB01,Rocky Linux 9,Database Server,37.85,24.36,63.26,99.9216,0
2026-01-21T10:00,NSS-LINUX-APP01,Ubuntu 24.04,Application Server,19.65,53.04,47.62,99.7811,0
2026-03-17T22:00,NSS-LINUX-DB01,Rocky Linux 9,Database Server,35.49,42.3,58.5,99.9037,0
2026-03-14T08:00,NSS-DC02,Windows Server 2022,Domain Controller,34.72,30.02,13.49,99.984,0
2026-05-17T10:00,NSS-DC01,Windows Server 2022,Domain Controller,36.79,41.44,70.1,99.8465,0
2026-03-17T03:00,NSS-APP01,Windows Server 2022,Application Server,36.12,84.88,50.76,99.9859,0
2026-03-01T19:00,NSS-DC01,Windows Server 2022,Domain Controller,15.2,54.39,68.69,99.9668,0
2026-05-15T07:00,NSS-LINUX-DB01,Rocky Linux 9,Database Server,45.14,56.64,38.02,99.9459,0
2026-06-03T12:00,NSS-FILE01,Windows Server 2022,File Server,34.01,60.23,56.8,99.8085,0
2026-02-15T06:00,NSS-LINUX-DB01,Rocky Linux 9,Database Server,22.91,58.9,54.15,99.7603,0
2026-04-29T13:00,NSS-APP01,Windows Server 2022,Application Server,35.65,54.57,54.11,99.8134,0
2026-03-11T11:00,NSS-DC01,Windows Server 2022,Domain Controller,2.0,10.32,49.71,99.8166,0
2026-03-14T04:00,NSS-FILE01,Windows Server 2022,File Server,6.29,77.9,62.58,99.9436,0
2026-05-19T02:00,NSS-MON01,Ubuntu 24.04,Monitoring Server,2.0,79.06,63.56,99.9803,0
2026-05-29T20:00,NSS-DC02,Windows Server 2022,Domain Controller,32.47,71.94,59.99,99.9699,0
2026-03-29T13:00,NSS-LINUX-APP01,Ubuntu 24.04,Application Server,25.14,22.65,52.1,99.7561,0
2026-06-29T12:00,NSS-MON01,Ubuntu 24.04,Monitoring Server,45.92,48.52,75.89,99.8795,0
2026-03-25T05:00,NSS-DC01,Windows Server 2022,Domain Controller,2.0,59.02,36.58,99.7548,0
2026-03-13T01:00,NSS-LINUX-APP01,Ubuntu 24.04,Application Server,30.68,41.99,60.45,99.944,0
2026-05-08T17:00,NSS-FILE01,Windows Server 2022,File Server,36.76,53.44,61.0,99.9207,0
2026-05-28T19:00,NSS-LINUX-DB01,Rocky Linux 9,Database Server,26.86,43.39,44.17,99.8106,0
2026-02-13T07:00,NSS-LINUX-APP01,Ubuntu 24.04,Application Server,34.41,69.19,62.66,99.8053,0
2026-04-11T00:00,NSS-DC02,Windows Server 2022,Domain Controller,41.65,62.6,66.69,99.9236,0
2026-06-22T17:00,NSS-LINUX-DB01,Rocky Linux 9,Database Server,24.35,70.97,69.18,99.8485,0
2026-03-08T23:00,NSS-FILE01,Windows Server 2022,File Server,42.81,54.7,60.35,99.9566,0
2026-05-29T14:00,NSS-DC01,Windows Server 2022,Domain Controller,26.77,60.04,50.22,99.9951,0
2026-03-11T10:00,NSS-LINUX-APP01,Ubuntu 24.04,Application Server,18.1,81.48,80.11,99.9923,0
2026-01-11T01:00,NSS-LINUX-APP01,Ubuntu 24.04,Application Server,8.28,32.23,54.94,99.9269,0
2026-05-24T03:00,NSS-LINUX-DB01,Rocky Linux 9,Database Server,32.05,55.51,75.73,99.8232,0
2026-01-08T19:00,NSS-DC01,Windows Server 2022,Domain Controller,33.81,73.23,36.39,99.798,0
2026-03-14T20:00,NSS-DC02,Windows Server 2022,Domain Controller,16.05,49.53,86.26,99.8209,1
2026-02-19T11:00,NSS-LINUX-DB01,Rocky Linux 9,Database Server,16.35,62.1,75.39,99.9732,0
2026-02-15T07:00,NSS-FILE01,Windows Server 2022,File Server,38.49,43.77,75.11,99.9108,0
2026-06-30T13:00,NSS-LINUX-APP01,Ubuntu 24.04,Application Server,19.29,53.91,71.95,99.9772,0
2026-03-25T11:00,NSS-LINUX-APP01,Ubuntu 24.04,Application Server,20.07,56.44,65.46,99.9353,0
2026-07-19T12:00,NSS-FILE01,Windows Server 2022,File Server,14.18,69.02,49.77,99.8827,0
2026-02-23T00:00,NSS-FILE01,Windows Server 2022,File Server,24.63,61.36,87.79,99.9011,1
2026-04-30T13:00,NSS-LINUX-DB01,Rocky Linux 9,Database Server,29.99,62.12,39.6,99.9309,0
2026-07-10T23:00,NSS-MON01,Ubuntu 24.04,Monitoring Server,6.54,66.78,53.87,99.9203,0
2026-01-17T14:00,NSS-APP01,Windows Server 2022,Application Server,29.57,80.26,56.37,99.8061,0
2026-01-06T22:00,NSS-FILE01,Windows Server 2022,File Server,14.38,54.53,32.57,99.8892,0
2026-05-21T21:00,NSS-DC01,Windows Server 2022,Domain Controller,35.87,61.44,40.85,99.8977,0
2026-04-26T17:00,NSS-LINUX-APP01,Ubuntu 24.04,Application Server,7.32,37.5,49.52,99.9125,0
2026-02-10T21:00,NSS-FILE01,Windows Server 2022,File Server,37.89,51.98,90.54,99.7918,1
2026-03-24T18:00,NSS-LINUX-DB01,Rocky Linux 9,Database Server,4.84,47.41,51.11,99.9368,0
2026-03-31T00:00,NSS-APP01,Windows Server 2022,Application Server,40.5,57.16,66.5,99.7593,0
2026-05-16T07:00,NSS-MON01,Ubuntu 24.04,Monitoring Server,2.0,12.06,40.73,99.8222,0
2026-05-30T02:00,NSS-APP01,Windows Server 2022,Application Server,15.9,32.58,94.65,99.9865,1
2026-02-08T06:00,NSS-LINUX-DB01,Rocky Linux 9,Database Server,2.0,31.07,33.84,99.998,0
2026-07-04T20:00,NSS-LINUX-APP01,Ubuntu 24.04,Application Server,35.38,98.0,57.65,99.8444,1
2026-05-03T18:00,NSS-DC02,Windows Server 2022,Domain Controller,38.56,75.35,64.1,99.8347,0
2026-04-16T13:00,NSS-LINUX-DB01,Rocky Linux 9,Database Server,53.86,42.2,37.76,99.7868,0
2026-06-02T13:00,NSS-LINUX-DB01,Rocky Linux 9,Database Server,35.68,75.25,58.26,99.8351,0
2026-07-11T16:00,NSS-DC01,Windows Server 2022,Domain Controller,24.87,71.25,89.52,99.8973,1
2026-06-25T03:00,NSS-LINUX-APP01,Ubuntu 24.04,Application Server,4.14,62.61,62.8,99.7503,0
2026-01-02T01:00,NSS-FILE01,Windows Server 2022,File Server,9.28,68.11,61.73,99.8926,0
2026-02-16T05:00,NSS-APP01,Windows Server 2022,Application Server,18.77,32.29,47.84,99.7585,0
2026-02-14T08:00,NSS-LINUX-DB01,Rocky Linux 9,Database Server,41.68,59.02,67.2,99.7971,0
2026-05-20T20:00,NSS-FILE01,Windows Server 2022,File Server,11.46,77.25,53.73,99.9289,0
2026-05-07T05:00,NSS-LINUX-DB01,Rocky Linux 9,Database Server,22.67,37.48,26.73,99.766,0
2026-02-24T17:00,NSS-MON01,Ubuntu 24.04,Monitoring Server,23.85,51.22,80.33,99.8535,0
2026-04-24T16:00,NSS-DC02,Windows Server 2022,Domain Controller,39.61,60.35,48.04,99.9534,0
2026-02-09T20:00,NSS-DC02,Windows Server 2022,Domain Controller,34.2,62.4,56.81,99.9158,0
2026-06-24T07:00,NSS-LINUX-APP01,Ubuntu 24.04,Application Server,68.0,19.25,42.82,99.9001,0
2026-06-03T01:00,NSS-LINUX-DB01,Rocky Linux 9,Database Server,34.61,57.85,60.92,99.8041,0
2026-01-10T05:00,NSS-FILE01,Windows Server 2022,File Server,54.35,56.8,32.41,99.8716,0
2026-06-11T01:00,NSS-LINUX-DB01,Rocky Linux 9,Database Server,17.63,53.25,95.0,99.8112,1
2026-04-21T07:00,NSS-FILE01,Windows Server 2022,File Server,31.14,51.94,49.45,99.9184,0
2026-04-02T15:00,NSS-MON01,Ubuntu 24.04,Monitoring Server,19.19,71.83,64.27,99.9181,0
2026-03-30T20:00,NSS-APP01,Windows Server 2022,Application Server,2.05,39.37,93.24,99.9103,1
2026-06-13T14:00,NSS-LINUX-DB01,Rocky Linux 9,Database Server,41.79,62.17,83.37,99.9156,0
2026-06-19T22:00,NSS-APP01,Windows Server 2022,Application Server,28.82,59.91,81.93,99.9658,0
2026-02-01T02:00,NSS-FILE01,Windows Server 2022,File Server,27.67,74.88,56.26,99.9529,0
2026-06-06T05:00,NSS-MON01,Ubuntu 24.04,Monitoring Server,18.5,56.54,59.37,99.9973,0
2026-04-23T23:00,NSS-DC02,Windows Server 2022,Domain Controller,16.04,60.64,86.07,99.8797,1
2026-06-21T09:00,NSS-DC01,Windows Server 2022,Domain Controller,11.97,44.94,59.63,99.9007,0
2026-04-26T13:00,NSS-FILE01,Windows Server 2022,File Server,25.92,70.86,58.86,99.9408,0
2026-02-11T10:00,NSS-DC01,Windows Server 2022,Domain Controller,26.17,45.84,60.69,99.9927,0
2026-02-16T04:00,NSS-DC01,Windows Server 2022,Domain Controller,2.0,28.76,40.05,99.7839,0
2026-03-03T09:00,NSS-DC01,Windows Server 2022,Domain Controller,23.78,53.19,68.61,99.9066,0
2026-02-28T09:00,NSS-APP01,Windows Server 2022,Application Server,41.29,60.87,52.35,99.8786,0
2026-03-25T04:00,NSS-MON01,Ubuntu 24.04,Monitoring Server,29.43,76.83,60.07,99.9717,0
2026-03-30T14:00,NSS-MON01,Ubuntu 24.04,Monitoring Server,43.69,59.84,66.62,99.8615,0
2026-05-01T01:00,NSS-APP01,Windows Server 2022,Application Server,35.76,63.7,54.04,99.9181,0
2026-01-04T23:00,NSS-DC01,Windows Server 2022,Domain Controller,28.4,79.63,83.94,99.7788,0
2026-01-30T20:00,NSS-LINUX-DB01,Rocky Linux 9,Database Server,4.52,45.03,80.65,99.858,0
2026-01-23T19:00,NSS-LINUX-DB01,Rocky Linux 9,Database Server,23.4,42.52,38.82,99.9011,0
2026-06-09T15:00,NSS-DC01,Windows Server 2022,Domain Controller,33.49,40.47,73.11,99.8684,0
2026-06-16T14:00,NSS-FILE01,Windows Server 2022,File Server,23.84,58.64,52.54,99.9398,0
2026-01-09T15:00,NSS-APP01,Windows Server 2022,Application Server,33.63,63.84,56.1,99.7648,0
2026-06-20T06:00,NSS-DC01,Windows Server 2022,Domain Controller,21.16,67.45,59.8,99.8704,0
2026-06-16T10:00,NSS-DC01,Windows Server 2022,Domain Controller,29.39,42.59,58.64,99.9764,0
2026-07-08T22:00,NSS-DC02,Windows Server 2022,Domain Controller,14.37,54.99,56.94,99.7909,0
2026-03-22T03:00,NSS-FILE01,Windows Server 2022,File Server,17.73,42.0,53.76,99.7899,0
2026-07-17T12:00,NSS-MON01,Ubuntu 24.04,Monitoring Server,30.77,79.41,60.68,99.756,0
2026-02-07T23:00,NSS-LINUX-APP01,Ubuntu 24.04,Application Server,43.09,44.3,51.25,99.8394,0
2026-05-05T21:00,NSS-DC01,Windows Server 2022,Domain Controller,31.91,43.61,60.65,99.9924,0
2026-03-31T05:00,NSS-APP01,Windows Server 2022,Application Server,41.55,41.81,62.74,99.7864,0
2026-02-25T22:00,NSS-DC02,Windows Server 2022,Domain Controller,38.27,42.79,38.8,99.8252,0
2026-03-03T22:00,NSS-LINUX-APP01,Ubuntu 24.04,Application Server,48.78,53.48,64.3,99.9241,0
2026-01-22T15:00,NSS-MON01,Ubuntu 24.04,Monitoring Server,16.38,55.16,52.46,99.8151,0
2026-03-28T08:00,NSS-LINUX-DB01,Rocky Linux 9,Database Server,28.91,54.43,52.07,99.7726,0
2026-02-11T05:00,NSS-LINUX-DB01,Rocky Linux 9,Database Server,40.38,49.38,82.95,99.9818,0
2026-07-17T21:00,NSS-LINUX-DB01,Rocky Linux 9,Database Server,42.61,35.31,63.76,99.8968,0
2026-02-22T00:00,NSS-LINUX-DB01,Rocky Linux 9,Database Server,3.69,43.61,52.23,99.9024,0
2026-06-03T15:00,NSS-FILE01,Windows Server 2022,File Server,2.0,38.88,44.69,99.9079,0
2026-02-27T04:00,NSS-LINUX-DB01,Rocky Linux 9,Database Server,18.89,72.37,82.21,99.8733,0
2026-07-17T17:00,NSS-LINUX-DB01,Rocky Linux 9,Database Server,20.16,63.8,63.27,99.8521,0
2026-02-22T22:00,NSS-MON01,Ubuntu 24.04,Monitoring Server,8.16,56.3,87.83,99.877,1
2026-06-14T22:00,NSS-APP01,Windows Server 2022,Application Server,30.83,73.74,66.01,99.9735,0
2026-04-27T14:00,NSS-LINUX-APP01,Ubuntu 24.04,Application Server,54.59,14.34,82.32,99.8385,0
2026-07-20T02:00,NSS-FILE01,Windows Server 2022,File Server,25.03,31.76,41.58,99.9618,0
2026-04-02T10:00,NSS-LINUX-APP01,Ubuntu 24.04,Application Server,5.79,54.36,64.33,99.849,0
2026-05-24T13:00,NSS-LINUX-APP01,Ubuntu 24.04,Application Server,12.29,55.83,83.04,99.9574,0
2026-07-03T20:00,NSS-FILE01,Windows Server 2022,File Server,38.44,40.7,62.54,99.8907,0
2026-05-24T12:00,NSS-LINUX-APP01,Ubuntu 24.04,Application Server,30.56,35.34,58.83,99.8303,0
2026-01-16T13:00,NSS-MON01,Ubuntu 24.04,Monitoring Server,5.83,51.18,40.92,99.7776,0
2026-05-20T10:00,NSS-LINUX-APP01,Ubuntu 24.04,Application Server,21.3,62.03,83.2,99.8885,0
2026-07-18T12:00,NSS-DC01,Windows Server 2022,Domain Controller,39.29,66.48,55.11,99.815,0
2026-03-25T02:00,NSS-FILE01,Windows Server 2022,File Server,19.48,59.16,76.65,99.8099,0
2026-05-19T17:00,NSS-FILE01,Windows Server 2022,File Server,46.88,73.83,78.21,99.9714,0
2026-06-01T17:00,NSS-APP01,Windows Server 2022,Application Server,2.0,53.22,73.08,99.9356,0
2026-07-19T06:00,NSS-FILE01,Windows Server 2022,File Server,13.65,59.15,49.8,99.7719,0
2026-01-19T23:00,NSS-LINUX-DB01,Rocky Linux 9,Database Server,16.95,62.03,68.97,99.7764,0
2026-03-05T04:00,NSS-LINUX-APP01,Ubuntu 24.04,Application Server,35.71,61.11,52.23,99.8558,0
2026-04-06T08:00,NSS-LINUX-APP01,Ubuntu 24.04,Application Server,27.8,24.95,67.5,99.7556,0
2026-07-23T08:00,NSS-LINUX-DB01,Rocky Linux 9,Database Server,16.59,18.04,95.0,99.7638,1
2026-06-07T01:00,NSS-FILE01,Windows Server 2022,File Server,28.26,63.31,51.1,99.8546,0
2026-04-12T18:00,NSS-LINUX-DB01,Rocky Linux 9,Database Server,53.32,51.55,61.37,99.8493,0
2026-05-10T00:00,NSS-DC02,Windows Server 2022,Domain Controller,35.41,38.1,54.44,99.9388,0
2026-01-19T21:00,NSS-MON01,Ubuntu 24.04,Monitoring Server,28.38,58.55,72.01,99.8059,0
2026-03-02T09:00,NSS-DC02,Windows Server 2022,Domain Controller,7.89,58.75,48.27,99.957,0
2026-06-13T14:00,NSS-FILE01,Windows Server 2022,File Server,14.44,54.23,59.73,99.9941,0
2026-01-20T20:00,NSS-MON01,Ubuntu 24.04,Monitoring Server,22.48,59.16,33.02,99.9606,0
2026-07-20T18:00,NSS-DC01,Windows Server 2022,Domain Controller,26.45,43.18,48.03,99.8619,0
2026-06-10T10:00,NSS-LINUX-APP01,Ubuntu 24.04,Application Server,33.01,64.17,56.15,99.8663,0
2026-04-25T10:00,NSS-DC01,Windows Server 2022,Domain Controller,25.53,61.47,55.94,99.8271,0
2026-03-12T20:00,NSS-LINUX-APP01,Ubuntu 24.04,Application Server,13.35,71.96,61.42,99.9368,0
2026-04-02T07:00,NSS-DC01,Windows Server 2022,Domain Controller,8.89,45.32,45.06,99.9897,0
2026-04-26T16:00,NSS-MON01,Ubuntu 24.04,Monitoring Server,3.28,44.78,71.33,99.7753,0
2026-03-09T17:00,NSS-DC02,Windows Server 2022,Domain Controller,40.9,77.74,33.68,99.9402,0
2026-02-10T06:00,NSS-APP01,Windows Server 2022,Application Server,33.59,30.23,74.8,99.9363,0
2026-07-25T09:00,NSS-DC01,Windows Server 2022,Domain Controller,33.11,54.96,80.99,99.7683,0
2026-04-20T01:00,NSS-LINUX-APP01,Ubuntu 24.04,Application Server,26.4,62.85,71.14,99.8782,0
2026-04-23T08:00,NSS-FILE01,Windows Server 2022,File Server,22.36,51.51,63.01,99.9472,0
2026-01-02T10:00,NSS-LINUX-DB01,Rocky Linux 9,Database Server,15.82,44.05,44.83,99.8298,0
2026-05-24T19:00,NSS-DC01,Windows Server 2022,Domain Controller,14.0,65.81,50.87,99.8728,0
2026-03-14T19:00,NSS-LINUX-APP01,Ubuntu 24.04,Application Server,53.71,44.1,46.7,99.8867,0
2026-01-13T13:00,NSS-LINUX-DB01,Rocky Linux 9,Database Server,30.94,54.24,57.03,99.9561,0
2026-07-13T11:00,NSS-LINUX-APP01,Ubuntu 24.04,Application Server,27.35,83.85,85.15,99.834,1
2026-06-04T00:00,NSS-LINUX-APP01,Ubuntu 24.04,Application Server,12.64,74.18,65.03,99.9716,0
2026-05-08T08:00,NSS-LINUX-APP01,Ubuntu 24.04,Application Server,16.52,62.7,48.56,99.7832,0
2026-07-23T16:00,NSS-DC02,Windows Server 2022,Domain Controller,48.77,47.96,57.96,99.8849,0
2026-02-06T09:00,NSS-FILE01,Windows Server 2022,File Server,39.28,53.47,56.58,99.9316,0
2026-06-06T03:00,NSS-DC01,Windows Server 2022,Domain Controller,42.69,42.28,54.0,99.9293,0
2026-02-05T06:00,NSS-APP01,Windows Server 2022,Application Server,33.22,61.6,64.56,99.8665,0
2026-02-20T00:00,NSS-MON01,Ubuntu 24.04,Monitoring Server,40.03,38.19,61.91,99.954,0
2026-06-24T17:00,NSS-LINUX-APP01,Ubuntu 24.04,Application Server,32.1,66.97,51.18,99.9528,0
2026-04-16T17:00,NSS-FILE01,Windows Server 2022,File Server,32.09,68.37,42.31,99.7636,0
2026-04-07T19:00,NSS-LINUX-APP01,Ubuntu 24.04,Application Server,28.0,64.37,55.04,99.9928,0
2026-05-26T16:00,NSS-FILE01,Windows Server 2022,File Server,32.88,81.59,59.56,99.7758,0
2026-04-24T10:00,NSS-APP01,Windows Server 2022,Application Server,18.66,78.98,61.52,99.9378,0
2026-06-16T04:00,NSS-FILE01,Windows Server 2022,File Server,61.53,52.59,47.3,99.9442,0
2026-04-18T10:00,NSS-LINUX-APP01,Ubuntu 24.04,Application Server,7.23,79.91,46.23,99.826,0
2026-04-01T02:00,NSS-DC01,Windows Server 2022,Domain Controller,10.47,57.67,57.26,99.8378,0
2026-03-02T02:00,NSS-MON01,Ubuntu 24.04,Monitoring Server,23.35,73.55,62.67,99.8585,0
2026-02-25T19:00,NSS-FILE01,Windows Server 2022,File Server,17.39,59.13,52.78,99.8328,0
2026-03-16T00:00,NSS-APP01,Windows Server 2022,Application Server,46.27,25.44,60.8,99.9568,0
2026-03-05T01:00,NSS-APP01,Windows Server 2022,Application Server,34.15,74.94,41.99,99.756,0
2026-04-07T02:00,NSS-FILE01,Windows Server 2022,File Server,5.26,39.99,60.93,99.9467,0
2026-01-28T16:00,NSS-APP01,Windows Server 2022,Application Server,45.71,64.98,59.17,99.9986,0
2026-07-16T16:00,NSS-DC01,Windows Server 2022,Domain Controller,29.88,60.45,58.26,99.8068,0
2026-02-26T10:00,NSS-LINUX-DB01,Rocky Linux 9,Database Server,25.41,58.4,58.95,99.9874,0
2026-04-02T06:00,NSS-FILE01,Windows Server 2022,File Server,34.13,72.13,82.22,99.9484,0
2026-03-07T13:00,NSS-DC02,Windows Server 2022,Domain Controller,21.59,49.74,50.01,99.7619,0
2026-01-09T07:00,NSS-APP01,Windows Server 2022,Application Server,15.62,71.89,87.75,99.9413,1
2026-01-15T23:00,NSS-LINUX-DB01,Rocky Linux 9,Database Server,14.4,47.28,41.05,99.8732,0
2026-02-02T23:00,NSS-APP01,Windows Server 2022,Application Server,41.43,63.2,46.2,99.9052,0
2026-02-05T05:00,NSS-DC01,Windows Server 2022,Domain Controller,7.69,60.53,88.49,99.9677,1
2026-04-05T21:00,NSS-FILE01,Windows Server 2022,File Server,29.52,63.95,87.33,99.7943,1
2026-07-10T12:00,NSS-DC02,Windows Server 2022,Domain Controller,7.29,71.84,80.81,99.9874,0
2026-05-02T20:00,NSS-LINUX-DB01,Rocky Linux 9,Database Server,31.66,49.22,76.46,99.8937,0
2026-06-17T05:00,NSS-LINUX-DB01,Rocky Linux 9,Database Server,41.58,66.36,57.35,99.7879,0
2026-06-11T01:00,NSS-APP01,Windows Server 2022,Application Server,20.84,52.33,55.15,99.8286,0
2026-07-23T23:00,NSS-DC02,Windows Server 2022,Domain Controller,8.85,45.99,72.12,99.7944,0
2026-01-31T00:00,NSS-LINUX-APP01,Ubuntu 24.04,Application Server,20.46,45.64,75.56,99.7846,0
2026-02-25T22:00,NSS-MON01,Ubuntu 24.04,Monitoring Server,46.14,57.69,54.89,99.9618,0
2026-01-17T07:00,NSS-DC01,Windows Server 2022,Domain Controller,25.75,67.77,49.05,99.9803,0
2026-03-03T13:00,NSS-FILE01,Windows Server 2022,File Server,37.23,93.17,63.34,99.941,1
2026-07-25T02:00,NSS-DC02,Windows Server 2022,Domain Controller,16.79,33.47,67.14,99.8764,0
2026-02-05T05:00,NSS-DC02,Windows Server 2022,Domain Controller,45.6,53.87,62.5,99.8792,0
2026-04-10T08:00,NSS-DC02,Windows Server 2022,Domain Controller,21.3,70.02,65.44,99.7681,0
2026-04-20T07:00,NSS-LINUX-APP01,Ubuntu 24.04,Application Server,5.63,34.89,38.2,99.853,0
2026-04-22T13:00,NSS-APP01,Windows Server 2022,Application Server,29.57,49.11,56.14,99.9769,0
2026-02-27T07:00,NSS-FILE01,Windows Server 2022,File Server,36.79,54.08,47.64,99.7888,0
2026-03-26T08:00,NSS-DC02,Windows Server 2022,Domain Controller,32.72,61.44,52.74,99.9553,0
2026-01-06T02:00,NSS-APP01,Windows Server 2022,Application Server,64.56,48.46,86.93,99.8709,1
2026-03-02T15:00,NSS-LINUX-DB01,Rocky Linux 9,Database Server,41.29,48.8,61.58,99.7649,0
2026-02-17T21:00,NSS-MON01,Ubuntu 24.04,Monitoring Server,30.45,31.09,67.98,99.8784,0
2026-05-16T00:00,NSS-MON01,Ubuntu 24.04,Monitoring Server,36.66,28.82,72.9,99.8285,0
2026-04-19T19:00,NSS-MON01,Ubuntu 24.04,Monitoring Server,18.97,56.29,59.14,99.865,0
2026-01-06T11:00,NSS-DC01,Windows Server 2022,Domain Controller,41.07,53.75,64.02,99.8499,0
2026-04-05T21:00,NSS-APP01,Windows Server 2022,Application Server,17.72,79.41,69.69,99.8561,0
2026-05-18T18:00,NSS-LINUX-APP01,Ubuntu 24.04,Application Server,51.38,64.96,68.74,99.7978,0
2026-02-01T10:00,NSS-DC01,Windows Server 2022,Domain Controller,27.98,56.36,65.46,99.9752,0
2026-05-06T06:00,NSS-DC01,Windows Server 2022,Domain Controller,22.4,47.64,60.91,99.8206,0
2026-04-09T15:00,NSS-LINUX-APP01,Ubuntu 24.04,Application Server,33.61,53.76,54.89,99.9413,0
2026-02-28T23:00,NSS-LINUX-APP01,Ubuntu 24.04,Application Server,25.2,69.36,49.55,99.8587,0
2026-01-02T20:00,NSS-LINUX-APP01,Ubuntu 24.04,Application Server,23.25,60.57,73.11,99.8108,0
2026-04-06T08:00,NSS-DC02,Windows Server 2022,Domain Controller,12.36,23.89,30.94,99.8891,0
2026-07-08T23:00,NSS-LINUX-DB01,Rocky Linux 9,Database Server,26.28,60.76,26.23,99.8873,0
2026-07-09T04:00,NSS-APP01,Windows Server 2022,Application Server,16.59,17.28,60.15,99.9224,0
2026-02-27T20:00,NSS-APP01,Windows Server 2022,Application Server,40.91,73.79,55.6,99.8685,0
2026-05-03T23:00,NSS-APP01,Windows Server 2022,Application Server,18.85,51.84,83.28,99.8137,0
2026-06-11T03:00,NSS-DC01,Windows Server 2022,Domain Controller,39.47,46.51,69.5,99.7886,0
2026-07-24T01:00,NSS-LINUX-DB01,Rocky Linux 9,Database Server,29.47,68.19,67.19,99.9272,0
2026-05-29T09:00,NSS-MON01,Ubuntu 24.04,Monitoring Server,27.83,61.97,45.93,99.9689,0
2026-05-13T20:00,NSS-MON01,Ubuntu 24.04,Monitoring Server,6.38,45.75,58.89,99.8451,0
2026-07-06T18:00,NSS-LINUX-APP01,Ubuntu 24.04,Application Server,63.83,30.62,72.63,99.8372,0
2026-02-25T15:00,NSS-APP01,Windows Server 2022,Application Server,28.68,54.45,70.75,99.7705,0
2026-07-25T19:00,NSS-LINUX-DB01,Rocky Linux 9,Database Server,22.07,65.27,80.45,99.9756,0
2026-07-11T06:00,NSS-LINUX-APP01,Ubuntu 24.04,Application Server,18.91,46.55,60.79,99.9546,0
2026-07-06T08:00,NSS-DC01,Windows Server 2022,Domain Controller,44.22,50.85,29.68,99.8515,0
2026-04-15T18:00,NSS-LINUX-APP01,Ubuntu 24.04,Application Server,18.72,37.71,50.31,99.9711,0
2026-07-24T05:00,NSS-APP01,Windows Server 2022,Application Server,28.24,46.55,51.11,99.8342,0
2026-06-26T18:00,NSS-DC01,Windows Server 2022,Domain Controller,23.16,74.03,44.33,99.9396,0
2026-03-24T14:00,NSS-DC01,Windows Server 2022,Domain Controller,25.21,44.23,50.27,99.7939,0
2026-04-21T13:00,NSS-LINUX-APP01,Ubuntu 24.04,Application Server,11.78,34.44,71.01,99.7831,0
2026-07-05T05:00,NSS-LINUX-APP01,Ubuntu 24.04,Application Server,40.26,37.27,75.03,99.805,0
2026-04-18T23:00,NSS-APP01,Windows Server 2022,Application Server,47.3,65.86,65.61,99.8243,0
2026-04-30T00:00,NSS-LINUX-APP01,Ubuntu 24.04,Application Server,45.62,50.72,53.63,99.7765,0
2026-02-28T20:00,NSS-DC02,Windows Server 2022,Domain Controller,29.85,23.76,43.09,99.7564,0
2026-02-19T06:00,NSS-DC01,Windows Server 2022,Domain Controller,35.64,53.63,80.35,99.8919,0
2026-07-07T13:00,NSS-LINUX-APP01,Ubuntu 24.04,Application Server,16.27,37.13,43.31,99.9755,0
2026-07-21T07:00,NSS-LINUX-DB01,Rocky Linux 9,Database Server,26.67,44.72,66.73,99.9383,0
2026-06-10T05:00,NSS-DC01,Windows Server 2022,Domain Controller,12.16,59.92,51.52,99.9161,0
2026-05-26T13:00,NSS-APP01,Windows Server 2022,Application Server,31.13,42.96,53.73,99.8433,0
2026-06-18T00:00,NSS-LINUX-APP01,Ubuntu 24.04,Application Server,21.13,56.01,47.92,99.793,0
2026-04-06T09:00,NSS-DC02,Windows Server 2022,Domain Controller,16.63,45.55,69.72,99.8808,0
2026-01-10T03:00,NSS-DC01,Windows Server 2022,Domain Controller,30.81,53.9,57.27,99.7719,0
2026-05-17T13:00,NSS-FILE01,Windows Server 2022,File Server,16.25,57.22,63.74,99.9113,0
2026-05-23T19:00,NSS-APP01,Windows Server 2022,Application Server,17.85,38.16,41.65,99.7887,0
2026-03-26T10:00,NSS-MON01,Ubuntu 24.04,Monitoring Server,25.93,54.11,52.76,99.7951,0
2026-04-05T11:00,NSS-DC02,Windows Server 2022,Domain Controller,41.89,53.61,70.79,99.9198,0
2026-02-26T19:00,NSS-DC02,Windows Server 2022,Domain Controller,9.31,52.26,53.88,99.8516,0
2026-04-16T15:00,NSS-MON01,Ubuntu 24.04,Monitoring Server,31.93,22.78,89.0,99.8178,1
2026-05-21T13:00,NSS-APP01,Windows Server 2022,Application Server,18.11,60.49,33.21,99.8993,0
2026-07-28T06:00,NSS-LINUX-DB01,Rocky Linux 9,Database Server,11.75,38.86,61.89,99.8025,0
2026-04-02T20:00,NSS-MON01,Ubuntu 24.04,Monitoring Server,24.27,84.76,43.05,99.9783,0
2026-07-05T05:00,NSS-FILE01,Windows Server 2022,File Server,15.13,47.49,69.38,99.8729,0
2026-05-28T21:00,NSS-FILE01,Windows Server 2022,File Server,30.51,58.31,49.92,99.9133,0
2026-05-07T20:00,NSS-LINUX-APP01,Ubuntu 24.04,Application Server,25.84,44.75,56.38,99.7757,0
2026-05-25T02:00,NSS-APP01,Windows Server 2022,Application Server,9.7,65.82,73.76,99.7591,0
2026-04-25T17:00,NSS-MON01,Ubuntu 24.04,Monitoring Server,33.84,60.16,48.78,99.7751,0
2026-02-16T09:00,NSS-DC02,Windows Server 2022,Domain Controller,10.1,48.06,60.35,99.9309,0
2026-05-21T02:00,NSS-FILE01,Windows Server 2022,File Server,27.8,67.88,70.05,99.904,0
2026-06-30T00:00,NSS-MON01,Ubuntu 24.04,Monitoring Server,20.61,65.23,54.68,99.7622,0
2026-03-25T19:00,NSS-MON01,Ubuntu 24.04,Monitoring Server,9.12,38.48,65.82,99.9177,0
2026-07-20T14:00,NSS-APP01,Windows Server 2022,Application Server,18.28,56.12,61.44,99.8756,0
2026-04-02T01:00,NSS-APP01,Windows Server 2022,Application Server,49.24,65.43,37.44,99.7899,0
2026-03-06T22:00,NSS-APP01,Windows Server 2022,Application Server,34.24,60.87,51.13,99.9691,0
2026-04-17T10:00,NSS-APP01,Windows Server 2022,Application Server,35.38,52.38,75.87,99.7721,0
2026-03-13T14:00,NSS-DC02,Windows Server 2022,Domain Controller,18.45,45.91,57.31,99.8338,0
2026-06-30T09:00,NSS-MON01,Ubuntu 24.04,Monitoring Server,40.24,56.79,48.39,99.9907,0
2026-03-03T22:00,NSS-LINUX-DB01,Rocky Linux 9,Database Server,6.84,67.02,39.6,99.7955,0
2026-05-18T15:00,NSS-FILE01,Windows Server 2022,File Server,36.94,67.1,75.04,99.7871,0
2026-06-07T20:00,NSS-LINUX-APP01,Ubuntu 24.04,Application Server,35.2,62.98,86.75,99.9322,1
2026-01-17T13:00,NSS-LINUX-APP01,Ubuntu 24.04,Application Server,15.86,59.17,48.64,99.9606,0
2026-07-11T18:00,NSS-MON01,Ubuntu 24.04,Monitoring Server,30.7,59.63,74.84,99.9172,0
2026-04-07T21:00,NSS-DC01,Windows Server 2022,Domain Controller,12.18,37.84,61.12,99.7583,0
2026-04-22T00:00,NSS-MON01,Ubuntu 24.04,Monitoring Server,33.14,66.04,84.68,99.7648,0
2026-07-08T11:00,NSS-DC01,Windows Server 2022,Domain Controller,2.0,71.51,87.29,99.9177,1
2026-07-08T16:00,NSS-LINUX-APP01,Ubuntu 24.04,Application Server,12.44,61.03,77.61,99.8181,0
2026-06-12T18:00,NSS-APP01,Windows Server 2022,Application Server,48.62,79.64,50.31,99.7655,0
2026-07-26T10:00,NSS-LINUX-APP01,Ubuntu 24.04,Application Server,7.25,34.02,65.88,99.7607,0
2026-05-29T15:00,NSS-DC01,Windows Server 2022,Domain Controller,3.61,54.91,68.2,99.9386,0
2026-07-29T21:00,NSS-APP01,Windows Server 2022,Application Server,42.77,50.68,44.21,99.8624,0
2026-01-15T07:00,NSS-DC01,Windows Server 2022,Domain Controller,40.57,77.96,39.21,99.7625,0
2026-07-16T23:00,NSS-LINUX-DB01,Rocky Linux 9,Database Server,17.22,42.3,60.56,99.8203,0
2026-02-20T02:00,NSS-LINUX-APP01,Ubuntu 24.04,Application Server,45.03,86.93,68.8,99.8254,0
2026-06-21T12:00,NSS-DC01,Windows Server 2022,Domain Controller,32.69,77.83,53.93,99.969,0
2026-05-20T07:00,NSS-FILE01,Windows Server 2022,File Server,29.37,53.85,66.6,99.8442,0
2026-04-13T04:00,NSS-DC01,Windows Server 2022,Domain Controller,16.05,60.92,55.7,99.876,0
2026-03-22T16:00,NSS-FILE01,Windows Server 2022,File Server,40.44,51.4,35.53,99.8157,0
2026-01-06T10:00,NSS-LINUX-DB01,Rocky Linux 9,Database Server,23.02,62.47,48.27,99.7917,0
2026-01-06T14:00,NSS-LINUX-DB01,Rocky Linux 9,Database Server,6.29,45.81,55.29,99.7678,0
2026-01-28T02:00,NSS-LINUX-DB01,Rocky Linux 9,Database Server,43.18,58.79,47.46,99.7506,0
2026-03-13T05:00,NSS-LINUX-DB01,Rocky Linux 9,Database Server,13.13,42.54,56.67,99.9709,0
2026-02-13T22:00,NSS-MON01,Ubuntu 24.04,Monitoring Server,25.72,85.82,75.53,99.9986,0
2026-05-20T21:00,NSS-MON01,Ubuntu 24.04,Monitoring Server,29.3,81.87,67.24,99.8443,0
2026-05-15T15:00,NSS-APP01,Windows Server 2022,Application Server,12.2,47.63,34.69,99.8006,0
2026-07-02T07:00,NSS-DC01,Windows Server 2022,Domain Controller,2.7,58.82,41.2,99.7581,0
2026-01-14T01:00,NSS-FILE01,Windows Server 2022,File Server,6.06,65.95,76.41,99.9179,0
2026-06-01T06:00,NSS-FILE01,Windows Server 2022,File Server,24.51,63.05,65.34,99.9237,0
2026-02-03T12:00,NSS-FILE01,Windows Server 2022,File Server,30.94,53.03,65.38,99.7836,0
2026-07-14T19:00,NSS-DC02,Windows Server 2022,Domain Controller,19.94,48.06,67.98,99.8839,0
2026-04-16T15:00,NSS-APP01,Windows Server 2022,Application Server,37.79,42.39,58.02,99.9837,0
2026-03-19T18:00,NSS-APP01,Windows Server 2022,Application Server,26.58,42.32,62.7,99.857,0
2026-05-31T14:00,NSS-LINUX-APP01,Ubuntu 24.04,Application Server,43.33,46.93,42.61,99.889,0
2026-01-30T04:00,NSS-LINUX-APP01,Ubuntu 24.04,Application Server,11.09,54.26,65.92,99.9559,0
2026-06-29T13:00,NSS-LINUX-APP01,Ubuntu 24.04,Application Server,27.65,51.83,65.44,99.9568,0
2026-01-19T18:00,NSS-MON01,Ubuntu 24.04,Monitoring Server,46.85,44.18,76.37,99.9329,0
2026-01-21T02:00,NSS-APP01,Windows Server 2022,Application Server,20.93,69.95,83.47,99.7989,0
2026-06-01T07:00,NSS-MON01,Ubuntu 24.04,Monitoring Server,11.88,67.43,84.78,99.9588,0
2026-07-07T14:00,NSS-LINUX-APP01,Ubuntu 24.04,Application Server,18.75,57.99,58.1,99.9968,0
2026-01-05T23:00,NSS-APP01,Windows Server 2022,Application Server,22.43,63.11,68.04,99.8452,0
2026-01-09T19:00,NSS-DC01,Windows Server 2022,Domain Controller,8.86,46.53,75.27,99.7777,0
2026-04-18T01:00,NSS-LINUX-DB01,Rocky Linux 9,Database Server,2.0,70.7,59.05,99.9639,0
2026-01-22T00:00,NSS-LINUX-APP01,Ubuntu 24.04,Application Server,17.5,64.94,70.32,99.8937,0
2026-03-23T13:00,NSS-LINUX-APP01,Ubuntu 24.04,Application Server,24.31,65.16,70.83,99.8027,0
2026-04-04T21:00,NSS-DC02,Windows Server 2022,Domain Controller,5.01,33.34,71.62,99.8651,0
2026-04-18T02:00,NSS-MON01,Ubuntu 24.04,Monitoring Server,31.59,78.86,52.19,99.8817,0
2026-01-01T00:00,NSS-FILE01,Windows Server 2022,File Server,18.75,40.69,46.2,99.9803,0
2026-05-03T01:00,NSS-LINUX-APP01,Ubuntu 24.04,Application Server,33.9,68.81,72.76,99.7639,0
2026-02-23T05:00,NSS-MON01,Ubuntu 24.04,Monitoring Server,37.82,56.53,69.32,99.7564,0
2026-02-13T23:00,NSS-LINUX-DB01,Rocky Linux 9,Database Server,32.31,35.4,65.12,99.8368,0
2026-03-18T10:00,NSS-APP01,Windows Server 2022,Application Server,18.07,38.07,42.46,99.8769,0
2026-01-06T09:00,NSS-MON01,Ubuntu 24.04,Monitoring Server,43.79,72.08,70.3,99.8294,0
2026-02-16T21:00,NSS-APP01,Windows Server 2022,Application Server,13.54,28.06,42.0,99.7967,0
2026-04-06T09:00,NSS-MON01,Ubuntu 24.04,Monitoring Server,48.06,78.56,45.61,99.9114,0
2026-02-13T12:00,NSS-APP01,Windows Server 2022,Application Server,18.91,37.64,45.72,99.7788,0
2026-01-04T07:00,NSS-DC01,Windows Server 2022,Domain Controller,46.29,60.76,60.9,99.8042,0
2026-02-04T16:00,NSS-APP01,Windows Server 2022,Application Server,19.15,59.64,37.2,99.9625,0
2026-05-22T11:00,NSS-LINUX-APP01,Ubuntu 24.04,Application Server,26.92,32.39,64.26,99.7567,0
2026-03-14T22:00,NSS-LINUX-APP01,Ubuntu 24.04,Application Server,29.6,39.09,49.63,99.8186,0
2026-01-16T08:00,NSS-DC02,Windows Server 2022,Domain Controller,14.4,67.5,79.95,99.8134,0
2026-05-14T03:00,NSS-LINUX-APP01,Ubuntu 24.04,Application Server,31.36,40.46,52.22,99.9259,0
2026-06-29T04:00,NSS-FILE01,Windows Server 2022,File Server,34.99,60.43,62.53,99.8163,0
2026-04-23T16:00,NSS-APP01,Windows Server 2022,Application Server,22.96,44.39,79.38,99.8648,0
2026-06-09T00:00,NSS-LINUX-DB01,Rocky Linux 9,Database Server,18.97,52.24,62.06,99.9772,0
2026-05-22T02:00,NSS-LINUX-APP01,Ubuntu 24.04,Application Server,22.47,38.59,48.75,99.8897,0
2026-04-09T16:00,NSS-DC01,Windows Server 2022,Domain Controller,18.97,58.03,75.12,99.9505,0
2026-01-10T10:00,NSS-DC01,Windows Server 2022,Domain Controller,66.0,37.72,73.5,99.8732,0
2026-07-13T09:00,NSS-LINUX-DB01,Rocky Linux 9,Database Server,21.97,32.44,68.17,99.8322,0
2026-03-14T18:00,NSS-LINUX-DB01,Rocky Linux 9,Database Server,34.72,56.28,47.16,99.943,0
2026-03-29T10:00,NSS-LINUX-DB01,Rocky Linux 9,Database Server,29.95,36.72,68.4,99.903,0
2026-07-14T03:00,NSS-LINUX-APP01,Ubuntu 24.04,Application Server,20.24,43.76,71.99,99.8739,0
2026-05-09T09:00,NSS-MON01,Ubuntu 24.04,Monitoring Server,23.88,61.32,49.49,99.8513,0
2026-01-04T17:00,NSS-FILE01,Windows Server 2022,File Server,2.0,51.95,65.87,99.8889,0
2026-05-09T06:00,NSS-DC02,Windows Server 2022,Domain Controller,25.28,67.87,41.81,99.8199,0
2026-06-13T04:00,NSS-DC02,Windows Server 2022,Domain Controller,33.2,52.28,41.45,99.9602,0
2026-06-03T09:00,NSS-DC02,Windows Server 2022,Domain Controller,28.53,82.52,74.39,99.8699,0
2026-06-24T18:00,NSS-DC02,Windows Server 2022,Domain Controller,2.0,55.15,53.94,99.8473,0
2026-04-09T23:00,NSS-APP01,Windows Server 2022,Application Server,2.4,55.12,54.6,99.8846,0
2026-03-28T02:00,NSS-APP01,Windows Server 2022,Application Server,36.48,75.7,52.46,99.7856,0
2026-02-16T21:00,NSS-LINUX-DB01,Rocky Linux 9,Database Server,31.24,44.46,72.07,99.7899,0
2026-01-28T03:00,NSS-DC01,Windows Server 2022,Domain Controller,32.4,42.04,39.68,99.9492,0
2026-03-24T20:00,NSS-DC02,Windows Server 2022,Domain Controller,19.33,62.17,48.3,99.9602,0
2026-03-15T13:00,NSS-DC01,Windows Server 2022,Domain Controller,20.01,41.99,66.61,99.9772,0
2026-02-06T13:00,NSS-MON01,Ubuntu 24.04,Monitoring Server,32.34,56.04,50.36,99.82,0
2026-02-28T08:00,NSS-DC02,Windows Server 2022,Domain Controller,12.85,46.12,49.53,99.8168,0
2026-03-30T06:00,NSS-MON01,Ubuntu 24.04,Monitoring Server,53.27,75.01,44.79,99.9223,0
2026-07-19T02:00,NSS-DC01,Windows Server 2022,Domain Controller,43.56,56.68,58.69,99.7554,0
2026-01-08T17:00,NSS-DC01,Windows Server 2022,Domain Controller,35.82,54.84,43.9,99.8426,0
2026-03-18T14:00,NSS-DC02,Windows Server 2022,Domain Controller,30.32,56.01,61.5,99.9229,0
2026-06-23T01:00,NSS-LINUX-DB01,Rocky Linux 9,Database Server,57.58,69.21,52.97,99.7575,0
2026-02-05T18:00,NSS-LINUX-DB01,Rocky Linux 9,Database Server,2.31,53.84,66.52,99.9897,0
2026-07-13T04:00,NSS-DC02,Windows Server 2022,Domain Controller,31.39,35.58,38.42,99.974,0
2026-06-05T05:00,NSS-APP01,Windows Server 2022,Application Server,9.64,73.55,43.89,99.9785,0
2026-01-21T06:00,NSS-FILE01,Windows Server 2022,File Server,5.43,58.01,68.56,99.8952,0
2026-01-04T23:00,NSS-DC02,Windows Server 2022,Domain Controller,29.27,46.56,62.01,99.9995,0
2026-04-27T14:00,NSS-DC02,Windows Server 2022,Domain Controller,41.02,63.28,45.41,99.8808,0
2026-07-26T05:00,NSS-LINUX-DB01,Rocky Linux 9,Database Server,24.08,47.13,82.85,99.9006,0
2026-02-03T15:00,NSS-DC01,Windows Server 2022,Domain Controller,20.2,66.55,82.04,99.963,0
2026-03-31T08:00,NSS-FILE01,Windows Server 2022,File Server,37.99,80.35,59.88,99.7607,0
2026-04-26T23:00,NSS-APP01,Windows Server 2022,Application Server,16.07,58.52,69.63,99.9838,0
2026-05-21T20:00,NSS-FILE01,Windows Server 2022,File Server,13.82,46.25,89.46,99.7696,1
2026-01-01T23:00,NSS-MON01,Ubuntu 24.04,Monitoring Server,19.62,71.18,54.36,99.8291,0
2026-07-09T20:00,NSS-MON01,Ubuntu 24.04,Monitoring Server,12.42,57.04,63.24,99.7678,0
2026-06-06T14:00,NSS-DC02,Windows Server 2022,Domain Controller,13.08,35.59,36.29,99.7909,0
2026-03-17T23:00,NSS-DC02,Windows Server 2022,Domain Controller,22.04,35.24,56.75,99.7745,0
2026-05-07T13:00,NSS-FILE01,Windows Server 2022,File Server,5.36,49.33,71.93,99.7771,0
2026-04-04T16:00,NSS-DC02,Windows Server 2022,Domain Controller,2.0,59.0,72.3,99.8583,0
2026-06-28T16:00,NSS-APP01,Windows Server 2022,Application Server,33.28,74.1,46.06,99.9414,0
2026-01-22T08:00,NSS-LINUX-DB01,Rocky Linux 9,Database Server,32.75,81.1,59.16,99.9964,0
2026-01-20T07:00,NSS-FILE01,Windows Server 2022,File Server,14.18,40.94,70.2,99.9193,0
2026-06-04T17:00,NSS-DC01,Windows Server 2022,Domain Controller,49.44,57.55,41.31,99.7566,0
2026-06-28T11:00,NSS-DC02,Windows Server 2022,Domain Controller,43.18,51.07,54.03,99.9674,0
2026-04-03T16:00,NSS-MON01,Ubuntu 24.04,Monitoring Server,3.29,54.66,62.14,99.998,0
2026-03-19T16:00,NSS-DC01,Windows Server 2022,Domain Controller,25.24,41.95,34.46,99.9553,0
2026-07-08T15:00,NSS-DC01,Windows Server 2022,Domain Controller,2.0,55.37,59.65,99.8735,0
2026-05-11T03:00,NSS-MON01,Ubuntu 24.04,Monitoring Server,34.79,51.64,55.17,99.8488,0
2026-02-08T03:00,NSS-DC02,Windows Server 2022,Domain Controller,27.71,63.12,73.04,99.8383,0
2026-01-26T14:00,NSS-LINUX-DB01,Rocky Linux 9,Database Server,21.09,56.02,46.51,99.9716,0
2026-05-30T22:00,NSS-LINUX-APP01,Ubuntu 24.04,Application Server,30.4,61.31,43.13,99.8043,0
2026-07-19T22:00,NSS-LINUX-APP01,Ubuntu 24.04,Application Server,7.84,57.7,65.0,99.9929,0
2026-01-07T20:00,NSS-MON01,Ubuntu 24.04,Monitoring Server,17.7,27.31,48.74,99.945,0
2026-05-27T05:00,NSS-DC01,Windows Server 2022,Domain Controller,17.76,77.04,68.46,99.8831,0
2026-01-06T20:00,NSS-DC02,Windows Server 2022,Domain Controller,34.25,39.11,63.33,99.9213,0
2026-02-08T13:00,NSS-MON01,Ubuntu 24.04,Monitoring Server,12.92,87.83,47.33,99.984,0
2026-01-03T03:00,NSS-LINUX-DB01,Rocky Linux 9,Database Server,21.87,76.07,49.31,99.8029,0
2026-02-24T23:00,NSS-DC02,Windows Server 2022,Domain Controller,32.52,63.79,86.44,99.7785,1
2026-02-13T18:00,NSS-DC01,Windows Server 2022,Domain Controller,34.72,49.36,60.86,99.8826,0
2026-07-16T04:00,NSS-APP01,Windows Server 2022,Application Server,34.93,66.68,71.55,99.839,0
2026-04-12T12:00,NSS-FILE01,Windows Server 2022,File Server,35.93,29.21,70.29,99.9759,0
2026-02-18T07:00,NSS-DC01,Windows Server 2022,Domain Controller,20.91,60.23,60.08,99.7727,0
2026-01-31T07:00,NSS-FILE01,Windows Server 2022,File Server,23.49,46.7,55.82,99.8266,0
2026-06-16T23:00,NSS-LINUX-DB01,Rocky Linux 9,Database Server,24.65,38.36,42.11,99.8351,0
2026-03-24T19:00,NSS-LINUX-DB01,Rocky Linux 9,Database Server,26.27,46.48,64.88,99.7503,0
2026-04-28T21:00,NSS-MON01,Ubuntu 24.04,Monitoring Server,22.98,55.69,75.07,99.7671,0
2026-03-20T20:00,NSS-DC01,Windows Server 2022,Domain Controller,21.93,48.01,89.22,99.9705,1
2026-06-19T20:00,NSS-LINUX-DB01,Rocky Linux 9,Database Server,29.24,35.79,57.89,99.9286,0
2026-06-11T05:00,NSS-DC02,Windows Server 2022,Domain Controller,31.35,56.03,70.88,99.7759,0
2026-06-11T19:00,NSS-LINUX-APP01,Ubuntu 24.04,Application Server,46.95,47.55,81.21,99.7973,0
2026-05-27T23:00,NSS-LINUX-APP01,Ubuntu 24.04,Application Server,26.96,66.45,61.21,99.8169,0
2026-02-02T02:00,NSS-LINUX-APP01,Ubuntu 24.04,Application Server,33.43,68.97,75.34,99.8275,0
2026-06-15T00:00,NSS-APP01,Windows Server 2022,Application Server,10.97,59.1,45.82,99.8194,0
2026-01-10T13:00,NSS-FILE01,Windows Server 2022,File Server,18.37,44.61,57.89,99.9412,0
2026-01-23T04:00,NSS-APP01,Windows Server 2022,Application Server,7.93,46.15,47.94,99.8986,0
2026-07-13T01:00,NSS-APP01,Windows Server 2022,Application Server,22.35,81.45,54.4,99.7569,0
2026-07-09T13:00,NSS-LINUX-DB01,Rocky Linux 9,Database Server,25.55,42.39,63.8,99.7897,0
2026-04-07T22:00,NSS-APP01,Windows Server 2022,Application Server,29.74,54.87,69.31,99.9497,0
2026-06-14T16:00,NSS-DC02,Windows Server 2022,Domain Controller,4.07,49.34,66.45,99.8607,0
2026-01-25T14:00,NSS-LINUX-APP01,Ubuntu 24.04,Application Server,26.11,67.63,62.61,99.7765,0
2026-01-21T19:00,NSS-DC01,Windows Server 2022,Domain Controller,46.79,53.38,58.92,99.986,0
2026-06-24T02:00,NSS-FILE01,Windows Server 2022,File Server,29.86,53.78,53.46,99.9574,0
2026-06-25T12:00,NSS-LINUX-DB01,Rocky Linux 9,Database Server,28.91,51.45,59.89,99.9038,0
2026-05-22T10:00,NSS-FILE01,Windows Server 2022,File Server,43.1,56.88,50.32,99.7512,0
2026-01-10T16:00,NSS-LINUX-APP01,Ubuntu 24.04,Application Server,49.74,64.73,78.87,99.9453,0
2026-03-14T17:00,NSS-DC01,Windows Server 2022,Domain Controller,23.61,34.43,40.05,99.9304,0
2026-04-22T10:00,NSS-LINUX-APP01,Ubuntu 24.04,Application Server,36.96,60.86,61.63,99.8858,0
2026-03-25T00:00,NSS-MON01,Ubuntu 24.04,Monitoring Server,18.14,43.54,58.43,99.9365,0
2026-02-28T01:00,NSS-DC01,Windows Server 2022,Domain Controller,25.82,35.55,61.16,99.8629,0
2026-02-12T15:00,NSS-MON01,Ubuntu 24.04,Monitoring Server,23.24,59.22,59.24,99.8655,0
2026-05-30T20:00,NSS-DC02,Windows Server 2022,Domain Controller,10.18,59.44,55.93,99.9358,0
2026-05-06T22:00,NSS-APP01,Windows Server 2022,Application Server,8.02,32.68,42.65,99.7592,0
2026-05-08T18:00,NSS-FILE01,Windows Server 2022,File Server,44.35,33.74,61.79,99.9818,0
2026-03-10T05:00,NSS-APP01,Windows Server 2022,Application Server,6.11,55.3,91.52,99.9927,1
2026-01-28T08:00,NSS-LINUX-APP01,Ubuntu 24.04,Application Server,46.69,57.41,53.18,99.8301,0
2026-02-01T00:00,NSS-LINUX-DB01,Rocky Linux 9,Database Server,52.23,63.75,72.4,99.8469,0
2026-01-24T22:00,NSS-FILE01,Windows Server 2022,File Server,21.64,35.17,94.09,99.8149,1
2026-01-17T01:00,NSS-LINUX-DB01,Rocky Linux 9,Database Server,25.51,30.12,42.89,99.8135,0
2026-07-26T08:00,NSS-FILE01,Windows Server 2022,File Server,18.66,29.6,81.74,99.8227,0
2026-03-08T20:00,NSS-DC01,Windows Server 2022,Domain Controller,25.04,69.87,61.37,99.8304,0
2026-07-25T16:00,NSS-APP01,Windows Server 2022,Application Server,44.98,37.41,58.75,99.9674,0
2026-02-14T18:00,NSS-DC02,Windows Server 2022,Domain Controller,25.5,57.94,39.85,99.905,0
2026-03-03T23:00,NSS-LINUX-APP01,Ubuntu 24.04,Application Server,34.38,61.37,50.71,99.8215,0
2026-03-02T15:00,NSS-MON01,Ubuntu 24.04,Monitoring Server,27.33,55.25,72.76,99.962,0
2026-02-21T18:00,NSS-MON01,Ubuntu 24.04,Monitoring Server,35.36,56.07,59.37,99.8745,0
2026-06-12T19:00,NSS-FILE01,Windows Server 2022,File Server,27.02,53.14,77.29,99.8398,0
2026-05-31T10:00,NSS-APP01,Windows Server 2022,Application Server,33.36,61.44,57.99,99.7929,0
2026-02-08T18:00,NSS-APP01,Windows Server 2022,Application Server,3.06,90.43,54.03,99.9845,1
2026-05-30T08:00,NSS-MON01,Ubuntu 24.04,Monitoring Server,33.32,53.33,70.56,99.9985,0
2026-05-05T01:00,NSS-DC02,Windows Server 2022,Domain Controller,24.56,71.44,55.9,99.7628,0
2026-01-12T23:00,NSS-DC02,Windows Server 2022,Domain Controller,2.0,48.34,67.21,99.9787,0
2026-05-31T08:00,NSS-MON01,Ubuntu 24.04,Monitoring Server,11.37,36.23,54.74,99.8566,0
2026-06-20T02:00,NSS-LINUX-DB01,Rocky Linux 9,Database Server,15.77,67.92,50.12,99.8204,0
2026-03-22T19:00,NSS-DC02,Windows Server 2022,Domain Controller,36.63,62.75,64.53,99.8687,0
2026-01-21T08:00,NSS-DC02,Windows Server 2022,Domain Controller,31.5,43.16,57.31,99.76,0
2026-04-27T00:00,NSS-APP01,Windows Server 2022,Application Server,4.53,27.51,54.18,99.8784,0
2026-04-09T09:00,NSS-DC01,Windows Server 2022,Domain Controller,18.72,62.04,81.83,99.7715,0
2026-06-05T10:00,NSS-LINUX-APP01,Ubuntu 24.04,Application Server,32.32,57.03,51.68,99.8357,0
2026-03-19T11:00,NSS-APP01,Windows Server 2022,Application Server,37.21,86.48,61.03,99.8568,0
2026-06-07T13:00,NSS-DC01,Windows Server 2022,Domain Controller,39.47,72.08,53.34,99.9686,0
2026-03-21T16:00,NSS-DC01,Windows Server 2022,Domain Controller,21.32,43.21,50.25,99.794,0
2026-06-22T06:00,NSS-FILE01,Windows Server 2022,File Server,28.97,40.0,51.65,99.9823,0
2026-04-18T12:00,NSS-MON01,Ubuntu 24.04,Monitoring Server,36.05,64.36,80.46,99.8817,0
2026-02-27T04:00,NSS-APP01,Windows Server 2022,Application Server,12.26,65.56,66.51,99.8863,0
2026-07-07T06:00,NSS-APP01,Windows Server 2022,Application Server,38.02,58.73,74.95,99.9226,0
2026-04-15T04:00,NSS-LINUX-APP01,Ubuntu 24.04,Application Server,8.07,63.37,53.13,99.7597,0
2026-07-19T23:00,NSS-APP01,Windows Server 2022,Application Server,32.85,48.53,71.24,99.9172,0
2026-05-09T06:00,NSS-FILE01,Windows Server 2022,File Server,28.36,44.68,62.19,99.8594,0
2026-04-28T04:00,NSS-MON01,Ubuntu 24.04,Monitoring Server,23.22,31.18,78.32,99.8534,0
2026-01-25T01:00,NSS-FILE01,Windows Server 2022,File Server,24.53,98.0,38.97,99.9026,1
2026-01-09T13:00,NSS-FILE01,Windows Server 2022,File Server,2.0,39.96,95.0,99.879,1
2026-07-07T04:00,NSS-FILE01,Windows Server 2022,File Server,23.15,51.36,72.52,99.8341,0
2026-05-28T16:00,NSS-DC02,Windows Server 2022,Domain Controller,6.51,22.94,36.38,99.8993,0
2026-02-14T16:00,NSS-DC01,Windows Server 2022,Domain Controller,37.03,66.78,46.87,99.8591,0
2026-02-16T19:00,NSS-FILE01,Windows Server 2022,File Server,9.09,35.23,56.16,99.9839,0
2026-01-02T22:00,NSS-LINUX-DB01,Rocky Linux 9,Database Server,16.41,52.89,53.35,99.7511,0
2026-07-03T12:00,NSS-MON01,Ubuntu 24.04,Monitoring Server,29.19,44.88,64.51,99.794,0
2026-06-22T15:00,NSS-APP01,Windows Server 2022,Application Server,9.65,52.6,63.25,99.8422,0
2026-07-06T17:00,NSS-MON01,Ubuntu 24.04,Monitoring Server,27.24,60.44,74.51,99.9312,0
2026-05-09T14:00,NSS-DC01,Windows Server 2022,Domain Controller,52.82,40.33,72.81,99.9783,0
2026-04-21T02:00,NSS-DC02,Windows Server 2022,Domain Controller,18.78,48.62,59.67,99.7933,0
2026-07-02T21:00,NSS-LINUX-APP01,Ubuntu 24.04,Application Server,30.33,56.31,71.66,99.9674,0
2026-01-28T19:00,NSS-FILE01,Windows Server 2022,File Server,33.15,82.39,52.35,99.8174,0
2026-02-14T04:00,NSS-DC02,Windows Server 2022,Domain Controller,3.53,54.14,86.48,99.7817,1
2026-04-20T02:00,NSS-MON01,Ubuntu 24.04,Monitoring Server,25.12,50.74,52.95,99.7611,0
2026-01-21T11:00,NSS-FILE01,Windows Server 2022,File Server,22.33,66.22,61.54,99.971,0
2026-06-12T02:00,NSS-LINUX-APP01,Ubuntu 24.04,Application Server,27.46,78.05,58.52,99.9494,0
2026-03-23T10:00,NSS-LINUX-APP01,Ubuntu 24.04,Application Server,6.74,43.04,80.9,99.7951,0
2026-04-05T19:00,NSS-LINUX-DB01,Rocky Linux 9,Database Server,12.19,59.57,75.35,99.9426,0
2026-03-17T12:00,NSS-LINUX-APP01,Ubuntu 24.04,Application Server,25.17,44.06,37.11,99.7878,0
2026-01-12T01:00,NSS-DC01,Windows Server 2022,Domain Controller,12.56,45.63,36.64,99.7534,0
2026-01-23T18:00,NSS-FILE01,Windows Server 2022,File Server,15.05,45.99,69.36,99.8094,0
2026-04-27T10:00,NSS-DC02,Windows Server 2022,Domain Controller,32.83,60.95,45.73,99.9476,0
2026-04-27T01:00,NSS-LINUX-DB01,Rocky Linux 9,Database Server,22.58,40.0,56.19,99.9134,0
2026-03-09T07:00,NSS-DC02,Windows Server 2022,Domain Controller,20.93,52.42,54.67,99.808,0
2026-06-07T21:00,NSS-MON01,Ubuntu 24.04,Monitoring Server,34.01,61.0,51.08,99.9717,0
2026-03-12T11:00,NSS-APP01,Windows Server 2022,Application Server,14.23,70.3,77.88,99.9857,0
2026-05-17T06:00,NSS-FILE01,Windows Server 2022,File Server,23.28,59.52,85.54,99.985,1
2026-03-14T06:00,NSS-MON01,Ubuntu 24.04,Monitoring Server,58.04,60.96,46.6,99.9663,0
2026-03-05T03:00,NSS-LINUX-DB01,Rocky Linux 9,Database Server,43.01,38.11,57.49,99.763,0
2026-01-21T00:00,NSS-DC02,Windows Server 2022,Domain Controller,31.05,58.14,48.51,99.7751,0
2026-02-02T13:00,NSS-APP01,Windows Server 2022,Application Server,26.7,69.81,73.33,99.9726,0
2026-03-12T17:00,NSS-DC02,Windows Server 2022,Domain Controller,39.76,38.44,68.89,99.9169,0
2026-06-11T20:00,NSS-FILE01,Windows Server 2022,File Server,44.98,67.36,35.42,99.7606,0
2026-06-24T13:00,NSS-LINUX-APP01,Ubuntu 24.04,Application Server,52.26,61.48,70.21,99.8293,0
2026-01-26T02:00,NSS-LINUX-APP01,Ubuntu 24.04,Application Server,43.91,40.12,62.04,99.8655,0
2026-07-11T10:00,NSS-DC02,Windows Server 2022,Domain Controller,25.88,59.61,64.77,99.9992,0
2026-01-27T12:00,NSS-LINUX-DB01,Rocky Linux 9,Database Server,17.9,40.79,68.94,99.84,0
2026-04-08T02:00,NSS-LINUX-APP01,Ubuntu 24.04,Application Server,10.51,83.93,74.79,99.7561,0
2026-01-17T15:00,NSS-FILE01,Windows Server 2022,File Server,28.68,52.64,57.61,99.8631,0
2026-07-25T17:00,NSS-LINUX-APP01,Ubuntu 24.04,Application Server,23.24,69.49,85.57,99.8222,1
2026-07-06T03:00,NSS-FILE01,Windows Server 2022,File Server,48.65,46.85,66.31,99.9537,0
2026-01-25T13:00,NSS-LINUX-APP01,Ubuntu 24.04,Application Server,52.85,42.29,76.76,99.8139,0
2026-05-09T17:00,NSS-DC02,Windows Server 2022,Domain Controller,47.36,38.65,80.13,99.7665,0
2026-01-22T04:00,NSS-DC02,Windows Server 2022,Domain Controller,26.59,36.17,64.43,99.817,0
2026-06-17T18:00,NSS-LINUX-APP01,Ubuntu 24.04,Application Server,28.03,43.2,75.49,99.9879,0
2026-02-28T07:00,NSS-FILE01,Windows Server 2022,File Server,46.46,88.73,75.23,99.8787,0
2026-05-01T20:00,NSS-LINUX-DB01,Rocky Linux 9,Database Server,25.49,68.29,35.6,99.9184,0
2026-04-08T17:00,NSS-APP01,Windows Server 2022,Application Server,50.41,67.42,68.71,99.7835,0
2026-03-24T19:00,NSS-LINUX-APP01,Ubuntu 24.04,Application Server,25.96,44.42,54.66,99.8058,0
2026-06-23T00:00,NSS-FILE01,Windows Server 2022,File Server,37.89,50.53,63.08,99.9703,0
2026-07-02T14:00,NSS-APP01,Windows Server 2022,Application Server,46.3,53.08,60.36,99.7537,0
2026-06-16T09:00,NSS-FILE01,Windows Server 2022,File Server,21.86,58.74,51.95,99.9305,0
2026-03-19T11:00,NSS-MON01,Ubuntu 24.04,Monitoring Server,35.23,35.02,64.63,99.9905,0
2026-07-06T03:00,NSS-DC01,Windows Server 2022,Domain Controller,49.1,28.86,76.89,99.8762,0
2026-07-05T07:00,NSS-MON01,Ubuntu 24.04,Monitoring Server,7.92,55.41,49.62,99.8461,0
2026-07-20T01:00,NSS-DC02,Windows Server 2022,Domain Controller,21.34,64.92,62.28,99.7534,0
2026-03-07T11:00,NSS-DC02,Windows Server 2022,Domain Controller,42.16,84.66,52.83,99.759,0
2026-01-21T15:00,NSS-LINUX-APP01,Ubuntu 24.04,Application Server,31.41,48.01,59.61,99.7853,0
2026-01-04T11:00,NSS-LINUX-APP01,Ubuntu 24.04,Application Server,23.82,59.53,59.07,99.9312,0
2026-04-20T05:00,NSS-APP01,Windows Server 2022,Application Server,6.82,50.8,36.33,99.7661,0
2026-07-06T08:00,NSS-LINUX-DB01,Rocky Linux 9,Database Server,38.23,45.62,59.11,99.7813,0
2026-03-16T09:00,NSS-DC01,Windows Server 2022,Domain Controller,11.17,33.21,70.03,99.9593,0
2026-03-29T16:00,NSS-DC01,Windows Server 2022,Domain Controller,16.52,51.28,42.37,99.8487,0
2026-01-24T10:00,NSS-MON01,Ubuntu 24.04,Monitoring Server,24.88,68.96,48.71,99.8937,0
2026-06-12T20:00,NSS-DC02,Windows Server 2022,Domain Controller,31.07,37.8,77.68,99.946,0
2026-02-08T14:00,NSS-FILE01,Windows Server 2022,File Server,30.58,66.98,74.49,99.7817,0
2026-01-02T18:00,NSS-DC01,Windows Server 2022,Domain Controller,14.72,51.94,36.72,99.9667,0
2026-03-01T13:00,NSS-LINUX-DB01,Rocky Linux 9,Database Server,37.05,36.35,43.25,99.8026,0
2026-07-18T17:00,NSS-APP01,Windows Server 2022,Application Server,24.51,68.48,51.96,99.8726,0
2026-03-23T18:00,NSS-DC02,Windows Server 2022,Domain Controller,15.82,54.29,81.11,99.9948,0
2026-03-13T23:00,NSS-DC02,Windows Server 2022,Domain Controller,32.72,28.71,40.26,99.9101,0
2026-04-02T04:00,NSS-MON01,Ubuntu 24.04,Monitoring Server,46.7,66.12,51.58,99.8587,0
2026-01-10T22:00,NSS-MON01,Ubuntu 24.04,Monitoring Server,33.63,60.5,53.17,99.8991,0
2026-04-11T10:00,NSS-LINUX-APP01,Ubuntu 24.04,Application Server,23.35,49.19,95.0,99.7586,1
2026-07-01T12:00,NSS-DC01,Windows Server 2022,Domain Controller,24.54,56.81,33.15,99.8122,0
2026-07-14T16:00,NSS-DC01,Windows Server 2022,Domain Controller,29.64,64.65,58.14,99.8356,0
2026-05-23T09:00,NSS-FILE01,Windows Server 2022,File Server,2.0,60.24,46.73,99.7878,0
2026-04-12T04:00,NSS-MON01,Ubuntu 24.04,Monitoring Server,7.21,47.23,68.71,99.9328,0
2026-06-20T15:00,NSS-DC01,Windows Server 2022,Domain Controller,42.21,65.57,65.62,99.7599,0
2026-07-07T17:00,NSS-MON01,Ubuntu 24.04,Monitoring Server,44.2,75.06,61.8,99.9983,0
2026-05-02T06:00,NSS-LINUX-DB01,Rocky Linux 9,Database Server,20.77,44.57,40.43,99.8357,0
2026-04-23T11:00,NSS-LINUX-APP01,Ubuntu 24.04,Application Server,20.62,54.69,64.76,99.9153,0
2026-02-05T23:00,NSS-APP01,Windows Server 2022,Application Server,47.83,66.79,65.09,99.85,0
2026-02-24T14:00,NSS-DC01,Windows Server 2022,Domain Controller,21.99,33.95,60.6,99.9655,0
2026-07-15T10:00,NSS-DC02,Windows Server 2022,Domain Controller,7.15,22.17,71.57,99.7551,0
2026-03-07T18:00,NSS-DC02,Windows Server 2022,Domain Controller,18.86,64.0,70.58,99.8386,0
2026-06-04T01:00,NSS-FILE01,Windows Server 2022,File Server,33.9,35.64,70.72,99.7509,0
2026-06-22T03:00,NSS-LINUX-APP01,Ubuntu 24.04,Application Server,30.21,56.01,55.18,99.8612,0
2026-07-09T20:00,NSS-DC01,Windows Server 2022,Domain Controller,24.91,47.77,71.63,99.8059,0
2026-07-06T21:00,NSS-LINUX-DB01,Rocky Linux 9,Database Server,49.48,66.76,66.06,99.9354,0
2026-05-22T18:00,NSS-DC01,Windows Server 2022,Domain Controller,27.42,65.4,63.06,99.9133,0
2026-02-23T15:00,NSS-LINUX-DB01,Rocky Linux 9,Database Server,23.89,34.75,75.58,99.9889,0
2026-05-25T11:00,NSS-MON01,Ubuntu 24.04,Monitoring Server,24.49,46.84,95.0,99.8595,1
2026-07-25T03:00,NSS-LINUX-APP01,Ubuntu 24.04,Application Server,33.76,63.74,62.02,99.816,0
2026-05-13T08:00,NSS-MON01,Ubuntu 24.04,Monitoring Server,48.19,24.22,47.36,99.762,0
2026-07-01T17:00,NSS-LINUX-DB01,Rocky Linux 9,Database Server,23.12,58.8,52.6,99.881,0
2026-01-27T03:00,NSS-MON01,Ubuntu 24.04,Monitoring Server,21.45,57.67,48.09,99.8387,0
2026-04-17T05:00,NSS-FILE01,Windows Server 2022,File Server,2.0,90.22,66.48,99.8926,1
2026-03-19T21:00,NSS-FILE01,Windows Server 2022,File Server,8.66,35.27,54.94,99.9247,0
2026-03-31T12:00,NSS-LINUX-APP01,Ubuntu 24.04,Application Server,2.36,57.47,55.2,99.7891,0
2026-06-03T18:00,NSS-LINUX-DB01,Rocky Linux 9,Database Server,27.21,67.23,77.39,99.8739,0
2026-04-28T16:00,NSS-LINUX-DB01,Rocky Linux 9,Database Server,41.6,39.41,54.29,99.9885,0
2026-06-11T19:00,NSS-MON01,Ubuntu 24.04,Monitoring Server,27.67,48.68,74.21,99.8232,0
2026-01-29T18:00,NSS-APP01,Windows Server 2022,Application Server,2.0,52.25,40.16,99.8218,0
2026-05-26T05:00,NSS-MON01,Ubuntu 24.04,Monitoring Server,30.38,39.17,68.5,99.7632,0
2026-03-10T20:00,NSS-MON01,Ubuntu 24.04,Monitoring Server,44.8,53.36,72.88,99.757,0
2026-04-24T18:00,NSS-DC02,Windows Server 2022,Domain Controller,17.41,40.36,30.2,99.787,0
2026-02-28T21:00,NSS-DC01,Windows Server 2022,Domain Controller,25.9,55.99,43.49,99.8532,0
2026-01-20T09:00,NSS-MON01,Ubuntu 24.04,Monitoring Server,20.58,58.06,27.03,99.9364,0
2026-05-27T22:00,NSS-LINUX-APP01,Ubuntu 24.04,Application Server,39.05,16.64,69.67,99.8421,0
2026-07-11T19:00,NSS-DC02,Windows Server 2022,Domain Controller,37.7,34.32,70.05,99.9275,0
2026-04-04T01:00,NSS-LINUX-APP01,Ubuntu 24.04,Application Server,18.5,60.22,74.15,99.9225,0
2026-06-21T16:00,NSS-DC02,Windows Server 2022,Domain Controller,23.54,51.85,70.11,99.8311,0
2026-07-17T21:00,NSS-MON01,Ubuntu 24.04,Monitoring Server,25.95,54.12,53.39,99.7804,0
2026-04-25T02:00,NSS-LINUX-DB01,Rocky Linux 9,Database Server,26.5,66.74,59.08,99.8181,0
2026-01-26T16:00,NSS-LINUX-DB01,Rocky Linux 9,Database Server,24.41,54.67,54.51,99.8301,0
2026-04-30T01:00,NSS-LINUX-APP01,Ubuntu 24.04,Application Server,41.08,55.09,80.5,99.7814,0
2026-04-17T23:00,NSS-LINUX-APP01,Ubuntu 24.04,Application Server,28.63,65.7,63.13,99.8032,0
2026-07-07T12:00,NSS-LINUX-DB01,Rocky Linux 9,Database Server,16.94,44.41,58.68,99.8881,0
2026-07-09T04:00,NSS-FILE01,Windows Server 2022,File Server,55.4,57.16,34.65,99.9141,0
2026-07-06T16:00,NSS-FILE01,Windows Server 2022,File Server,13.05,51.85,95.0,99.9236,1
2026-02-18T18:00,NSS-DC02,Windows Server 2022,Domain Controller,13.77,40.32,75.24,99.7839,0
2026-01-04T01:00,NSS-LINUX-DB01,Rocky Linux 9,Database Server,20.87,51.03,63.55,99.8436,0
2026-01-21T13:00,NSS-DC01,Windows Server 2022,Domain Controller,20.3,70.33,72.58,99.9305,0
2026-03-30T07:00,NSS-DC01,Windows Server 2022,Domain Controller,31.02,48.67,53.49,99.8018,0
2026-03-01T05:00,NSS-LINUX-DB01,Rocky Linux 9,Database Server,2.5,49.59,56.09,99.9001,0
2026-02-06T09:00,NSS-LINUX-APP01,Ubuntu 24.04,Application Server,18.93,45.35,70.13,99.9827,0
2026-02-06T23:00,NSS-FILE01,Windows Server 2022,File Server,24.33,76.96,69.13,99.8854,0
2026-05-19T12:00,NSS-APP01,Windows Server 2022,Application Server,17.99,68.21,42.49,99.7533,0
2026-03-26T04:00,NSS-LINUX-APP01,Ubuntu 24.04,Application Server,24.08,66.63,95.0,99.9414,1
2026-02-19T13:00,NSS-LINUX-APP01,Ubuntu 24.04,Application Server,3.66,50.28,52.57,99.8325,0
2026-07-05T03:00,NSS-MON01,Ubuntu 24.04,Monitoring Server,34.7,47.08,35.04,99.7575,0
2026-05-28T22:00,NSS-MON01,Ubuntu 24.04,Monitoring Server,44.38,69.63,29.26,99.8528,0
2026-05-11T14:00,NSS-FILE01,Windows Server 2022,File Server,6.72,56.43,64.43,99.9444,0
2026-01-06T23:00,NSS-APP01,Windows Server 2022,Application Server,22.67,57.3,66.88,99.9632,0
2026-03-15T19:00,NSS-FILE01,Windows Server 2022,File Server,33.27,63.64,50.74,99.9554,0
2026-05-16T19:00,NSS-MON01,Ubuntu 24.04,Monitoring Server,35.73,43.86,51.38,99.8243,0
2026-04-17T14:00,NSS-DC02,Windows Server 2022,Domain Controller,43.09,64.11,38.86,99.9302,0
2026-07-02T06:00,NSS-LINUX-DB01,Rocky Linux 9,Database Server,36.03,54.98,76.92,99.883,0
2026-02-21T10:00,NSS-FILE01,Windows Server 2022,File Server,31.51,64.82,72.81,99.9352,0
2026-04-11T05:00,NSS-APP01,Windows Server 2022,Application Server,2.0,66.45,71.46,99.8242,0
2026-02-24T21:00,NSS-MON01,Ubuntu 24.04,Monitoring Server,35.29,54.34,63.72,99.8078,0
2026-04-27T09:00,NSS-LINUX-APP01,Ubuntu 24.04,Application Server,56.78,53.83,56.46,99.9978,0
2026-06-01T21:00,NSS-FILE01,Windows Server 2022,File Server,2.0,56.94,44.66,99.9478,0
2026-07-25T21:00,NSS-LINUX-DB01,Rocky Linux 9,Database Server,19.84,43.97,80.93,99.9378,0
2026-01-05T04:00,NSS-DC01,Windows Server 2022,Domain Controller,35.2,41.92,50.18,99.8402,0
2026-02-09T01:00,NSS-DC01,Windows Server 2022,Domain Controller,20.09,56.53,62.27,99.8643,0
2026-03-01T21:00,NSS-MON01,Ubuntu 24.04,Monitoring Server,48.49,74.16,72.85,99.9738,0
2026-04-04T04:00,NSS-DC02,Windows Server 2022,Domain Controller,2.37,55.97,52.62,99.8526,0
2026-02-24T20:00,NSS-FILE01,Windows Server 2022,File Server,41.45,50.51,62.99,99.9295,0
2026-01-23T10:00,NSS-APP01,Windows Server 2022,Application Server,8.44,55.48,58.25,99.9597,0
2026-04-11T21:00,NSS-FILE01,Windows Server 2022,File Server,27.55,85.8,67.99,99.9259,0
2026-05-25T22:00,NSS-LINUX-DB01,Rocky Linux 9,Database Server,32.53,62.49,56.28,99.8505,0
2026-06-16T02:00,NSS-LINUX-DB01,Rocky Linux 9,Database Server,36.08,93.45,51.34,99.8371,1
2026-06-06T11:00,NSS-LINUX-DB01,Rocky Linux 9,Database Server,35.95,52.35,53.81,99.8346,0
2026-01-17T14:00,NSS-APP01,Windows Server 2022,Application Server,20.91,52.91,55.87,99.9727,0
2026-06-08T15:00,NSS-APP01,Windows Server 2022,Application Server,22.28,37.74,80.23,99.9246,0
2026-06-20T00:00,NSS-LINUX-APP01,Ubuntu 24.04,Application Server,36.11,49.33,32.59,99.8899,0
2026-04-17T09:00,NSS-DC02,Windows Server 2022,Domain Controller,32.51,40.49,58.39,99.8191,0
2026-04-16T00:00,NSS-APP01,Windows Server 2022,Application Server,16.06,43.25,80.8,99.8879,0
2026-04-10T01:00,NSS-LINUX-DB01,Rocky Linux 9,Database Server,54.12,45.95,60.4,99.7967,0
2026-04-03T03:00,NSS-FILE01,Windows Server 2022,File Server,34.22,44.35,37.68,99.8902,0
2026-01-12T23:00,NSS-DC01,Windows Server 2022,Domain Controller,3.68,70.86,64.13,99.8544,0
2026-03-21T01:00,NSS-DC02,Windows Server 2022,Domain Controller,39.81,79.76,65.9,99.841,0
2026-07-28T11:00,NSS-DC01,Windows Server 2022,Domain Controller,21.32,44.8,72.21,99.7843,0
2026-04-12T05:00,NSS-FILE01,Windows Server 2022,File Server,23.3,75.57,47.59,99.82,0
2026-06-13T19:00,NSS-APP01,Windows Server 2022,Application Server,40.98,58.12,82.71,99.77,0
2026-07-17T02:00,NSS-LINUX-DB01,Rocky Linux 9,Database Server,28.02,68.6,55.92,99.886,0
2026-02-16T20:00,NSS-FILE01,Windows Server 2022,File Server,24.11,40.99,44.94,99.7671,0
2026-01-23T08:00,NSS-LINUX-DB01,Rocky Linux 9,Database Server,35.14,44.99,84.87,99.7512,0
2026-05-15T00:00,NSS-FILE01,Windows Server 2022,File Server,49.58,54.58,43.09,99.8841,0
2026-04-25T00:00,NSS-APP01,Windows Server 2022,Application Server,31.76,29.39,60.24,99.8798,0
2026-06-29T02:00,NSS-DC02,Windows Server 2022,Domain Controller,28.05,29.69,65.91,99.8287,0
2026-02-24T13:00,NSS-MON01,Ubuntu 24.04,Monitoring Server,25.23,45.95,63.09,99.9027,0
2026-01-27T20:00,NSS-MON01,Ubuntu 24.04,Monitoring Server,45.91,47.57,70.4,99.9167,0
2026-07-05T11:00,NSS-DC02,Windows Server 2022,Domain Controller,41.25,58.59,61.2,99.8709,0
2026-06-12T20:00,NSS-DC02,Windows Server 2022,Domain Controller,22.19,45.17,63.53,99.887,0
2026-02-27T23:00,NSS-LINUX-DB01,Rocky Linux 9,Database Server,5.12,74.99,90.24,99.75,1
2026-03-16T05:00,NSS-DC02,Windows Server 2022,Domain Controller,30.57,61.25,53.36,99.9713,0
2026-04-02T08:00,NSS-APP01,Windows Server 2022,Application Server,37.46,33.27,30.89,99.9324,0
2026-06-25T13:00,NSS-DC01,Windows Server 2022,Domain Controller,37.8,53.91,72.33,99.9123,0
2026-01-07T03:00,NSS-MON01,Ubuntu 24.04,Monitoring Server,21.87,52.26,66.17,99.8303,0
2026-02-23T14:00,NSS-LINUX-APP01,Ubuntu 24.04,Application Server,25.06,66.16,46.16,99.8632,0
2026-01-18T16:00,NSS-LINUX-DB01,Rocky Linux 9,Database Server,50.74,36.33,30.22,99.9023,0
2026-02-14T01:00,NSS-LINUX-DB01,Rocky Linux 9,Database Server,31.85,43.63,52.3,99.7657,0
2026-04-14T19:00,NSS-APP01,Windows Server 2022,Application Server,7.33,54.23,69.92,99.7624,0
2026-05-03T06:00,NSS-APP01,Windows Server 2022,Application Server,18.37,53.56,68.09,99.7911,0
2026-07-14T04:00,NSS-DC02,Windows Server 2022,Domain Controller,12.24,71.47,52.73,99.8657,0
2026-07-20T14:00,NSS-FILE01,Windows Server 2022,File Server,28.63,77.74,64.96,99.8403,0
2026-02-13T14:00,NSS-DC02,Windows Server 2022,Domain Controller,6.11,45.25,17.76,99.9235,0
2026-05-16T09:00,NSS-DC01,Windows Server 2022,Domain Controller,29.51,71.09,66.8,99.9091,0
2026-02-23T01:00,NSS-MON01,Ubuntu 24.04,Monitoring Server,47.37,43.83,60.07,99.9003,0
2026-04-29T16:00,NSS-LINUX-APP01,Ubuntu 24.04,Application Server,33.02,54.52,58.48,99.9522,0
2026-01-30T09:00,NSS-APP01,Windows Server 2022,Application Server,26.57,68.96,57.56,99.806,0
2026-07-23T07:00,NSS-APP01,Windows Server 2022,Application Server,2.0,43.72,60.5,99.9313,0
2026-05-31T23:00,NSS-MON01,Ubuntu 24.04,Monitoring Server,28.72,66.34,55.09,99.7889,0
2026-05-01T08:00,NSS-DC02,Windows Server 2022,Domain Controller,34.04,41.64,65.87,99.8652,0
2026-07-06T21:00,NSS-DC02,Windows Server 2022,Domain Controller,24.45,56.31,60.93,99.8955,0
2026-02-03T21:00,NSS-FILE01,Windows Server 2022,File Server,24.64,63.18,55.34,99.9103,0
2026-04-22T20:00,NSS-LINUX-DB01,Rocky Linux 9,Database Server,50.01,68.0,41.18,99.8941,0
2026-05-11T22:00,NSS-DC02,Windows Server 2022,Domain Controller,43.38,92.93,38.94,99.919,1
2026-04-20T12:00,NSS-MON01,Ubuntu 24.04,Monitoring Server,15.32,72.99,43.93,99.8685,0
2026-01-25T01:00,NSS-LINUX-DB01,Rocky Linux 9,Database Server,19.39,50.21,66.06,99.8819,0
2026-03-19T19:00,NSS-FILE01,Windows Server 2022,File Server,11.03,24.44,73.16,99.7577,0
2026-06-17T11:00,NSS-LINUX-APP01,Ubuntu 24.04,Application Server,21.77,79.78,56.6,99.8376,0
2026-04-19T02:00,NSS-APP01,Windows Server 2022,Application Server,35.97,48.45,59.64,99.7777,0
2026-05-24T18:00,NSS-DC01,Windows Server 2022,Domain Controller,12.7,65.71,74.23,99.9247,0
2026-04-21T14:00,NSS-MON01,Ubuntu 24.04,Monitoring Server,23.6,48.73,72.59,99.7549,0
2026-03-11T11:00,NSS-FILE01,Windows Server 2022,File Server,9.09,44.09,82.7,99.8045,0
2026-01-24T23:00,NSS-LINUX-APP01,Ubuntu 24.04,Application Server,40.79,45.62,61.05,99.763,0
2026-07-25T18:00,NSS-MON01,Ubuntu 24.04,Monitoring Server,60.21,55.15,42.28,99.8025,0
2026-05-17T21:00,NSS-LINUX-APP01,Ubuntu 24.04,Application Server,26.21,70.67,47.93,99.7686,0
2026-04-08T22:00,NSS-APP01,Windows Server 2022,Application Server,24.32,37.65,59.09,99.7582,0
2026-03-07T06:00,NSS-FILE01,Windows Server 2022,File Server,34.31,26.39,26.61,99.9725,0
2026-07-13T04:00,NSS-LINUX-APP01,Ubuntu 24.04,Application Server,34.46,43.86,34.48,99.9867,0
2026-04-24T10:00,NSS-FILE01,Windows Server 2022,File Server,13.1,51.99,70.77,99.8336,0
2026-07-28T01:00,NSS-FILE01,Windows Server 2022,File Server,15.1,54.81,66.51,99.8927,0
2026-06-28T18:00,NSS-MON01,Ubuntu 24.04,Monitoring Server,37.73,84.75,69.42,99.9465,0
2026-02-19T05:00,NSS-DC01,Windows Server 2022,Domain Controller,21.28,84.73,48.17,99.8668,0
2026-06-04T21:00,NSS-FILE01,Windows Server 2022,File Server,47.89,25.9,57.48,99.8528,0
2026-06-28T18:00,NSS-DC02,Windows Server 2022,Domain Controller,30.76,46.55,64.94,99.9791,0
2026-02-02T19:00,NSS-LINUX-APP01,Ubuntu 24.04,Application Server,19.1,40.28,52.6,99.9938,0
2026-05-11T15:00,NSS-LINUX-DB01,Rocky Linux 9,Database Server,23.06,71.4,57.5,99.8923,0
2026-04-29T23:00,NSS-LINUX-APP01,Ubuntu 24.04,Application Server,4.35,71.82,52.16,99.9205,0
2026-05-02T19:00,NSS-DC02,Windows Server 2022,Domain Controller,15.15,48.03,61.46,99.9606,0
2026-01-23T19:00,NSS-LINUX-DB01,Rocky Linux 9,Database Server,2.79,39.91,69.62,99.78,0
2026-01-15T19:00,NSS-LINUX-APP01,Ubuntu 24.04,Application Server,19.23,47.77,59.09,99.8728,0
2026-01-19T23:00,NSS-DC02,Windows Server 2022,Domain Controller,5.91,45.06,49.11,99.809,0
2026-01-22T15:00,NSS-LINUX-DB01,Rocky Linux 9,Database Server,37.7,60.19,43.46,99.9472,0
2026-02-28T21:00,NSS-APP01,Windows Server 2022,Application Server,38.35,50.35,50.99,99.8366,0
2026-05-28T22:00,NSS-LINUX-APP01,Ubuntu 24.04,Application Server,13.61,52.37,45.54,99.8184,0
2026-03-27T17:00,NSS-MON01,Ubuntu 24.04,Monitoring Server,17.23,54.91,57.85,99.8819,0
2026-03-13T23:00,NSS-LINUX-DB01,Rocky Linux 9,Database Server,27.72,32.54,57.09,99.7519,0
2026-06-16T14:00,NSS-MON01,Ubuntu 24.04,Monitoring Server,52.37,58.77,79.69,99.8935,0
2026-05-01T02:00,NSS-DC01,Windows Server 2022,Domain Controller,59.24,36.36,70.01,99.9913,0
2026-06-20T15:00,NSS-MON01,Ubuntu 24.04,Monitoring Server,17.56,58.63,41.16,99.7562,0
2026-07-11T05:00,NSS-FILE01,Windows Server 2022,File Server,24.9,84.73,69.31,99.7769,0
2026-05-17T21:00,NSS-FILE01,Windows Server 2022,File Server,36.21,34.45,72.97,99.8003,0
2026-01-24T19:00,NSS-DC01,Windows Server 2022,Domain Controller,26.25,43.27,62.95,99.8307,0
2026-07-02T01:00,NSS-LINUX-DB01,Rocky Linux 9,Database Server,19.11,73.66,49.99,99.8131,0
2026-03-23T19:00,NSS-LINUX-DB01,Rocky Linux 9,Database Server,21.74,63.94,58.59,99.9345,0
2026-02-28T15:00,NSS-APP01,Windows Server 2022,Application Server,37.6,44.21,63.67,99.9719,0
2026-05-30T21:00,NSS-LINUX-DB01,Rocky Linux 9,Database Server,4.33,63.02,50.88,99.7524,0
2026-05-13T12:00,NSS-FILE01,Windows Server 2022,File Server,17.37,55.96,44.77,99.8118,0
2026-02-06T21:00,NSS-FILE01,Windows Server 2022,File Server,34.83,34.85,49.3,99.8603,0
2026-02-02T02:00,NSS-DC01,Windows Server 2022,Domain Controller,32.88,79.96,41.85,99.9255,0
2026-02-26T09:00,NSS-MON01,Ubuntu 24.04,Monitoring Server,14.76,40.56,66.7,99.822,0
2026-02-19T17:00,NSS-MON01,Ubuntu 24.04,Monitoring Server,30.97,42.59,62.43,99.9717,0
2026-04-22T00:00,NSS-APP01,Windows Server 2022,Application Server,27.76,60.79,50.73,99.7551,0
2026-06-22T16:00,NSS-FILE01,Windows Server 2022,File Server,15.2,54.71,69.99,99.8952,0
2026-04-13T10:00,NSS-APP01,Windows Server 2022,Application Server,33.73,48.6,38.76,99.8343,0
2026-01-28T18:00,NSS-APP01,Windows Server 2022,Application Server,34.0,65.22,71.02,99.8893,0
2026-06-22T09:00,NSS-LINUX-DB01,Rocky Linux 9,Database Server,3.41,14.86,51.15,99.9879,0
2026-05-11T14:00,NSS-DC01,Windows Server 2022,Domain Controller,27.98,87.22,84.87,99.8746,0
2026-02-27T19:00,NSS-LINUX-APP01,Ubuntu 24.04,Application Server,31.15,36.83,75.36,99.8059,0
2026-04-08T11:00,NSS-LINUX-APP01,Ubuntu 24.04,Application Server,17.44,79.83,40.55,99.967,0
2026-06-02T06:00,NSS-DC02,Windows Server 2022,Domain Controller,23.24,81.84,79.23,99.7573,0
2026-03-28T05:00,NSS-MON01,Ubuntu 24.04,Monitoring Server,11.87,47.26,59.84,99.9729,0
2026-07-12T22:00,NSS-DC01,Windows Server 2022,Domain Controller,38.41,56.31,88.8,99.8529,1
2026-01-01T17:00,NSS-MON01,Ubuntu 24.04,Monitoring Server,22.74,66.49,55.61,99.8012,0
2026-05-25T03:00,NSS-LINUX-DB01,Rocky Linux 9,Database Server,14.57,48.2,67.39,99.8472,0
2026-04-02T17:00,NSS-LINUX-DB01,Rocky Linux 9,Database Server,22.89,56.58,28.78,99.761,0
2026-07-26T05:00,NSS-LINUX-APP01,Ubuntu 24.04,Application Server,31.91,65.27,57.79,99.9784,0
2026-03-06T20:00,NSS-LINUX-APP01,Ubuntu 24.04,Application Server,27.91,56.49,77.0,99.7625,0
2026-03-28T10:00,NSS-FILE01,Windows Server 2022,File Server,47.36,32.21,38.59,99.9082,0
2026-06-16T03:00,NSS-FILE01,Windows Server 2022,File Server,54.0,57.37,48.92,99.9268,0
2026-04-26T20:00,NSS-LINUX-DB01,Rocky Linux 9,Database Server,35.58,70.81,84.28,99.9081,0
2026-02-15T11:00,NSS-DC02,Windows Server 2022,Domain Controller,12.4,47.12,76.13,99.8393,0
2026-03-26T08:00,NSS-LINUX-APP01,Ubuntu 24.04,Application Server,40.62,53.69,53.48,99.8099,0
2026-05-27T18:00,NSS-MON01,Ubuntu 24.04,Monitoring Server,38.5,40.04,65.44,99.7939,0
2026-07-28T06:00,NSS-LINUX-DB01,Rocky Linux 9,Database Server,11.22,67.51,67.35,99.954,0
2026-04-18T20:00,NSS-LINUX-APP01,Ubuntu 24.04,Application Server,13.42,50.86,66.49,99.9502,0
2026-07-12T15:00,NSS-DC01,Windows Server 2022,Domain Controller,46.99,56.35,82.85,99.9739,0
2026-03-03T23:00,NSS-MON01,Ubuntu 24.04,Monitoring Server,63.63,25.58,52.88,99.8162,0
2026-04-05T20:00,NSS-FILE01,Windows Server 2022,File Server,6.53,60.63,51.06,99.8518,0
2026-03-18T10:00,NSS-MON01,Ubuntu 24.04,Monitoring Server,46.26,31.32,44.75,99.8011,0
2026-02-09T19:00,NSS-LINUX-APP01,Ubuntu 24.04,Application Server,53.41,75.64,49.47,99.7696,0
2026-07-22T14:00,NSS-APP01,Windows Server 2022,Application Server,11.4,33.21,57.21,99.9588,0
2026-04-12T20:00,NSS-LINUX-APP01,Ubuntu 24.04,Application Server,19.0,60.17,91.16,99.9724,1
2026-01-31T11:00,NSS-DC01,Windows Server 2022,Domain Controller,23.12,23.35,68.79,99.8063,0
2026-07-20T19:00,NSS-MON01,Ubuntu 24.04,Monitoring Server,9.36,70.89,64.36,99.7894,0
2026-01-30T16:00,NSS-MON01,Ubuntu 24.04,Monitoring Server,16.14,66.35,50.46,99.8907,0
2026-03-20T05:00,NSS-MON01,Ubuntu 24.04,Monitoring Server,42.1,76.09,49.7,99.8799,0
2026-01-08T21:00,NSS-LINUX-APP01,Ubuntu 24.04,Application Server,30.69,67.91,77.06,99.8923,0
2026-07-29T17:00,NSS-FILE01,Windows Server 2022,File Server,8.72,44.65,68.34,99.7782,0
2026-04-10T10:00,NSS-DC01,Windows Server 2022,Domain Controller,48.88,45.41,56.19,99.7792,0
2026-04-19T20:00,NSS-LINUX-APP01,Ubuntu 24.04,Application Server,4.79,36.13,46.86,99.9203,0
2026-05-10T08:00,NSS-DC01,Windows Server 2022,Domain Controller,38.12,71.33,68.19,99.82,0
2026-01-12T07:00,NSS-MON01,Ubuntu 24.04,Monitoring Server,39.86,66.03,60.5,99.9189,0
2026-03-24T13:00,NSS-LINUX-APP01,Ubuntu 24.04,Application Server,30.1,66.07,71.52,99.7642,0
2026-05-13T16:00,NSS-MON01,Ubuntu 24.04,Monitoring Server,35.23,61.16,42.38,99.8164,0
2026-01-01T01:00,NSS-DC02,Windows Server 2022,Domain Controller,20.0,42.5,39.72,99.7766,0
2026-05-19T12:00,NSS-DC02,Windows Server 2022,Domain Controller,11.93,89.28,61.9,99.88,0
2026-07-08T01:00,NSS-APP01,Windows Server 2022,Application Server,41.68,45.28,69.74,99.7905,0
2026-07-27T11:00,NSS-MON01,Ubuntu 24.04,Monitoring Server,2.03,93.02,46.98,99.9513,1
2026-03-04T12:00,NSS-LINUX-APP01,Ubuntu 24.04,Application Server,2.03,84.48,76.51,99.8085,0
2026-04-22T07:00,NSS-APP01,Windows Server 2022,Application Server,10.24,40.21,57.14,99.7968,0
2026-06-27T01:00,NSS-FILE01,Windows Server 2022,File Server,55.49,56.28,50.18,99.8481,0
2026-04-23T00:00,NSS-APP01,Windows Server 2022,Application Server,27.69,38.89,50.35,99.9055,0
2026-06-12T11:00,NSS-APP01,Windows Server 2022,Application Server,27.24,52.17,70.27,99.9742,0
2026-05-25T01:00,NSS-DC02,Windows Server 2022,Domain Controller,25.64,63.62,63.29,99.8947,0
2026-05-14T04:00,NSS-DC01,Windows Server 2022,Domain Controller,30.46,60.65,55.27,99.8263,0
2026-02-26T13:00,NSS-LINUX-DB01,Rocky Linux 9,Database Server,28.87,43.85,25.4,99.8074,0
2026-07-11T06:00,NSS-MON01,Ubuntu 24.04,Monitoring Server,30.68,46.49,52.79,99.9812,0
2026-06-22T23:00,NSS-LINUX-APP01,Ubuntu 24.04,Application Server,11.17,66.21,59.79,99.9978,0
2026-02-09T09:00,NSS-DC01,Windows Server 2022,Domain Controller,27.4,52.62,71.52,99.7905,0
2026-01-01T15:00,NSS-APP01,Windows Server 2022,Application Server,11.3,48.0,72.85,99.8201,0
2026-06-02T14:00,NSS-DC02,Windows Server 2022,Domain Controller,25.05,39.69,56.78,99.8926,0
2026-05-17T02:00,NSS-DC02,Windows Server 2022,Domain Controller,24.34,57.23,54.73,99.8205,0
2026-02-18T03:00,NSS-DC02,Windows Server 2022,Domain Controller,37.34,48.33,35.81,99.7769,0
2026-07-17T15:00,NSS-DC02,Windows Server 2022,Domain Controller,18.6,85.2,46.78,99.789,0
2026-03-06T02:00,NSS-APP01,Windows Server 2022,Application Server,30.88,50.11,76.72,99.9476,0
2026-06-07T06:00,NSS-DC02,Windows Server 2022,Domain Controller,44.73,32.44,95.0,99.9664,1
2026-06-12T22:00,NSS-DC01,Windows Server 2022,Domain Controller,38.9,24.86,43.02,99.9099,0
2026-03-04T07:00,NSS-MON01,Ubuntu 24.04,Monitoring Server,2.38,61.16,70.25,99.8122,0
2026-07-25T13:00,NSS-FILE01,Windows Server 2022,File Server,21.46,61.54,67.94,99.9763,0
2026-07-25T20:00,NSS-LINUX-APP01,Ubuntu 24.04,Application Server,29.07,66.89,66.5,99.7639,0
2026-07-02T06:00,NSS-DC02,Windows Server 2022,Domain Controller,39.97,40.87,74.04,99.8862,0
2026-01-11T03:00,NSS-LINUX-APP01,Ubuntu 24.04,Application Server,2.0,29.41,70.04,99.9248,0
2026-06-24T02:00,NSS-LINUX-APP01,Ubuntu 24.04,Application Server,31.96,72.88,38.28,99.8865,0
2026-07-22T18:00,NSS-MON01,Ubuntu 24.04,Monitoring Server,14.45,55.0,42.57,99.8505,0
2026-07-14T14:00,NSS-FILE01,Windows Server 2022,File Server,28.61,32.43,76.78,99.8171,0
2026-07-08T17:00,NSS-LINUX-APP01,Ubuntu 24.04,Application Server,11.81,84.79,58.49,99.7865,0
2026-02-17T10:00,NSS-LINUX-DB01,Rocky Linux 9,Database Server,12.84,35.57,53.79,99.8223,0
2026-02-14T21:00,NSS-LINUX-DB01,Rocky Linux 9,Database Server,17.19,89.8,56.96,99.7907,0
2026-06-13T00:00,NSS-LINUX-APP01,Ubuntu 24.04,Application Server,15.75,51.04,87.84,99.7747,1
2026-02-16T05:00,NSS-LINUX-APP01,Ubuntu 24.04,Application Server,43.11,37.59,70.92,99.8376,0
2026-01-02T21:00,NSS-DC02,Windows Server 2022,Domain Controller,13.64,53.94,61.98,99.967,0
2026-04-11T16:00,NSS-APP01,Windows Server 2022,Application Server,17.06,54.53,43.43,99.9034,0
2026-04-22T22:00,NSS-DC01,Windows Server 2022,Domain Controller,2.94,47.21,60.24,99.8856,0
2026-04-22T06:00,NSS-LINUX-APP01,Ubuntu 24.04,Application Server,17.08,40.34,52.28,99.752,0
2026-03-04T15:00,NSS-DC01,Windows Server 2022,Domain Controller,34.93,40.52,45.16,99.9996,0
2026-07-19T08:00,NSS-FILE01,Windows Server 2022,File Server,39.09,41.58,64.89,99.8423,0
2026-06-07T02:00,NSS-DC02,Windows Server 2022,Domain Controller,5.26,67.32,63.6,99.9897,0
2026-04-25T14:00,NSS-DC02,Windows Server 2022,Domain Controller,24.96,23.38,54.5,99.8709,0
2026-01-21T01:00,NSS-DC02,Windows Server 2022,Domain Controller,30.61,57.05,50.85,99.9299,0
2026-01-17T05:00,NSS-LINUX-APP01,Ubuntu 24.04,Application Server,25.76,19.58,47.9,99.9639,0
2026-01-08T09:00,NSS-DC01,Windows Server 2022,Domain Controller,17.04,77.21,41.28,99.7766,0
2026-03-22T00:00,NSS-LINUX-APP01,Ubuntu 24.04,Application Server,28.36,39.55,68.47,99.9847,0
2026-05-29T17:00,NSS-DC01,Windows Server 2022,Domain Controller,51.17,46.85,50.67,99.8168,0
2026-07-22T19:00,NSS-DC01,Windows Server 2022,Domain Controller,17.77,23.15,53.36,99.751,0
2026-05-19T01:00,NSS-LINUX-DB01,Rocky Linux 9,Database Server,35.4,47.65,56.63,99.9622,0
2026-05-25T09:00,NSS-LINUX-DB01,Rocky Linux 9,Database Server,36.39,55.82,73.37,99.7559,0
2026-04-07T12:00,NSS-MON01,Ubuntu 24.04,Monitoring Server,40.82,51.58,58.55,99.8441,0
2026-04-29T00:00,NSS-LINUX-APP01,Ubuntu 24.04,Application Server,40.55,22.45,53.05,99.7796,0
2026-06-22T04:00,NSS-FILE01,Windows Server 2022,File Server,29.54,47.99,68.71,99.7775,0
2026-05-22T07:00,NSS-LINUX-APP01,Ubuntu 24.04,Application Server,10.6,66.03,43.1,99.758,0
2026-04-18T16:00,NSS-APP01,Windows Server 2022,Application Server,36.74,61.4,74.66,99.9102,0
2026-06-15T01:00,NSS-DC02,Windows Server 2022,Domain Controller,18.48,76.13,85.82,99.8422,1
2026-02-04T08:00,NSS-LINUX-APP01,Ubuntu 24.04,Application Server,30.14,5.0,59.63,99.9774,0
2026-06-17T21:00,NSS-LINUX-DB01,Rocky Linux 9,Database Server,30.89,26.34,43.26,99.8343,0
2026-02-13T19:00,NSS-DC01,Windows Server 2022,Domain Controller,48.31,57.74,68.89,99.8001,0
2026-03-21T10:00,NSS-MON01,Ubuntu 24.04,Monitoring Server,23.4,50.65,52.44,99.9983,0
2026-07-15T05:00,NSS-FILE01,Windows Server 2022,File Server,47.26,49.01,77.81,99.9281,0
2026-06-07T10:00,NSS-APP01,Windows Server 2022,Application Server,13.06,76.23,58.01,99.9617,0
2026-07-29T15:00,NSS-LINUX-APP01,Ubuntu 24.04,Application Server,33.3,56.73,44.13,99.7948,0
2026-03-19T12:00,NSS-LINUX-APP01,Ubuntu 24.04,Application Server,28.24,62.69,42.72,99.9566,0
2026-01-18T11:00,NSS-MON01,Ubuntu 24.04,Monitoring Server,19.75,52.11,57.87,99.8804,0
2026-05-11T17:00,NSS-DC01,Windows Server 2022,Domain Controller,18.98,79.96,57.58,99.9706,0
2026-06-14T20:00,NSS-FILE01,Windows Server 2022,File Server,31.86,31.55,75.73,99.9041,0
2026-04-21T22:00,NSS-DC02,Windows Server 2022,Domain Controller,43.82,65.91,39.85,99.7854,0
2026-07-11T22:00,NSS-APP01,Windows Server 2022,Application Server,23.02,74.86,43.96,99.8403,0
2026-01-02T16:00,NSS-DC02,Windows Server 2022,Domain Controller,45.08,47.62,80.56,99.9306,0
2026-06-21T09:00,NSS-LINUX-DB01,Rocky Linux 9,Database Server,25.36,34.28,41.68,99.8038,0
2026-06-29T18:00,NSS-MON01,Ubuntu 24.04,Monitoring Server,16.37,62.86,71.54,99.966,0
2026-01-23T13:00,NSS-LINUX-APP01,Ubuntu 24.04,Application Server,28.51,62.16,73.63,99.7745,0
2026-07-23T10:00,NSS-LINUX-APP01,Ubuntu 24.04,Application Server,56.54,44.56,61.02,99.8847,0
2026-06-18T14:00,NSS-LINUX-DB01,Rocky Linux 9,Database Server,27.8,58.25,57.81,99.9965,0
2026-01-01T21:00,NSS-DC02,Windows Server 2022,Domain Controller,46.31,42.28,52.96,99.756,0
2026-04-19T06:00,NSS-DC02,Windows Server 2022,Domain Controller,21.88,22.2,40.35,99.7696,0
2026-02-11T13:00,NSS-DC01,Windows Server 2022,Domain Controller,52.09,33.99,56.04,99.969,0
2026-04-17T08:00,NSS-LINUX-DB01,Rocky Linux 9,Database Server,31.2,47.15,69.2,99.9847,0
2026-02-10T04:00,NSS-APP01,Windows Server 2022,Application Server,23.17,34.55,58.14,99.9671,0
2026-07-04T23:00,NSS-MON01,Ubuntu 24.04,Monitoring Server,9.44,57.96,52.28,99.8375,0
2026-02-02T15:00,NSS-DC01,Windows Server 2022,Domain Controller,39.84,46.5,71.0,99.9643,0
2026-04-14T20:00,NSS-DC02,Windows Server 2022,Domain Controller,24.91,60.93,43.02,99.7865,0
2026-02-15T13:00,NSS-LINUX-DB01,Rocky Linux 9,Database Server,23.86,74.99,62.85,99.8991,0
2026-03-27T14:00,NSS-DC01,Windows Server 2022,Domain Controller,25.97,52.92,54.24,99.8849,0
2026-01-28T10:00,NSS-LINUX-APP01,Ubuntu 24.04,Application Server,33.73,51.31,64.11,99.954,0
2026-02-11T05:00,NSS-DC02,Windows Server 2022,Domain Controller,25.92,58.83,61.87,99.9098,0
2026-06-06T01:00,NSS-DC02,Windows Server 2022,Domain Controller,26.14,48.43,48.36,99.9994,0
2026-06-25T09:00,NSS-LINUX-DB01,Rocky Linux 9,Database Server,5.5,38.07,57.78,99.931,0
2026-02-07T10:00,NSS-DC01,Windows Server 2022,Domain Controller,36.29,47.99,45.22,99.8616,0
2026-03-17T02:00,NSS-MON01,Ubuntu 24.04,Monitoring Server,58.5,46.86,67.22,99.8586,0
2026-01-03T01:00,NSS-MON01,Ubuntu 24.04,Monitoring Server,31.58,17.29,47.73,99.9836,0
2026-01-31T16:00,NSS-MON01,Ubuntu 24.04,Monitoring Server,35.62,75.86,76.62,99.9799,0
2026-07-20T17:00,NSS-FILE01,Windows Server 2022,File Server,26.45,52.54,75.03,99.9984,0
2026-07-16T00:00,NSS-LINUX-APP01,Ubuntu 24.04,Application Server,60.85,39.67,74.14,99.9923,0
2026-02-22T07:00,NSS-MON01,Ubuntu 24.04,Monitoring Server,25.05,64.56,59.77,99.8652,0
2026-04-09T12:00,NSS-MON01,Ubuntu 24.04,Monitoring Server,23.09,47.57,71.55,99.8269,0
2026-01-17T08:00,NSS-APP01,Windows Server 2022,Application Server,31.1,66.99,81.67,99.9086,0
2026-02-04T06:00,NSS-APP01,Windows Server 2022,Application Server,15.56,30.8,43.7,99.8192,0
2026-05-07T23:00,NSS-LINUX-DB01,Rocky Linux 9,Database Server,25.6,80.14,50.14,99.9595,0
2026-07-12T21:00,NSS-APP01,Windows Server 2022,Application Server,14.42,49.02,56.67,99.7903,0
2026-01-22T21:00,NSS-MON01,Ubuntu 24.04,Monitoring Server,26.13,66.98,49.38,99.9478,0
2026-04-22T22:00,NSS-LINUX-DB01,Rocky Linux 9,Database Server,22.35,67.38,58.0,99.7605,0
2026-02-23T14:00,NSS-APP01,Windows Server 2022,Application Server,46.83,41.84,54.3,99.9166,0
2026-05-09T15:00,NSS-FILE01,Windows Server 2022,File Server,41.85,62.99,53.46,99.8873,0
2026-03-23T19:00,NSS-DC02,Windows Server 2022,Domain Controller,5.54,61.36,69.26,99.765,0
2026-05-10T08:00,NSS-LINUX-APP01,Ubuntu 24.04,Application Server,16.47,45.17,73.86,99.7829,0
2026-06-24T11:00,NSS-APP01,Windows Server 2022,Application Server,37.29,60.27,61.44,99.9334,0
2026-02-07T07:00,NSS-FILE01,Windows Server 2022,File Server,40.13,75.85,68.43,99.9555,0
2026-04-26T01:00,NSS-DC01,Windows Server 2022,Domain Controller,22.61,56.28,65.47,99.8742,0
2026-01-20T18:00,NSS-DC02,Windows Server 2022,Domain Controller,20.48,61.2,63.62,99.9668,0
2026-03-27T13:00,NSS-APP01,Windows Server 2022,Application Server,35.67,23.0,63.47,99.8369,0
2026-01-30T13:00,NSS-APP01,Windows Server 2022,Application Server,35.83,36.04,64.9,99.7972,0
2026-01-07T00:00,NSS-DC02,Windows Server 2022,Domain Controller,29.07,26.45,55.8,99.9222,0
2026-01-17T12:00,NSS-APP01,Windows Server 2022,Application Server,25.05,37.22,75.51,99.9637,0
2026-01-21T04:00,NSS-LINUX-APP01,Ubuntu 24.04,Application Server,32.99,54.5,53.6,99.9884,0
2026-06-08T11:00,NSS-LINUX-APP01,Ubuntu 24.04,Application Server,42.39,42.08,46.93,99.9617,0
2026-02-13T08:00,NSS-LINUX-APP01,Ubuntu 24.04,Application Server,40.26,63.57,76.22,99.8235,0
2026-02-02T12:00,NSS-MON01,Ubuntu 24.04,Monitoring Server,31.71,34.48,70.52,99.8031,0
2026-05-19T13:00,NSS-DC02,Windows Server 2022,Domain Controller,49.44,62.84,67.7,99.8368,0
2026-02-12T17:00,NSS-LINUX-DB01,Rocky Linux 9,Database Server,37.07,39.59,58.23,99.7552,0
2026-03-20T11:00,NSS-DC02,Windows Server 2022,Domain Controller,48.35,61.93,36.4,99.9842,0
2026-03-11T09:00,NSS-FILE01,Windows Server 2022,File Server,18.13,62.25,68.15,99.7883,0
2026-03-10T07:00,NSS-DC02,Windows Server 2022,Domain Controller,23.97,49.65,57.65,99.8764,0
2026-07-26T15:00,NSS-MON01,Ubuntu 24.04,Monitoring Server,27.74,59.58,69.57,99.8742,0
2026-01-09T18:00,NSS-FILE01,Windows Server 2022,File Server,30.87,52.1,68.65,99.9447,0
2026-05-20T20:00,NSS-MON01,Ubuntu 24.04,Monitoring Server,44.18,63.24,58.16,99.9846,0
2026-02-21T20:00,NSS-MON01,Ubuntu 24.04,Monitoring Server,45.7,69.04,54.83,99.8389,0
2026-04-26T19:00,NSS-DC02,Windows Server 2022,Domain Controller,21.13,20.52,66.45,99.9786,0
2026-07-22T22:00,NSS-LINUX-DB01,Rocky Linux 9,Database Server,21.31,41.69,60.24,99.9147,0
2026-04-08T08:00,NSS-FILE01,Windows Server 2022,File Server,22.91,60.44,74.8,99.8878,0
2026-04-03T16:00,NSS-LINUX-DB01,Rocky Linux 9,Database Server,37.2,53.91,49.8,99.7699,0
2026-04-14T08:00,NSS-FILE01,Windows Server 2022,File Server,27.25,43.87,81.15,99.7576,0
2026-02-17T08:00,NSS-APP01,Windows Server 2022,Application Server,47.04,75.53,75.13,99.796,0
2026-04-25T22:00,NSS-LINUX-DB01,Rocky Linux 9,Database Server,23.58,24.17,49.11,99.9796,0
2026-03-21T17:00,NSS-APP01,Windows Server 2022,Application Server,15.12,35.41,39.56,99.8571,0
2026-07-14T20:00,NSS-APP01,Windows Server 2022,Application Server,3.21,51.02,64.74,99.9916,0
2026-04-21T00:00,NSS-MON01,Ubuntu 24.04,Monitoring Server,19.29,24.53,54.79,99.8213,0
2026-01-03T12:00,NSS-LINUX-DB01,Rocky Linux 9,Database Server,41.96,55.21,95.0,99.9533,1
2026-06-21T21:00,NSS-APP01,Windows Server 2022,Application Server,31.96,40.89,32.38,99.9812,0
2026-06-13T06:00,NSS-LINUX-APP01,Ubuntu 24.04,Application Server,33.95,43.39,66.78,99.9877,0
2026-05-06T15:00,NSS-DC01,Windows Server 2022,Domain Controller,32.99,54.29,51.31,99.8404,0
2026-01-17T01:00,NSS-FILE01,Windows Server 2022,File Server,2.0,47.09,67.27,99.8473,0
2026-01-11T07:00,NSS-DC02,Windows Server 2022,Domain Controller,25.79,44.63,63.6,99.8637,0
2026-05-11T16:00,NSS-DC02,Windows Server 2022,Domain Controller,2.0,35.18,62.45,99.9561,0
2026-04-13T06:00,NSS-LINUX-APP01,Ubuntu 24.04,Application Server,33.3,18.4,72.18,99.8671,0
2026-06-22T19:00,NSS-DC01,Windows Server 2022,Domain Controller,34.89,39.08,58.28,99.9111,0
2026-05-03T06:00,NSS-LINUX-DB01,Rocky Linux 9,Database Server,26.72,77.08,59.86,99.8347,0
2026-05-12T16:00,NSS-MON01,Ubuntu 24.04,Monitoring Server,49.56,31.89,62.74,99.8791,0
2026-02-22T16:00,NSS-DC01,Windows Server 2022,Domain Controller,2.0,50.99,67.1,99.762,0
2026-04-17T11:00,NSS-LINUX-APP01,Ubuntu 24.04,Application Server,40.57,49.65,43.7,99.8782,0
2026-04-06T02:00,NSS-LINUX-APP01,Ubuntu 24.04,Application Server,28.56,65.75,71.88,99.9922,0
2026-03-06T08:00,NSS-DC02,Windows Server 2022,Domain Controller,2.0,62.91,62.06,99.8945,0
2026-07-13T18:00,NSS-DC01,Windows Server 2022,Domain Controller,4.18,47.57,69.9,99.8956,0
2026-04-02T03:00,NSS-APP01,Windows Server 2022,Application Server,17.49,52.71,78.48,99.8481,0
2026-01-09T00:00,NSS-LINUX-DB01,Rocky Linux 9,Database Server,23.84,58.9,56.95,99.895,0
2026-06-10T00:00,NSS-MON01,Ubuntu 24.04,Monitoring Server,8.06,54.45,89.13,99.9772,1
2026-06-08T06:00,NSS-LINUX-APP01,Ubuntu 24.04,Application Server,41.3,57.15,60.3,99.8689,0
2026-05-08T03:00,NSS-DC02,Windows Server 2022,Domain Controller,7.21,70.61,50.83,99.8499,0
2026-06-03T06:00,NSS-APP01,Windows Server 2022,Application Server,28.41,53.64,32.51,99.9089,0
2026-07-02T22:00,NSS-LINUX-APP01,Ubuntu 24.04,Application Server,18.17,58.92,56.0,99.7559,0
2026-07-05T10:00,NSS-LINUX-APP01,Ubuntu 24.04,Application Server,18.92,63.42,68.85,99.9525,0
2026-03-16T00:00,NSS-DC01,Windows Server 2022,Domain Controller,30.96,76.69,86.32,99.7584,1
2026-07-20T13:00,NSS-DC01,Windows Server 2022,Domain Controller,33.29,76.26,59.68,99.8386,0
2026-04-11T03:00,NSS-FILE01,Windows Server 2022,File Server,39.64,63.79,35.51,99.7716,0
2026-03-22T02:00,NSS-APP01,Windows Server 2022,Application Server,29.21,63.34,61.09,99.9101,0
2026-03-15T10:00,NSS-FILE01,Windows Server 2022,File Server,29.09,71.52,48.38,99.7812,0
2026-03-29T22:00,NSS-LINUX-DB01,Rocky Linux 9,Database Server,10.2,47.22,55.4,99.7605,0
2026-01-04T02:00,NSS-LINUX-APP01,Ubuntu 24.04,Application Server,17.98,46.53,58.08,99.9341,0
2026-04-04T02:00,NSS-DC02,Windows Server 2022,Domain Controller,26.76,84.32,64.95,99.9769,0
2026-03-31T17:00,NSS-LINUX-DB01,Rocky Linux 9,Database Server,34.46,35.21,55.47,99.863,0
2026-01-25T22:00,NSS-FILE01,Windows Server 2022,File Server,15.83,52.71,45.24,99.7737,0
2026-03-12T09:00,NSS-APP01,Windows Server 2022,Application Server,22.8,75.0,71.0,99.978,0
2026-05-13T05:00,NSS-DC01,Windows Server 2022,Domain Controller,27.86,56.57,92.65,99.8711,1
2026-02-15T17:00,NSS-DC01,Windows Server 2022,Domain Controller,17.42,32.43,63.18,99.8734,0
2026-04-10T17:00,NSS-FILE01,Windows Server 2022,File Server,38.76,62.18,55.45,99.8609,0
2026-05-12T03:00,NSS-DC02,Windows Server 2022,Domain Controller,37.17,38.12,74.18,99.9346,0
2026-06-26T17:00,NSS-LINUX-APP01,Ubuntu 24.04,Application Server,35.66,49.89,23.87,99.8583,0
2026-03-24T08:00,NSS-FILE01,Windows Server 2022,File Server,22.17,43.21,51.01,99.9655,0
2026-07-05T16:00,NSS-APP01,Windows Server 2022,Application Server,33.56,33.14,59.83,99.9747,0
2026-07-21T23:00,NSS-LINUX-DB01,Rocky Linux 9,Database Server,49.49,53.08,44.33,99.796,0
2026-06-05T06:00,NSS-LINUX-DB01,Rocky Linux 9,Database Server,26.32,66.72,22.8,99.9246,0
2026-01-10T07:00,NSS-DC01,Windows Server 2022,Domain Controller,9.57,31.82,90.57,99.9248,1
2026-02-04T04:00,NSS-FILE01,Windows Server 2022,File Server,2.0,42.41,68.73,99.9151,0
2026-07-02T07:00,NSS-APP01,Windows Server 2022,Application Server,14.41,61.06,60.07,99.7946,0
2026-06-11T10:00,NSS-LINUX-DB01,Rocky Linux 9,Database Server,18.39,47.82,38.01,99.8676,0
2026-03-21T17:00,NSS-DC02,Windows Server 2022,Domain Controller,38.98,53.99,56.19,99.9734,0
2026-04-08T23:00,NSS-LINUX-APP01,Ubuntu 24.04,Application Server,23.25,42.07,44.71,99.8305,0
2026-07-15T02:00,NSS-DC01,Windows Server 2022,Domain Controller,35.54,22.46,54.49,99.8769,0
2026-03-14T12:00,NSS-DC02,Windows Server 2022,Domain Controller,36.22,34.74,64.99,99.9374,0
2026-04-28T09:00,NSS-DC01,Windows Server 2022,Domain Controller,20.29,39.5,60.94,99.7851,0
2026-04-05T00:00,NSS-DC02,Windows Server 2022,Domain Controller,28.51,47.48,56.43,99.9525,0
2026-07-26T03:00,NSS-LINUX-DB01,Rocky Linux 9,Database Server,38.25,51.07,63.98,99.7813,0
2026-07-02T09:00,NSS-DC02,Windows Server 2022,Domain Controller,19.36,63.98,67.23,99.8984,0
2026-05-11T11:00,NSS-LINUX-DB01,Rocky Linux 9,Database Server,36.22,45.4,72.42,99.8207,0
2026-04-09T23:00,NSS-MON01,Ubuntu 24.04,Monitoring Server,22.7,65.36,85.05,99.7986,1
2026-04-21T13:00,NSS-FILE01,Windows Server 2022,File Server,24.59,54.89,47.16,99.8086,0
2026-01-26T07:00,NSS-LINUX-DB01,Rocky Linux 9,Database Server,23.66,56.21,83.31,99.9839,0
2026-07-10T13:00,NSS-MON01,Ubuntu 24.04,Monitoring Server,17.54,70.95,40.05,99.8691,0
2026-06-12T05:00,NSS-APP01,Windows Server 2022,Application Server,29.92,48.51,63.6,99.7785,0
2026-07-26T09:00,NSS-DC02,Windows Server 2022,Domain Controller,29.7,32.89,72.5,99.9955,0
2026-07-09T00:00,NSS-FILE01,Windows Server 2022,File Server,43.65,56.04,45.77,99.92,0
2026-05-10T03:00,NSS-DC02,Windows Server 2022,Domain Controller,35.26,73.29,77.8,99.8614,0
2026-07-24T04:00,NSS-LINUX-APP01,Ubuntu 24.04,Application Server,20.61,83.43,63.61,99.9602,0
2026-05-06T21:00,NSS-MON01,Ubuntu 24.04,Monitoring Server,46.01,54.8,50.73,99.9608,0
2026-06-16T15:00,NSS-MON01,Ubuntu 24.04,Monitoring Server,17.38,75.0,40.56,99.9417,0
2026-03-08T21:00,NSS-MON01,Ubuntu 24.04,Monitoring Server,20.22,64.88,59.66,99.9477,0
2026-05-12T20:00,NSS-APP01,Windows Server 2022,Application Server,15.68,38.13,53.84,99.8892,0
2026-03-27T23:00,NSS-MON01,Ubuntu 24.04,Monitoring Server,35.37,50.8,52.32,99.9381,0
2026-06-30T01:00,NSS-LINUX-DB01,Rocky Linux 9,Database Server,2.0,56.58,53.65,99.9778,0
2026-05-07T11:00,NSS-DC01,Windows Server 2022,Domain Controller,9.76,39.23,95.0,99.9695,1
2026-01-24T21:00,NSS-LINUX-APP01,Ubuntu 24.04,Application Server,34.18,40.4,64.81,99.9411,0
2026-03-21T20:00,NSS-MON01,Ubuntu 24.04,Monitoring Server,15.21,59.48,54.66,99.8333,0
2026-03-05T04:00,NSS-LINUX-DB01,Rocky Linux 9,Database Server,25.26,60.2,38.86,99.8927,0
2026-05-08T12:00,NSS-DC02,Windows Server 2022,Domain Controller,16.47,39.52,53.7,99.9505,0
2026-02-10T18:00,NSS-MON01,Ubuntu 24.04,Monitoring Server,29.87,30.37,62.75,99.9243,0
2026-05-25T23:00,NSS-MON01,Ubuntu 24.04,Monitoring Server,22.86,58.78,68.74,99.8979,0
2026-07-22T23:00,NSS-LINUX-DB01,Rocky Linux 9,Database Server,32.8,74.95,58.06,99.9471,0
2026-03-06T08:00,NSS-DC01,Windows Server 2022,Domain Controller,25.09,61.94,47.91,99.9884,0
2026-06-25T05:00,NSS-MON01,Ubuntu 24.04,Monitoring Server,26.27,45.71,46.19,99.8081,0
2026-05-30T18:00,NSS-DC01,Windows Server 2022,Domain Controller,45.05,53.88,62.95,99.9988,0
2026-04-26T11:00,NSS-LINUX-DB01,Rocky Linux 9,Database Server,33.33,82.46,59.81,99.9948,0
2026-01-17T21:00,NSS-DC02,Windows Server 2022,Domain Controller,40.61,41.22,66.09,99.779,0
2026-03-09T10:00,NSS-DC02,Windows Server 2022,Domain Controller,44.71,67.76,60.39,99.9552,0
2026-07-11T07:00,NSS-MON01,Ubuntu 24.04,Monitoring Server,46.8,41.64,60.21,99.9408,0
2026-07-04T01:00,NSS-MON01,Ubuntu 24.04,Monitoring Server,11.26,64.86,75.91,99.78,0
2026-05-27T15:00,NSS-MON01,Ubuntu 24.04,Monitoring Server,30.19,59.24,75.6,99.9965,0
2026-03-24T05:00,NSS-FILE01,Windows Server 2022,File Server,44.4,59.62,59.02,99.8966,0
2026-04-23T08:00,NSS-APP01,Windows Server 2022,Application Server,23.02,48.81,80.19,99.9454,0
2026-06-22T13:00,NSS-LINUX-DB01,Rocky Linux 9,Database Server,32.69,45.53,63.71,99.8445,0
2026-01-20T18:00,NSS-FILE01,Windows Server 2022,File Server,21.29,68.46,55.64,99.832,0
2026-04-08T21:00,NSS-DC01,Windows Server 2022,Domain Controller,41.14,49.35,65.35,99.9474,0
2026-01-05T12:00,NSS-DC01,Windows Server 2022,Domain Controller,46.71,79.88,36.0,99.8755,0
2026-01-04T19:00,NSS-DC01,Windows Server 2022,Domain Controller,19.98,36.04,69.04,99.8649,0
2026-03-29T04:00,NSS-APP01,Windows Server 2022,Application Server,29.83,53.48,65.79,99.9024,0
2026-06-30T08:00,NSS-APP01,Windows Server 2022,Application Server,2.0,44.44,49.23,99.7521,0
2026-03-28T09:00,NSS-LINUX-APP01,Ubuntu 24.04,Application Server,48.07,56.13,95.0,99.7509,1
2026-03-19T22:00,NSS-LINUX-APP01,Ubuntu 24.04,Application Server,17.8,59.91,71.37,99.9175,0
2026-01-20T15:00,NSS-FILE01,Windows Server 2022,File Server,31.06,67.62,70.01,99.9776,0
2026-04-17T23:00,NSS-LINUX-APP01,Ubuntu 24.04,Application Server,34.49,80.73,48.43,99.9017,0
2026-05-17T09:00,NSS-APP01,Windows Server 2022,Application Server,16.3,75.87,70.95,99.7584,0
2026-05-28T08:00,NSS-DC02,Windows Server 2022,Domain Controller,5.09,85.64,52.02,99.7816,0
2026-02-13T20:00,NSS-DC02,Windows Server 2022,Domain Controller,26.13,45.32,48.79,99.8054,0
2026-01-18T06:00,NSS-FILE01,Windows Server 2022,File Server,46.43,40.2,64.35,99.9326,0
2026-07-24T23:00,NSS-LINUX-APP01,Ubuntu 24.04,Application Server,13.8,75.99,88.15,99.9318,1
2026-01-18T16:00,NSS-FILE01,Windows Server 2022,File Server,27.11,35.46,75.98,99.751,0
2026-04-01T03:00,NSS-LINUX-APP01,Ubuntu 24.04,Application Server,12.45,72.72,59.39,99.7668,0
2026-07-25T03:00,NSS-DC01,Windows Server 2022,Domain Controller,22.39,53.89,59.85,99.7955,0
2026-07-02T01:00,NSS-FILE01,Windows Server 2022,File Server,33.02,87.7,78.03,99.7524,0
2026-04-25T23:00,NSS-DC01,Windows Server 2022,Domain Controller,17.83,40.44,59.97,99.7538,0
2026-03-08T07:00,NSS-DC02,Windows Server 2022,Domain Controller,27.84,48.96,62.65,99.8527,0
2026-05-12T00:00,NSS-DC01,Windows Server 2022,Domain Controller,17.0,63.82,79.44,99.7594,0
2026-03-21T20:00,NSS-MON01,Ubuntu 24.04,Monitoring Server,22.75,34.82,35.07,99.8142,0
2026-02-10T15:00,NSS-LINUX-DB01,Rocky Linux 9,Database Server,16.13,46.63,61.87,99.9649,0
2026-06-08T00:00,NSS-FILE01,Windows Server 2022,File Server,47.76,53.97,30.17,99.9917,0
2026-06-02T09:00,NSS-LINUX-DB01,Rocky Linux 9,Database Server,24.74,54.24,71.58,99.7569,0
2026-02-19T06:00,NSS-DC02,Windows Server 2022,Domain Controller,16.79,54.11,69.9,99.8617,0
2026-07-16T21:00,NSS-DC01,Windows Server 2022,Domain Controller,33.32,33.08,71.07,99.8866,0
2026-06-07T16:00,NSS-MON01,Ubuntu 24.04,Monitoring Server,53.84,54.57,69.81,99.9355,0
2026-05-05T19:00,NSS-APP01,Windows Server 2022,Application Server,31.52,32.55,66.55,99.7845,0
2026-02-07T15:00,NSS-APP01,Windows Server 2022,Application Server,35.48,67.23,55.88,99.8116,0
2026-07-19T03:00,NSS-DC01,Windows Server 2022,Domain Controller,46.38,75.77,42.94,99.9427,0
2026-01-20T05:00,NSS-LINUX-APP01,Ubuntu 24.04,Application Server,29.42,66.34,62.81,99.8539,0
2026-02-05T18:00,NSS-LINUX-APP01,Ubuntu 24.04,Application Server,4.92,36.34,46.63,99.7805,0
2026-03-22T04:00,NSS-LINUX-APP01,Ubuntu 24.04,Application Server,36.79,60.36,55.5,99.7653,0
2026-06-23T09:00,NSS-MON01,Ubuntu 24.04,Monitoring Server,24.98,49.05,50.61,99.9796,0
2026-05-21T01:00,NSS-LINUX-DB01,Rocky Linux 9,Database Server,32.77,48.4,49.25,99.7761,0
2026-06-07T01:00,NSS-APP01,Windows Server 2022,Application Server,29.36,14.29,95.0,99.8191,1
2026-07-26T07:00,NSS-APP01,Windows Server 2022,Application Server,37.77,56.23,45.06,99.8223,0
2026-01-14T02:00,NSS-FILE01,Windows Server 2022,File Server,13.77,64.14,50.42,99.8022,0
2026-07-12T00:00,NSS-APP01,Windows Server 2022,Application Server,26.62,68.18,57.69,99.8582,0
2026-01-25T12:00,NSS-APP01,Windows Server 2022,Application Server,9.99,53.25,62.03,99.7716,0
2026-05-15T08:00,NSS-FILE01,Windows Server 2022,File Server,23.69,57.2,90.41,99.8897,1
2026-02-02T08:00,NSS-LINUX-DB01,Rocky Linux 9,Database Server,12.48,58.16,41.59,99.8361,0
2026-04-16T02:00,NSS-DC01,Windows Server 2022,Domain Controller,17.74,38.23,36.29,99.9822,0
2026-01-23T21:00,NSS-DC02,Windows Server 2022,Domain Controller,34.08,62.99,52.96,99.9158,0
2026-02-21T14:00,NSS-FILE01,Windows Server 2022,File Server,33.64,36.99,77.97,99.8323,0
2026-01-20T17:00,NSS-LINUX-DB01,Rocky Linux 9,Database Server,29.59,43.61,51.12,99.9411,0
2026-03-05T08:00,NSS-LINUX-DB01,Rocky Linux 9,Database Server,45.92,59.05,69.5,99.7535,0
2026-02-15T12:00,NSS-LINUX-APP01,Ubuntu 24.04,Application Server,22.48,36.28,73.96,99.8685,0
2026-02-11T21:00,NSS-LINUX-DB01,Rocky Linux 9,Database Server,34.43,98.0,71.71,99.7568,1
2026-03-04T13:00,NSS-MON01,Ubuntu 24.04,Monitoring Server,36.8,28.16,63.6,99.9645,0
2026-06-24T20:00,NSS-FILE01,Windows Server 2022,File Server,31.05,58.66,63.1,99.9365,0
2026-05-30T18:00,NSS-MON01,Ubuntu 24.04,Monitoring Server,2.0,67.62,73.39,99.7636,0
2026-03-08T16:00,NSS-APP01,Windows Server 2022,Application Server,30.98,65.14,66.76,99.9257,0
2026-03-15T14:00,NSS-LINUX-DB01,Rocky Linux 9,Database Server,23.87,42.86,82.79,99.7879,0
2026-04-26T04:00,NSS-LINUX-DB01,Rocky Linux 9,Database Server,8.6,79.32,66.22,99.795,0
2026-01-18T22:00,NSS-DC02,Windows Server 2022,Domain Controller,12.91,80.38,60.04,99.7602,0
2026-02-25T18:00,NSS-LINUX-APP01,Ubuntu 24.04,Application Server,5.27,63.53,92.4,99.9783,1
2026-06-16T08:00,NSS-MON01,Ubuntu 24.04,Monitoring Server,11.05,46.64,79.44,99.831,0
2026-05-02T04:00,NSS-LINUX-DB01,Rocky Linux 9,Database Server,21.75,70.02,46.35,99.7843,0
2026-03-18T20:00,NSS-MON01,Ubuntu 24.04,Monitoring Server,31.2,39.66,45.76,99.9177,0
2026-03-08T18:00,NSS-FILE01,Windows Server 2022,File Server,43.1,50.58,59.97,99.8086,0
2026-04-07T18:00,NSS-LINUX-APP01,Ubuntu 24.04,Application Server,36.68,36.04,63.46,99.8103,0
2026-01-30T04:00,NSS-APP01,Windows Server 2022,Application Server,4.5,53.51,38.01,99.9704,0
2026-05-02T17:00,NSS-LINUX-APP01,Ubuntu 24.04,Application Server,5.52,48.45,80.32,99.8382,0
2026-02-05T11:00,NSS-DC01,Windows Server 2022,Domain Controller,32.55,30.63,65.49,99.9266,0
2026-03-08T09:00,NSS-MON01,Ubuntu 24.04,Monitoring Server,17.47,53.65,55.12,99.9721,0
2026-06-04T15:00,NSS-LINUX-APP01,Ubuntu 24.04,Application Server,27.84,82.88,61.94,99.7558,0
2026-05-29T16:00,NSS-MON01,Ubuntu 24.04,Monitoring Server,16.38,44.07,47.81,99.9162,0
2026-07-25T11:00,NSS-DC01,Windows Server 2022,Domain Controller,24.67,73.58,43.64,99.9345,0
2026-07-29T07:00,NSS-MON01,Ubuntu 24.04,Monitoring Server,35.57,55.58,51.27,99.8454,0
2026-02-19T22:00,NSS-APP01,Windows Server 2022,Application Server,26.18,69.52,61.54,99.9889,0
2026-03-14T08:00,NSS-MON01,Ubuntu 24.04,Monitoring Server,38.8,61.29,47.73,99.7893,0
2026-04-17T19:00,NSS-LINUX-APP01,Ubuntu 24.04,Application Server,24.13,42.16,59.87,99.8186,0
2026-02-09T17:00,NSS-MON01,Ubuntu 24.04,Monitoring Server,30.16,26.62,63.52,99.9901,0
2026-01-05T21:00,NSS-MON01,Ubuntu 24.04,Monitoring Server,15.44,58.97,59.32,99.7749,0
2026-06-23T17:00,NSS-LINUX-DB01,Rocky Linux 9,Database Server,17.76,38.48,75.54,99.9466,0
2026-04-19T09:00,NSS-LINUX-APP01,Ubuntu 24.04,Application Server,27.97,39.71,67.35,99.854,0
2026-06-04T03:00,NSS-LINUX-APP01,Ubuntu 24.04,Application Server,13.75,36.75,29.28,99.9311,0
2026-01-21T05:00,NSS-FILE01,Windows Server 2022,File Server,20.93,35.32,59.26,99.779,0
2026-01-02T06:00,NSS-LINUX-DB01,Rocky Linux 9,Database Server,21.71,56.17,60.46,99.9828,0
2026-01-04T04:00,NSS-LINUX-DB01,Rocky Linux 9,Database Server,45.68,58.83,47.22,99.7873,0
2026-07-25T10:00,NSS-DC01,Windows Server 2022,Domain Controller,46.88,72.95,63.42,99.9822,0
2026-05-24T14:00,NSS-FILE01,Windows Server 2022,File Server,23.55,44.76,54.3,99.9954,0
2026-07-19T07:00,NSS-APP01,Windows Server 2022,Application Server,28.92,32.3,68.05,99.9978,0
2026-03-31T08:00,NSS-LINUX-DB01,Rocky Linux 9,Database Server,39.56,50.73,73.39,99.9173,0
2026-04-14T03:00,NSS-FILE01,Windows Server 2022,File Server,7.7,81.45,75.87,99.8644,0
2026-01-30T23:00,NSS-DC01,Windows Server 2022,Domain Controller,3.62,62.18,65.45,99.8148,0
2026-04-02T13:00,NSS-DC01,Windows Server 2022,Domain Controller,11.97,66.3,70.9,99.9991,0
2026-02-14T15:00,NSS-MON01,Ubuntu 24.04,Monitoring Server,20.61,68.07,59.72,99.9112,0
2026-05-24T12:00,NSS-DC01,Windows Server 2022,Domain Controller,31.86,60.69,68.21,99.9134,0
2026-01-10T22:00,NSS-LINUX-DB01,Rocky Linux 9,Database Server,37.18,39.68,75.16,99.9611,0
2026-05-25T00:00,NSS-MON01,Ubuntu 24.04,Monitoring Server,12.03,67.1,46.29,99.9736,0
2026-05-28T05:00,NSS-FILE01,Windows Server 2022,File Server,11.93,42.39,35.98,99.8852,0
2026-04-09T01:00,NSS-LINUX-DB01,Rocky Linux 9,Database Server,26.8,40.55,48.53,99.9187,0
2026-02-18T09:00,NSS-APP01,Windows Server 2022,Application Server,15.39,46.88,49.92,99.9801,0
2026-06-27T10:00,NSS-LINUX-APP01,Ubuntu 24.04,Application Server,36.26,46.18,45.32,99.7606,0
2026-07-15T07:00,NSS-MON01,Ubuntu 24.04,Monitoring Server,58.53,68.46,69.08,99.8508,0
2026-06-02T01:00,NSS-DC02,Windows Server 2022,Domain Controller,20.44,49.7,38.42,99.8883,0
2026-06-01T08:00,NSS-DC01,Windows Server 2022,Domain Controller,45.13,32.45,51.81,99.8423,0
2026-04-24T04:00,NSS-MON01,Ubuntu 24.04,Monitoring Server,6.87,66.56,83.01,99.8497,0
2026-06-11T04:00,NSS-FILE01,Windows Server 2022,File Server,24.0,32.84,48.1,99.7781,0
2026-04-22T21:00,NSS-MON01,Ubuntu 24.04,Monitoring Server,18.82,46.74,63.23,99.993,0
2026-05-24T01:00,NSS-LINUX-APP01,Ubuntu 24.04,Application Server,10.54,64.57,56.83,99.8041,0
2026-01-22T19:00,NSS-DC02,Windows Server 2022,Domain Controller,28.44,55.01,57.75,99.9143,0
2026-06-01T23:00,NSS-FILE01,Windows Server 2022,File Server,31.89,72.73,56.27,99.892,0
2026-05-26T20:00,NSS-DC02,Windows Server 2022,Domain Controller,17.04,50.48,74.57,99.7804,0
2026-04-22T23:00,NSS-DC02,Windows Server 2022,Domain Controller,16.27,71.32,45.61,99.8602,0
2026-04-21T17:00,NSS-MON01,Ubuntu 24.04,Monitoring Server,64.78,57.63,56.92,99.8794,0
2026-03-02T13:00,NSS-DC01,Windows Server 2022,Domain Controller,2.46,47.72,47.81,99.8302,0
2026-06-22T02:00,NSS-DC01,Windows Server 2022,Domain Controller,17.72,51.44,70.77,99.9195,0
2026-06-17T18:00,NSS-DC01,Windows Server 2022,Domain Controller,11.62,66.18,49.19,99.8614,0
2026-04-11T17:00,NSS-DC01,Windows Server 2022,Domain Controller,28.19,33.76,66.75,99.7635,0
2026-02-10T00:00,NSS-MON01,Ubuntu 24.04,Monitoring Server,48.01,82.33,73.34,99.7928,0
2026-06-20T23:00,NSS-APP01,Windows Server 2022,Application Server,33.58,49.89,90.28,99.7846,1
2026-04-14T14:00,NSS-LINUX-DB01,Rocky Linux 9,Database Server,36.6,44.95,43.99,99.8984,0
2026-01-30T16:00,NSS-DC02,Windows Server 2022,Domain Controller,2.0,64.35,67.18,99.979,0
2026-05-17T21:00,NSS-DC02,Windows Server 2022,Domain Controller,15.43,66.01,55.58,99.9324,0
2026-04-18T12:00,NSS-FILE01,Windows Server 2022,File Server,19.03,61.0,54.36,99.8178,0
2026-03-01T05:00,NSS-LINUX-DB01,Rocky Linux 9,Database Server,29.38,46.37,43.46,99.9002,0
2026-02-12T21:00,NSS-DC01,Windows Server 2022,Domain Controller,21.74,70.0,49.22,99.8593,0
2026-07-06T00:00,NSS-DC02,Windows Server 2022,Domain Controller,15.54,40.37,40.92,99.8616,0
2026-07-29T04:00,NSS-DC01,Windows Server 2022,Domain Controller,25.2,73.57,59.28,99.8958,0
2026-02-23T11:00,NSS-MON01,Ubuntu 24.04,Monitoring Server,14.01,54.41,59.04,99.8878,0
2026-07-05T01:00,NSS-MON01,Ubuntu 24.04,Monitoring Server,7.95,49.35,48.46,99.9788,0
2026-01-25T17:00,NSS-LINUX-APP01,Ubuntu 24.04,Application Server,26.61,26.21,79.04,99.8375,0
2026-04-27T18:00,NSS-LINUX-APP01,Ubuntu 24.04,Application Server,3.16,67.61,57.57,99.8569,0
2026-04-03T16:00,NSS-LINUX-APP01,Ubuntu 24.04,Application Server,30.78,52.7,45.68,99.7882,0
2026-04-06T07:00,NSS-APP01,Windows Server 2022,Application Server,2.0,55.13,53.29,99.7987,0
2026-02-17T11:00,NSS-FILE01,Windows Server 2022,File Server,41.56,58.85,28.91,99.8209,0
2026-06-27T21:00,NSS-DC01,Windows Server 2022,Domain Controller,17.34,65.81,39.95,99.9953,0
2026-05-16T13:00,NSS-DC02,Windows Server 2022,Domain Controller,28.5,43.74,67.66,99.9978,0
2026-01-29T17:00,NSS-DC01,Windows Server 2022,Domain Controller,14.83,62.42,78.81,99.8757,0
2026-01-31T04:00,NSS-FILE01,Windows Server 2022,File Server,18.48,76.99,88.53,99.8099,1
2026-04-16T01:00,NSS-LINUX-APP01,Ubuntu 24.04,Application Server,33.82,59.42,91.36,99.7666,1
2026-07-20T20:00,NSS-APP01,Windows Server 2022,Application Server,14.56,68.13,40.56,99.798,0
2026-01-26T09:00,NSS-LINUX-DB01,Rocky Linux 9,Database Server,21.82,70.84,30.76,99.7995,0
2026-04-01T08:00,NSS-LINUX-DB01,Rocky Linux 9,Database Server,30.42,59.16,72.01,99.9151,0
2026-06-16T20:00,NSS-MON01,Ubuntu 24.04,Monitoring Server,23.34,59.61,95.0,99.7712,1
2026-07-23T07:00,NSS-DC02,Windows Server 2022,Domain Controller,39.5,48.41,54.24,99.8871,0
2026-06-23T03:00,NSS-LINUX-APP01,Ubuntu 24.04,Application Server,32.36,29.44,66.46,99.8388,0
2026-06-20T17:00,NSS-LINUX-APP01,Ubuntu 24.04,Application Server,9.34,49.7,78.71,99.7899,0
2026-05-05T01:00,NSS-MON01,Ubuntu 24.04,Monitoring Server,16.35,31.15,46.57,99.7896,0
2026-04-27T06:00,NSS-FILE01,Windows Server 2022,File Server,12.72,47.95,55.92,99.7622,0
2026-04-02T09:00,NSS-LINUX-APP01,Ubuntu 24.04,Application Server,42.99,66.82,44.92,99.8003,0
2026-02-06T04:00,NSS-APP01,Windows Server 2022,Application Server,46.58,51.68,88.9,99.827,1
2026-04-15T14:00,NSS-DC01,Windows Server 2022,Domain Controller,2.97,64.43,51.55,99.8409,0
2026-06-05T19:00,NSS-LINUX-APP01,Ubuntu 24.04,Application Server,36.3,57.63,49.85,99.8571,0
2026-06-13T15:00,NSS-LINUX-APP01,Ubuntu 24.04,Application Server,38.28,55.57,64.28,99.8054,0
2026-03-19T06:00,NSS-DC02,Windows Server 2022,Domain Controller,25.08,54.33,68.92,99.9166,0
2026-07-16T16:00,NSS-MON01,Ubuntu 24.04,Monitoring Server,29.94,49.9,62.32,99.935,0
2026-01-28T15:00,NSS-APP01,Windows Server 2022,Application Server,30.51,55.88,74.06,99.9028,0
2026-02-05T21:00,NSS-APP01,Windows Server 2022,Application Server,2.0,57.52,69.36,99.7934,0
2026-06-04T18:00,NSS-LINUX-DB01,Rocky Linux 9,Database Server,42.66,54.86,69.83,99.8456,0
2026-04-17T03:00,NSS-DC02,Windows Server 2022,Domain Controller,40.69,58.38,64.24,99.8642,0
2026-03-05T03:00,NSS-LINUX-DB01,Rocky Linux 9,Database Server,19.78,44.89,59.65,99.8825,0
2026-01-22T02:00,NSS-APP01,Windows Server 2022,Application Server,27.24,56.02,73.71,99.8127,0
2026-06-20T14:00,NSS-FILE01,Windows Server 2022,File Server,16.19,68.92,73.21,99.7891,0
2026-03-18T22:00,NSS-FILE01,Windows Server 2022,File Server,29.66,53.66,62.43,99.858,0
2026-06-06T15:00,NSS-DC02,Windows Server 2022,Domain Controller,34.38,39.97,58.39,99.8336,0
2026-04-09T07:00,NSS-DC02,Windows Server 2022,Domain Controller,7.73,57.33,68.56,99.9935,0
2026-01-22T03:00,NSS-DC02,Windows Server 2022,Domain Controller,42.53,30.46,63.97,99.8253,0
2026-05-18T12:00,NSS-LINUX-APP01,Ubuntu 24.04,Application Server,35.48,65.97,42.75,99.9557,0
2026-03-18T20:00,NSS-APP01,Windows Server 2022,Application Server,2.31,61.44,88.39,99.8404,1
2026-07-23T07:00,NSS-LINUX-APP01,Ubuntu 24.04,Application Server,35.6,55.98,67.03,99.9016,0
2026-07-15T03:00,NSS-MON01,Ubuntu 24.04,Monitoring Server,36.02,29.44,63.37,99.8937,0
2026-06-17T09:00,NSS-LINUX-APP01,Ubuntu 24.04,Application Server,83.91,30.63,41.67,99.8542,0
2026-03-27T08:00,NSS-DC02,Windows Server 2022,Domain Controller,32.01,67.25,52.0,99.8503,0
2026-02-28T13:00,NSS-MON01,Ubuntu 24.04,Monitoring Server,20.52,73.67,70.44,99.8775,0
2026-05-12T07:00,NSS-APP01,Windows Server 2022,Application Server,35.71,60.07,85.09,99.8948,1
2026-06-07T17:00,NSS-APP01,Windows Server 2022,Application Server,20.48,52.98,65.43,99.8798,0
2026-02-21T14:00,NSS-DC02,Windows Server 2022,Domain Controller,32.39,36.54,80.58,99.9968,0
2026-04-07T11:00,NSS-LINUX-APP01,Ubuntu 24.04,Application Server,27.22,40.23,71.49,99.9561,0
2026-06-02T16:00,NSS-FILE01,Windows Server 2022,File Server,46.72,70.76,58.87,99.9392,0
2026-04-25T07:00,NSS-DC02,Windows Server 2022,Domain Controller,11.99,51.47,80.43,99.893,0
2026-03-28T17:00,NSS-APP01,Windows Server 2022,Application Server,61.09,52.03,54.36,99.8486,0
2026-02-04T22:00,NSS-LINUX-DB01,Rocky Linux 9,Database Server,23.66,39.21,52.81,99.8187,0
2026-01-28T10:00,NSS-FILE01,Windows Server 2022,File Server,2.0,39.12,42.74,99.7649,0
2026-02-11T21:00,NSS-LINUX-DB01,Rocky Linux 9,Database Server,49.82,51.16,52.09,99.8742,0
2026-03-19T10:00,NSS-MON01,Ubuntu 24.04,Monitoring Server,20.79,57.2,62.88,99.9744,0
2026-03-02T07:00,NSS-LINUX-APP01,Ubuntu 24.04,Application Server,29.02,40.43,52.09,99.7576,0
2026-04-29T09:00,NSS-LINUX-APP01,Ubuntu 24.04,Application Server,24.7,60.04,81.07,99.7914,0
2026-06-18T01:00,NSS-APP01,Windows Server 2022,Application Server,8.59,25.21,59.74,99.8822,0
2026-03-25T09:00,NSS-MON01,Ubuntu 24.04,Monitoring Server,21.23,72.92,76.17,99.8786,0
2026-01-20T07:00,NSS-DC02,Windows Server 2022,Domain Controller,27.98,82.32,55.01,99.9334,0
2026-01-16T14:00,NSS-LINUX-APP01,Ubuntu 24.04,Application Server,19.52,46.28,82.11,99.8041,0
2026-06-02T09:00,NSS-DC02,Windows Server 2022,Domain Controller,27.5,32.95,74.44,99.8598,0
2026-05-09T19:00,NSS-LINUX-DB01,Rocky Linux 9,Database Server,22.29,72.54,55.56,99.9894,0
2026-04-15T09:00,NSS-DC01,Windows Server 2022,Domain Controller,42.1,66.28,54.77,99.9834,0
2026-06-04T06:00,NSS-LINUX-DB01,Rocky Linux 9,Database Server,64.75,52.95,53.08,99.7653,0
2026-02-24T16:00,NSS-LINUX-APP01,Ubuntu 24.04,Application Server,8.41,58.06,49.92,99.8236,0
2026-07-27T05:00,NSS-LINUX-APP01,Ubuntu 24.04,Application Server,15.28,36.42,68.96,99.8985,0
2026-06-05T01:00,NSS-DC01,Windows Server 2022,Domain Controller,22.88,54.25,95.0,99.9197,1
2026-01-12T02:00,NSS-DC01,Windows Server 2022,Domain Controller,29.44,65.32,45.84,99.8906,0
2026-03-12T01:00,NSS-MON01,Ubuntu 24.04,Monitoring Server,29.58,40.24,66.14,99.9712,0
2026-02-22T20:00,NSS-FILE01,Windows Server 2022,File Server,29.83,50.07,64.38,99.7845,0
2026-01-29T17:00,NSS-APP01,Windows Server 2022,Application Server,26.91,62.04,85.78,99.9277,1
2026-01-28T21:00,NSS-MON01,Ubuntu 24.04,Monitoring Server,38.45,21.52,59.32,99.9766,0
2026-04-18T09:00,NSS-APP01,Windows Server 2022,Application Server,2.0,57.86,78.75,99.8545,0
2026-01-21T22:00,NSS-MON01,Ubuntu 24.04,Monitoring Server,4.89,30.72,60.34,99.9107,0
2026-07-29T23:00,NSS-LINUX-DB01,Rocky Linux 9,Database Server,33.1,46.39,39.91,99.8281,0
2026-03-14T06:00,NSS-LINUX-APP01,Ubuntu 24.04,Application Server,10.87,77.23,38.23,99.9609,0
2026-05-05T19:00,NSS-DC02,Windows Server 2022,Domain Controller,21.91,16.78,62.32,99.7762,0
2026-02-28T05:00,NSS-MON01,Ubuntu 24.04,Monitoring Server,55.17,44.75,69.76,99.8781,0
2026-05-02T02:00,NSS-FILE01,Windows Server 2022,File Server,38.94,75.46,67.99,99.8581,0
2026-03-24T03:00,NSS-LINUX-APP01,Ubuntu 24.04,Application Server,21.72,30.59,82.35,99.8326,0
2026-06-01T07:00,NSS-FILE01,Windows Server 2022,File Server,32.33,49.25,51.39,99.9165,0
2026-02-21T11:00,NSS-DC01,Windows Server 2022,Domain Controller,30.64,68.86,38.92,99.8077,0
2026-03-22T13:00,NSS-MON01,Ubuntu 24.04,Monitoring Server,14.87,31.11,76.35,99.751,0
2026-04-19T17:00,NSS-LINUX-DB01,Rocky Linux 9,Database Server,11.52,85.58,47.71,99.8737,0
2026-03-01T00:00,NSS-LINUX-APP01,Ubuntu 24.04,Application Server,16.27,40.05,76.88,99.9653,0
2026-03-26T14:00,NSS-LINUX-APP01,Ubuntu 24.04,Application Server,19.03,72.63,69.11,99.8482,0
2026-01-28T02:00,NSS-MON01,Ubuntu 24.04,Monitoring Server,38.49,56.78,60.42,99.8295,0
2026-02-06T21:00,NSS-APP01,Windows Server 2022,Application Server,13.52,71.25,82.14,99.8329,0
2026-07-27T05:00,NSS-FILE01,Windows Server 2022,File Server,9.93,47.48,82.54,99.7517,0
2026-04-23T12:00,NSS-FILE01,Windows Server 2022,File Server,29.72,28.69,43.82,99.7832,0
2026-03-16T05:00,NSS-LINUX-DB01,Rocky Linux 9,Database Server,32.82,43.4,67.39,99.9934,0
2026-02-19T13:00,NSS-LINUX-DB01,Rocky Linux 9,Database Server,24.24,66.94,56.51,99.9077,0
2026-05-07T08:00,NSS-DC02,Windows Server 2022,Domain Controller,25.17,82.6,61.33,99.8127,0
2026-01-21T06:00,NSS-LINUX-DB01,Rocky Linux 9,Database Server,17.36,59.94,67.65,99.8687,0
2026-02-08T15:00,NSS-LINUX-DB01,Rocky Linux 9,Database Server,15.83,71.24,45.57,99.9339,0
2026-07-28T04:00,NSS-DC02,Windows Server 2022,Domain Controller,20.68,58.13,55.74,99.9688,0
2026-03-14T14:00,NSS-MON01,Ubuntu 24.04,Monitoring Server,53.01,51.03,38.5,99.8736,0
2026-01-18T09:00,NSS-DC01,Windows Server 2022,Domain Controller,22.23,41.95,37.9,99.8255,0
2026-02-23T03:00,NSS-APP01,Windows Server 2022,Application Server,11.5,58.13,32.42,99.8562,0
2026-02-08T21:00,NSS-LINUX-APP01,Ubuntu 24.04,Application Server,17.29,69.46,47.36,99.8916,0
2026-07-27T08:00,NSS-DC01,Windows Server 2022,Domain Controller,16.71,42.13,66.2,99.9945,0
2026-04-24T05:00,NSS-DC02,Windows Server 2022,Domain Controller,2.0,61.68,83.14,99.9392,0
2026-07-29T18:00,NSS-LINUX-APP01,Ubuntu 24.04,Application Server,31.93,60.9,52.95,99.8804,0
2026-05-06T02:00,NSS-DC02,Windows Server 2022,Domain Controller,32.87,66.4,55.65,99.9521,0
2026-05-22T02:00,NSS-MON01,Ubuntu 24.04,Monitoring Server,25.26,69.27,56.69,99.7718,0
2026-05-14T02:00,NSS-APP01,Windows Server 2022,Application Server,35.9,46.03,55.14,99.9765,0
2026-03-09T08:00,NSS-LINUX-DB01,Rocky Linux 9,Database Server,30.84,93.11,73.65,99.8318,1
2026-04-30T17:00,NSS-LINUX-DB01,Rocky Linux 9,Database Server,29.8,45.21,56.84,99.9319,0
2026-04-22T22:00,NSS-DC02,Windows Server 2022,Domain Controller,15.56,47.77,64.69,99.9906,0
2026-03-05T01:00,NSS-DC01,Windows Server 2022,Domain Controller,24.31,71.09,67.66,99.999,0
2026-05-23T14:00,NSS-DC01,Windows Server 2022,Domain Controller,26.31,51.0,64.97,99.7599,0
2026-02-04T23:00,NSS-APP01,Windows Server 2022,Application Server,12.41,67.16,48.43,99.8138,0
2026-02-22T21:00,NSS-DC01,Windows Server 2022,Domain Controller,29.92,70.26,57.33,99.8241,0
2026-04-29T00:00,NSS-DC01,Windows Server 2022,Domain Controller,44.57,45.57,88.31,99.8192,1
2026-02-06T22:00,NSS-FILE01,Windows Server 2022,File Server,23.92,47.93,74.87,99.9083,0
2026-04-17T15:00,NSS-DC01,Windows Server 2022,Domain Controller,31.12,62.18,52.94,99.9381,0
2026-05-23T00:00,NSS-FILE01,Windows Server 2022,File Server,32.73,41.28,63.41,99.9453,0
2026-02-09T03:00,NSS-DC01,Windows Server 2022,Domain Controller,2.0,59.24,69.62,99.8396,0
2026-02-14T11:00,NSS-MON01,Ubuntu 24.04,Monitoring Server,15.42,45.58,66.38,99.9291,0
2026-06-16T14:00,NSS-MON01,Ubuntu 24.04,Monitoring Server,21.72,35.23,49.72,99.784,0
2026-01-14T22:00,NSS-DC01,Windows Server 2022,Domain Controller,37.08,49.43,30.75,99.8744,0
2026-07-07T07:00,NSS-APP01,Windows Server 2022,Application Server,40.5,48.04,72.72,99.7762,0
2026-06-11T16:00,NSS-APP01,Windows Server 2022,Application Server,41.96,41.98,74.51,99.8239,0
2026-02-23T17:00,NSS-FILE01,Windows Server 2022,File Server,14.91,44.37,72.38,99.9156,0
2026-01-04T12:00,NSS-DC02,Windows Server 2022,Domain Controller,30.21,59.88,75.58,99.9006,0
2026-05-08T19:00,NSS-FILE01,Windows Server 2022,File Server,16.25,78.17,51.29,99.9122,0
2026-04-30T05:00,NSS-FILE01,Windows Server 2022,File Server,16.18,44.38,57.06,99.8079,0
2026-02-10T18:00,NSS-LINUX-APP01,Ubuntu 24.04,Application Server,31.59,46.54,47.27,99.9856,0
2026-05-26T00:00,NSS-APP01,Windows Server 2022,Application Server,44.67,48.93,86.77,99.9958,1
2026-02-27T16:00,NSS-APP01,Windows Server 2022,Application Server,20.69,66.77,40.31,99.8857,0
2026-03-15T22:00,NSS-DC02,Windows Server 2022,Domain Controller,46.16,56.77,53.71,99.8891,0
2026-03-30T10:00,NSS-LINUX-DB01,Rocky Linux 9,Database Server,19.68,48.67,62.23,99.8244,0
2026-05-02T17:00,NSS-LINUX-APP01,Ubuntu 24.04,Application Server,28.01,61.17,54.85,99.7724,0
2026-03-11T04:00,NSS-LINUX-DB01,Rocky Linux 9,Database Server,51.7,51.79,66.88,99.7932,0
2026-06-11T18:00,NSS-LINUX-DB01,Rocky Linux 9,Database Server,30.51,46.57,53.28,99.85,0
2026-03-25T22:00,NSS-APP01,Windows Server 2022,Application Server,7.94,69.49,52.87,99.7983,0
2026-07-08T14:00,NSS-FILE01,Windows Server 2022,File Server,7.15,34.31,76.77,99.9228,0
2026-07-06T16:00,NSS-LINUX-APP01,Ubuntu 24.04,Application Server,47.59,48.15,73.78,99.8318,0
2026-06-27T16:00,NSS-DC01,Windows Server 2022,Domain Controller,15.48,41.5,51.81,99.9343,0
2026-07-20T11:00,NSS-DC01,Windows Server 2022,Domain Controller,14.98,74.13,75.01,99.8514,0
2026-05-21T18:00,NSS-DC02,Windows Server 2022,Domain Controller,13.56,46.46,48.28,99.7529,0
2026-01-05T17:00,NSS-APP01,Windows Server 2022,Application Server,28.26,65.17,43.71,99.8547,0
2026-07-26T07:00,NSS-DC01,Windows Server 2022,Domain Controller,22.97,68.9,58.27,99.9454,0
2026-05-12T17:00,NSS-FILE01,Windows Server 2022,File Server,17.19,36.69,57.54,99.9736,0
2026-04-17T15:00,NSS-FILE01,Windows Server 2022,File Server,41.55,45.97,39.98,99.8357,0
2026-05-28T19:00,NSS-LINUX-APP01,Ubuntu 24.04,Application Server,55.0,54.2,59.76,99.9096,0
2026-04-18T08:00,NSS-MON01,Ubuntu 24.04,Monitoring Server,2.0,76.23,95.0,99.9876,1
2026-01-19T03:00,NSS-FILE01,Windows Server 2022,File Server,24.44,42.4,72.81,99.9687,0
2026-01-06T09:00,NSS-FILE01,Windows Server 2022,File Server,37.46,51.01,50.88,99.8163,0
2026-06-12T08:00,NSS-LINUX-APP01,Ubuntu 24.04,Application Server,31.92,50.72,64.21,99.7549,0
2026-05-14T03:00,NSS-LINUX-DB01,Rocky Linux 9,Database Server,21.63,69.42,53.88,99.7855,0
2026-03-18T08:00,NSS-DC02,Windows Server 2022,Domain Controller,58.24,40.93,42.42,99.9467,0
2026-04-06T16:00,NSS-DC01,Windows Server 2022,Domain Controller,22.81,51.26,44.32,99.9958,0
2026-05-13T19:00,NSS-FILE01,Windows Server 2022,File Server,13.64,70.72,65.32,99.8603,0
2026-02-06T02:00,NSS-LINUX-APP01,Ubuntu 24.04,Application Server,23.51,38.97,37.02,99.8863,0
2026-06-21T08:00,NSS-FILE01,Windows Server 2022,File Server,27.92,59.85,55.89,99.9954,0
2026-03-01T15:00,NSS-APP01,Windows Server 2022,Application Server,41.47,75.91,94.56,99.8253,1
2026-07-29T03:00,NSS-LINUX-APP01,Ubuntu 24.04,Application Server,45.36,76.22,69.59,99.7921,0
2026-04-24T00:00,NSS-FILE01,Windows Server 2022,File Server,14.1,51.46,48.85,99.8995,0
2026-03-07T09:00,NSS-APP01,Windows Server 2022,Application Server,19.83,46.35,37.06,99.9366,0
2026-02-02T22:00,NSS-FILE01,Windows Server 2022,File Server,37.11,37.55,47.31,99.7939,0
2026-07-02T12:00,NSS-DC01,Windows Server 2022,Domain Controller,43.9,56.19,49.48,99.8561,0
2026-03-17T11:00,NSS-MON01,Ubuntu 24.04,Monitoring Server,38.31,71.43,55.77,99.9433,0
2026-01-10T07:00,NSS-MON01,Ubuntu 24.04,Monitoring Server,23.34,48.44,44.63,99.922,0
2026-04-21T13:00,NSS-MON01,Ubuntu 24.04,Monitoring Server,20.99,81.31,67.16,99.8663,0
2026-04-04T22:00,NSS-LINUX-DB01,Rocky Linux 9,Database Server,28.08,41.41,65.17,99.9356,0
2026-04-06T17:00,NSS-FILE01,Windows Server 2022,File Server,43.65,66.22,54.9,99.8966,0
2026-05-12T18:00,NSS-APP01,Windows Server 2022,Application Server,68.66,63.21,64.95,99.9335,0
2026-07-26T14:00,NSS-LINUX-APP01,Ubuntu 24.04,Application Server,5.51,74.44,78.56,99.9996,0
2026-01-08T21:00,NSS-DC02,Windows Server 2022,Domain Controller,30.22,52.21,79.72,99.8021,0
2026-05-10T21:00,NSS-FILE01,Windows Server 2022,File Server,18.89,52.35,62.21,99.7989,0
2026-06-28T19:00,NSS-LINUX-DB01,Rocky Linux 9,Database Server,55.12,65.61,84.77,99.7589,0
2026-05-09T18:00,NSS-MON01,Ubuntu 24.04,Monitoring Server,30.76,43.72,49.45,99.8277,0
2026-05-10T22:00,NSS-DC02,Windows Server 2022,Domain Controller,14.16,48.29,63.82,99.7786,0
2026-07-25T13:00,NSS-DC02,Windows Server 2022,Domain Controller,37.26,48.27,63.0,99.8227,0
2026-03-14T12:00,NSS-DC02,Windows Server 2022,Domain Controller,28.65,82.61,60.63,99.8957,0
2026-03-03T22:00,NSS-APP01,Windows Server 2022,Application Server,29.18,45.04,72.55,99.9087,0
2026-06-19T17:00,NSS-LINUX-DB01,Rocky Linux 9,Database Server,30.58,63.0,78.63,99.9714,0
2026-03-24T21:00,NSS-DC01,Windows Server 2022,Domain Controller,34.63,50.73,55.42,99.9025,0
2026-02-12T01:00,NSS-APP01,Windows Server 2022,Application Server,35.57,49.22,74.25,99.7867,0
2026-06-20T05:00,NSS-FILE01,Windows Server 2022,File Server,43.06,61.09,47.99,99.8886,0
2026-07-02T01:00,NSS-MON01,Ubuntu 24.04,Monitoring Server,43.38,58.75,75.73,99.8085,0
2026-03-06T09:00,NSS-MON01,Ubuntu 24.04,Monitoring Server,50.64,60.08,38.66,99.8871,0
2026-07-17T18:00,NSS-MON01,Ubuntu 24.04,Monitoring Server,6.46,70.76,80.95,99.8402,0
2026-05-19T12:00,NSS-FILE01,Windows Server 2022,File Server,34.05,69.42,51.78,99.8242,0
2026-02-25T23:00,NSS-DC02,Windows Server 2022,Domain Controller,32.16,60.53,95.0,99.7826,1
2026-04-11T12:00,NSS-APP01,Windows Server 2022,Application Server,36.78,53.43,52.2,99.9182,0
2026-05-23T14:00,NSS-LINUX-APP01,Ubuntu 24.04,Application Server,40.03,60.02,66.73,99.8202,0
2026-02-19T22:00,NSS-DC02,Windows Server 2022,Domain Controller,28.24,47.37,65.14,99.8801,0
2026-06-16T05:00,NSS-LINUX-APP01,Ubuntu 24.04,Application Server,31.76,76.61,65.03,99.9863,0
2026-06-23T08:00,NSS-APP01,Windows Server 2022,Application Server,30.27,72.32,72.91,99.8034,0
2026-02-27T06:00,NSS-APP01,Windows Server 2022,Application Server,13.67,66.65,74.52,99.7506,0
2026-06-15T09:00,NSS-FILE01,Windows Server 2022,File Server,24.5,44.19,55.95,99.9658,0
2026-02-27T01:00,NSS-DC01,Windows Server 2022,Domain Controller,62.16,36.74,74.8,99.9218,0
2026-07-03T17:00,NSS-LINUX-APP01,Ubuntu 24.04,Application Server,19.83,63.95,54.25,99.9741,0
2026-05-21T00:00,NSS-DC02,Windows Server 2022,Domain Controller,29.94,26.41,39.25,99.9925,0
2026-05-23T20:00,NSS-DC01,Windows Server 2022,Domain Controller,17.04,47.12,56.29,99.9854,0
2026-07-17T03:00,NSS-APP01,Windows Server 2022,Application Server,36.99,62.53,65.91,99.9871,0
2026-02-01T16:00,NSS-LINUX-APP01,Ubuntu 24.04,Application Server,27.9,53.87,52.59,99.9677,0
2026-04-06T20:00,NSS-LINUX-APP01,Ubuntu 24.04,Application Server,16.3,62.75,72.13,99.9369,0
2026-05-08T20:00,NSS-APP01,Windows Server 2022,Application Server,46.52,41.32,81.77,99.7738,0
2026-01-07T01:00,NSS-APP01,Windows Server 2022,Application Server,30.32,45.52,64.56,99.8038,0
2026-01-05T10:00,NSS-MON01,Ubuntu 24.04,Monitoring Server,38.11,27.97,59.18,99.8745,0
2026-02-23T11:00,NSS-FILE01,Windows Server 2022,File Server,25.03,32.36,67.55,99.7918,0
2026-02-19T11:00,NSS-FILE01,Windows Server 2022,File Server,29.93,88.5,53.32,99.8327,0
2026-04-02T15:00,NSS-DC01,Windows Server 2022,Domain Controller,2.0,54.66,44.3,99.8185,0
2026-03-10T16:00,NSS-LINUX-DB01,Rocky Linux 9,Database Server,21.9,51.41,53.5,99.7545,0
2026-03-28T15:00,NSS-DC02,Windows Server 2022,Domain Controller,27.11,57.11,57.21,99.8127,0
2026-07-08T16:00,NSS-DC01,Windows Server 2022,Domain Controller,52.6,50.85,85.49,99.8465,1
2026-04-27T16:00,NSS-DC02,Windows Server 2022,Domain Controller,2.0,64.46,39.58,99.8281,0
2026-07-20T02:00,NSS-FILE01,Windows Server 2022,File Server,14.75,37.72,62.24,99.8028,0
2026-04-16T16:00,NSS-DC02,Windows Server 2022,Domain Controller,20.19,62.49,75.67,99.9405,0
2026-04-24T17:00,NSS-FILE01,Windows Server 2022,File Server,18.09,57.75,66.26,99.7945,0
2026-05-07T09:00,NSS-DC01,Windows Server 2022,Domain Controller,2.0,55.43,43.57,99.8241,0
2026-04-30T04:00,NSS-LINUX-DB01,Rocky Linux 9,Database Server,26.84,61.86,76.3,99.7788,0
2026-01-24T14:00,NSS-APP01,Windows Server 2022,Application Server,13.25,60.79,72.39,99.9606,0
2026-07-08T18:00,NSS-MON01,Ubuntu 24.04,Monitoring Server,33.62,58.48,56.73,99.873,0
2026-01-31T06:00,NSS-DC02,Windows Server 2022,Domain Controller,8.27,58.1,74.29,99.8311,0
2026-04-22T13:00,NSS-LINUX-DB01,Rocky Linux 9,Database Server,20.2,57.04,71.32,99.808,0
2026-01-25T20:00,NSS-FILE01,Windows Server 2022,File Server,22.13,44.45,65.54,99.7712,0
2026-04-13T06:00,NSS-MON01,Ubuntu 24.04,Monitoring Server,40.86,49.02,48.33,99.9386,0
2026-02-04T06:00,NSS-LINUX-APP01,Ubuntu 24.04,Application Server,26.6,71.19,46.61,99.7805,0
2026-05-30T10:00,NSS-FILE01,Windows Server 2022,File Server,33.12,48.5,53.4,99.9309,0
2026-03-27T12:00,NSS-APP01,Windows Server 2022,Application Server,2.0,62.95,88.98,99.7615,1
2026-05-12T14:00,NSS-DC01,Windows Server 2022,Domain Controller,48.33,55.73,45.98,99.9628,0
2026-02-08T21:00,NSS-APP01,Windows Server 2022,Application Server,55.48,51.58,46.23,99.9645,0
2026-02-25T00:00,NSS-MON01,Ubuntu 24.04,Monitoring Server,25.53,64.53,67.37,99.9041,0
2026-05-29T16:00,NSS-LINUX-DB01,Rocky Linux 9,Database Server,37.11,35.98,79.86,99.9744,0
2026-01-07T17:00,NSS-LINUX-APP01,Ubuntu 24.04,Application Server,51.18,46.94,52.3,99.7811,0
2026-01-15T02:00,NSS-LINUX-APP01,Ubuntu 24.04,Application Server,27.52,74.96,68.66,99.8633,0
2026-03-30T21:00,NSS-APP01,Windows Server 2022,Application Server,2.0,40.57,42.58,99.8683,0
2026-02-21T09:00,NSS-APP01,Windows Server 2022,Application Server,45.98,56.4,55.39,99.7985,0
2026-01-07T10:00,NSS-FILE01,Windows Server 2022,File Server,33.08,48.65,49.36,99.7905,0
2026-01-31T21:00,NSS-DC02,Windows Server 2022,Domain Controller,22.65,72.57,49.69,99.9145,0
2026-06-23T11:00,NSS-LINUX-DB01,Rocky Linux 9,Database Server,12.77,27.32,70.02,99.9885,0
2026-01-26T22:00,NSS-MON01,Ubuntu 24.04,Monitoring Server,47.57,62.73,73.71,99.921,0
2026-03-31T16:00,NSS-FILE01,Windows Server 2022,File Server,21.73,39.08,51.52,99.8916,0
2026-04-25T06:00,NSS-DC01,Windows Server 2022,Domain Controller,54.09,39.48,64.1,99.9854,0
2026-03-12T22:00,NSS-APP01,Windows Server 2022,Application Server,46.77,43.89,85.54,99.9586,1
2026-03-02T06:00,NSS-LINUX-DB01,Rocky Linux 9,Database Server,11.45,63.18,48.7,99.8729,0
2026-07-19T17:00,NSS-LINUX-APP01,Ubuntu 24.04,Application Server,35.64,62.73,34.08,99.7536,0
2026-03-07T15:00,NSS-DC01,Windows Server 2022,Domain Controller,17.47,60.06,26.88,99.9352,0
2026-01-28T13:00,NSS-DC01,Windows Server 2022,Domain Controller,4.61,27.81,57.35,99.9986,0
2026-05-16T19:00,NSS-FILE01,Windows Server 2022,File Server,44.65,41.34,54.29,99.9754,0
2026-04-17T00:00,NSS-DC02,Windows Server 2022,Domain Controller,10.07,61.23,69.88,99.9468,0
2026-02-28T08:00,NSS-MON01,Ubuntu 24.04,Monitoring Server,13.17,38.1,49.7,99.757,0
2026-05-01T07:00,NSS-DC02,Windows Server 2022,Domain Controller,11.42,54.78,59.69,99.8255,0
2026-02-16T09:00,NSS-APP01,Windows Server 2022,Application Server,29.57,83.82,68.45,99.9407,0
2026-04-21T12:00,NSS-FILE01,Windows Server 2022,File Server,13.75,40.66,63.3,99.8663,0
2026-01-12T14:00,NSS-DC02,Windows Server 2022,Domain Controller,24.33,80.16,56.87,99.9544,0
2026-06-05T15:00,NSS-FILE01,Windows Server 2022,File Server,31.32,71.3,62.4,99.8279,0
2026-02-28T16:00,NSS-MON01,Ubuntu 24.04,Monitoring Server,23.04,83.59,51.85,99.8636,0
2026-07-27T21:00,NSS-DC01,Windows Server 2022,Domain Controller,14.22,56.52,88.55,99.9875,1
2026-05-15T12:00,NSS-DC02,Windows Server 2022,Domain Controller,29.01,58.74,43.76,99.7788,0
2026-06-18T17:00,NSS-DC01,Windows Server 2022,Domain Controller,33.17,61.3,62.48,99.9737,0
2026-07-13T13:00,NSS-DC01,Windows Server 2022,Domain Controller,28.23,29.84,42.87,99.9489,0
2026-01-25T03:00,NSS-DC02,Windows Server 2022,Domain Controller,33.92,54.88,63.2,99.8655,0
2026-03-18T20:00,NSS-DC01,Windows Server 2022,Domain Controller,2.0,56.86,71.2,99.8773,0
2026-07-12T14:00,NSS-DC02,Windows Server 2022,Domain Controller,44.42,62.4,74.46,99.9452,0
2026-06-03T07:00,NSS-FILE01,Windows Server 2022,File Server,9.36,65.97,54.81,99.7939,0
2026-01-15T20:00,NSS-DC02,Windows Server 2022,Domain Controller,18.95,47.02,77.98,99.969,0
2026-01-09T01:00,NSS-APP01,Windows Server 2022,Application Server,18.18,67.76,57.46,99.7575,0
2026-07-29T20:00,NSS-LINUX-APP01,Ubuntu 24.04,Application Server,42.09,60.64,67.58,99.8682,0
2026-02-10T02:00,NSS-FILE01,Windows Server 2022,File Server,31.89,31.73,50.44,99.8706,0
2026-05-07T23:00,NSS-DC01,Windows Server 2022,Domain Controller,27.19,43.13,58.61,99.878,0
2026-02-12T14:00,NSS-LINUX-DB01,Rocky Linux 9,Database Server,26.14,61.89,46.41,99.9542,0
2026-01-29T00:00,NSS-MON01,Ubuntu 24.04,Monitoring Server,29.49,47.02,72.28,99.9631,0
2026-05-14T21:00,NSS-FILE01,Windows Server 2022,File Server,9.2,52.88,50.38,99.8051,0
2026-02-14T06:00,NSS-DC02,Windows Server 2022,Domain Controller,13.74,63.07,85.3,99.8824,1
2026-03-10T08:00,NSS-FILE01,Windows Server 2022,File Server,34.69,42.92,61.82,99.9514,0
2026-02-06T17:00,NSS-FILE01,Windows Server 2022,File Server,49.58,49.86,57.28,99.8822,0
2026-07-28T06:00,NSS-DC01,Windows Server 2022,Domain Controller,6.09,49.34,42.58,99.8101,0
2026-07-24T11:00,NSS-LINUX-APP01,Ubuntu 24.04,Application Server,46.0,52.67,60.62,99.8441,0
2026-05-20T19:00,NSS-LINUX-DB01,Rocky Linux 9,Database Server,28.01,42.6,67.73,99.9476,0
2026-01-04T18:00,NSS-LINUX-APP01,Ubuntu 24.04,Application Server,31.26,29.39,54.76,99.871,0
2026-07-08T14:00,NSS-DC02,Windows Server 2022,Domain Controller,14.41,80.46,48.35,99.8605,0
2026-07-27T10:00,NSS-APP01,Windows Server 2022,Application Server,17.37,54.89,81.52,99.9842,0
2026-07-24T00:00,NSS-LINUX-DB01,Rocky Linux 9,Database Server,11.83,71.19,68.17,99.9759,0
2026-02-21T17:00,NSS-MON01,Ubuntu 24.04,Monitoring Server,57.5,66.22,74.27,99.8138,0
2026-05-18T20:00,NSS-APP01,Windows Server 2022,Application Server,2.0,68.23,16.92,99.9924,0
2026-02-20T19:00,NSS-DC01,Windows Server 2022,Domain Controller,36.28,63.55,62.09,99.9356,0
2026-05-16T21:00,NSS-DC01,Windows Server 2022,Domain Controller,6.24,53.88,70.41,99.9442,0
2026-01-24T02:00,NSS-LINUX-APP01,Ubuntu 24.04,Application Server,49.27,42.12,67.46,99.9799,0
2026-07-07T18:00,NSS-FILE01,Windows Server 2022,File Server,58.66,68.54,72.46,99.9044,0
2026-01-13T13:00,NSS-LINUX-DB01,Rocky Linux 9,Database Server,28.23,79.3,50.99,99.9059,0
2026-07-10T06:00,NSS-MON01,Ubuntu 24.04,Monitoring Server,43.92,64.77,54.6,99.8106,0
2026-06-29T04:00,NSS-APP01,Windows Server 2022,Application Server,31.24,64.36,45.61,99.9387,0
2026-05-11T01:00,NSS-LINUX-APP01,Ubuntu 24.04,Application Server,37.15,46.13,42.21,99.9296,0
2026-07-09T23:00,NSS-FILE01,Windows Server 2022,File Server,3.14,59.85,48.44,99.9775,0
2026-05-23T19:00,NSS-LINUX-APP01,Ubuntu 24.04,Application Server,24.35,34.0,57.02,99.8557,0
2026-04-19T05:00,NSS-DC01,Windows Server 2022,Domain Controller,2.67,40.84,77.37,99.9377,0
2026-06-19T16:00,NSS-FILE01,Windows Server 2022,File Server,25.39,74.93,59.23,99.7553,0
2026-02-26T02:00,NSS-FILE01,Windows Server 2022,File Server,2.0,51.54,87.46,99.9302,1
2026-01-16T22:00,NSS-LINUX-DB01,Rocky Linux 9,Database Server,5.58,39.88,70.29,99.9701,0
2026-06-12T21:00,NSS-LINUX-DB01,Rocky Linux 9,Database Server,19.37,93.02,69.48,99.9706,1
2026-01-25T19:00,NSS-LINUX-DB01,Rocky Linux 9,Database Server,31.27,49.13,70.7,99.753,0
2026-05-10T22:00,NSS-FILE01,Windows Server 2022,File Server,28.46,40.26,50.54,99.8522,0
2026-05-09T20:00,NSS-DC01,Windows Server 2022,Domain Controller,40.78,54.07,64.27,99.8602,0
2026-03-09T20:00,NSS-DC01,Windows Server 2022,Domain Controller,2.84,27.96,51.13,99.9626,0
2026-07-18T17:00,NSS-LINUX-APP01,Ubuntu 24.04,Application Server,37.48,37.36,68.65,99.9131,0
2026-06-05T01:00,NSS-DC02,Windows Server 2022,Domain Controller,23.46,81.77,31.67,99.9093,0
2026-03-27T06:00,NSS-DC01,Windows Server 2022,Domain Controller,17.05,50.99,82.49,99.9159,0
2026-02-28T16:00,NSS-MON01,Ubuntu 24.04,Monitoring Server,21.87,57.25,61.55,99.9382,0
2026-06-03T04:00,NSS-DC02,Windows Server 2022,Domain Controller,33.83,70.57,40.85,99.7947,0
2026-05-11T03:00,NSS-DC02,Windows Server 2022,Domain Controller,8.19,59.3,43.95,99.8941,0
2026-03-08T00:00,NSS-DC02,Windows Server 2022,Domain Controller,2.0,72.64,77.13,99.908,0
2026-07-27T14:00,NSS-MON01,Ubuntu 24.04,Monitoring Server,52.86,64.51,62.98,99.8254,0
2026-04-11T02:00,NSS-DC01,Windows Server 2022,Domain Controller,28.42,55.79,77.76,99.9848,0
2026-04-19T21:00,NSS-LINUX-DB01,Rocky Linux 9,Database Server,15.69,30.54,55.16,99.8136,0
2026-02-01T19:00,NSS-DC01,Windows Server 2022,Domain Controller,29.99,46.74,67.0,99.9359,0
2026-06-10T07:00,NSS-APP01,Windows Server 2022,Application Server,34.25,56.46,37.67,99.8853,0
2026-01-12T02:00,NSS-DC02,Windows Server 2022,Domain Controller,16.2,67.84,49.79,99.9208,0
2026-05-15T08:00,NSS-MON01,Ubuntu 24.04,Monitoring Server,43.01,44.87,70.54,99.8643,0
2026-02-10T05:00,NSS-DC02,Windows Server 2022,Domain Controller,28.46,75.95,60.3,99.9642,0
2026-06-02T20:00,NSS-LINUX-DB01,Rocky Linux 9,Database Server,36.4,67.12,59.89,99.7666,0
2026-02-28T04:00,NSS-LINUX-APP01,Ubuntu 24.04,Application Server,21.34,74.65,49.58,99.7764,0
2026-04-21T21:00,NSS-LINUX-APP01,Ubuntu 24.04,Application Server,20.46,22.81,52.68,99.777,0
2026-05-22T09:00,NSS-LINUX-DB01,Rocky Linux 9,Database Server,20.96,81.73,74.18,99.7621,0
2026-04-07T08:00,NSS-DC02,Windows Server 2022,Domain Controller,15.36,53.58,54.93,99.9246,0
2026-03-25T17:00,NSS-DC01,Windows Server 2022,Domain Controller,6.57,81.92,56.96,99.7987,0
2026-04-28T00:00,NSS-FILE01,Windows Server 2022,File Server,45.1,74.52,51.36,99.8845,0
2026-02-01T08:00,NSS-LINUX-APP01,Ubuntu 24.04,Application Server,25.91,39.9,34.2,99.8038,0
2026-03-03T17:00,NSS-FILE01,Windows Server 2022,File Server,49.08,36.72,72.78,99.8677,0
2026-06-13T06:00,NSS-LINUX-DB01,Rocky Linux 9,Database Server,13.08,35.02,53.11,99.8916,0
2026-03-08T07:00,NSS-FILE01,Windows Server 2022,File Server,18.26,56.24,76.29,99.8781,0
2026-02-25T09:00,NSS-DC01,Windows Server 2022,Domain Controller,35.56,43.73,75.01,99.9299,0
2026-01-08T09:00,NSS-FILE01,Windows Server 2022,File Server,19.22,68.88,61.93,99.875,0
2026-04-08T06:00,NSS-DC02,Windows Server 2022,Domain Controller,20.63,52.16,59.34,99.9019,0
2026-02-09T22:00,NSS-LINUX-APP01,Ubuntu 24.04,Application Server,19.24,61.02,33.41,99.799,0
2026-07-26T11:00,NSS-DC02,Windows Server 2022,Domain Controller,2.18,55.23,62.42,99.9974,0
2026-03-08T16:00,NSS-LINUX-DB01,Rocky Linux 9,Database Server,2.0,52.0,75.55,99.7561,0
2026-04-24T23:00,NSS-APP01,Windows Server 2022,Application Server,22.81,55.01,61.87,99.8259,0
2026-03-26T13:00,NSS-DC01,Windows Server 2022,Domain Controller,15.75,31.69,43.83,99.7979,0
2026-03-01T23:00,NSS-DC01,Windows Server 2022,Domain Controller,29.26,63.39,59.94,99.9102,0
2026-06-11T17:00,NSS-DC02,Windows Server 2022,Domain Controller,25.34,69.21,58.57,99.7546,0
2026-02-18T01:00,NSS-DC01,Windows Server 2022,Domain Controller,8.89,59.59,89.34,99.7524,1
2026-07-18T02:00,NSS-MON01,Ubuntu 24.04,Monitoring Server,42.03,63.35,81.61,99.8278,0
2026-05-13T03:00,NSS-FILE01,Windows Server 2022,File Server,28.28,54.48,67.18,99.981,0
2026-03-26T14:00,NSS-FILE01,Windows Server 2022,File Server,26.65,43.29,65.0,99.8027,0
2026-06-17T12:00,NSS-APP01,Windows Server 2022,Application Server,16.21,54.83,55.83,99.9913,0
2026-01-19T18:00,NSS-APP01,Windows Server 2022,Application Server,16.97,58.52,66.27,99.9745,0
2026-03-27T18:00,NSS-MON01,Ubuntu 24.04,Monitoring Server,2.0,57.62,62.47,99.8286,0
2026-02-14T22:00,NSS-FILE01,Windows Server 2022,File Server,2.0,54.89,61.73,99.9864,0
2026-02-16T02:00,NSS-FILE01,Windows Server 2022,File Server,4.03,60.7,77.23,99.7798,0
2026-07-11T18:00,NSS-MON01,Ubuntu 24.04,Monitoring Server,6.88,66.04,84.93,99.7977,0
2026-02-26T22:00,NSS-APP01,Windows Server 2022,Application Server,42.36,81.65,68.31,99.8909,0
2026-03-24T16:00,NSS-MON01,Ubuntu 24.04,Monitoring Server,45.38,81.71,44.82,99.8756,0
2026-03-28T11:00,NSS-DC02,Windows Server 2022,Domain Controller,20.23,68.78,42.89,99.7827,0
2026-04-15T07:00,NSS-DC01,Windows Server 2022,Domain Controller,2.0,65.69,64.0,99.8814,0
2026-01-11T22:00,NSS-LINUX-APP01,Ubuntu 24.04,Application Server,19.05,51.9,55.69,99.7631,0
2026-03-24T18:00,NSS-APP01,Windows Server 2022,Application Server,26.64,65.79,58.14,99.855,0
2026-04-19T04:00,NSS-APP01,Windows Server 2022,Application Server,29.23,49.26,56.92,99.9694,0
2026-05-28T18:00,NSS-DC01,Windows Server 2022,Domain Controller,29.09,42.67,54.96,99.816,0
2026-01-09T22:00,NSS-FILE01,Windows Server 2022,File Server,41.95,53.2,95.0,99.9219,1
2026-01-27T18:00,NSS-FILE01,Windows Server 2022,File Server,27.49,19.22,51.48,99.8466,0
2026-01-31T09:00,NSS-FILE01,Windows Server 2022,File Server,12.57,57.0,57.61,99.9761,0
2026-07-01T14:00,NSS-DC01,Windows Server 2022,Domain Controller,35.22,50.88,64.01,99.9705,0
2026-05-18T21:00,NSS-FILE01,Windows Server 2022,File Server,59.81,44.22,56.78,99.9987,0
2026-02-23T04:00,NSS-FILE01,Windows Server 2022,File Server,28.48,30.66,75.77,99.9043,0
2026-05-27T14:00,NSS-FILE01,Windows Server 2022,File Server,28.18,62.1,72.2,99.8585,0
2026-04-08T12:00,NSS-FILE01,Windows Server 2022,File Server,33.76,81.87,47.38,99.9928,0
2026-07-07T07:00,NSS-DC01,Windows Server 2022,Domain Controller,34.24,63.49,60.27,99.7663,0
2026-04-03T23:00,NSS-LINUX-APP01,Ubuntu 24.04,Application Server,22.15,62.38,62.94,99.9165,0
2026-06-02T12:00,NSS-MON01,Ubuntu 24.04,Monitoring Server,25.75,42.78,50.48,99.8879,0
2026-04-20T05:00,NSS-MON01,Ubuntu 24.04,Monitoring Server,13.38,52.23,87.17,99.8699,1
2026-01-03T17:00,NSS-MON01,Ubuntu 24.04,Monitoring Server,18.0,33.54,61.96,99.8207,0
2026-04-11T21:00,NSS-DC01,Windows Server 2022,Domain Controller,35.98,37.52,60.91,99.8122,0
2026-03-21T22:00,NSS-APP01,Windows Server 2022,Application Server,67.03,73.39,85.77,99.9352,1
2026-01-29T16:00,NSS-LINUX-DB01,Rocky Linux 9,Database Server,23.63,49.9,18.67,99.7671,0
2026-03-18T17:00,NSS-MON01,Ubuntu 24.04,Monitoring Server,18.85,58.4,47.93,99.7525,0
2026-02-10T01:00,NSS-APP01,Windows Server 2022,Application Server,23.37,83.71,92.01,99.9076,1
2026-02-03T08:00,NSS-LINUX-APP01,Ubuntu 24.04,Application Server,31.43,46.92,67.13,99.9275,0
2026-05-07T14:00,NSS-LINUX-DB01,Rocky Linux 9,Database Server,49.2,78.11,73.55,99.7583,0
2026-06-15T03:00,NSS-LINUX-APP01,Ubuntu 24.04,Application Server,26.88,60.67,45.01,99.8537,0
2026-05-17T14:00,NSS-LINUX-DB01,Rocky Linux 9,Database Server,32.81,35.22,88.31,99.8844,1
2026-07-19T04:00,NSS-DC02,Windows Server 2022,Domain Controller,40.76,62.36,65.39,99.98,0
2026-07-14T15:00,NSS-APP01,Windows Server 2022,Application Server,16.96,36.72,67.78,99.9621,0
2026-02-05T02:00,NSS-FILE01,Windows Server 2022,File Server,13.86,44.82,42.04,99.8535,0
2026-05-16T04:00,NSS-LINUX-DB01,Rocky Linux 9,Database Server,35.8,56.44,70.53,99.7636,0
2026-03-17T01:00,NSS-DC02,Windows Server 2022,Domain Controller,33.64,54.55,54.89,99.7993,0
2026-05-04T18:00,NSS-APP01,Windows Server 2022,Application Server,10.52,75.68,49.76,99.8743,0
2026-03-06T15:00,NSS-FILE01,Windows Server 2022,File Server,53.72,52.0,55.78,99.9845,0
2026-01-09T09:00,NSS-DC01,Windows Server 2022,Domain Controller,37.56,47.69,61.69,99.9956,0
2026-03-04T19:00,NSS-DC02,Windows Server 2022,Domain Controller,21.69,57.09,57.41,99.7677,0
2026-07-30T00:00,NSS-FILE01,Windows Server 2022,File Server,2.0,70.71,58.91,99.871,0
2026-03-31T08:00,NSS-DC01,Windows Server 2022,Domain Controller,46.15,47.85,67.66,99.9407,0
2026-03-17T00:00,NSS-LINUX-APP01,Ubuntu 24.04,Application Server,23.2,66.5,51.53,99.841,0
2026-06-23T14:00,NSS-MON01,Ubuntu 24.04,Monitoring Server,33.27,64.25,53.65,99.941,0
2026-07-26T04:00,NSS-FILE01,Windows Server 2022,File Server,2.77,37.29,54.72,99.91,0
2026-07-29T02:00,NSS-LINUX-DB01,Rocky Linux 9,Database Server,26.3,36.36,55.66,99.7833,0
2026-02-18T01:00,NSS-DC01,Windows Server 2022,Domain Controller,28.26,67.91,48.07,99.8654,0
2026-07-14T07:00,NSS-LINUX-DB01,Rocky Linux 9,Database Server,57.93,26.29,76.7,99.855,0
2026-02-19T02:00,NSS-LINUX-DB01,Rocky Linux 9,Database Server,34.39,45.21,62.1,99.8423,0
2026-06-10T22:00,NSS-DC01,Windows Server 2022,Domain Controller,20.77,39.15,75.64,99.8724,0
2026-05-09T09:00,NSS-FILE01,Windows Server 2022,File Server,31.23,51.89,56.56,99.8213,0
2026-06-03T21:00,NSS-LINUX-DB01,Rocky Linux 9,Database Server,47.34,52.68,66.36,99.962,0
2026-04-19T21:00,NSS-DC01,Windows Server 2022,Domain Controller,38.61,46.29,68.66,99.7799,0
2026-01-30T09:00,NSS-APP01,Windows Server 2022,Application Server,12.66,54.74,69.64,99.8704,0
2026-01-05T19:00,NSS-DC01,Windows Server 2022,Domain Controller,3.38,60.01,94.1,99.9513,1
2026-06-22T13:00,NSS-LINUX-APP01,Ubuntu 24.04,Application Server,22.52,60.29,71.7,99.9211,0
2026-03-18T07:00,NSS-LINUX-DB01,Rocky Linux 9,Database Server,24.39,56.71,75.51,99.7965,0
2026-02-15T22:00,NSS-DC01,Windows Server 2022,Domain Controller,55.67,50.78,64.29,99.9596,0
2026-07-01T02:00,NSS-DC01,Windows Server 2022,Domain Controller,27.47,47.17,60.76,99.7923,0
2026-03-21T13:00,NSS-FILE01,Windows Server 2022,File Server,2.0,50.06,51.42,99.7901,0
2026-01-10T14:00,NSS-FILE01,Windows Server 2022,File Server,32.23,49.55,78.7,99.9511,0
2026-04-04T05:00,NSS-DC01,Windows Server 2022,Domain Controller,21.36,82.88,71.72,99.7996,0
2026-06-09T06:00,NSS-LINUX-DB01,Rocky Linux 9,Database Server,18.61,63.29,89.84,99.808,1
2026-01-05T00:00,NSS-FILE01,Windows Server 2022,File Server,36.54,47.9,56.27,99.9615,0
2026-04-18T17:00,NSS-APP01,Windows Server 2022,Application Server,15.65,66.05,77.56,99.9735,0
2026-04-07T14:00,NSS-DC02,Windows Server 2022,Domain Controller,28.64,55.68,40.15,99.9308,0
2026-06-26T11:00,NSS-MON01,Ubuntu 24.04,Monitoring Server,12.56,10.9,64.66,99.9167,0
2026-01-01T11:00,NSS-DC01,Windows Server 2022,Domain Controller,15.62,58.54,47.79,99.774,0
2026-06-29T23:00,NSS-MON01,Ubuntu 24.04,Monitoring Server,41.47,61.12,53.26,99.9386,0
2026-07-06T09:00,NSS-APP01,Windows Server 2022,Application Server,38.59,33.32,42.53,99.9033,0
2026-06-13T13:00,NSS-DC01,Windows Server 2022,Domain Controller,32.84,65.89,43.03,99.7668,0
2026-06-05T07:00,NSS-DC02,Windows Server 2022,Domain Controller,36.25,54.92,45.01,99.9627,0
2026-05-27T10:00,NSS-DC01,Windows Server 2022,Domain Controller,23.97,64.13,89.04,99.7724,1
2026-07-02T09:00,NSS-DC01,Windows Server 2022,Domain Controller,36.91,43.2,52.54,99.9036,0
2026-03-11T13:00,NSS-MON01,Ubuntu 24.04,Monitoring Server,11.08,29.43,67.16,99.8157,0
2026-02-17T21:00,NSS-FILE01,Windows Server 2022,File Server,28.51,44.43,52.51,99.8106,0
2026-07-02T00:00,NSS-APP01,Windows Server 2022,Application Server,36.61,49.1,55.92,99.8644,0
2026-06-18T23:00,NSS-APP01,Windows Server 2022,Application Server,11.27,39.97,83.35,99.8605,0
2026-07-03T17:00,NSS-FILE01,Windows Server 2022,File Server,30.33,43.35,53.33,99.9599,0
2026-07-07T15:00,NSS-LINUX-APP01,Ubuntu 24.04,Application Server,7.65,98.0,29.43,99.913,1
2026-03-08T09:00,NSS-FILE01,Windows Server 2022,File Server,61.18,54.31,58.06,99.8949,0
2026-02-02T20:00,NSS-DC01,Windows Server 2022,Domain Controller,20.04,46.51,46.41,99.9126,0
2026-01-19T01:00,NSS-DC01,Windows Server 2022,Domain Controller,25.94,61.53,79.93,99.9621,0
2026-06-19T13:00,NSS-FILE01,Windows Server 2022,File Server,36.55,61.3,58.29,99.7668,0
2026-02-26T16:00,NSS-LINUX-APP01,Ubuntu 24.04,Application Server,41.55,40.06,81.76,99.8078,0
2026-04-10T10:00,NSS-FILE01,Windows Server 2022,File Server,28.85,61.15,46.13,99.9441,0
2026-05-02T18:00,NSS-LINUX-APP01,Ubuntu 24.04,Application Server,14.59,40.64,37.17,99.8081,0
2026-02-22T10:00,NSS-DC02,Windows Server 2022,Domain Controller,15.48,63.34,58.25,99.8184,0
2026-01-09T13:00,NSS-FILE01,Windows Server 2022,File Server,36.32,47.25,51.26,99.7567,0
2026-05-15T07:00,NSS-MON01,Ubuntu 24.04,Monitoring Server,4.21,49.55,53.11,99.8429,0
2026-04-11T04:00,NSS-DC01,Windows Server 2022,Domain Controller,27.99,49.01,65.4,99.8674,0
2026-03-18T10:00,NSS-DC01,Windows Server 2022,Domain Controller,39.86,80.8,43.68,99.7552,0
2026-02-28T01:00,NSS-APP01,Windows Server 2022,Application Server,26.55,38.57,84.3,99.8636,0
2026-04-15T00:00,NSS-DC01,Windows Server 2022,Domain Controller,16.19,69.79,67.57,99.7998,0
2026-02-13T07:00,NSS-APP01,Windows Server 2022,Application Server,21.14,69.9,77.35,99.8447,0
2026-01-12T13:00,NSS-LINUX-DB01,Rocky Linux 9,Database Server,44.99,86.92,61.68,99.9227,0
2026-03-27T01:00,NSS-DC01,Windows Server 2022,Domain Controller,15.03,22.32,60.03,99.8025,0
2026-07-01T22:00,NSS-MON01,Ubuntu 24.04,Monitoring Server,26.21,71.26,66.93,99.8094,0
2026-04-21T07:00,NSS-DC01,Windows Server 2022,Domain Controller,29.19,33.97,58.9,99.7932,0
2026-01-20T06:00,NSS-DC02,Windows Server 2022,Domain Controller,43.31,49.48,67.28,99.7784,0
2026-06-29T22:00,NSS-LINUX-DB01,Rocky Linux 9,Database Server,17.48,54.58,57.8,99.8064,0
2026-03-17T01:00,NSS-LINUX-DB01,Rocky Linux 9,Database Server,10.23,85.29,56.26,99.9523,0
2026-06-13T12:00,NSS-DC01,Windows Server 2022,Domain Controller,32.91,30.8,55.1,99.7815,0
2026-02-17T04:00,NSS-FILE01,Windows Server 2022,File Server,3.57,56.95,56.58,99.8405,0
2026-02-26T16:00,NSS-DC01,Windows Server 2022,Domain Controller,18.68,45.83,56.76,99.7879,0
2026-03-28T18:00,NSS-FILE01,Windows Server 2022,File Server,47.34,64.01,86.98,99.8606,1
2026-07-21T21:00,NSS-LINUX-DB01,Rocky Linux 9,Database Server,16.54,42.37,36.22,99.8851,0
2026-01-13T12:00,NSS-MON01,Ubuntu 24.04,Monitoring Server,26.29,49.56,59.35,99.8763,0
2026-01-14T02:00,NSS-APP01,Windows Server 2022,Application Server,36.36,79.42,50.13,99.9813,0
2026-04-01T01:00,NSS-APP01,Windows Server 2022,Application Server,16.66,34.16,64.15,99.9518,0
2026-06-18T07:00,NSS-DC01,Windows Server 2022,Domain Controller,34.39,71.83,77.18,99.8296,0
2026-04-29T10:00,NSS-DC01,Windows Server 2022,Domain Controller,21.99,49.95,73.49,99.9778,0
2026-05-31T12:00,NSS-DC01,Windows Server 2022,Domain Controller,16.97,42.66,54.44,99.9631,0
2026-01-25T21:00,NSS-APP01,Windows Server 2022,Application Server,31.0,68.12,54.69,99.9779,0
2026-02-04T23:00,NSS-FILE01,Windows Server 2022,File Server,47.15,51.3,58.73,99.8052,0
2026-06-21T05:00,NSS-FILE01,Windows Server 2022,File Server,21.47,88.2,61.66,99.7844,0
2026-07-21T22:00,NSS-DC01,Windows Server 2022,Domain Controller,5.48,80.08,45.33,99.7529,0
2026-06-04T18:00,NSS-DC01,Windows Server 2022,Domain Controller,29.74,52.44,49.51,99.7638,0
2026-02-17T07:00,NSS-DC01,Windows Server 2022,Domain Controller,45.14,9.21,33.71,99.8938,0
2026-06-04T14:00,NSS-DC01,Windows Server 2022,Domain Controller,13.56,53.69,50.18,99.8446,0
2026-03-09T17:00,NSS-DC02,Windows Server 2022,Domain Controller,51.01,52.14,63.62,99.8102,0
2026-03-25T14:00,NSS-DC01,Windows Server 2022,Domain Controller,35.18,74.6,62.23,99.8634,0
2026-06-10T15:00,NSS-DC01,Windows Server 2022,Domain Controller,28.66,51.49,81.07,99.9767,0
2026-07-29T02:00,NSS-APP01,Windows Server 2022,Application Server,39.96,42.25,50.16,99.9583,0
2026-03-22T11:00,NSS-LINUX-DB01,Rocky Linux 9,Database Server,45.24,31.7,51.31,99.9858,0
2026-05-10T01:00,NSS-LINUX-APP01,Ubuntu 24.04,Application Server,37.98,46.69,65.97,99.8087,0
2026-05-30T19:00,NSS-FILE01,Windows Server 2022,File Server,50.88,56.36,67.92,99.8587,0
2026-01-23T18:00,NSS-LINUX-APP01,Ubuntu 24.04,Application Server,45.43,48.99,80.37,99.834,0
2026-05-26T23:00,NSS-DC01,Windows Server 2022,Domain Controller,51.05,50.02,75.3,99.7803,0
2026-01-06T02:00,NSS-DC02,Windows Server 2022,Domain Controller,65.43,50.1,66.11,99.7955,0
2026-01-07T01:00,NSS-LINUX-DB01,Rocky Linux 9,Database Server,13.24,40.45,79.95,99.8377,0
2026-06-08T09:00,NSS-FILE01,Windows Server 2022,File Server,30.66,51.86,64.97,99.9464,0
2026-02-24T15:00,NSS-DC02,Windows Server 2022,Domain Controller,21.67,75.18,74.76,99.8635,0
2026-07-29T15:00,NSS-FILE01,Windows Server 2022,File Server,27.61,63.32,83.85,99.8034,0
2026-05-05T07:00,NSS-DC02,Windows Server 2022,Domain Controller,44.66,46.45,65.55,99.7818,0
2026-05-14T05:00,NSS-LINUX-APP01,Ubuntu 24.04,Application Server,33.67,86.04,48.6,99.9985,0
2026-06-28T23:00,NSS-FILE01,Windows Server 2022,File Server,20.54,58.21,61.77,99.9782,0
2026-06-26T18:00,NSS-LINUX-APP01,Ubuntu 24.04,Application Server,24.83,72.83,11.92,99.9282,0
2026-05-07T09:00,NSS-LINUX-DB01,Rocky Linux 9,Database Server,7.99,66.11,58.67,99.9643,0
2026-07-14T15:00,NSS-FILE01,Windows Server 2022,File Server,32.59,31.67,68.48,99.9536,0
2026-01-29T10:00,NSS-LINUX-DB01,Rocky Linux 9,Database Server,29.02,48.75,49.77,99.8992,0
2026-03-10T10:00,NSS-MON01,Ubuntu 24.04,Monitoring Server,53.41,75.11,38.49,99.829,0
2026-02-21T13:00,NSS-FILE01,Windows Server 2022,File Server,36.39,59.62,65.76,99.79,0
2026-02-10T23:00,NSS-FILE01,Windows Server 2022,File Server,15.91,48.18,72.51,99.8662,0
2026-07-16T16:00,NSS-LINUX-APP01,Ubuntu 24.04,Application Server,13.61,62.25,49.15,99.8016,0
2026-05-11T19:00,NSS-FILE01,Windows Server 2022,File Server,33.7,72.47,55.82,99.8,0
2026-01-16T20:00,NSS-MON01,Ubuntu 24.04,Monitoring Server,41.53,51.03,64.5,99.8582,0
2026-07-08T05:00,NSS-DC01,Windows Server 2022,Domain Controller,30.58,57.98,36.82,99.7807,0
2026-02-18T04:00,NSS-LINUX-DB01,Rocky Linux 9,Database Server,23.01,61.55,76.09,99.972,0
2026-01-04T06:00,NSS-DC01,Windows Server 2022,Domain Controller,26.67,98.0,57.56,99.87,1
2026-03-04T02:00,NSS-DC02,Windows Server 2022,Domain Controller,54.04,82.67,50.85,99.8176,0
2026-06-01T05:00,NSS-FILE01,Windows Server 2022,File Server,37.88,62.17,51.96,99.7888,0
2026-03-09T10:00,NSS-DC02,Windows Server 2022,Domain Controller,2.0,39.58,54.24,99.9054,0
2026-01-13T08:00,NSS-LINUX-APP01,Ubuntu 24.04,Application Server,23.31,66.32,46.28,99.9476,0
2026-05-28T17:00,NSS-LINUX-APP01,Ubuntu 24.04,Application Server,50.61,59.9,71.72,99.9217,0
2026-04-06T21:00,NSS-LINUX-APP01,Ubuntu 24.04,Application Server,32.06,26.93,50.35,99.786,0
2026-02-24T15:00,NSS-DC02,Windows Server 2022,Domain Controller,41.27,43.57,45.11,99.7865,0
2026-03-31T05:00,NSS-APP01,Windows Server 2022,Application Server,16.69,53.12,54.61,99.8142,0
2026-01-11T17:00,NSS-LINUX-DB01,Rocky Linux 9,Database Server,37.06,54.98,60.54,99.8879,0
2026-04-17T04:00,NSS-DC02,Windows Server 2022,Domain Controller,33.33,72.18,56.8,99.9817,0
2026-05-24T13:00,NSS-APP01,Windows Server 2022,Application Server,18.82,65.35,45.31,99.9913,0
2026-04-08T22:00,NSS-APP01,Windows Server 2022,Application Server,16.26,58.6,59.17,99.9008,0
2026-05-04T12:00,NSS-DC01,Windows Server 2022,Domain Controller,22.89,82.6,60.71,99.8319,0
2026-03-04T12:00,NSS-DC01,Windows Server 2022,Domain Controller,29.6,53.22,64.11,99.9095,0
2026-07-28T10:00,NSS-APP01,Windows Server 2022,Application Server,18.71,32.33,75.48,99.8181,0
2026-02-22T09:00,NSS-FILE01,Windows Server 2022,File Server,42.52,48.21,75.03,99.765,0
2026-01-09T21:00,NSS-APP01,Windows Server 2022,Application Server,42.57,45.25,54.16,99.8376,0
2026-07-04T15:00,NSS-APP01,Windows Server 2022,Application Server,32.54,53.07,45.01,99.9764,0
2026-01-28T06:00,NSS-APP01,Windows Server 2022,Application Server,11.11,43.71,51.82,99.954,0
2026-06-02T01:00,NSS-DC02,Windows Server 2022,Domain Controller,19.56,73.17,49.11,99.9863,0
2026-06-08T06:00,NSS-FILE01,Windows Server 2022,File Server,2.0,61.3,44.7,99.9829,0
2026-02-02T03:00,NSS-DC01,Windows Server 2022,Domain Controller,41.28,67.35,69.18,99.8483,0
2026-06-25T06:00,NSS-APP01,Windows Server 2022,Application Server,29.37,44.19,60.55,99.9577,0
2026-07-28T11:00,NSS-APP01,Windows Server 2022,Application Server,20.89,67.81,50.83,99.9794,0
2026-05-31T09:00,NSS-DC01,Windows Server 2022,Domain Controller,28.8,74.1,78.9,99.9587,0
2026-05-19T08:00,NSS-DC02,Windows Server 2022,Domain Controller,10.68,54.28,45.31,99.9558,0
2026-01-06T12:00,NSS-DC02,Windows Server 2022,Domain Controller,12.55,65.79,60.48,99.951,0
2026-07-28T06:00,NSS-LINUX-DB01,Rocky Linux 9,Database Server,18.49,38.4,60.8,99.8157,0
2026-03-29T18:00,NSS-DC01,Windows Server 2022,Domain Controller,45.71,71.73,53.53,99.9807,0
2026-02-18T03:00,NSS-LINUX-APP01,Ubuntu 24.04,Application Server,8.68,62.38,77.92,99.9353,0
2026-04-07T01:00,NSS-DC02,Windows Server 2022,Domain Controller,60.93,46.76,78.72,99.7733,0
2026-07-26T23:00,NSS-LINUX-APP01,Ubuntu 24.04,Application Server,7.31,64.54,68.32,99.919,0
2026-01-15T00:00,NSS-MON01,Ubuntu 24.04,Monitoring Server,20.61,54.25,54.83,99.9204,0
2026-04-23T11:00,NSS-APP01,Windows Server 2022,Application Server,14.32,25.85,32.69,99.7538,0
2026-03-26T11:00,NSS-APP01,Windows Server 2022,Application Server,18.69,79.64,78.58,99.916,0
2026-04-22T22:00,NSS-LINUX-APP01,Ubuntu 24.04,Application Server,37.29,47.87,74.03,99.9943,0
2026-06-30T13:00,NSS-APP01,Windows Server 2022,Application Server,37.29,69.57,67.2,99.9463,0
2026-03-22T13:00,NSS-LINUX-DB01,Rocky Linux 9,Database Server,23.15,48.67,85.52,99.9247,1
2026-02-27T07:00,NSS-MON01,Ubuntu 24.04,Monitoring Server,45.63,64.62,40.88,99.9381,0
2026-03-30T20:00,NSS-DC02,Windows Server 2022,Domain Controller,37.64,23.06,75.45,99.8959,0
2026-02-01T06:00,NSS-LINUX-DB01,Rocky Linux 9,Database Server,12.8,70.43,59.46,99.9653,0
2026-05-29T15:00,NSS-DC01,Windows Server 2022,Domain Controller,41.31,51.17,67.37,99.8593,0
2026-01-10T20:00,NSS-LINUX-DB01,Rocky Linux 9,Database Server,25.68,48.87,43.91,99.9998,0
2026-07-01T16:00,NSS-MON01,Ubuntu 24.04,Monitoring Server,15.42,47.62,63.77,99.9476,0
2026-06-11T18:00,NSS-MON01,Ubuntu 24.04,Monitoring Server,2.0,52.77,91.71,99.7684,1
2026-07-06T06:00,NSS-LINUX-DB01,Rocky Linux 9,Database Server,24.62,56.78,59.72,99.8422,0
2026-07-17T10:00,NSS-APP01,Windows Server 2022,Application Server,37.03,46.93,53.99,99.7757,0
2026-01-03T14:00,NSS-MON01,Ubuntu 24.04,Monitoring Server,4.3,60.82,62.03,99.7635,0
2026-03-10T14:00,NSS-DC01,Windows Server 2022,Domain Controller,19.49,58.95,45.28,99.9119,0
2026-06-25T13:00,NSS-MON01,Ubuntu 24.04,Monitoring Server,13.87,39.46,61.12,99.942,0
2026-07-07T13:00,NSS-LINUX-DB01,Rocky Linux 9,Database Server,27.36,63.92,81.52,99.9589,0
2026-07-02T02:00,NSS-APP01,Windows Server 2022,Application Server,23.63,54.18,58.41,99.7933,0
2026-05-22T07:00,NSS-FILE01,Windows Server 2022,File Server,48.21,46.76,76.75,99.9906,0
2026-04-21T20:00,NSS-LINUX-DB01,Rocky Linux 9,Database Server,2.0,48.24,62.24,99.9018,0
2026-06-01T20:00,NSS-LINUX-DB01,Rocky Linux 9,Database Server,30.21,55.41,52.72,99.8713,0
2026-03-07T21:00,NSS-FILE01,Windows Server 2022,File Server,28.26,46.64,55.14,99.9148,0
2026-04-28T14:00,NSS-DC01,Windows Server 2022,Domain Controller,32.9,76.12,59.92,99.9721,0
2026-02-02T12:00,NSS-APP01,Windows Server 2022,Application Server,5.96,50.03,51.81,99.9781,0
2026-03-22T15:00,NSS-LINUX-DB01,Rocky Linux 9,Database Server,36.19,29.4,41.83,99.8017,0
2026-03-30T12:00,NSS-MON01,Ubuntu 24.04,Monitoring Server,19.33,70.51,59.8,99.983,0
2026-04-06T06:00,NSS-FILE01,Windows Server 2022,File Server,30.93,60.52,43.57,99.7926,0
2026-07-04T23:00,NSS-DC01,Windows Server 2022,Domain Controller,2.95,75.34,53.13,99.9791,0
2026-02-13T11:00,NSS-DC02,Windows Server 2022,Domain Controller,24.24,64.93,41.11,99.9275,0
2026-01-28T17:00,NSS-FILE01,Windows Server 2022,File Server,35.55,57.88,69.15,99.9944,0
2026-03-23T01:00,NSS-DC02,Windows Server 2022,Domain Controller,19.07,66.8,40.37,99.9396,0
2026-07-02T20:00,NSS-DC01,Windows Server 2022,Domain Controller,21.03,48.91,63.76,99.8905,0
2026-04-04T06:00,NSS-MON01,Ubuntu 24.04,Monitoring Server,8.39,63.02,59.01,99.8537,0
2026-04-17T04:00,NSS-DC01,Windows Server 2022,Domain Controller,27.4,56.79,63.44,99.8375,0
2026-02-24T02:00,NSS-DC01,Windows Server 2022,Domain Controller,14.51,65.57,54.2,99.8151,0
2026-04-11T09:00,NSS-MON01,Ubuntu 24.04,Monitoring Server,21.09,71.62,88.07,99.8977,1
2026-03-31T14:00,NSS-MON01,Ubuntu 24.04,Monitoring Server,28.29,43.82,78.73,99.7602,0
2026-05-21T08:00,NSS-DC02,Windows Server 2022,Domain Controller,8.75,62.05,45.94,99.7739,0
2026-07-27T07:00,NSS-LINUX-APP01,Ubuntu 24.04,Application Server,43.04,49.59,73.54,99.8743,0
2026-07-05T12:00,NSS-LINUX-DB01,Rocky Linux 9,Database Server,25.0,65.93,59.2,99.8184,0
2026-05-01T05:00,NSS-MON01,Ubuntu 24.04,Monitoring Server,9.05,49.55,65.2,99.7792,0
2026-05-22T03:00,NSS-DC02,Windows Server 2022,Domain Controller,20.93,53.61,69.24,99.9482,0
2026-03-26T08:00,NSS-APP01,Windows Server 2022,Application Server,46.69,52.58,45.96,99.7552,0
2026-02-21T00:00,NSS-MON01,Ubuntu 24.04,Monitoring Server,59.54,48.87,66.41,99.9478,0
2026-03-10T09:00,NSS-FILE01,Windows Server 2022,File Server,18.86,55.71,59.67,99.8144,0
2026-06-23T12:00,NSS-FILE01,Windows Server 2022,File Server,17.66,60.76,51.25,99.779,0
2026-06-16T15:00,NSS-LINUX-APP01,Ubuntu 24.04,Application Server,15.79,77.1,67.61,99.7916,0
2026-01-24T23:00,NSS-DC02,Windows Server 2022,Domain Controller,30.58,65.81,63.17,99.801,0
2026-04-04T09:00,NSS-FILE01,Windows Server 2022,File Server,2.41,70.94,61.41,99.8902,0
2026-02-20T06:00,NSS-APP01,Windows Server 2022,Application Server,18.65,70.65,69.52,99.7795,0
2026-02-12T18:00,NSS-LINUX-DB01,Rocky Linux 9,Database Server,49.56,59.61,63.34,99.8129,0
2026-04-17T08:00,NSS-DC02,Windows Server 2022,Domain Controller,28.2,53.59,34.07,99.9804,0
2026-07-21T19:00,NSS-APP01,Windows Server 2022,Application Server,4.16,58.22,73.87,99.8554,0
2026-06-27T04:00,NSS-LINUX-APP01,Ubuntu 24.04,Application Server,54.43,36.46,71.01,99.7773,0
2026-02-17T11:00,NSS-LINUX-APP01,Ubuntu 24.04,Application Server,33.11,50.44,52.43,99.7925,0
2026-07-26T06:00,NSS-DC01,Windows Server 2022,Domain Controller,35.39,64.13,59.76,99.9654,0
2026-01-29T17:00,NSS-APP01,Windows Server 2022,Application Server,45.31,83.02,66.09,99.9986,0
2026-05-14T23:00,NSS-APP01,Windows Server 2022,Application Server,39.73,60.15,65.71,99.7612,0
2026-02-14T13:00,NSS-APP01,Windows Server 2022,Application Server,3.48,52.82,62.81,99.8843,0
2026-07-16T05:00,NSS-LINUX-APP01,Ubuntu 24.04,Application Server,34.02,56.04,95.0,99.8086,1
2026-02-22T08:00,NSS-LINUX-DB01,Rocky Linux 9,Database Server,2.14,47.6,60.9,99.7521,0
2026-06-19T22:00,NSS-DC01,Windows Server 2022,Domain Controller,30.83,41.11,69.62,99.8219,0
2026-03-10T07:00,NSS-DC02,Windows Server 2022,Domain Controller,29.0,51.92,72.14,99.9282,0
2026-07-19T23:00,NSS-LINUX-APP01,Ubuntu 24.04,Application Server,25.63,67.32,56.56,99.7973,0
2026-07-11T11:00,NSS-FILE01,Windows Server 2022,File Server,40.81,75.01,41.93,99.777,0
2026-03-20T21:00,NSS-LINUX-APP01,Ubuntu 24.04,Application Server,25.4,50.93,59.95,99.9408,0
2026-07-06T23:00,NSS-APP01,Windows Server 2022,Application Server,16.38,31.43,71.52,99.8007,0
2026-07-17T22:00,NSS-DC02,Windows Server 2022,Domain Controller,10.89,69.92,66.71,99.9093,0
2026-05-05T23:00,NSS-LINUX-APP01,Ubuntu 24.04,Application Server,9.25,59.64,45.95,99.9412,0
2026-01-21T01:00,NSS-LINUX-APP01,Ubuntu 24.04,Application Server,40.39,52.61,59.52,99.9489,0
2026-04-12T09:00,NSS-LINUX-DB01,Rocky Linux 9,Database Server,52.68,26.47,46.07,99.8424,0
2026-03-09T23:00,NSS-APP01,Windows Server 2022,Application Server,18.92,65.1,71.82,99.9641,0
2026-06-26T00:00,NSS-DC01,Windows Server 2022,Domain Controller,37.27,59.48,54.22,99.8987,0
2026-03-04T21:00,NSS-LINUX-APP01,Ubuntu 24.04,Application Server,42.75,53.38,82.35,99.9824,0
2026-07-06T05:00,NSS-DC02,Windows Server 2022,Domain Controller,32.99,53.32,47.01,99.9401,0
2026-07-26T13:00,NSS-DC02,Windows Server 2022,Domain Controller,42.61,48.46,63.77,99.9773,0
2026-01-21T09:00,NSS-DC02,Windows Server 2022,Domain Controller,34.1,57.36,73.47,99.9082,0
2026-03-13T23:00,NSS-DC02,Windows Server 2022,Domain Controller,28.45,56.51,51.59,99.8704,0
2026-04-11T23:00,NSS-APP01,Windows Server 2022,Application Server,42.22,41.24,49.4,99.9129,0
2026-03-27T12:00,NSS-DC01,Windows Server 2022,Domain Controller,26.42,50.82,67.61,99.9682,0
2026-01-29T03:00,NSS-MON01,Ubuntu 24.04,Monitoring Server,37.76,41.65,77.04,99.7784,0
2026-03-21T03:00,NSS-LINUX-DB01,Rocky Linux 9,Database Server,33.53,67.73,50.82,99.889,0
2026-01-03T01:00,NSS-FILE01,Windows Server 2022,File Server,29.75,67.55,65.98,99.9888,0
2026-04-13T11:00,NSS-DC01,Windows Server 2022,Domain Controller,25.03,68.33,54.77,99.8228,0
2026-05-02T00:00,NSS-DC02,Windows Server 2022,Domain Controller,12.63,24.08,60.89,99.8419,0
2026-05-28T23:00,NSS-DC01,Windows Server 2022,Domain Controller,9.08,47.95,50.09,99.7897,0
2026-01-12T18:00,NSS-APP01,Windows Server 2022,Application Server,20.6,50.61,60.24,99.8713,0
2026-02-15T02:00,NSS-FILE01,Windows Server 2022,File Server,24.74,41.34,61.88,99.7564,0
2026-05-28T00:00,NSS-APP01,Windows Server 2022,Application Server,31.56,24.36,56.06,99.9275,0
2026-06-12T23:00,NSS-DC02,Windows Server 2022,Domain Controller,33.44,39.04,66.72,99.9208,0
2026-03-21T16:00,NSS-LINUX-APP01,Ubuntu 24.04,Application Server,14.84,63.07,44.0,99.8891,0
2026-06-26T04:00,NSS-APP01,Windows Server 2022,Application Server,11.75,47.34,78.47,99.9889,0
2026-07-13T07:00,NSS-DC02,Windows Server 2022,Domain Controller,31.26,49.36,33.98,99.9918,0
2026-05-10T15:00,NSS-DC02,Windows Server 2022,Domain Controller,33.96,51.42,34.65,99.9041,0
2026-03-31T10:00,NSS-FILE01,Windows Server 2022,File Server,59.54,67.3,61.09,99.9368,0
2026-01-12T10:00,NSS-LINUX-DB01,Rocky Linux 9,Database Server,36.92,71.16,50.81,99.8684,0
2026-04-06T20:00,NSS-LINUX-APP01,Ubuntu 24.04,Application Server,25.14,42.91,59.4,99.812,0
2026-03-10T06:00,NSS-MON01,Ubuntu 24.04,Monitoring Server,21.59,58.68,50.51,99.9306,0
2026-07-04T17:00,NSS-DC02,Windows Server 2022,Domain Controller,23.22,52.67,58.13,99.8629,0
2026-04-20T20:00,NSS-DC01,Windows Server 2022,Domain Controller,21.45,28.46,55.39,99.7521,0
2026-03-07T23:00,NSS-DC02,Windows Server 2022,Domain Controller,3.59,51.48,95.0,99.9949,1
2026-06-01T08:00,NSS-FILE01,Windows Server 2022,File Server,44.39,42.09,61.13,99.9349,0
2026-02-15T12:00,NSS-LINUX-APP01,Ubuntu 24.04,Application Server,30.35,34.63,82.53,99.8383,0
2026-03-27T02:00,NSS-MON01,Ubuntu 24.04,Monitoring Server,11.22,23.78,29.12,99.9083,0
2026-07-01T09:00,NSS-MON01,Ubuntu 24.04,Monitoring Server,37.49,63.82,66.7,99.8603,0
2026-07-05T09:00,NSS-FILE01,Windows Server 2022,File Server,20.17,46.44,78.52,99.8374,0
2026-02-15T04:00,NSS-LINUX-DB01,Rocky Linux 9,Database Server,18.77,69.39,75.29,99.8278,0
2026-02-06T07:00,NSS-FILE01,Windows Server 2022,File Server,23.85,51.18,71.62,99.7775,0
2026-07-18T06:00,NSS-LINUX-APP01,Ubuntu 24.04,Application Server,49.77,66.3,43.72,99.92,0
2026-05-27T21:00,NSS-MON01,Ubuntu 24.04,Monitoring Server,31.94,60.08,85.91,99.8671,1
2026-05-09T17:00,NSS-FILE01,Windows Server 2022,File Server,24.91,68.52,48.02,99.7838,0
2026-03-19T07:00,NSS-LINUX-APP01,Ubuntu 24.04,Application Server,21.47,54.4,60.87,99.863,0
2026-03-11T05:00,NSS-MON01,Ubuntu 24.04,Monitoring Server,26.25,23.84,71.16,99.9716,0
2026-05-25T04:00,NSS-APP01,Windows Server 2022,Application Server,31.8,38.94,80.35,99.8072,0
2026-04-12T02:00,NSS-APP01,Windows Server 2022,Application Server,26.39,65.57,55.56,99.9844,0
2026-01-27T08:00,NSS-DC02,Windows Server 2022,Domain Controller,33.79,54.82,45.99,99.9735,0
2026-04-19T08:00,NSS-LINUX-DB01,Rocky Linux 9,Database Server,3.29,17.68,44.93,99.9935,0
2026-06-04T07:00,NSS-FILE01,Windows Server 2022,File Server,28.72,35.15,77.88,99.774,0
2026-05-12T06:00,NSS-DC01,Windows Server 2022,Domain Controller,41.59,75.63,87.25,99.9989,1
2026-05-13T20:00,NSS-LINUX-APP01,Ubuntu 24.04,Application Server,35.02,78.21,36.84,99.8799,0
2026-05-11T19:00,NSS-FILE01,Windows Server 2022,File Server,20.62,37.27,83.33,99.8345,0
2026-06-20T18:00,NSS-APP01,Windows Server 2022,Application Server,46.22,38.02,77.21,99.8016,0
2026-03-17T11:00,NSS-LINUX-APP01,Ubuntu 24.04,Application Server,26.45,56.34,45.19,99.9422,0
2026-05-03T23:00,NSS-DC02,Windows Server 2022,Domain Controller,43.45,49.62,49.39,99.9753,0
2026-02-23T02:00,NSS-MON01,Ubuntu 24.04,Monitoring Server,6.48,43.42,39.11,99.9388,0
2026-05-09T08:00,NSS-APP01,Windows Server 2022,Application Server,19.31,59.66,35.82,99.9789,0
2026-06-02T14:00,NSS-MON01,Ubuntu 24.04,Monitoring Server,41.68,23.01,67.27,99.9849,0
2026-02-18T02:00,NSS-FILE01,Windows Server 2022,File Server,43.52,52.02,44.86,99.8162,0
2026-02-05T13:00,NSS-LINUX-DB01,Rocky Linux 9,Database Server,2.0,57.57,32.35,99.8757,0
2026-02-23T00:00,NSS-MON01,Ubuntu 24.04,Monitoring Server,13.32,29.54,52.57,99.9216,0
2026-04-03T11:00,NSS-LINUX-DB01,Rocky Linux 9,Database Server,38.4,50.19,72.83,99.9082,0
2026-04-27T17:00,NSS-DC01,Windows Server 2022,Domain Controller,34.44,60.5,75.59,99.982,0
2026-04-13T12:00,NSS-APP01,Windows Server 2022,Application Server,8.65,43.7,51.08,99.9992,0
2026-04-02T21:00,NSS-LINUX-APP01,Ubuntu 24.04,Application Server,25.79,22.58,49.19,99.8243,0
2026-07-06T07:00,NSS-FILE01,Windows Server 2022,File Server,16.85,74.57,85.6,99.9608,1
2026-03-17T22:00,NSS-FILE01,Windows Server 2022,File Server,22.45,60.67,64.48,99.8328,0
2026-03-29T16:00,NSS-MON01,Ubuntu 24.04,Monitoring Server,17.0,64.76,58.48,99.791,0
2026-02-04T08:00,NSS-LINUX-DB01,Rocky Linux 9,Database Server,36.41,76.08,59.2,99.7795,0
2026-07-22T14:00,NSS-APP01,Windows Server 2022,Application Server,18.57,42.41,68.75,99.8736,0
2026-04-11T08:00,NSS-DC02,Windows Server 2022,Domain Controller,19.96,48.09,39.21,99.954,0
2026-06-01T14:00,NSS-LINUX-APP01,Ubuntu 24.04,Application Server,27.58,52.33,62.99,99.834,0
2026-05-12T08:00,NSS-APP01,Windows Server 2022,Application Server,3.51,51.18,54.33,99.8134,0
2026-02-19T19:00,NSS-LINUX-APP01,Ubuntu 24.04,Application Server,48.8,49.17,47.13,99.766,0
2026-01-05T20:00,NSS-MON01,Ubuntu 24.04,Monitoring Server,14.36,49.22,89.11,99.9832,1
2026-07-06T00:00,NSS-LINUX-APP01,Ubuntu 24.04,Application Server,30.22,41.17,48.61,99.7678,0
2026-04-27T03:00,NSS-LINUX-DB01,Rocky Linux 9,Database Server,24.0,46.23,70.16,99.862,0
2026-03-10T15:00,NSS-MON01,Ubuntu 24.04,Monitoring Server,17.27,56.34,65.71,99.8877,0
2026-01-25T09:00,NSS-DC01,Windows Server 2022,Domain Controller,27.87,58.68,56.6,99.9245,0
2026-04-27T00:00,NSS-LINUX-APP01,Ubuntu 24.04,Application Server,46.98,61.93,66.67,99.8305,0
2026-01-04T03:00,NSS-MON01,Ubuntu 24.04,Monitoring Server,12.82,39.82,34.15,99.7548,0
2026-07-28T08:00,NSS-DC01,Windows Server 2022,Domain Controller,39.09,59.65,60.88,99.8099,0
2026-05-26T10:00,NSS-DC02,Windows Server 2022,Domain Controller,9.22,31.13,79.55,99.915,0
2026-07-16T11:00,NSS-MON01,Ubuntu 24.04,Monitoring Server,34.17,38.79,60.53,99.841,0
2026-04-30T12:00,NSS-LINUX-APP01,Ubuntu 24.04,Application Server,41.07,43.61,42.97,99.9532,0
2026-01-14T15:00,NSS-DC02,Windows Server 2022,Domain Controller,25.14,37.98,46.74,99.9058,0
2026-04-18T06:00,NSS-LINUX-DB01,Rocky Linux 9,Database Server,6.57,48.67,47.77,99.8532,0
2026-03-10T04:00,NSS-DC01,Windows Server 2022,Domain Controller,30.71,45.02,42.2,99.9816,0
2026-01-02T23:00,NSS-LINUX-APP01,Ubuntu 24.04,Application Server,2.0,71.95,70.95,99.8907,0
2026-06-18T12:00,NSS-MON01,Ubuntu 24.04,Monitoring Server,9.23,36.77,43.44,99.8963,0
2026-07-14T11:00,NSS-DC01,Windows Server 2022,Domain Controller,52.28,76.13,67.52,99.7796,0
2026-06-14T00:00,NSS-APP01,Windows Server 2022,Application Server,28.51,68.89,37.51,99.7518,0
2026-03-22T04:00,NSS-DC01,Windows Server 2022,Domain Controller,14.31,54.93,69.28,99.7619,0
2026-06-09T13:00,NSS-LINUX-APP01,Ubuntu 24.04,Application Server,13.44,67.87,95.0,99.8019,1
2026-06-07T08:00,NSS-DC02,Windows Server 2022,Domain Controller,38.32,51.32,74.22,99.8564,0
2026-02-06T02:00,NSS-DC02,Windows Server 2022,Domain Controller,39.54,40.43,73.44,99.9149,0
2026-05-15T21:00,NSS-LINUX-APP01,Ubuntu 24.04,Application Server,8.7,78.09,52.36,99.8801,0
2026-02-26T10:00,NSS-FILE01,Windows Server 2022,File Server,25.59,47.56,50.16,99.8995,0
2026-02-23T18:00,NSS-FILE01,Windows Server 2022,File Server,37.21,74.86,77.25,99.9346,0
2026-03-18T01:00,NSS-APP01,Windows Server 2022,Application Server,51.34,64.29,41.45,99.9764,0
2026-01-31T16:00,NSS-MON01,Ubuntu 24.04,Monitoring Server,18.74,35.22,54.38,99.816,0
2026-01-23T00:00,NSS-MON01,Ubuntu 24.04,Monitoring Server,12.94,47.1,53.17,99.9471,0
2026-07-23T15:00,NSS-LINUX-APP01,Ubuntu 24.04,Application Server,49.69,46.12,93.58,99.888,1
2026-07-27T02:00,NSS-MON01,Ubuntu 24.04,Monitoring Server,24.59,33.85,75.4,99.9208,0
2026-03-12T15:00,NSS-LINUX-APP01,Ubuntu 24.04,Application Server,49.87,58.45,49.62,99.8299,0
2026-01-05T03:00,NSS-DC02,Windows Server 2022,Domain Controller,2.0,86.8,59.74,99.892,0
2026-01-31T10:00,NSS-MON01,Ubuntu 24.04,Monitoring Server,28.33,54.76,54.95,99.768,0
2026-06-15T22:00,NSS-MON01,Ubuntu 24.04,Monitoring Server,43.94,89.22,42.51,99.8381,0
2026-01-26T10:00,NSS-LINUX-APP01,Ubuntu 24.04,Application Server,32.16,41.21,75.44,99.9946,0
2026-05-22T14:00,NSS-MON01,Ubuntu 24.04,Monitoring Server,15.02,65.32,91.57,99.8371,1
2026-04-26T15:00,NSS-APP01,Windows Server 2022,Application Server,20.92,57.62,83.08,99.9792,0
2026-07-07T19:00,NSS-FILE01,Windows Server 2022,File Server,35.18,34.88,51.31,99.9959,0
2026-07-29T19:00,NSS-LINUX-APP01,Ubuntu 24.04,Application Server,17.88,49.71,62.72,99.8479,0
2026-07-24T05:00,NSS-LINUX-APP01,Ubuntu 24.04,Application Server,40.24,52.33,67.5,99.9746,0
2026-04-22T22:00,NSS-FILE01,Windows Server 2022,File Server,24.86,35.51,51.32,99.829,0
2026-03-26T14:00,NSS-LINUX-APP01,Ubuntu 24.04,Application Server,46.43,49.03,95.0,99.8181,1
2026-02-26T23:00,NSS-APP01,Windows Server 2022,Application Server,36.49,46.97,46.28,99.8965,0
2026-04-13T13:00,NSS-LINUX-DB01,Rocky Linux 9,Database Server,17.59,55.31,69.07,99.8454,0
2026-02-01T19:00,NSS-LINUX-APP01,Ubuntu 24.04,Application Server,16.98,64.45,50.0,99.7778,0
2026-02-07T06:00,NSS-LINUX-DB01,Rocky Linux 9,Database Server,34.72,27.14,72.19,99.9595,0
2026-01-21T04:00,NSS-MON01,Ubuntu 24.04,Monitoring Server,37.56,66.72,42.18,99.8584,0
2026-06-10T17:00,NSS-DC02,Windows Server 2022,Domain Controller,30.26,50.37,69.2,99.9676,0
2026-03-24T12:00,NSS-MON01,Ubuntu 24.04,Monitoring Server,31.82,45.04,61.85,99.8253,0
2026-07-12T00:00,NSS-LINUX-DB01,Rocky Linux 9,Database Server,16.8,52.43,73.07,99.9178,0
2026-06-24T05:00,NSS-LINUX-APP01,Ubuntu 24.04,Application Server,9.01,63.54,52.55,99.9826,0
2026-06-20T13:00,NSS-DC01,Windows Server 2022,Domain Controller,42.23,58.34,57.44,99.7786,0
2026-05-17T23:00,NSS-FILE01,Windows Server 2022,File Server,21.47,58.08,62.04,99.7576,0
2026-01-31T20:00,NSS-LINUX-APP01,Ubuntu 24.04,Application Server,22.43,32.85,92.33,99.7789,1
2026-01-26T16:00,NSS-APP01,Windows Server 2022,Application Server,59.46,50.86,84.15,99.779,0
2026-07-27T03:00,NSS-LINUX-DB01,Rocky Linux 9,Database Server,42.87,46.27,48.67,99.7621,0
2026-01-08T11:00,NSS-LINUX-DB01,Rocky Linux 9,Database Server,34.96,68.84,80.88,99.7723,0
2026-05-03T10:00,NSS-DC02,Windows Server 2022,Domain Controller,31.06,44.86,67.02,99.9869,0
2026-04-24T18:00,NSS-DC01,Windows Server 2022,Domain Controller,21.15,47.17,51.27,99.9017,0
2026-02-21T20:00,NSS-DC01,Windows Server 2022,Domain Controller,61.66,33.42,75.68,99.7582,0
2026-02-01T19:00,NSS-DC01,Windows Server 2022,Domain Controller,45.58,77.16,71.54,99.8303,0
2026-06-08T00:00,NSS-DC01,Windows Server 2022,Domain Controller,38.07,50.51,73.17,99.7646,0
2026-06-28T10:00,NSS-DC02,Windows Server 2022,Domain Controller,25.65,53.42,51.17,99.8586,0
2026-07-26T16:00,NSS-LINUX-APP01,Ubuntu 24.04,Application Server,23.01,65.79,54.07,99.8932,0
2026-01-11T08:00,NSS-LINUX-APP01,Ubuntu 24.04,Application Server,23.08,39.01,71.88,99.9125,0
2026-07-15T10:00,NSS-FILE01,Windows Server 2022,File Server,10.59,64.36,51.97,99.7976,0
2026-06-07T01:00,NSS-FILE01,Windows Server 2022,File Server,28.89,45.52,73.13,99.9109,0
2026-03-07T14:00,NSS-MON01,Ubuntu 24.04,Monitoring Server,32.11,57.34,84.0,99.8397,0
2026-06-20T04:00,NSS-LINUX-DB01,Rocky Linux 9,Database Server,22.74,60.9,80.94,99.8429,0
2026-03-08T02:00,NSS-DC02,Windows Server 2022,Domain Controller,36.03,91.68,60.4,99.8823,1
2026-05-11T14:00,NSS-FILE01,Windows Server 2022,File Server,51.56,38.25,58.83,99.8436,0
2026-02-20T09:00,NSS-FILE01,Windows Server 2022,File Server,32.66,75.07,74.32,99.9447,0
2026-07-08T23:00,NSS-FILE01,Windows Server 2022,File Server,16.93,37.61,49.77,99.7979,0
2026-02-25T08:00,NSS-LINUX-APP01,Ubuntu 24.04,Application Server,23.93,50.47,50.63,99.7973,0
2026-05-05T21:00,NSS-DC02,Windows Server 2022,Domain Controller,23.11,55.37,52.7,99.8158,0
2026-01-18T02:00,NSS-DC01,Windows Server 2022,Domain Controller,16.87,62.72,52.95,99.9395,0
2026-04-30T04:00,NSS-FILE01,Windows Server 2022,File Server,49.49,49.92,67.41,99.8798,0
2026-07-11T14:00,NSS-DC01,Windows Server 2022,Domain Controller,36.97,48.12,70.55,99.8425,0
2026-02-07T12:00,NSS-MON01,Ubuntu 24.04,Monitoring Server,42.77,72.43,70.9,99.772,0
2026-03-09T07:00,NSS-DC02,Windows Server 2022,Domain Controller,27.27,46.94,75.39,99.9262,0
2026-06-03T23:00,NSS-DC02,Windows Server 2022,Domain Controller,47.63,56.41,67.57,99.8011,0
2026-04-11T11:00,NSS-FILE01,Windows Server 2022,File Server,47.62,41.03,70.41,99.9752,0
2026-07-13T15:00,NSS-FILE01,Windows Server 2022,File Server,46.52,38.24,40.76,99.7682,0
2026-06-19T14:00,NSS-LINUX-DB01,Rocky Linux 9,Database Server,39.81,64.52,87.92,99.8231,1
2026-02-17T07:00,NSS-APP01,Windows Server 2022,Application Server,38.62,55.43,59.8,99.8262,0
2026-07-29T12:00,NSS-FILE01,Windows Server 2022,File Server,30.18,38.49,48.89,99.8704,0
2026-04-24T10:00,NSS-MON01,Ubuntu 24.04,Monitoring Server,31.56,42.88,88.92,99.8158,1
2026-01-04T09:00,NSS-FILE01,Windows Server 2022,File Server,36.24,58.45,52.01,99.834,0
2026-01-05T21:00,NSS-MON01,Ubuntu 24.04,Monitoring Server,8.96,48.57,53.39,99.8637,0
2026-03-23T17:00,NSS-FILE01,Windows Server 2022,File Server,4.79,71.57,71.3,99.9044,0
2026-02-13T01:00,NSS-DC02,Windows Server 2022,Domain Controller,15.83,48.68,52.23,99.8774,0
2026-07-01T12:00,NSS-FILE01,Windows Server 2022,File Server,34.23,39.32,56.01,99.8924,0
2026-04-01T01:00,NSS-LINUX-APP01,Ubuntu 24.04,Application Server,26.49,39.81,50.45,99.9904,0
2026-03-30T10:00,NSS-DC02,Windows Server 2022,Domain Controller,2.0,52.87,44.11,99.827,0
2026-06-12T06:00,NSS-MON01,Ubuntu 24.04,Monitoring Server,2.0,36.5,62.34,99.9967,0
2026-06-20T17:00,NSS-APP01,Windows Server 2022,Application Server,41.79,59.62,45.24,99.9783,0
2026-04-21T13:00,NSS-LINUX-APP01,Ubuntu 24.04,Application Server,21.71,60.87,57.89,99.8265,0
2026-02-10T16:00,NSS-APP01,Windows Server 2022,Application Server,27.33,65.05,53.89,99.8859,0
2026-03-14T13:00,NSS-FILE01,Windows Server 2022,File Server,8.72,63.1,49.1,99.898,0
2026-06-12T17:00,NSS-LINUX-DB01,Rocky Linux 9,Database Server,2.0,48.81,45.02,99.9626,0
2026-01-11T05:00,NSS-LINUX-DB01,Rocky Linux 9,Database Server,33.36,78.99,48.13,99.8675,0
2026-02-13T18:00,NSS-FILE01,Windows Server 2022,File Server,12.67,58.85,19.05,99.9103,0
2026-05-23T01:00,NSS-APP01,Windows Server 2022,Application Server,21.43,54.62,69.67,99.7752,0
2026-01-07T17:00,NSS-LINUX-APP01,Ubuntu 24.04,Application Server,19.02,51.14,56.1,99.9415,0
2026-05-13T19:00,NSS-APP01,Windows Server 2022,Application Server,24.31,35.39,66.89,99.8392,0
2026-03-20T15:00,NSS-DC02,Windows Server 2022,Domain Controller,18.82,40.06,73.5,99.8635,0
2026-07-14T22:00,NSS-MON01,Ubuntu 24.04,Monitoring Server,2.0,46.95,65.98,99.8182,0
2026-05-17T17:00,NSS-LINUX-DB01,Rocky Linux 9,Database Server,20.76,54.07,48.17,99.8522,0
2026-07-21T17:00,NSS-FILE01,Windows Server 2022,File Server,43.59,20.7,85.56,99.9525,1
2026-03-11T05:00,NSS-APP01,Windows Server 2022,Application Server,33.41,58.18,41.9,99.7831,0
2026-06-20T11:00,NSS-MON01,Ubuntu 24.04,Monitoring Server,40.54,59.9,35.59,99.9841,0
2026-04-19T17:00,NSS-LINUX-APP01,Ubuntu 24.04,Application Server,42.64,40.26,55.32,99.8673,0
2026-05-29T02:00,NSS-APP01,Windows Server 2022,Application Server,25.06,58.3,55.75,99.988,0
2026-03-08T21:00,NSS-FILE01,Windows Server 2022,File Server,23.62,50.19,51.0,99.7963,0
2026-03-30T22:00,NSS-APP01,Windows Server 2022,Application Server,9.04,63.89,34.97,99.834,0
2026-04-03T18:00,NSS-DC02,Windows Server 2022,Domain Controller,19.17,66.11,56.27,99.8077,0
2026-07-03T11:00,NSS-DC02,Windows Server 2022,Domain Controller,20.76,56.92,61.39,99.8985,0
2026-02-14T21:00,NSS-LINUX-DB01,Rocky Linux 9,Database Server,9.19,47.1,46.3,99.8051,0
2026-02-26T23:00,NSS-DC01,Windows Server 2022,Domain Controller,46.84,98.0,25.61,99.9049,1
2026-02-09T07:00,NSS-MON01,Ubuntu 24.04,Monitoring Server,22.42,52.92,45.7,99.92,0
2026-05-21T02:00,NSS-FILE01,Windows Server 2022,File Server,33.67,92.68,55.43,99.997,1
2026-06-11T12:00,NSS-FILE01,Windows Server 2022,File Server,28.24,25.61,59.64,99.7677,0
2026-07-28T04:00,NSS-LINUX-APP01,Ubuntu 24.04,Application Server,37.72,51.59,42.67,99.8598,0
2026-02-24T20:00,NSS-APP01,Windows Server 2022,Application Server,13.84,54.43,72.35,99.9646,0
2026-06-16T11:00,NSS-LINUX-APP01,Ubuntu 24.04,Application Server,47.49,43.96,62.38,99.9389,0
2026-02-13T16:00,NSS-MON01,Ubuntu 24.04,Monitoring Server,36.53,44.64,87.68,99.9163,1
2026-03-14T19:00,NSS-MON01,Ubuntu 24.04,Monitoring Server,28.25,43.76,63.94,99.9491,0
2026-07-23T16:00,NSS-DC02,Windows Server 2022,Domain Controller,5.11,40.16,59.6,99.9871,0
2026-01-02T22:00,NSS-LINUX-DB01,Rocky Linux 9,Database Server,16.18,52.3,60.52,99.8631,0
2026-05-30T02:00,NSS-MON01,Ubuntu 24.04,Monitoring Server,36.25,36.67,63.84,99.9512,0
2026-03-09T04:00,NSS-DC01,Windows Server 2022,Domain Controller,30.05,78.3,47.37,99.8937,0
2026-04-12T09:00,NSS-FILE01,Windows Server 2022,File Server,59.79,66.31,52.99,99.9837,0
2026-04-29T13:00,NSS-MON01,Ubuntu 24.04,Monitoring Server,13.35,51.59,37.81,99.9564,0
2026-06-01T09:00,NSS-DC01,Windows Server 2022,Domain Controller,33.55,83.62,40.47,99.8382,0
2026-04-24T20:00,NSS-DC02,Windows Server 2022,Domain Controller,32.3,33.2,89.65,99.9469,1
2026-03-02T23:00,NSS-LINUX-APP01,Ubuntu 24.04,Application Server,25.49,60.04,39.22,99.8248,0
2026-03-20T18:00,NSS-LINUX-APP01,Ubuntu 24.04,Application Server,29.17,81.56,54.17,99.8925,0
2026-01-29T21:00,NSS-MON01,Ubuntu 24.04,Monitoring Server,29.28,67.6,84.9,99.7586,0
2026-04-08T04:00,NSS-DC01,Windows Server 2022,Domain Controller,27.73,58.74,48.86,99.8751,0
2026-01-02T23:00,NSS-DC02,Windows Server 2022,Domain Controller,36.96,47.78,67.4,99.83,0
2026-04-20T13:00,NSS-MON01,Ubuntu 24.04,Monitoring Server,38.18,42.9,45.39,99.8615,0
2026-06-03T14:00,NSS-FILE01,Windows Server 2022,File Server,48.11,55.39,60.11,99.8778,0
2026-01-27T08:00,NSS-MON01,Ubuntu 24.04,Monitoring Server,18.32,73.87,59.54,99.7501,0
2026-04-09T22:00,NSS-APP01,Windows Server 2022,Application Server,10.3,78.38,95.0,99.9814,1
2026-04-09T12:00,NSS-LINUX-DB01,Rocky Linux 9,Database Server,46.16,51.27,67.26,99.78,0
2026-04-01T01:00,NSS-DC01,Windows Server 2022,Domain Controller,31.5,50.85,65.43,99.7963,0
2026-06-14T06:00,NSS-DC01,Windows Server 2022,Domain Controller,11.77,65.12,79.72,99.9493,0
2026-06-20T13:00,NSS-LINUX-APP01,Ubuntu 24.04,Application Server,45.12,63.5,49.98,99.7762,0
2026-06-19T08:00,NSS-DC01,Windows Server 2022,Domain Controller,25.79,64.28,50.8,99.7677,0
2026-07-28T10:00,NSS-DC02,Windows Server 2022,Domain Controller,53.2,71.82,34.92,99.941,0
2026-04-06T06:00,NSS-FILE01,Windows Server 2022,File Server,27.65,43.26,67.19,99.9423,0
2026-07-25T00:00,NSS-LINUX-APP01,Ubuntu 24.04,Application Server,43.08,36.41,58.07,99.9751,0
2026-02-16T06:00,NSS-DC01,Windows Server 2022,Domain Controller,37.67,73.02,26.22,99.928,0
2026-02-05T23:00,NSS-LINUX-APP01,Ubuntu 24.04,Application Server,46.82,48.42,79.23,99.9984,0
2026-02-04T17:00,NSS-FILE01,Windows Server 2022,File Server,68.52,45.55,86.2,99.761,1
2026-02-10T01:00,NSS-APP01,Windows Server 2022,Application Server,35.1,52.12,41.61,99.9054,0
2026-05-04T07:00,NSS-APP01,Windows Server 2022,Application Server,14.76,67.74,78.79,99.8277,0
2026-06-12T03:00,NSS-MON01,Ubuntu 24.04,Monitoring Server,41.09,36.45,56.82,99.8224,0
2026-04-20T20:00,NSS-APP01,Windows Server 2022,Application Server,35.83,80.51,53.21,99.9116,0
2026-07-23T03:00,NSS-LINUX-APP01,Ubuntu 24.04,Application Server,18.22,54.42,58.95,99.758,0
2026-04-05T02:00,NSS-LINUX-APP01,Ubuntu 24.04,Application Server,30.96,86.58,56.09,99.8913,0
2026-05-04T08:00,NSS-APP01,Windows Server 2022,Application Server,42.38,59.43,69.46,99.9569,0
2026-02-07T19:00,NSS-APP01,Windows Server 2022,Application Server,13.2,51.72,75.23,99.8731,0
2026-06-21T00:00,NSS-DC01,Windows Server 2022,Domain Controller,26.37,60.07,62.58,99.9953,0
2026-05-29T18:00,NSS-LINUX-APP01,Ubuntu 24.04,Application Server,59.05,38.11,64.43,99.893,0
2026-04-17T01:00,NSS-DC02,Windows Server 2022,Domain Controller,16.23,40.49,80.74,99.9492,0
2026-02-08T22:00,NSS-DC01,Windows Server 2022,Domain Controller,52.55,60.29,75.28,99.7989,0
2026-02-19T13:00,NSS-APP01,Windows Server 2022,Application Server,19.08,61.09,27.92,99.836,0
2026-01-07T22:00,NSS-LINUX-DB01,Rocky Linux 9,Database Server,13.65,47.47,64.64,99.9887,0
2026-04-29T23:00,NSS-APP01,Windows Server 2022,Application Server,46.93,82.51,68.32,99.9713,0
2026-02-28T17:00,NSS-MON01,Ubuntu 24.04,Monitoring Server,33.49,51.06,52.56,99.7607,0
2026-04-25T14:00,NSS-APP01,Windows Server 2022,Application Server,49.7,40.14,87.98,99.7534,1
2026-05-30T20:00,NSS-APP01,Windows Server 2022,Application Server,28.43,70.37,57.08,99.8211,0
2026-05-06T17:00,NSS-APP01,Windows Server 2022,Application Server,17.84,57.83,60.81,99.8461,0
2026-02-09T18:00,NSS-APP01,Windows Server 2022,Application Server,30.27,22.31,71.85,99.9285,0
2026-05-23T00:00,NSS-DC02,Windows Server 2022,Domain Controller,43.36,55.12,49.33,99.7926,0
2026-04-22T17:00,NSS-LINUX-APP01,Ubuntu 24.04,Application Server,38.34,43.59,39.17,99.9673,0
2026-03-14T02:00,NSS-MON01,Ubuntu 24.04,Monitoring Server,28.19,34.06,42.74,99.9213,0
2026-03-15T01:00,NSS-LINUX-DB01,Rocky Linux 9,Database Server,36.26,23.85,34.31,99.8593,0
2026-06-28T16:00,NSS-DC01,Windows Server 2022,Domain Controller,40.13,63.7,65.65,99.9177,0
2026-05-02T21:00,NSS-LINUX-DB01,Rocky Linux 9,Database Server,41.68,66.25,77.05,99.9737,0
2026-01-07T04:00,NSS-LINUX-APP01,Ubuntu 24.04,Application Server,35.56,75.37,57.37,99.7811,0
2026-04-24T05:00,NSS-MON01,Ubuntu 24.04,Monitoring Server,16.87,40.83,92.55,99.8051,1
2026-03-28T00:00,NSS-LINUX-APP01,Ubuntu 24.04,Application Server,20.39,55.99,54.45,99.8511,0
2026-03-09T01:00,NSS-LINUX-DB01,Rocky Linux 9,Database Server,38.33,56.07,68.72,99.9378,0
2026-04-15T19:00,NSS-DC02,Windows Server 2022,Domain Controller,33.48,28.5,63.86,99.9917,0
2026-05-07T05:00,NSS-DC02,Windows Server 2022,Domain Controller,13.6,38.51,64.92,99.7811,0
2026-01-24T07:00,NSS-MON01,Ubuntu 24.04,Monitoring Server,2.0,71.43,52.76,99.9157,0
2026-04-05T00:00,NSS-APP01,Windows Server 2022,Application Server,17.25,40.02,45.63,99.962,0
2026-03-21T03:00,NSS-DC01,Windows Server 2022,Domain Controller,21.46,41.63,55.23,99.8637,0
2026-06-02T11:00,NSS-LINUX-DB01,Rocky Linux 9,Database Server,19.66,44.62,75.16,99.7905,0
2026-01-09T11:00,NSS-DC02,Windows Server 2022,Domain Controller,28.38,31.83,68.06,99.9982,0
2026-07-23T06:00,NSS-MON01,Ubuntu 24.04,Monitoring Server,47.42,58.24,60.35,99.889,0
2026-03-04T17:00,NSS-LINUX-DB01,Rocky Linux 9,Database Server,34.28,54.49,58.83,99.9706,0
2026-01-28T08:00,NSS-APP01,Windows Server 2022,Application Server,25.6,54.99,80.76,99.9878,0
2026-01-02T16:00,NSS-LINUX-DB01,Rocky Linux 9,Database Server,48.4,40.71,62.96,99.7566,0
2026-06-30T18:00,NSS-MON01,Ubuntu 24.04,Monitoring Server,23.0,50.38,46.76,99.8862,0
2026-05-12T15:00,NSS-FILE01,Windows Server 2022,File Server,33.21,58.32,68.2,99.8026,0
2026-01-22T12:00,NSS-APP01,Windows Server 2022,Application Server,31.44,47.93,64.16,99.7717,0
2026-06-30T22:00,NSS-APP01,Windows Server 2022,Application Server,43.96,36.84,51.67,99.9859,0
2026-04-27T21:00,NSS-LINUX-APP01,Ubuntu 24.04,Application Server,20.22,41.6,52.51,99.861,0
2026-03-30T21:00,NSS-DC01,Windows Server 2022,Domain Controller,3.01,52.48,66.26,99.7654,0
2026-06-04T03:00,NSS-DC01,Windows Server 2022,Domain Controller,20.62,61.76,80.16,99.9711,0
2026-05-05T00:00,NSS-LINUX-DB01,Rocky Linux 9,Database Server,22.78,51.0,34.26,99.7735,0
2026-02-10T22:00,NSS-LINUX-DB01,Rocky Linux 9,Database Server,26.22,38.1,52.38,99.8501,0
2026-06-04T23:00,NSS-LINUX-APP01,Ubuntu 24.04,Application Server,54.79,82.04,72.37,99.9851,0
2026-03-08T10:00,NSS-MON01,Ubuntu 24.04,Monitoring Server,31.46,56.25,67.36,99.7529,0
2026-03-21T18:00,NSS-MON01,Ubuntu 24.04,Monitoring Server,37.97,70.44,52.98,99.9978,0
2026-06-24T08:00,NSS-FILE01,Windows Server 2022,File Server,32.81,66.21,46.64,99.9361,0
2026-04-23T23:00,NSS-DC01,Windows Server 2022,Domain Controller,37.46,67.25,68.11,99.8391,0
2026-06-20T21:00,NSS-DC01,Windows Server 2022,Domain Controller,23.86,56.23,52.58,99.8753,0
2026-03-08T08:00,NSS-FILE01,Windows Server 2022,File Server,28.76,61.22,62.85,99.7635,0
2026-03-01T12:00,NSS-FILE01,Windows Server 2022,File Server,45.6,68.58,33.04,99.8627,0
2026-04-10T03:00,NSS-APP01,Windows Server 2022,Application Server,33.16,26.61,88.84,99.8068,1
2026-01-26T04:00,NSS-LINUX-APP01,Ubuntu 24.04,Application Server,22.82,54.05,62.12,99.7672,0
2026-02-14T00:00,NSS-LINUX-DB01,Rocky Linux 9,Database Server,17.98,52.18,51.44,99.8158,0
2026-06-01T13:00,NSS-MON01,Ubuntu 24.04,Monitoring Server,8.65,51.43,66.59,99.8625,0
2026-04-17T03:00,NSS-APP01,Windows Server 2022,Application Server,21.85,62.78,48.39,99.7886,0
2026-03-23T21:00,NSS-DC02,Windows Server 2022,Domain Controller,46.88,49.37,57.03,99.9065,0
2026-02-05T19:00,NSS-APP01,Windows Server 2022,Application Server,16.88,55.61,49.65,99.87,0
2026-05-01T22:00,NSS-DC02,Windows Server 2022,Domain Controller,37.6,67.36,50.69,99.9294,0
2026-03-19T04:00,NSS-APP01,Windows Server 2022,Application Server,25.82,39.97,62.27,99.8116,0
2026-05-09T17:00,NSS-LINUX-APP01,Ubuntu 24.04,Application Server,2.0,75.94,65.06,99.9731,0
2026-07-23T20:00,NSS-LINUX-DB01,Rocky Linux 9,Database Server,2.0,55.14,86.91,99.9025,1
2026-03-04T18:00,NSS-LINUX-APP01,Ubuntu 24.04,Application Server,14.44,63.89,48.14,99.8288,0
2026-02-23T07:00,NSS-DC02,Windows Server 2022,Domain Controller,38.68,55.77,50.87,99.9804,0
2026-07-17T13:00,NSS-LINUX-DB01,Rocky Linux 9,Database Server,28.69,74.61,60.22,99.8904,0
2026-07-14T08:00,NSS-MON01,Ubuntu 24.04,Monitoring Server,3.45,45.71,46.71,99.8756,0
2026-01-14T23:00,NSS-APP01,Windows Server 2022,Application Server,16.02,70.69,81.22,99.8483,0
2026-06-03T13:00,NSS-APP01,Windows Server 2022,Application Server,24.25,58.14,68.69,99.9252,0
2026-04-21T05:00,NSS-DC01,Windows Server 2022,Domain Controller,9.87,62.21,58.29,99.9059,0
2026-05-10T06:00,NSS-DC01,Windows Server 2022,Domain Controller,22.37,61.55,65.51,99.8379,0
2026-07-15T03:00,NSS-DC02,Windows Server 2022,Domain Controller,34.07,75.35,67.64,99.7672,0
2026-03-19T15:00,NSS-DC02,Windows Server 2022,Domain Controller,46.12,74.75,59.15,99.9933,0
2026-03-06T10:00,NSS-APP01,Windows Server 2022,Application Server,38.06,42.07,55.21,99.9637,0
2026-05-07T15:00,NSS-APP01,Windows Server 2022,Application Server,2.0,67.92,50.68,99.8711,0
2026-06-26T17:00,NSS-LINUX-APP01,Ubuntu 24.04,Application Server,28.67,35.31,26.63,99.7863,0
2026-01-02T16:00,NSS-DC01,Windows Server 2022,Domain Controller,30.17,60.56,74.31,99.9238,0
2026-05-25T22:00,NSS-MON01,Ubuntu 24.04,Monitoring Server,28.33,50.98,44.47,99.7876,0
2026-05-19T14:00,NSS-DC02,Windows Server 2022,Domain Controller,14.71,61.19,61.83,99.8166,0
2026-06-22T21:00,NSS-APP01,Windows Server 2022,Application Server,30.85,48.23,44.82,99.955,0
2026-06-12T17:00,NSS-LINUX-APP01,Ubuntu 24.04,Application Server,9.93,58.16,40.11,99.81,0
2026-06-09T11:00,NSS-LINUX-APP01,Ubuntu 24.04,Application Server,23.04,55.38,49.89,99.8005,0
2026-04-27T23:00,NSS-DC02,Windows Server 2022,Domain Controller,2.0,56.41,33.31,99.9877,0
2026-07-09T08:00,NSS-DC02,Windows Server 2022,Domain Controller,38.36,53.5,53.23,99.8919,0
2026-02-13T13:00,NSS-DC01,Windows Server 2022,Domain Controller,16.76,38.63,67.72,99.7817,0
2026-02-12T01:00,NSS-MON01,Ubuntu 24.04,Monitoring Server,40.79,59.43,52.71,99.8779,0
2026-05-29T17:00,NSS-MON01,Ubuntu 24.04,Monitoring Server,57.44,53.31,43.54,99.9028,0
2026-03-01T19:00,NSS-FILE01,Windows Server 2022,File Server,23.53,45.57,62.24,99.9468,0
2026-07-02T13:00,NSS-FILE01,Windows Server 2022,File Server,36.33,64.24,93.63,99.87,1
2026-01-20T20:00,NSS-MON01,Ubuntu 24.04,Monitoring Server,18.48,68.53,60.21,99.8452,0
2026-02-28T16:00,NSS-DC01,Windows Server 2022,Domain Controller,61.22,61.95,56.71,99.9685,0
2026-05-22T01:00,NSS-APP01,Windows Server 2022,Application Server,27.45,46.75,33.22,99.8646,0
2026-05-16T06:00,NSS-DC02,Windows Server 2022,Domain Controller,26.64,72.01,62.73,99.9361,0
2026-04-02T18:00,NSS-APP01,Windows Server 2022,Application Server,20.79,47.34,65.22,99.7583,0
2026-01-12T13:00,NSS-DC02,Windows Server 2022,Domain Controller,40.2,35.03,45.97,99.7729,0
2026-05-31T18:00,NSS-APP01,Windows Server 2022,Application Server,20.38,33.31,88.9,99.8957,1
2026-02-07T07:00,NSS-DC01,Windows Server 2022,Domain Controller,11.73,88.12,54.28,99.7958,0
2026-03-17T07:00,NSS-LINUX-APP01,Ubuntu 24.04,Application Server,38.72,45.9,95.0,99.9834,1
2026-04-16T13:00,NSS-DC02,Windows Server 2022,Domain Controller,28.53,56.91,67.85,99.8243,0
2026-03-02T02:00,NSS-MON01,Ubuntu 24.04,Monitoring Server,26.93,48.95,66.05,99.8689,0
2026-04-02T21:00,NSS-LINUX-APP01,Ubuntu 24.04,Application Server,51.06,44.1,63.52,99.861,0
2026-02-21T17:00,NSS-DC01,Windows Server 2022,Domain Controller,20.78,52.54,20.65,99.9812,0
2026-06-16T16:00,NSS-FILE01,Windows Server 2022,File Server,23.28,64.2,47.72,99.9745,0
2026-02-21T23:00,NSS-FILE01,Windows Server 2022,File Server,16.97,61.24,28.28,99.9421,0
2026-07-20T08:00,NSS-FILE01,Windows Server 2022,File Server,21.07,75.56,72.27,99.7678,0
2026-01-14T01:00,NSS-LINUX-APP01,Ubuntu 24.04,Application Server,21.14,60.47,41.06,99.9112,0
2026-05-17T16:00,NSS-APP01,Windows Server 2022,Application Server,18.34,65.19,69.54,99.9212,0
2026-01-03T03:00,NSS-APP01,Windows Server 2022,Application Server,32.1,33.59,67.36,99.7568,0
2026-07-24T10:00,NSS-LINUX-APP01,Ubuntu 24.04,Application Server,28.98,66.25,64.48,99.8896,0
2026-07-02T01:00,NSS-LINUX-DB01,Rocky Linux 9,Database Server,50.87,50.09,61.29,99.858,0
2026-03-05T21:00,NSS-DC02,Windows Server 2022,Domain Controller,37.07,50.25,61.83,99.9462,0
2026-03-21T09:00,NSS-LINUX-DB01,Rocky Linux 9,Database Server,33.79,60.68,70.97,99.7725,0
2026-03-10T08:00,NSS-DC02,Windows Server 2022,Domain Controller,32.09,67.25,66.65,99.9306,0
2026-02-11T16:00,NSS-DC02,Windows Server 2022,Domain Controller,26.32,37.41,54.64,99.7887,0
2026-05-28T11:00,NSS-DC02,Windows Server 2022,Domain Controller,24.04,54.24,36.32,99.9994,0
2026-02-23T17:00,NSS-DC01,Windows Server 2022,Domain Controller,34.99,55.26,72.39,99.7998,0
2026-05-17T21:00,NSS-APP01,Windows Server 2022,Application Server,24.53,57.29,49.39,99.8135,0
2026-02-14T04:00,NSS-LINUX-APP01,Ubuntu 24.04,Application Server,15.76,34.42,56.37,99.912,0
2026-02-07T08:00,NSS-FILE01,Windows Server 2022,File Server,33.83,45.79,85.56,99.9251,1
2026-02-09T02:00,NSS-FILE01,Windows Server 2022,File Server,2.0,59.94,45.61,99.9172,0
2026-07-06T20:00,NSS-DC01,Windows Server 2022,Domain Controller,37.81,44.65,56.59,99.9638,0
2026-06-24T09:00,NSS-MON01,Ubuntu 24.04,Monitoring Server,31.87,63.72,64.92,99.8754,0
2026-07-29T10:00,NSS-MON01,Ubuntu 24.04,Monitoring Server,29.0,48.8,72.42,99.9986,0
2026-01-21T17:00,NSS-LINUX-DB01,Rocky Linux 9,Database Server,19.81,41.09,95.0,99.9622,1
2026-03-15T07:00,NSS-MON01,Ubuntu 24.04,Monitoring Server,17.39,74.12,89.03,99.7533,1
2026-01-07T12:00,NSS-DC01,Windows Server 2022,Domain Controller,20.52,67.42,74.67,99.8009,0
2026-05-26T01:00,NSS-DC02,Windows Server 2022,Domain Controller,24.24,60.42,93.57,99.9664,1
2026-03-03T15:00,NSS-DC01,Windows Server 2022,Domain Controller,35.61,73.57,49.07,99.9025,0
2026-07-24T18:00,NSS-APP01,Windows Server 2022,Application Server,20.69,62.6,71.83,99.9536,0
2026-01-02T03:00,NSS-DC01,Windows Server 2022,Domain Controller,18.48,39.49,87.53,99.9113,1
2026-06-09T04:00,NSS-APP01,Windows Server 2022,Application Server,48.95,50.02,48.49,99.8224,0
2026-02-09T20:00,NSS-FILE01,Windows Server 2022,File Server,21.42,45.49,61.06,99.771,0
2026-02-19T13:00,NSS-APP01,Windows Server 2022,Application Server,45.3,56.51,40.1,99.893,0
2026-04-30T14:00,NSS-APP01,Windows Server 2022,Application Server,22.34,51.14,53.95,99.9078,0
2026-04-07T20:00,NSS-DC01,Windows Server 2022,Domain Controller,2.0,46.54,54.24,99.9746,0
2026-02-11T06:00,NSS-DC01,Windows Server 2022,Domain Controller,19.05,35.23,49.65,99.9467,0
2026-05-23T14:00,NSS-DC01,Windows Server 2022,Domain Controller,12.47,56.8,68.41,99.8351,0
2026-01-07T10:00,NSS-LINUX-DB01,Rocky Linux 9,Database Server,23.85,61.68,51.0,99.96,0
2026-07-06T23:00,NSS-DC01,Windows Server 2022,Domain Controller,36.57,57.49,70.88,99.7918,0
2026-04-10T21:00,NSS-LINUX-APP01,Ubuntu 24.04,Application Server,27.14,18.2,72.17,99.9709,0
2026-03-01T12:00,NSS-FILE01,Windows Server 2022,File Server,8.41,46.61,56.32,99.7899,0
2026-07-07T03:00,NSS-MON01,Ubuntu 24.04,Monitoring Server,49.0,84.82,53.57,99.7689,0
2026-06-17T06:00,NSS-MON01,Ubuntu 24.04,Monitoring Server,33.0,44.68,66.75,99.9687,0
2026-07-18T14:00,NSS-LINUX-DB01,Rocky Linux 9,Database Server,23.49,48.31,58.99,99.8794,0
2026-02-11T23:00,NSS-DC01,Windows Server 2022,Domain Controller,39.29,52.39,71.8,99.772,0
2026-05-22T23:00,NSS-MON01,Ubuntu 24.04,Monitoring Server,33.25,50.79,68.74,99.7634,0
2026-05-12T00:00,NSS-APP01,Windows Server 2022,Application Server,17.25,77.07,57.55,99.9464,0
2026-04-27T13:00,NSS-DC01,Windows Server 2022,Domain Controller,42.08,26.51,51.04,99.8613,0
2026-05-05T13:00,NSS-FILE01,Windows Server 2022,File Server,6.72,53.58,64.6,99.7822,0
2026-06-17T14:00,NSS-LINUX-APP01,Ubuntu 24.04,Application Server,20.79,41.88,66.52,99.8084,0
2026-05-31T05:00,NSS-DC02,Windows Server 2022,Domain Controller,31.28,61.08,44.93,99.965,0
2026-03-10T20:00,NSS-LINUX-APP01,Ubuntu 24.04,Application Server,40.02,50.61,90.97,99.7878,1
2026-05-03T09:00,NSS-DC01,Windows Server 2022,Domain Controller,19.48,48.19,51.6,99.8809,0
2026-04-23T16:00,NSS-DC01,Windows Server 2022,Domain Controller,12.58,69.41,84.0,99.9184,0
2026-03-12T21:00,NSS-MON01,Ubuntu 24.04,Monitoring Server,55.32,74.18,55.79,99.9813,0
2026-06-25T04:00,NSS-FILE01,Windows Server 2022,File Server,36.28,42.49,81.51,99.9101,0
2026-01-28T15:00,NSS-APP01,Windows Server 2022,Application Server,30.02,58.0,57.76,99.8333,0
2026-01-27T00:00,NSS-DC01,Windows Server 2022,Domain Controller,23.0,63.82,46.62,99.8393,0
2026-04-08T01:00,NSS-FILE01,Windows Server 2022,File Server,11.67,53.68,51.58,99.7768,0
2026-07-09T20:00,NSS-FILE01,Windows Server 2022,File Server,28.84,90.23,53.62,99.8373,1
2026-05-23T04:00,NSS-MON01,Ubuntu 24.04,Monitoring Server,33.52,57.41,49.92,99.8882,0
2026-01-08T09:00,NSS-DC01,Windows Server 2022,Domain Controller,13.9,68.08,40.88,99.8398,0
2026-02-19T17:00,NSS-DC02,Windows Server 2022,Domain Controller,37.79,49.49,69.38,99.8205,0
2026-01-03T21:00,NSS-FILE01,Windows Server 2022,File Server,29.74,47.76,86.61,99.8942,1
2026-04-11T23:00,NSS-LINUX-APP01,Ubuntu 24.04,Application Server,20.17,39.14,84.59,99.8325,0
2026-03-02T09:00,NSS-MON01,Ubuntu 24.04,Monitoring Server,58.52,56.43,63.81,99.9951,0
2026-04-20T00:00,NSS-DC02,Windows Server 2022,Domain Controller,28.65,49.26,84.07,99.7793,0
2026-06-16T16:00,NSS-APP01,Windows Server 2022,Application Server,24.09,49.9,74.72,99.7546,0
2026-02-15T04:00,NSS-FILE01,Windows Server 2022,File Server,24.72,28.33,64.65,99.8872,0
2026-07-24T02:00,NSS-LINUX-APP01,Ubuntu 24.04,Application Server,13.55,33.54,64.61,99.8207,0
2026-05-31T23:00,NSS-LINUX-APP01,Ubuntu 24.04,Application Server,38.41,46.94,88.48,99.9905,1
2026-07-25T08:00,NSS-LINUX-DB01,Rocky Linux 9,Database Server,43.96,32.77,57.41,99.856,0
2026-04-29T14:00,NSS-DC02,Windows Server 2022,Domain Controller,9.03,27.31,56.13,99.972,0
2026-04-16T01:00,NSS-DC01,Windows Server 2022,Domain Controller,37.67,35.24,62.28,99.955,0
2026-01-05T21:00,NSS-DC01,Windows Server 2022,Domain Controller,32.78,37.23,58.17,99.9739,0
2026-07-16T16:00,NSS-DC01,Windows Server 2022,Domain Controller,2.0,48.03,77.16,99.7812,0
2026-01-04T13:00,NSS-MON01,Ubuntu 24.04,Monitoring Server,10.13,74.05,58.21,99.794,0
2026-07-03T09:00,NSS-MON01,Ubuntu 24.04,Monitoring Server,17.44,74.38,62.19,99.9729,0
2026-01-10T23:00,NSS-DC02,Windows Server 2022,Domain Controller,30.97,69.84,57.4,99.7869,0
2026-03-30T19:00,NSS-LINUX-APP01,Ubuntu 24.04,Application Server,30.25,54.06,69.64,99.9726,0
2026-02-07T19:00,NSS-DC02,Windows Server 2022,Domain Controller,32.17,65.66,78.1,99.8897,0
2026-05-12T01:00,NSS-FILE01,Windows Server 2022,File Server,39.71,50.78,66.23,99.9079,0
2026-06-04T17:00,NSS-APP01,Windows Server 2022,Application Server,48.83,41.99,52.49,99.7864,0
2026-03-13T08:00,NSS-MON01,Ubuntu 24.04,Monitoring Server,28.16,76.7,69.98,99.7844,0
2026-07-13T23:00,NSS-MON01,Ubuntu 24.04,Monitoring Server,48.06,53.6,59.81,99.995,0
2026-03-28T18:00,NSS-DC02,Windows Server 2022,Domain Controller,34.21,54.91,67.59,99.9733,0
2026-04-15T03:00,NSS-DC02,Windows Server 2022,Domain Controller,48.95,75.58,58.61,99.9037,0
2026-03-17T05:00,NSS-LINUX-APP01,Ubuntu 24.04,Application Server,46.73,70.79,56.52,99.872,0
2026-03-02T05:00,NSS-MON01,Ubuntu 24.04,Monitoring Server,17.92,68.27,42.68,99.8459,0
2026-01-03T21:00,NSS-FILE01,Windows Server 2022,File Server,8.36,68.51,48.46,99.8041,0
2026-01-19T06:00,NSS-APP01,Windows Server 2022,Application Server,17.88,46.62,45.92,99.8585,0
2026-06-10T08:00,NSS-MON01,Ubuntu 24.04,Monitoring Server,54.64,48.67,53.04,99.9485,0
2026-01-01T17:00,NSS-FILE01,Windows Server 2022,File Server,37.63,53.68,42.98,99.8347,0
2026-05-03T14:00,NSS-LINUX-DB01,Rocky Linux 9,Database Server,19.53,64.75,63.25,99.9656,0
2026-01-13T09:00,NSS-DC01,Windows Server 2022,Domain Controller,49.25,56.24,33.94,99.9381,0
2026-06-17T16:00,NSS-MON01,Ubuntu 24.04,Monitoring Server,16.33,56.52,58.27,99.7643,0
2026-01-04T22:00,NSS-LINUX-APP01,Ubuntu 24.04,Application Server,8.44,53.53,50.9,99.7573,0
2026-05-30T22:00,NSS-MON01,Ubuntu 24.04,Monitoring Server,24.58,57.3,60.8,99.8807,0
2026-02-10T08:00,NSS-LINUX-DB01,Rocky Linux 9,Database Server,35.37,58.22,58.23,99.899,0
2026-02-12T15:00,NSS-APP01,Windows Server 2022,Application Server,37.4,50.17,55.57,99.8935,0
2026-05-26T14:00,NSS-FILE01,Windows Server 2022,File Server,26.87,49.66,68.04,99.7985,0
2026-06-17T16:00,NSS-DC01,Windows Server 2022,Domain Controller,44.72,43.79,60.8,99.9628,0
2026-06-26T12:00,NSS-APP01,Windows Server 2022,Application Server,15.02,50.5,51.0,99.8048,0
2026-05-07T17:00,NSS-FILE01,Windows Server 2022,File Server,17.03,54.55,95.0,99.9664,1
2026-05-07T00:00,NSS-LINUX-DB01,Rocky Linux 9,Database Server,20.63,58.1,75.69,99.8693,0
2026-07-03T02:00,NSS-APP01,Windows Server 2022,Application Server,14.97,69.29,50.13,99.7568,0
2026-04-25T06:00,NSS-LINUX-APP01,Ubuntu 24.04,Application Server,4.9,51.78,31.17,99.979,0
2026-05-19T19:00,NSS-LINUX-APP01,Ubuntu 24.04,Application Server,43.69,44.48,59.76,99.8295,0
2026-07-15T08:00,NSS-FILE01,Windows Server 2022,File Server,29.13,42.6,37.84,99.8765,0
2026-01-11T01:00,NSS-APP01,Windows Server 2022,Application Server,48.23,68.45,68.55,99.7697,0
2026-01-06T17:00,NSS-APP01,Windows Server 2022,Application Server,40.9,51.85,53.72,99.9862,0
2026-04-10T14:00,NSS-LINUX-APP01,Ubuntu 24.04,Application Server,21.29,60.31,62.13,99.9011,0
2026-02-17T07:00,NSS-DC01,Windows Server 2022,Domain Controller,38.42,86.75,62.23,99.8874,0
2026-06-10T10:00,NSS-DC02,Windows Server 2022,Domain Controller,34.14,39.24,48.2,99.9747,0
2026-06-09T09:00,NSS-LINUX-APP01,Ubuntu 24.04,Application Server,40.2,64.54,57.5,99.9019,0
2026-04-22T19:00,NSS-DC02,Windows Server 2022,Domain Controller,17.98,68.69,75.27,99.8813,0
2026-05-24T22:00,NSS-LINUX-DB01,Rocky Linux 9,Database Server,32.84,42.87,25.66,99.9949,0
2026-03-06T15:00,NSS-FILE01,Windows Server 2022,File Server,44.43,47.47,77.84,99.9794,0
2026-04-09T14:00,NSS-LINUX-DB01,Rocky Linux 9,Database Server,2.0,26.94,47.87,99.9366,0
2026-07-28T18:00,NSS-LINUX-APP01,Ubuntu 24.04,Application Server,9.26,66.97,58.02,99.9672,0
2026-02-24T00:00,NSS-MON01,Ubuntu 24.04,Monitoring Server,19.53,77.5,40.12,99.7658,0
2026-05-07T06:00,NSS-LINUX-DB01,Rocky Linux 9,Database Server,36.59,42.8,65.89,99.7502,0
2026-03-05T05:00,NSS-LINUX-APP01,Ubuntu 24.04,Application Server,16.42,54.9,69.76,99.8104,0
2026-04-11T15:00,NSS-MON01,Ubuntu 24.04,Monitoring Server,15.09,62.12,64.48,99.8414,0
2026-03-03T22:00,NSS-FILE01,Windows Server 2022,File Server,26.15,62.01,73.33,99.872,0
2026-01-20T02:00,NSS-LINUX-DB01,Rocky Linux 9,Database Server,39.21,61.68,84.61,99.7554,0
2026-02-20T01:00,NSS-LINUX-APP01,Ubuntu 24.04,Application Server,15.92,43.91,81.94,99.7748,0
2026-07-26T17:00,NSS-FILE01,Windows Server 2022,File Server,24.13,53.45,53.64,99.8749,0
2026-07-08T10:00,NSS-DC01,Windows Server 2022,Domain Controller,61.52,57.87,34.36,99.8357,0
2026-02-26T02:00,NSS-DC02,Windows Server 2022,Domain Controller,29.23,46.1,75.77,99.9107,0
2026-07-07T12:00,NSS-DC01,Windows Server 2022,Domain Controller,16.56,57.05,51.88,99.964,0
2026-02-23T18:00,NSS-LINUX-DB01,Rocky Linux 9,Database Server,30.13,40.26,94.37,99.946,1
2026-02-04T09:00,NSS-MON01,Ubuntu 24.04,Monitoring Server,8.13,61.42,34.46,99.8016,0
2026-07-20T09:00,NSS-DC02,Windows Server 2022,Domain Controller,33.23,76.75,51.1,99.8226,0
2026-02-16T16:00,NSS-MON01,Ubuntu 24.04,Monitoring Server,39.86,57.83,53.33,99.7643,0
2026-03-11T02:00,NSS-LINUX-APP01,Ubuntu 24.04,Application Server,28.47,43.25,79.64,99.9611,0
2026-07-02T03:00,NSS-DC01,Windows Server 2022,Domain Controller,34.37,54.94,51.55,99.9395,0
2026-07-27T16:00,NSS-DC02,Windows Server 2022,Domain Controller,35.44,66.85,36.17,99.7725,0
2026-02-05T20:00,NSS-DC02,Windows Server 2022,Domain Controller,51.56,63.21,47.3,99.9906,0
2026-02-08T21:00,NSS-LINUX-DB01,Rocky Linux 9,Database Server,21.5,75.36,64.87,99.984,0
2026-05-14T10:00,NSS-APP01,Windows Server 2022,Application Server,56.23,61.82,48.6,99.8373,0
2026-04-04T02:00,NSS-LINUX-APP01,Ubuntu 24.04,Application Server,29.74,35.51,64.09,99.9183,0
2026-05-06T11:00,NSS-LINUX-APP01,Ubuntu 24.04,Application Server,12.6,44.89,35.84,99.9161,0
2026-01-26T21:00,NSS-MON01,Ubuntu 24.04,Monitoring Server,50.97,56.07,49.28,99.935,0
2026-05-19T23:00,NSS-MON01,Ubuntu 24.04,Monitoring Server,29.3,62.26,70.9,99.8633,0
2026-02-02T04:00,NSS-APP01,Windows Server 2022,Application Server,23.68,41.6,52.73,99.7708,0
2026-01-21T10:00,NSS-FILE01,Windows Server 2022,File Server,17.64,29.66,64.97,99.978,0
2026-04-28T21:00,NSS-DC02,Windows Server 2022,Domain Controller,32.41,42.95,52.22,99.8335,0
2026-02-21T14:00,NSS-LINUX-APP01,Ubuntu 24.04,Application Server,39.26,58.81,64.46,99.8852,0
2026-02-28T18:00,NSS-DC02,Windows Server 2022,Domain Controller,26.22,56.08,78.06,99.832,0
2026-04-12T00:00,NSS-APP01,Windows Server 2022,Application Server,25.81,64.13,71.18,99.8311,0
2026-05-25T17:00,NSS-DC02,Windows Server 2022,Domain Controller,41.55,57.22,65.67,99.8879,0
2026-03-09T08:00,NSS-MON01,Ubuntu 24.04,Monitoring Server,2.0,57.01,48.43,99.9127,0
2026-04-24T01:00,NSS-DC01,Windows Server 2022,Domain Controller,27.01,62.97,62.94,99.8749,0
2026-03-18T12:00,NSS-LINUX-APP01,Ubuntu 24.04,Application Server,23.4,47.83,61.87,99.7949,0
2026-06-01T06:00,NSS-DC02,Windows Server 2022,Domain Controller,33.6,67.99,59.23,99.7729,0
2026-06-10T12:00,NSS-DC01,Windows Server 2022,Domain Controller,45.46,56.62,75.06,99.804,0
2026-03-07T14:00,NSS-MON01,Ubuntu 24.04,Monitoring Server,30.66,52.75,77.01,99.8956,0
2026-07-16T01:00,NSS-DC01,Windows Server 2022,Domain Controller,28.65,41.53,30.49,99.9821,0
2026-01-08T08:00,NSS-APP01,Windows Server 2022,Application Server,38.37,39.8,53.47,99.9607,0
2026-06-28T09:00,NSS-APP01,Windows Server 2022,Application Server,45.97,56.67,55.73,99.872,0
2026-06-30T12:00,NSS-APP01,Windows Server 2022,Application Server,45.99,64.13,55.56,99.8285,0
2026-06-23T18:00,NSS-DC02,Windows Server 2022,Domain Controller,27.25,76.57,66.95,99.9515,0
2026-02-08T09:00,NSS-LINUX-APP01,Ubuntu 24.04,Application Server,37.56,37.94,45.52,99.8058,0
2026-04-01T05:00,NSS-LINUX-DB01,Rocky Linux 9,Database Server,2.0,37.76,62.91,99.7982,0
2026-01-22T14:00,NSS-DC01,Windows Server 2022,Domain Controller,41.31,68.66,42.78,99.9596,0
2026-03-30T15:00,NSS-DC02,Windows Server 2022,Domain Controller,22.24,49.56,67.5,99.9114,0
2026-05-02T16:00,NSS-LINUX-APP01,Ubuntu 24.04,Application Server,50.95,59.0,61.43,99.8264,0
2026-01-14T23:00,NSS-FILE01,Windows Server 2022,File Server,12.02,65.29,72.54,99.7687,0
2026-01-31T04:00,NSS-DC01,Windows Server 2022,Domain Controller,2.0,49.99,46.9,99.9051,0
2026-02-21T14:00,NSS-DC02,Windows Server 2022,Domain Controller,16.31,69.85,47.71,99.7602,0
2026-06-02T09:00,NSS-DC01,Windows Server 2022,Domain Controller,44.31,93.81,63.34,99.9112,1
2026-07-14T03:00,NSS-LINUX-DB01,Rocky Linux 9,Database Server,35.3,69.68,74.95,99.7601,0
2026-05-18T23:00,NSS-DC02,Windows Server 2022,Domain Controller,42.83,73.96,70.05,99.9416,0
2026-07-19T12:00,NSS-LINUX-DB01,Rocky Linux 9,Database Server,9.18,69.94,62.39,99.8165,0
2026-01-15T12:00,NSS-MON01,Ubuntu 24.04,Monitoring Server,24.8,60.39,66.54,99.8164,0
2026-02-19T18:00,NSS-DC01,Windows Server 2022,Domain Controller,21.75,42.5,41.31,99.9662,0
2026-03-02T01:00,NSS-LINUX-DB01,Rocky Linux 9,Database Server,25.23,53.16,56.34,99.8649,0
2026-01-30T18:00,NSS-MON01,Ubuntu 24.04,Monitoring Server,12.32,45.94,65.24,99.8128,0
2026-02-03T21:00,NSS-LINUX-DB01,Rocky Linux 9,Database Server,11.47,29.99,52.02,99.7643,0
2026-07-01T03:00,NSS-LINUX-DB01,Rocky Linux 9,Database Server,42.61,42.79,54.85,99.8847,0
2026-04-02T07:00,NSS-APP01,Windows Server 2022,Application Server,30.31,40.38,71.63,99.9056,0
2026-01-25T11:00,NSS-FILE01,Windows Server 2022,File Server,43.37,56.49,66.75,99.753,0
2026-05-24T11:00,NSS-APP01,Windows Server 2022,Application Server,21.18,70.99,64.37,99.8805,0
2026-07-01T03:00,NSS-APP01,Windows Server 2022,Application Server,27.04,46.43,29.24,99.8874,0
2026-04-19T23:00,NSS-LINUX-DB01,Rocky Linux 9,Database Server,23.9,67.7,59.98,99.8307,0
2026-02-01T23:00,NSS-MON01,Ubuntu 24.04,Monitoring Server,17.57,87.65,63.31,99.9631,0
2026-06-22T07:00,NSS-LINUX-APP01,Ubuntu 24.04,Application Server,22.95,39.03,60.25,99.9456,0
2026-07-14T08:00,NSS-LINUX-APP01,Ubuntu 24.04,Application Server,51.76,38.48,83.29,99.7832,0
2026-07-07T02:00,NSS-LINUX-DB01,Rocky Linux 9,Database Server,2.0,39.21,52.24,99.7731,0
2026-04-28T09:00,NSS-MON01,Ubuntu 24.04,Monitoring Server,7.76,61.4,57.35,99.7616,0
2026-07-03T07:00,NSS-APP01,Windows Server 2022,Application Server,2.0,68.18,78.11,99.8034,0
2026-05-08T08:00,NSS-LINUX-DB01,Rocky Linux 9,Database Server,38.17,45.59,68.52,99.8986,0
2026-06-30T07:00,NSS-DC02,Windows Server 2022,Domain Controller,37.59,78.11,65.65,99.9241,0
2026-03-09T16:00,NSS-FILE01,Windows Server 2022,File Server,21.38,56.03,43.99,99.9474,0
2026-04-27T08:00,NSS-DC02,Windows Server 2022,Domain Controller,2.23,40.14,27.31,99.7786,0
2026-03-27T14:00,NSS-DC02,Windows Server 2022,Domain Controller,35.65,62.84,71.24,99.8031,0
2026-05-16T17:00,NSS-APP01,Windows Server 2022,Application Server,2.0,46.1,57.75,99.775,0
2026-02-25T16:00,NSS-DC02,Windows Server 2022,Domain Controller,2.0,26.35,65.53,99.7991,0
2026-06-19T13:00,NSS-FILE01,Windows Server 2022,File Server,2.0,88.0,79.8,99.9022,0
2026-04-30T10:00,NSS-LINUX-DB01,Rocky Linux 9,Database Server,26.14,59.02,74.67,99.8204,0
2026-05-23T02:00,NSS-DC02,Windows Server 2022,Domain Controller,19.49,30.56,62.32,99.8614,0
2026-04-14T14:00,NSS-FILE01,Windows Server 2022,File Server,28.72,52.83,95.0,99.9014,1
2026-06-04T11:00,NSS-DC02,Windows Server 2022,Domain Controller,31.05,58.89,49.99,99.8664,0
2026-07-16T18:00,NSS-MON01,Ubuntu 24.04,Monitoring Server,46.45,29.6,57.71,99.8103,0
2026-04-22T21:00,NSS-DC02,Windows Server 2022,Domain Controller,28.98,76.56,60.17,99.9383,0
2026-01-26T04:00,NSS-DC02,Windows Server 2022,Domain Controller,5.26,82.59,46.26,99.8987,0
2026-06-27T15:00,NSS-DC02,Windows Server 2022,Domain Controller,40.5,35.69,66.83,99.9994,0
2026-02-26T06:00,NSS-FILE01,Windows Server 2022,File Server,39.66,44.6,69.43,99.7974,0
2026-05-11T22:00,NSS-FILE01,Windows Server 2022,File Server,30.09,48.61,45.88,99.9085,0
2026-04-05T22:00,NSS-MON01,Ubuntu 24.04,Monitoring Server,19.19,77.58,71.03,99.7879,0
2026-07-27T01:00,NSS-MON01,Ubuntu 24.04,Monitoring Server,51.85,31.12,64.06,99.9886,0
2026-07-23T15:00,NSS-APP01,Windows Server 2022,Application Server,49.46,81.86,95.0,99.9356,1
2026-03-04T06:00,NSS-LINUX-APP01,Ubuntu 24.04,Application Server,17.01,69.56,53.15,99.8092,0
2026-05-24T20:00,NSS-APP01,Windows Server 2022,Application Server,12.05,51.62,45.23,99.9272,0
2026-01-10T19:00,NSS-APP01,Windows Server 2022,Application Server,13.42,62.24,77.8,99.9251,0
2026-06-22T06:00,NSS-DC02,Windows Server 2022,Domain Controller,2.0,62.38,55.75,99.9777,0
2026-06-01T23:00,NSS-LINUX-APP01,Ubuntu 24.04,Application Server,19.98,54.59,63.16,99.8599,0
2026-03-25T22:00,NSS-DC02,Windows Server 2022,Domain Controller,19.82,70.79,59.56,99.8026,0
2026-03-30T18:00,NSS-MON01,Ubuntu 24.04,Monitoring Server,22.84,43.91,58.74,99.8301,0
2026-02-05T09:00,NSS-LINUX-DB01,Rocky Linux 9,Database Server,36.26,56.63,70.29,99.7951,0
2026-06-30T00:00,NSS-MON01,Ubuntu 24.04,Monitoring Server,14.25,27.79,39.46,99.7773,0
2026-03-22T16:00,NSS-FILE01,Windows Server 2022,File Server,24.24,70.14,68.69,99.8924,0
2026-06-18T19:00,NSS-MON01,Ubuntu 24.04,Monitoring Server,37.81,52.26,62.36,99.8317,0
2026-07-28T18:00,NSS-DC02,Windows Server 2022,Domain Controller,13.49,53.5,64.18,99.8295,0
2026-05-22T14:00,NSS-MON01,Ubuntu 24.04,Monitoring Server,2.0,53.81,51.79,99.9564,0
2026-06-11T01:00,NSS-DC01,Windows Server 2022,Domain Controller,9.69,54.73,67.51,99.7675,0
2026-03-31T21:00,NSS-DC01,Windows Server 2022,Domain Controller,6.5,36.05,60.5,99.8992,0
2026-06-26T13:00,NSS-DC02,Windows Server 2022,Domain Controller,31.47,45.17,78.5,99.9831,0
2026-03-13T04:00,NSS-FILE01,Windows Server 2022,File Server,45.6,30.12,54.43,99.8906,0
2026-06-17T23:00,NSS-MON01,Ubuntu 24.04,Monitoring Server,2.0,31.87,69.51,99.8729,0
2026-07-20T01:00,NSS-DC01,Windows Server 2022,Domain Controller,33.77,47.43,25.93,99.7559,0
2026-05-09T04:00,NSS-DC02,Windows Server 2022,Domain Controller,13.56,58.28,54.62,99.7651,0
2026-04-10T18:00,NSS-APP01,Windows Server 2022,Application Server,31.96,65.93,52.43,99.8958,0
2026-02-04T12:00,NSS-FILE01,Windows Server 2022,File Server,18.43,63.4,57.17,99.899,0
2026-04-12T18:00,NSS-MON01,Ubuntu 24.04,Monitoring Server,32.73,48.33,95.0,99.7601,1
2026-06-03T12:00,NSS-APP01,Windows Server 2022,Application Server,17.79,46.16,79.25,99.8204,0
2026-06-23T19:00,NSS-LINUX-DB01,Rocky Linux 9,Database Server,33.65,60.03,63.11,99.9117,0
2026-02-04T23:00,NSS-LINUX-DB01,Rocky Linux 9,Database Server,25.88,72.02,59.94,99.7979,0
2026-04-29T05:00,NSS-DC01,Windows Server 2022,Domain Controller,10.11,33.22,61.21,99.9912,0
2026-07-28T20:00,NSS-MON01,Ubuntu 24.04,Monitoring Server,35.65,39.01,55.31,99.9326,0
2026-06-29T13:00,NSS-LINUX-APP01,Ubuntu 24.04,Application Server,17.64,42.4,55.31,99.8591,0
2026-06-15T01:00,NSS-DC01,Windows Server 2022,Domain Controller,17.42,51.71,69.98,99.9334,0
2026-07-23T06:00,NSS-LINUX-APP01,Ubuntu 24.04,Application Server,25.55,48.37,62.66,99.7825,0
2026-03-18T00:00,NSS-DC02,Windows Server 2022,Domain Controller,24.39,28.61,55.55,99.838,0
2026-06-12T02:00,NSS-MON01,Ubuntu 24.04,Monitoring Server,47.1,96.21,70.21,99.9297,1
2026-04-01T15:00,NSS-APP01,Windows Server 2022,Application Server,34.96,34.25,78.56,99.9144,0
2026-05-25T14:00,NSS-DC02,Windows Server 2022,Domain Controller,41.06,56.84,47.98,99.8597,0
2026-03-15T17:00,NSS-MON01,Ubuntu 24.04,Monitoring Server,32.43,53.86,53.24,99.9662,0
2026-02-25T02:00,NSS-FILE01,Windows Server 2022,File Server,59.35,45.55,61.61,99.9883,0
2026-02-28T05:00,NSS-FILE01,Windows Server 2022,File Server,49.09,21.49,71.77,99.9687,0
2026-01-05T16:00,NSS-APP01,Windows Server 2022,Application Server,25.1,35.13,57.68,99.9583,0
2026-07-12T04:00,NSS-LINUX-DB01,Rocky Linux 9,Database Server,26.39,66.19,41.12,99.8877,0
2026-03-11T00:00,NSS-MON01,Ubuntu 24.04,Monitoring Server,48.05,26.15,67.06,99.8539,0
2026-06-09T13:00,NSS-APP01,Windows Server 2022,Application Server,34.73,58.52,65.23,99.855,0
2026-05-05T04:00,NSS-LINUX-DB01,Rocky Linux 9,Database Server,44.72,55.87,53.0,99.8161,0
2026-03-13T15:00,NSS-LINUX-APP01,Ubuntu 24.04,Application Server,26.27,41.16,82.99,99.9113,0
2026-05-01T05:00,NSS-LINUX-DB01,Rocky Linux 9,Database Server,51.45,50.66,48.1,99.798,0
2026-03-21T05:00,NSS-MON01,Ubuntu 24.04,Monitoring Server,46.35,62.81,74.18,99.8341,0
2026-03-20T20:00,NSS-DC02,Windows Server 2022,Domain Controller,20.49,57.87,57.48,99.7698,0
2026-05-09T01:00,NSS-LINUX-APP01,Ubuntu 24.04,Application Server,16.27,39.14,53.13,99.8645,0
2026-03-05T20:00,NSS-DC01,Windows Server 2022,Domain Controller,13.94,48.79,63.76,99.8961,0
2026-03-07T00:00,NSS-DC01,Windows Server 2022,Domain Controller,30.56,56.47,59.89,99.9837,0
2026-04-02T02:00,NSS-FILE01,Windows Server 2022,File Server,33.49,44.6,51.57,99.8109,0
2026-04-18T00:00,NSS-FILE01,Windows Server 2022,File Server,40.89,64.25,58.7,99.7916,0
2026-05-11T14:00,NSS-MON01,Ubuntu 24.04,Monitoring Server,32.88,35.37,49.97,99.9574,0
2026-07-08T17:00,NSS-DC01,Windows Server 2022,Domain Controller,31.92,38.09,55.44,99.9348,0
2026-02-01T03:00,NSS-LINUX-APP01,Ubuntu 24.04,Application Server,5.27,50.1,56.01,99.7562,0
2026-04-28T07:00,NSS-DC02,Windows Server 2022,Domain Controller,40.24,49.95,42.01,99.9006,0
2026-06-26T19:00,NSS-LINUX-DB01,Rocky Linux 9,Database Server,28.04,39.88,41.74,99.7724,0
2026-06-20T06:00,NSS-LINUX-APP01,Ubuntu 24.04,Application Server,23.13,63.61,54.09,99.8025,0
2026-05-09T11:00,NSS-LINUX-DB01,Rocky Linux 9,Database Server,28.07,53.95,49.52,99.9599,0
2026-06-29T10:00,NSS-LINUX-APP01,Ubuntu 24.04,Application Server,30.91,46.83,42.81,99.8568,0
2026-03-20T15:00,NSS-MON01,Ubuntu 24.04,Monitoring Server,15.99,47.35,87.81,99.985,1
2026-07-17T11:00,NSS-FILE01,Windows Server 2022,File Server,33.74,68.29,27.97,99.8967,0
2026-03-09T09:00,NSS-DC02,Windows Server 2022,Domain Controller,31.9,40.31,72.72,99.791,0
2026-04-13T13:00,NSS-MON01,Ubuntu 24.04,Monitoring Server,28.32,45.9,65.07,99.8051,0
2026-07-24T01:00,NSS-MON01,Ubuntu 24.04,Monitoring Server,24.1,51.12,72.42,99.8149,0
2026-03-03T08:00,NSS-LINUX-APP01,Ubuntu 24.04,Application Server,11.08,38.56,76.27,99.9087,0
2026-01-25T03:00,NSS-DC01,Windows Server 2022,Domain Controller,29.73,65.98,45.99,99.9026,0
2026-01-06T05:00,NSS-MON01,Ubuntu 24.04,Monitoring Server,35.53,70.85,84.33,99.8834,0
2026-01-14T05:00,NSS-MON01,Ubuntu 24.04,Monitoring Server,47.91,66.13,10.96,99.9089,0
2026-03-12T12:00,NSS-LINUX-DB01,Rocky Linux 9,Database Server,4.58,40.68,37.77,99.7834,0
2026-01-10T02:00,NSS-FILE01,Windows Server 2022,File Server,45.91,52.15,42.28,99.9,0
2026-05-08T12:00,NSS-MON01,Ubuntu 24.04,Monitoring Server,32.72,57.94,53.2,99.9001,0
2026-04-13T17:00,NSS-DC01,Windows Server 2022,Domain Controller,32.74,61.87,38.49,99.9093,0
2026-01-24T14:00,NSS-APP01,Windows Server 2022,Application Server,25.72,44.93,43.62,99.8136,0
2026-01-11T21:00,NSS-DC02,Windows Server 2022,Domain Controller,33.56,58.2,56.02,99.8087,0
2026-03-22T05:00,NSS-APP01,Windows Server 2022,Application Server,19.41,47.75,40.12,99.8054,0
2026-05-01T16:00,NSS-MON01,Ubuntu 24.04,Monitoring Server,39.03,74.36,48.03,99.9016,0
2026-05-22T13:00,NSS-APP01,Windows Server 2022,Application Server,18.55,40.88,50.89,99.8716,0
2026-03-03T14:00,NSS-DC01,Windows Server 2022,Domain Controller,29.82,65.35,46.3,99.8361,0
2026-03-05T10:00,NSS-LINUX-DB01,Rocky Linux 9,Database Server,12.62,39.25,62.8,99.9237,0
2026-03-08T09:00,NSS-MON01,Ubuntu 24.04,Monitoring Server,22.64,27.79,67.9,99.7903,0
2026-06-18T06:00,NSS-DC02,Windows Server 2022,Domain Controller,30.35,52.72,47.49,99.8384,0
2026-04-23T13:00,NSS-MON01,Ubuntu 24.04,Monitoring Server,25.98,45.9,25.5,99.877,0
2026-05-27T21:00,NSS-DC02,Windows Server 2022,Domain Controller,34.11,52.85,61.19,99.8352,0
2026-01-24T04:00,NSS-DC01,Windows Server 2022,Domain Controller,21.12,26.18,62.02,99.877,0
2026-01-19T09:00,NSS-LINUX-DB01,Rocky Linux 9,Database Server,33.41,29.42,47.38,99.9324,0
2026-06-06T01:00,NSS-APP01,Windows Server 2022,Application Server,19.01,44.88,65.59,99.9215,0
2026-01-23T20:00,NSS-LINUX-DB01,Rocky Linux 9,Database Server,50.39,58.04,41.68,99.7722,0
2026-01-13T11:00,NSS-DC02,Windows Server 2022,Domain Controller,12.07,48.45,59.66,99.9523,0
2026-07-07T09:00,NSS-LINUX-DB01,Rocky Linux 9,Database Server,4.35,51.95,74.01,99.7844,0
2026-01-16T16:00,NSS-FILE01,Windows Server 2022,File Server,20.95,47.06,72.26,99.8993,0
2026-05-20T22:00,NSS-DC02,Windows Server 2022,Domain Controller,14.54,76.54,42.2,99.9078,0
2026-03-24T08:00,NSS-MON01,Ubuntu 24.04,Monitoring Server,34.94,40.94,44.75,99.8366,0
2026-03-17T06:00,NSS-FILE01,Windows Server 2022,File Server,41.92,65.08,51.38,99.7526,0
2026-02-19T12:00,NSS-LINUX-APP01,Ubuntu 24.04,Application Server,32.34,61.86,49.92,99.8068,0
2026-07-21T23:00,NSS-DC01,Windows Server 2022,Domain Controller,23.53,57.01,44.71,99.7951,0
2026-03-02T21:00,NSS-FILE01,Windows Server 2022,File Server,40.85,41.24,75.32,99.8633,0
2026-05-11T05:00,NSS-DC01,Windows Server 2022,Domain Controller,29.96,60.98,37.81,99.9998,0
2026-03-26T09:00,NSS-FILE01,Windows Server 2022,File Server,25.28,40.0,47.54,99.9958,0
2026-04-26T20:00,NSS-APP01,Windows Server 2022,Application Server,46.52,57.75,63.22,99.822,0
2026-06-10T04:00,NSS-DC02,Windows Server 2022,Domain Controller,34.27,51.47,38.82,99.9463,0
2026-07-23T18:00,NSS-FILE01,Windows Server 2022,File Server,21.68,25.22,72.68,99.8596,0
2026-06-14T10:00,NSS-LINUX-DB01,Rocky Linux 9,Database Server,9.89,42.44,75.11,99.8581,0
2026-04-04T07:00,NSS-APP01,Windows Server 2022,Application Server,37.98,51.13,67.0,99.8324,0
2026-03-05T10:00,NSS-DC01,Windows Server 2022,Domain Controller,19.99,31.03,67.93,99.9109,0
2026-05-03T09:00,NSS-MON01,Ubuntu 24.04,Monitoring Server,28.55,29.54,48.75,99.8574,0
2026-01-26T18:00,NSS-DC02,Windows Server 2022,Domain Controller,29.74,43.74,49.48,99.9831,0
2026-01-23T10:00,NSS-APP01,Windows Server 2022,Application Server,49.27,54.81,56.67,99.9377,0
2026-01-02T17:00,NSS-APP01,Windows Server 2022,Application Server,8.76,52.71,60.34,99.9165,0
2026-03-19T03:00,NSS-LINUX-APP01,Ubuntu 24.04,Application Server,34.93,30.84,73.45,99.9068,0
2026-06-20T04:00,NSS-MON01,Ubuntu 24.04,Monitoring Server,12.06,58.82,64.07,99.9221,0
2026-04-30T16:00,NSS-APP01,Windows Server 2022,Application Server,55.02,48.27,75.52,99.9984,0
2026-01-13T20:00,NSS-DC02,Windows Server 2022,Domain Controller,27.97,71.6,69.86,99.9967,0
2026-04-02T09:00,NSS-DC02,Windows Server 2022,Domain Controller,28.71,57.8,88.53,99.8008,1
2026-04-23T01:00,NSS-MON01,Ubuntu 24.04,Monitoring Server,14.47,34.48,34.54,99.755,0
2026-05-05T22:00,NSS-DC02,Windows Server 2022,Domain Controller,35.27,57.18,60.07,99.9227,0
2026-03-24T08:00,NSS-LINUX-DB01,Rocky Linux 9,Database Server,33.26,26.82,52.37,99.796,0
2026-05-28T03:00,NSS-FILE01,Windows Server 2022,File Server,30.41,72.4,82.52,99.962,0
2026-03-03T16:00,NSS-FILE01,Windows Server 2022,File Server,18.77,57.23,75.6,99.8607,0
2026-05-04T22:00,NSS-DC02,Windows Server 2022,Domain Controller,2.0,68.23,69.01,99.7705,0
2026-04-07T19:00,NSS-FILE01,Windows Server 2022,File Server,16.44,26.56,44.58,99.9375,0
2026-04-12T03:00,NSS-DC02,Windows Server 2022,Domain Controller,21.06,48.41,42.04,99.9533,0
2026-03-12T18:00,NSS-LINUX-APP01,Ubuntu 24.04,Application Server,44.06,46.48,57.73,99.8893,0
2026-03-19T12:00,NSS-MON01,Ubuntu 24.04,Monitoring Server,41.34,79.51,70.97,99.9628,0
2026-04-02T09:00,NSS-DC02,Windows Server 2022,Domain Controller,32.82,36.11,61.44,99.8376,0
2026-03-18T23:00,NSS-MON01,Ubuntu 24.04,Monitoring Server,52.15,53.76,74.18,99.8277,0
2026-01-30T12:00,NSS-LINUX-APP01,Ubuntu 24.04,Application Server,36.89,36.17,81.12,99.8442,0
2026-03-31T02:00,NSS-FILE01,Windows Server 2022,File Server,3.66,57.87,44.25,99.885,0
2026-04-15T14:00,NSS-MON01,Ubuntu 24.04,Monitoring Server,34.66,79.94,70.03,99.9941,0
2026-05-15T06:00,NSS-DC01,Windows Server 2022,Domain Controller,39.17,72.79,50.57,99.8892,0
2026-07-10T18:00,NSS-LINUX-APP01,Ubuntu 24.04,Application Server,23.37,59.62,84.8,99.7587,0
2026-04-28T07:00,NSS-FILE01,Windows Server 2022,File Server,47.43,61.11,57.79,99.9127,0
2026-03-29T05:00,NSS-MON01,Ubuntu 24.04,Monitoring Server,20.6,29.89,50.3,99.7834,0
2026-03-03T07:00,NSS-LINUX-DB01,Rocky Linux 9,Database Server,38.73,44.41,78.53,99.8105,0
2026-03-08T13:00,NSS-FILE01,Windows Server 2022,File Server,50.03,41.24,50.51,99.8927,0
2026-02-11T03:00,NSS-FILE01,Windows Server 2022,File Server,31.24,55.98,67.37,99.7652,0
2026-07-21T12:00,NSS-LINUX-DB01,Rocky Linux 9,Database Server,27.26,29.91,53.33,99.8151,0
2026-04-06T06:00,NSS-LINUX-DB01,Rocky Linux 9,Database Server,7.85,37.29,39.54,99.7635,0
2026-01-27T17:00,NSS-FILE01,Windows Server 2022,File Server,40.11,32.85,49.43,99.8012,0
2026-07-24T19:00,NSS-LINUX-DB01,Rocky Linux 9,Database Server,37.97,51.1,73.72,99.8239,0
2026-01-16T03:00,NSS-DC02,Windows Server 2022,Domain Controller,36.38,47.29,81.29,99.8017,0
2026-06-06T07:00,NSS-LINUX-DB01,Rocky Linux 9,Database Server,28.77,42.98,67.49,99.8423,0
2026-06-03T12:00,NSS-LINUX-DB01,Rocky Linux 9,Database Server,29.5,42.27,45.35,99.8769,0
2026-02-26T15:00,NSS-LINUX-DB01,Rocky Linux 9,Database Server,39.71,55.62,70.57,99.8673,0
2026-07-27T08:00,NSS-APP01,Windows Server 2022,Application Server,42.34,71.64,83.63,99.9814,0
2026-06-01T13:00,NSS-DC01,Windows Server 2022,Domain Controller,16.9,29.79,44.97,99.8372,0
2026-06-21T14:00,NSS-APP01,Windows Server 2022,Application Server,42.61,72.72,67.47,99.9809,0
2026-01-21T06:00,NSS-DC02,Windows Server 2022,Domain Controller,45.3,54.85,67.8,99.8689,0
2026-06-07T21:00,NSS-DC01,Windows Server 2022,Domain Controller,20.72,54.03,55.0,99.9392,0
2026-07-17T05:00,NSS-LINUX-APP01,Ubuntu 24.04,Application Server,18.09,57.48,85.49,99.798,1
2026-05-27T05:00,NSS-FILE01,Windows Server 2022,File Server,4.69,51.1,52.07,99.7824,0
2026-03-06T00:00,NSS-DC01,Windows Server 2022,Domain Controller,14.05,31.05,69.26,99.8895,0
2026-01-26T21:00,NSS-LINUX-DB01,Rocky Linux 9,Database Server,49.16,51.18,53.96,99.9658,0
2026-06-12T14:00,NSS-DC02,Windows Server 2022,Domain Controller,2.7,36.4,67.22,99.7933,0
2026-01-20T17:00,NSS-DC01,Windows Server 2022,Domain Controller,29.5,67.29,49.36,99.9359,0
2026-02-02T11:00,NSS-FILE01,Windows Server 2022,File Server,30.27,63.58,65.72,99.8118,0
2026-02-26T00:00,NSS-LINUX-DB01,Rocky Linux 9,Database Server,33.42,36.55,70.79,99.7976,0
2026-04-14T06:00,NSS-LINUX-APP01,Ubuntu 24.04,Application Server,40.39,53.25,51.3,99.9737,0
2026-06-14T11:00,NSS-MON01,Ubuntu 24.04,Monitoring Server,8.06,69.11,65.93,99.8109,0
2026-07-21T14:00,NSS-APP01,Windows Server 2022,Application Server,22.46,40.39,41.87,99.8475,0
2026-05-12T03:00,NSS-LINUX-APP01,Ubuntu 24.04,Application Server,35.69,71.32,66.08,99.9988,0
2026-02-04T01:00,NSS-LINUX-APP01,Ubuntu 24.04,Application Server,43.32,83.16,83.37,99.9909,0
2026-01-27T18:00,NSS-LINUX-APP01,Ubuntu 24.04,Application Server,10.84,35.61,64.65,99.9707,0
2026-03-23T01:00,NSS-LINUX-APP01,Ubuntu 24.04,Application Server,16.75,73.18,70.01,99.9532,0
2026-03-18T19:00,NSS-FILE01,Windows Server 2022,File Server,52.1,68.21,56.0,99.9749,0
2026-01-28T07:00,NSS-FILE01,Windows Server 2022,File Server,63.54,48.62,66.53,99.7636,0
2026-01-06T20:00,NSS-APP01,Windows Server 2022,Application Server,45.86,75.58,73.57,99.9525,0
2026-03-16T12:00,NSS-APP01,Windows Server 2022,Application Server,17.28,53.81,76.96,99.7588,0
2026-04-13T20:00,NSS-DC01,Windows Server 2022,Domain Controller,40.66,43.33,55.49,99.8174,0
2026-05-05T08:00,NSS-FILE01,Windows Server 2022,File Server,15.9,58.51,65.5,99.9033,0
2026-05-20T02:00,NSS-LINUX-DB01,Rocky Linux 9,Database Server,10.16,71.32,62.91,99.7891,0
2026-01-19T16:00,NSS-APP01,Windows Server 2022,Application Server,27.88,37.45,50.96,99.9743,0
2026-04-15T17:00,NSS-DC01,Windows Server 2022,Domain Controller,8.41,45.02,48.9,99.9743,0
2026-02-13T01:00,NSS-LINUX-APP01,Ubuntu 24.04,Application Server,27.93,43.2,67.83,99.9198,0
2026-03-23T21:00,NSS-DC02,Windows Server 2022,Domain Controller,30.86,58.23,90.65,99.8242,1
2026-04-02T11:00,NSS-FILE01,Windows Server 2022,File Server,24.68,54.43,86.06,99.7943,1
2026-02-25T08:00,NSS-MON01,Ubuntu 24.04,Monitoring Server,23.45,47.14,57.94,99.9914,0
2026-05-15T17:00,NSS-LINUX-DB01,Rocky Linux 9,Database Server,35.21,77.22,52.94,99.7638,0
2026-01-18T00:00,NSS-MON01,Ubuntu 24.04,Monitoring Server,27.34,70.85,54.35,99.8489,0
2026-06-28T09:00,NSS-DC01,Windows Server 2022,Domain Controller,5.04,60.85,74.53,99.8182,0
2026-05-16T23:00,NSS-LINUX-DB01,Rocky Linux 9,Database Server,14.05,32.72,46.12,99.9287,0
2026-04-28T20:00,NSS-APP01,Windows Server 2022,Application Server,22.51,41.14,44.48,99.9567,0
2026-06-05T09:00,NSS-DC02,Windows Server 2022,Domain Controller,30.62,52.02,85.74,99.8846,1
2026-01-03T06:00,NSS-LINUX-APP01,Ubuntu 24.04,Application Server,53.32,72.78,43.5,99.8475,0
2026-03-09T13:00,NSS-MON01,Ubuntu 24.04,Monitoring Server,33.53,53.39,60.63,99.8036,0
2026-04-04T02:00,NSS-LINUX-DB01,Rocky Linux 9,Database Server,31.9,59.15,63.03,99.9991,0
2026-01-02T00:00,NSS-MON01,Ubuntu 24.04,Monitoring Server,24.54,46.29,57.04,99.8168,0
2026-05-23T06:00,NSS-APP01,Windows Server 2022,Application Server,18.19,41.96,63.66,99.9699,0
2026-04-16T18:00,NSS-LINUX-APP01,Ubuntu 24.04,Application Server,47.52,60.23,47.28,99.8497,0
2026-03-18T10:00,NSS-DC01,Windows Server 2022,Domain Controller,7.74,57.23,55.5,99.8797,0
2026-04-07T01:00,NSS-DC01,Windows Server 2022,Domain Controller,13.65,49.05,70.58,99.9503,0
2026-07-07T21:00,NSS-DC01,Windows Server 2022,Domain Controller,32.24,76.98,71.38,99.8924,0
2026-05-04T02:00,NSS-APP01,Windows Server 2022,Application Server,23.35,51.69,57.95,99.95,0
2026-05-08T22:00,NSS-LINUX-APP01,Ubuntu 24.04,Application Server,30.66,30.98,53.61,99.781,0
2026-04-30T18:00,NSS-DC02,Windows Server 2022,Domain Controller,20.89,62.66,38.01,99.8019,0
2026-01-24T14:00,NSS-LINUX-DB01,Rocky Linux 9,Database Server,30.38,67.05,51.24,99.8613,0
2026-07-21T23:00,NSS-DC01,Windows Server 2022,Domain Controller,44.15,58.97,59.34,99.9855,0
2026-03-05T02:00,NSS-LINUX-DB01,Rocky Linux 9,Database Server,24.34,36.77,73.79,99.9532,0
2026-01-01T05:00,NSS-DC02,Windows Server 2022,Domain Controller,32.93,27.09,61.63,99.9099,0
2026-06-30T00:00,NSS-FILE01,Windows Server 2022,File Server,32.5,31.82,59.49,99.7662,0
2026-01-10T21:00,NSS-LINUX-APP01,Ubuntu 24.04,Application Server,9.66,51.0,50.24,99.8364,0
2026-01-09T08:00,NSS-FILE01,Windows Server 2022,File Server,2.0,41.23,71.83,99.968,0
2026-05-06T07:00,NSS-MON01,Ubuntu 24.04,Monitoring Server,11.27,31.92,63.79,99.8871,0
2026-06-09T20:00,NSS-MON01,Ubuntu 24.04,Monitoring Server,57.27,74.03,67.16,99.7718,0
2026-04-05T12:00,NSS-DC01,Windows Server 2022,Domain Controller,25.22,62.23,57.47,99.7946,0
2026-02-05T00:00,NSS-MON01,Ubuntu 24.04,Monitoring Server,21.18,51.0,49.34,99.8362,0
2026-03-18T15:00,NSS-DC01,Windows Server 2022,Domain Controller,24.34,59.56,33.35,99.9188,0
2026-02-17T12:00,NSS-LINUX-DB01,Rocky Linux 9,Database Server,2.42,57.06,43.62,99.8982,0
2026-07-22T20:00,NSS-DC01,Windows Server 2022,Domain Controller,25.19,51.1,71.86,99.9356,0
2026-06-25T00:00,NSS-DC02,Windows Server 2022,Domain Controller,2.76,41.69,54.76,99.8897,0
2026-02-07T09:00,NSS-FILE01,Windows Server 2022,File Server,21.62,59.28,42.23,99.8604,0
2026-02-05T06:00,NSS-DC01,Windows Server 2022,Domain Controller,14.6,36.1,47.21,99.9479,0
2026-01-23T01:00,NSS-APP01,Windows Server 2022,Application Server,15.5,33.34,51.68,99.8523,0
2026-03-06T05:00,NSS-DC02,Windows Server 2022,Domain Controller,2.0,65.86,55.22,99.7848,0
2026-03-26T08:00,NSS-APP01,Windows Server 2022,Application Server,12.61,58.96,74.81,99.8395,0
2026-01-14T20:00,NSS-LINUX-DB01,Rocky Linux 9,Database Server,41.72,55.13,72.11,99.9003,0
2026-03-21T16:00,NSS-DC01,Windows Server 2022,Domain Controller,36.34,28.9,73.27,99.8318,0
2026-04-02T09:00,NSS-DC02,Windows Server 2022,Domain Controller,21.85,34.71,74.52,99.9027,0
2026-03-27T09:00,NSS-LINUX-APP01,Ubuntu 24.04,Application Server,26.57,75.26,58.21,99.888,0
2026-07-13T20:00,NSS-DC01,Windows Server 2022,Domain Controller,45.28,45.75,71.33,99.7999,0
2026-04-21T17:00,NSS-DC02,Windows Server 2022,Domain Controller,7.98,63.54,55.68,99.8312,0
2026-05-31T18:00,NSS-APP01,Windows Server 2022,Application Server,32.91,55.11,60.17,99.7634,0
2026-06-16T11:00,NSS-DC01,Windows Server 2022,Domain Controller,28.63,77.1,62.38,99.9597,0
2026-02-22T09:00,NSS-DC01,Windows Server 2022,Domain Controller,12.8,33.48,66.25,99.7773,0
2026-07-11T11:00,NSS-DC01,Windows Server 2022,Domain Controller,12.94,65.64,57.62,99.9155,0
2026-03-05T22:00,NSS-LINUX-DB01,Rocky Linux 9,Database Server,27.37,53.4,62.48,99.9326,0
2026-05-15T23:00,NSS-MON01,Ubuntu 24.04,Monitoring Server,42.3,60.9,58.56,99.801,0
2026-01-26T15:00,NSS-LINUX-DB01,Rocky Linux 9,Database Server,34.29,67.61,48.24,99.8629,0
2026-02-05T16:00,NSS-LINUX-DB01,Rocky Linux 9,Database Server,14.45,44.63,67.07,99.9231,0
2026-06-22T14:00,NSS-LINUX-DB01,Rocky Linux 9,Database Server,30.99,49.74,62.79,99.936,0
2026-04-05T05:00,NSS-LINUX-DB01,Rocky Linux 9,Database Server,21.15,51.47,60.74,99.924,0
2026-01-19T09:00,NSS-APP01,Windows Server 2022,Application Server,30.69,41.59,65.81,99.8685,0
2026-07-16T19:00,NSS-DC02,Windows Server 2022,Domain Controller,39.07,24.68,38.63,99.8064,0
2026-05-03T02:00,NSS-LINUX-APP01,Ubuntu 24.04,Application Server,2.0,56.4,65.83,99.9292,0
2026-04-27T23:00,NSS-MON01,Ubuntu 24.04,Monitoring Server,12.84,37.02,61.54,99.7566,0
2026-02-13T16:00,NSS-DC02,Windows Server 2022,Domain Controller,39.88,72.11,63.79,99.7525,0
2026-02-28T00:00,NSS-MON01,Ubuntu 24.04,Monitoring Server,13.55,62.66,53.73,99.9865,0
2026-03-12T12:00,NSS-LINUX-DB01,Rocky Linux 9,Database Server,44.52,40.4,41.33,99.901,0
2026-07-02T02:00,NSS-LINUX-DB01,Rocky Linux 9,Database Server,31.58,60.61,53.31,99.8727,0
2026-04-13T19:00,NSS-DC01,Windows Server 2022,Domain Controller,28.89,31.36,56.47,99.9838,0
2026-06-21T05:00,NSS-LINUX-DB01,Rocky Linux 9,Database Server,23.93,68.29,50.66,99.8122,0
2026-06-20T06:00,NSS-FILE01,Windows Server 2022,File Server,28.56,41.06,53.51,99.9835,0
2026-06-11T10:00,NSS-MON01,Ubuntu 24.04,Monitoring Server,5.59,46.33,62.56,99.9535,0
2026-05-13T09:00,NSS-DC02,Windows Server 2022,Domain Controller,18.47,72.55,48.03,99.9256,0
2026-06-04T09:00,NSS-LINUX-DB01,Rocky Linux 9,Database Server,15.25,65.0,75.25,99.8251,0
2026-07-25T03:00,NSS-FILE01,Windows Server 2022,File Server,26.04,59.8,55.38,99.8089,0
2026-06-22T09:00,NSS-MON01,Ubuntu 24.04,Monitoring Server,43.77,65.75,69.08,99.8832,0
2026-01-14T08:00,NSS-LINUX-APP01,Ubuntu 24.04,Application Server,25.4,43.72,66.25,99.9697,0
2026-05-26T10:00,NSS-MON01,Ubuntu 24.04,Monitoring Server,31.49,58.8,73.89,99.9723,0
2026-07-04T22:00,NSS-LINUX-DB01,Rocky Linux 9,Database Server,35.38,69.58,80.54,99.9487,0
2026-06-23T08:00,NSS-APP01,Windows Server 2022,Application Server,19.25,44.92,61.58,99.9772,0
2026-01-31T11:00,NSS-LINUX-APP01,Ubuntu 24.04,Application Server,18.91,34.34,82.75,99.8487,0
2026-04-13T13:00,NSS-APP01,Windows Server 2022,Application Server,20.64,62.1,66.36,99.8535,0
2026-05-20T09:00,NSS-DC02,Windows Server 2022,Domain Controller,44.44,71.7,58.32,99.9033,0
2026-04-04T11:00,NSS-DC01,Windows Server 2022,Domain Controller,19.24,63.5,49.81,99.8118,0
2026-03-24T18:00,NSS-LINUX-DB01,Rocky Linux 9,Database Server,25.2,45.33,44.12,99.8873,0
2026-03-10T05:00,NSS-MON01,Ubuntu 24.04,Monitoring Server,21.05,62.46,60.17,99.8524,0
2026-03-29T08:00,NSS-DC01,Windows Server 2022,Domain Controller,37.64,75.05,68.68,99.8722,0
2026-06-24T11:00,NSS-LINUX-DB01,Rocky Linux 9,Database Server,34.94,53.65,79.23,99.9485,0
2026-07-18T16:00,NSS-FILE01,Windows Server 2022,File Server,33.56,71.13,65.1,99.8044,0
2026-07-28T02:00,NSS-MON01,Ubuntu 24.04,Monitoring Server,16.72,69.16,69.43,99.8208,0
2026-07-04T13:00,NSS-APP01,Windows Server 2022,Application Server,28.93,61.32,47.97,99.8875,0
2026-01-14T03:00,NSS-DC02,Windows Server 2022,Domain Controller,29.2,44.58,75.1,99.8194,0
2026-06-01T19:00,NSS-LINUX-APP01,Ubuntu 24.04,Application Server,24.82,64.21,64.7,99.9246,0
2026-02-18T00:00,NSS-LINUX-DB01,Rocky Linux 9,Database Server,29.73,68.89,52.09,99.872,0
2026-01-06T13:00,NSS-DC01,Windows Server 2022,Domain Controller,26.01,72.32,78.54,99.9625,0
2026-05-22T12:00,NSS-LINUX-APP01,Ubuntu 24.04,Application Server,25.82,56.49,33.51,99.857,0
2026-07-08T05:00,NSS-DC01,Windows Server 2022,Domain Controller,15.77,52.13,56.43,99.8167,0
2026-04-27T01:00,NSS-LINUX-APP01,Ubuntu 24.04,Application Server,16.0,45.93,54.54,99.8159,0
2026-06-25T21:00,NSS-DC02,Windows Server 2022,Domain Controller,45.77,41.72,69.45,99.8556,0
2026-03-26T16:00,NSS-APP01,Windows Server 2022,Application Server,16.97,20.43,54.99,99.9785,0
2026-01-12T14:00,NSS-MON01,Ubuntu 24.04,Monitoring Server,14.46,32.2,67.27,99.9594,0
2026-04-16T00:00,NSS-LINUX-APP01,Ubuntu 24.04,Application Server,27.13,59.09,50.03,99.7998,0
2026-02-23T19:00,NSS-FILE01,Windows Server 2022,File Server,8.77,16.21,54.73,99.9302,0
2026-06-24T18:00,NSS-LINUX-DB01,Rocky Linux 9,Database Server,2.0,50.32,58.59,99.8556,0
2026-01-14T03:00,NSS-LINUX-APP01,Ubuntu 24.04,Application Server,40.57,52.52,57.83,99.8281,0
2026-03-23T05:00,NSS-DC02,Windows Server 2022,Domain Controller,2.0,85.03,54.37,99.8414,0
2026-04-22T22:00,NSS-LINUX-APP01,Ubuntu 24.04,Application Server,48.01,59.62,63.05,99.9079,0
2026-07-17T11:00,NSS-LINUX-APP01,Ubuntu 24.04,Application Server,28.17,41.17,67.57,99.7623,0
2026-06-08T19:00,NSS-LINUX-APP01,Ubuntu 24.04,Application Server,26.0,36.27,80.78,99.8137,0
2026-05-15T16:00,NSS-DC02,Windows Server 2022,Domain Controller,35.19,47.91,52.98,99.9131,0
2026-06-22T11:00,NSS-LINUX-APP01,Ubuntu 24.04,Application Server,33.19,39.47,63.23,99.8943,0
2026-05-13T03:00,NSS-MON01,Ubuntu 24.04,Monitoring Server,38.03,30.13,59.32,99.9396,0
2026-03-28T01:00,NSS-DC01,Windows Server 2022,Domain Controller,51.13,67.88,60.46,99.8726,0
2026-06-27T18:00,NSS-MON01,Ubuntu 24.04,Monitoring Server,26.53,74.06,84.23,99.937,0
2026-07-01T21:00,NSS-DC02,Windows Server 2022,Domain Controller,24.02,37.07,80.8,99.7563,0
2026-05-31T19:00,NSS-APP01,Windows Server 2022,Application Server,23.62,49.76,72.51,99.9177,0
2026-01-12T12:00,NSS-APP01,Windows Server 2022,Application Server,2.0,55.41,81.56,99.8689,0
2026-04-16T08:00,NSS-FILE01,Windows Server 2022,File Server,27.75,59.6,65.9,99.8348,0
2026-04-08T12:00,NSS-FILE01,Windows Server 2022,File Server,13.27,49.22,56.19,99.9623,0
2026-03-20T13:00,NSS-LINUX-DB01,Rocky Linux 9,Database Server,20.82,55.04,63.48,99.8517,0
2026-03-14T18:00,NSS-DC02,Windows Server 2022,Domain Controller,64.14,63.96,61.38,99.9271,0
2026-05-05T22:00,NSS-MON01,Ubuntu 24.04,Monitoring Server,41.5,75.6,60.44,99.7839,0
2026-06-04T17:00,NSS-APP01,Windows Server 2022,Application Server,35.45,92.29,53.19,99.8364,1
2026-03-20T20:00,NSS-LINUX-DB01,Rocky Linux 9,Database Server,33.83,72.02,56.4,99.7672,0
2026-04-09T22:00,NSS-DC02,Windows Server 2022,Domain Controller,48.9,47.93,79.47,99.915,0
2026-03-02T10:00,NSS-MON01,Ubuntu 24.04,Monitoring Server,27.23,60.15,61.75,99.9365,0
2026-06-01T10:00,NSS-LINUX-DB01,Rocky Linux 9,Database Server,28.12,50.34,58.26,99.8003,0
2026-07-23T06:00,NSS-LINUX-APP01,Ubuntu 24.04,Application Server,16.88,53.48,47.59,99.795,0
2026-01-14T14:00,NSS-LINUX-DB01,Rocky Linux 9,Database Server,2.0,51.18,49.37,99.7645,0
2026-05-18T15:00,NSS-MON01,Ubuntu 24.04,Monitoring Server,2.8,54.27,68.48,99.7951,0
2026-07-21T21:00,NSS-APP01,Windows Server 2022,Application Server,41.87,48.77,70.04,99.873,0
2026-07-24T21:00,NSS-DC02,Windows Server 2022,Domain Controller,18.3,55.91,24.65,99.9038,0
2026-02-04T06:00,NSS-DC01,Windows Server 2022,Domain Controller,17.48,52.98,61.79,99.859,0
2026-04-13T06:00,NSS-LINUX-DB01,Rocky Linux 9,Database Server,27.81,47.6,55.98,99.9337,0
2026-02-07T03:00,NSS-DC02,Windows Server 2022,Domain Controller,36.64,78.45,51.16,99.8476,0
2026-05-02T14:00,NSS-FILE01,Windows Server 2022,File Server,12.15,60.41,54.65,99.8609,0
2026-04-28T02:00,NSS-LINUX-APP01,Ubuntu 24.04,Application Server,27.11,71.78,59.11,99.8074,0
2026-03-20T18:00,NSS-MON01,Ubuntu 24.04,Monitoring Server,44.79,54.41,68.38,99.866,0
2026-06-05T03:00,NSS-DC01,Windows Server 2022,Domain Controller,27.97,74.59,37.58,99.8798,0
2026-07-10T16:00,NSS-DC01,Windows Server 2022,Domain Controller,14.63,70.88,57.9,99.9784,0
2026-03-31T06:00,NSS-APP01,Windows Server 2022,Application Server,2.43,57.69,73.32,99.9263,0
2026-02-16T19:00,NSS-DC01,Windows Server 2022,Domain Controller,24.24,46.95,38.71,99.8944,0
2026-06-07T19:00,NSS-APP01,Windows Server 2022,Application Server,18.87,50.61,67.81,99.8853,0
2026-01-19T04:00,NSS-FILE01,Windows Server 2022,File Server,47.87,63.91,61.59,99.8173,0
2026-04-20T17:00,NSS-DC01,Windows Server 2022,Domain Controller,18.73,67.09,75.61,99.7738,0
2026-04-28T09:00,NSS-FILE01,Windows Server 2022,File Server,24.11,43.16,53.0,99.9633,0
2026-04-08T03:00,NSS-FILE01,Windows Server 2022,File Server,34.11,51.98,47.59,99.8938,0
2026-02-10T16:00,NSS-APP01,Windows Server 2022,Application Server,9.7,34.78,51.04,99.9821,0
2026-03-13T09:00,NSS-DC02,Windows Server 2022,Domain Controller,30.31,44.2,45.0,99.9978,0
2026-06-19T18:00,NSS-LINUX-APP01,Ubuntu 24.04,Application Server,32.88,66.68,38.25,99.9424,0
2026-05-30T08:00,NSS-LINUX-DB01,Rocky Linux 9,Database Server,43.76,38.89,81.62,99.8037,0
2026-04-21T14:00,NSS-MON01,Ubuntu 24.04,Monitoring Server,47.49,64.92,70.24,99.9227,0
2026-02-09T08:00,NSS-DC02,Windows Server 2022,Domain Controller,13.17,71.62,89.52,99.8337,1
2026-02-14T22:00,NSS-MON01,Ubuntu 24.04,Monitoring Server,27.13,79.71,79.82,99.9343,0
2026-06-04T10:00,NSS-LINUX-APP01,Ubuntu 24.04,Application Server,50.77,52.48,68.26,99.965,0
2026-03-28T04:00,NSS-LINUX-APP01,Ubuntu 24.04,Application Server,46.93,49.76,54.69,99.9064,0
2026-02-02T22:00,NSS-MON01,Ubuntu 24.04,Monitoring Server,25.21,74.65,71.92,99.9021,0
2026-01-27T11:00,NSS-APP01,Windows Server 2022,Application Server,9.91,49.72,67.02,99.9398,0
2026-07-03T14:00,NSS-LINUX-APP01,Ubuntu 24.04,Application Server,22.41,62.92,58.09,99.8028,0
2026-03-19T03:00,NSS-DC01,Windows Server 2022,Domain Controller,24.69,74.44,86.47,99.965,1
2026-03-07T12:00,NSS-LINUX-APP01,Ubuntu 24.04,Application Server,32.61,48.75,66.07,99.7758,0
2026-02-03T17:00,NSS-APP01,Windows Server 2022,Application Server,11.79,66.91,46.59,99.8517,0
2026-04-15T06:00,NSS-APP01,Windows Server 2022,Application Server,35.48,59.14,69.61,99.8816,0
2026-02-22T16:00,NSS-LINUX-APP01,Ubuntu 24.04,Application Server,35.59,55.32,59.79,99.7547,0
2026-07-28T20:00,NSS-FILE01,Windows Server 2022,File Server,37.25,74.23,50.33,99.9115,0
2026-03-09T05:00,NSS-DC02,Windows Server 2022,Domain Controller,25.8,55.68,48.29,99.7638,0
2026-05-15T23:00,NSS-LINUX-APP01,Ubuntu 24.04,Application Server,13.09,31.46,45.38,99.9843,0
2026-05-21T20:00,NSS-LINUX-DB01,Rocky Linux 9,Database Server,30.2,50.06,46.21,99.9105,0
2026-07-04T22:00,NSS-LINUX-APP01,Ubuntu 24.04,Application Server,26.37,25.03,72.17,99.7922,0
2026-05-09T21:00,NSS-DC01,Windows Server 2022,Domain Controller,23.26,51.18,84.1,99.9806,0
2026-02-22T15:00,NSS-DC02,Windows Server 2022,Domain Controller,48.91,69.0,74.43,99.812,0
2026-07-08T23:00,NSS-DC01,Windows Server 2022,Domain Controller,35.38,23.58,67.23,99.996,0
2026-02-10T07:00,NSS-DC01,Windows Server 2022,Domain Controller,39.31,63.84,63.4,99.928,0
2026-04-16T13:00,NSS-MON01,Ubuntu 24.04,Monitoring Server,15.41,42.11,66.83,99.9999,0
2026-01-23T03:00,NSS-LINUX-APP01,Ubuntu 24.04,Application Server,31.57,80.48,68.94,99.806,0
2026-03-23T11:00,NSS-DC01,Windows Server 2022,Domain Controller,14.9,25.99,52.34,99.8002,0
2026-02-09T14:00,NSS-APP01,Windows Server 2022,Application Server,37.76,81.2,45.18,99.9504,0
2026-03-14T00:00,NSS-APP01,Windows Server 2022,Application Server,22.31,65.71,83.2,99.7785,0
2026-06-22T06:00,NSS-MON01,Ubuntu 24.04,Monitoring Server,46.89,62.7,82.68,99.8061,0
2026-01-26T09:00,NSS-FILE01,Windows Server 2022,File Server,32.97,48.32,68.48,99.9005,0
2026-07-26T03:00,NSS-DC01,Windows Server 2022,Domain Controller,39.42,68.44,75.7,99.9043,0
2026-06-30T12:00,NSS-MON01,Ubuntu 24.04,Monitoring Server,31.88,61.96,60.16,99.8517,0
2026-04-11T15:00,NSS-LINUX-APP01,Ubuntu 24.04,Application Server,24.83,71.83,71.62,99.7639,0
2026-03-13T12:00,NSS-MON01,Ubuntu 24.04,Monitoring Server,44.33,46.71,79.83,99.8947,0
2026-04-11T08:00,NSS-APP01,Windows Server 2022,Application Server,14.98,58.18,69.7,99.7956,0
2026-04-13T00:00,NSS-LINUX-DB01,Rocky Linux 9,Database Server,29.11,66.12,60.55,99.9581,0
2026-01-06T22:00,NSS-FILE01,Windows Server 2022,File Server,17.09,77.21,52.69,99.7502,0
2026-05-05T00:00,NSS-LINUX-DB01,Rocky Linux 9,Database Server,38.09,61.18,77.0,99.9412,0
2026-04-10T04:00,NSS-DC01,Windows Server 2022,Domain Controller,45.7,56.98,59.52,99.8366,0
2026-06-07T03:00,NSS-APP01,Windows Server 2022,Application Server,21.56,49.0,44.1,99.996,0
2026-07-18T13:00,NSS-LINUX-APP01,Ubuntu 24.04,Application Server,14.95,36.46,56.52,99.8256,0
2026-05-14T03:00,NSS-DC01,Windows Server 2022,Domain Controller,19.29,57.81,62.83,99.8005,0
2026-07-03T20:00,NSS-FILE01,Windows Server 2022,File Server,17.49,45.27,65.33,99.8383,0
2026-01-11T06:00,NSS-DC01,Windows Server 2022,Domain Controller,19.61,56.16,59.26,99.8732,0
2026-07-11T19:00,NSS-DC01,Windows Server 2022,Domain Controller,19.72,47.64,65.91,99.9806,0
2026-07-18T03:00,NSS-FILE01,Windows Server 2022,File Server,47.39,39.85,75.74,99.9978,0
2026-01-26T00:00,NSS-APP01,Windows Server 2022,Application Server,30.76,60.95,53.7,99.821,0
2026-04-05T08:00,NSS-LINUX-APP01,Ubuntu 24.04,Application Server,30.86,47.28,61.93,99.7937,0
2026-04-24T03:00,NSS-LINUX-APP01,Ubuntu 24.04,Application Server,46.91,81.71,62.84,99.7609,0
2026-07-24T23:00,NSS-DC02,Windows Server 2022,Domain Controller,28.46,53.92,57.95,99.796,0
2026-01-22T22:00,NSS-FILE01,Windows Server 2022,File Server,11.63,62.59,59.57,99.9857,0
2026-04-29T19:00,NSS-APP01,Windows Server 2022,Application Server,5.04,42.59,80.66,99.8162,0
2026-03-26T05:00,NSS-MON01,Ubuntu 24.04,Monitoring Server,8.53,80.51,47.63,99.9128,0
2026-06-28T18:00,NSS-LINUX-APP01,Ubuntu 24.04,Application Server,27.2,47.24,73.94,99.8282,0
2026-05-17T04:00,NSS-DC01,Windows Server 2022,Domain Controller,11.49,75.85,59.87,99.8633,0
2026-03-09T09:00,NSS-FILE01,Windows Server 2022,File Server,38.97,73.02,77.34,99.9722,0
2026-04-17T02:00,NSS-LINUX-APP01,Ubuntu 24.04,Application Server,33.39,27.19,80.94,99.8856,0
2026-02-27T00:00,NSS-LINUX-DB01,Rocky Linux 9,Database Server,21.66,57.09,42.69,99.9727,0
2026-07-07T10:00,NSS-APP01,Windows Server 2022,Application Server,17.02,56.35,43.39,99.994,0
2026-04-08T15:00,NSS-DC01,Windows Server 2022,Domain Controller,2.0,54.68,89.57,99.9594,1
2026-06-04T08:00,NSS-APP01,Windows Server 2022,Application Server,38.69,57.62,55.72,99.7741,0
2026-07-05T08:00,NSS-LINUX-DB01,Rocky Linux 9,Database Server,26.33,14.1,90.18,99.9178,1
2026-04-21T17:00,NSS-FILE01,Windows Server 2022,File Server,45.25,65.82,26.0,99.8658,0
2026-04-18T23:00,NSS-LINUX-APP01,Ubuntu 24.04,Application Server,42.5,65.64,69.3,99.9928,0
2026-03-23T14:00,NSS-LINUX-DB01,Rocky Linux 9,Database Server,14.33,37.94,75.05,99.9399,0
2026-05-25T13:00,NSS-DC02,Windows Server 2022,Domain Controller,4.01,34.9,59.5,99.9549,0
2026-04-15T19:00,NSS-LINUX-DB01,Rocky Linux 9,Database Server,43.02,26.54,82.87,99.8178,0
2026-05-31T17:00,NSS-DC02,Windows Server 2022,Domain Controller,11.95,68.19,75.42,99.8854,0
2026-04-27T22:00,NSS-FILE01,Windows Server 2022,File Server,2.0,33.79,70.96,99.9213,0
2026-03-04T00:00,NSS-DC01,Windows Server 2022,Domain Controller,24.19,68.97,57.98,99.9525,0
2026-06-12T02:00,NSS-LINUX-DB01,Rocky Linux 9,Database Server,3.95,40.95,48.14,99.8331,0
2026-07-02T22:00,NSS-LINUX-APP01,Ubuntu 24.04,Application Server,49.29,46.64,62.22,99.762,0
2026-06-10T00:00,NSS-MON01,Ubuntu 24.04,Monitoring Server,38.62,52.91,28.42,99.9793,0
2026-02-17T01:00,NSS-DC01,Windows Server 2022,Domain Controller,19.6,55.43,50.41,99.8035,0
2026-02-19T02:00,NSS-LINUX-DB01,Rocky Linux 9,Database Server,45.51,57.65,64.41,99.9331,0
2026-04-28T11:00,NSS-MON01,Ubuntu 24.04,Monitoring Server,48.09,60.63,64.06,99.9228,0
2026-06-15T05:00,NSS-MON01,Ubuntu 24.04,Monitoring Server,36.41,53.16,69.69,99.8547,0
2026-05-23T16:00,NSS-FILE01,Windows Server 2022,File Server,32.31,43.54,41.81,99.8378,0
2026-05-19T16:00,NSS-MON01,Ubuntu 24.04,Monitoring Server,2.0,55.85,76.27,99.9012,0
2026-01-23T04:00,NSS-LINUX-APP01,Ubuntu 24.04,Application Server,29.86,40.75,60.83,99.9935,0
2026-01-07T08:00,NSS-MON01,Ubuntu 24.04,Monitoring Server,48.32,54.48,51.07,99.8006,0
2026-02-15T11:00,NSS-DC02,Windows Server 2022,Domain Controller,2.0,55.59,36.94,99.8325,0
2026-02-14T21:00,NSS-APP01,Windows Server 2022,Application Server,2.0,16.84,53.66,99.83,0
2026-06-04T12:00,NSS-DC02,Windows Server 2022,Domain Controller,22.33,61.04,52.76,99.9102,0
2026-05-30T13:00,NSS-DC02,Windows Server 2022,Domain Controller,28.56,45.69,68.06,99.9629,0
2026-07-07T14:00,NSS-DC02,Windows Server 2022,Domain Controller,24.08,61.4,71.05,99.873,0
2026-02-20T19:00,NSS-LINUX-DB01,Rocky Linux 9,Database Server,17.24,55.89,48.1,99.9631,0
2026-05-17T01:00,NSS-LINUX-APP01,Ubuntu 24.04,Application Server,18.86,48.28,47.38,99.9632,0
2026-02-16T11:00,NSS-FILE01,Windows Server 2022,File Server,36.56,44.08,30.65,99.9509,0
2026-04-01T20:00,NSS-APP01,Windows Server 2022,Application Server,21.17,51.24,49.21,99.9562,0
2026-05-14T00:00,NSS-LINUX-APP01,Ubuntu 24.04,Application Server,43.48,24.21,63.44,99.9194,0
2026-06-24T13:00,NSS-APP01,Windows Server 2022,Application Server,33.99,59.56,91.43,99.8809,1
2026-06-29T16:00,NSS-MON01,Ubuntu 24.04,Monitoring Server,49.02,42.41,70.7,99.9637,0
2026-05-31T21:00,NSS-LINUX-APP01,Ubuntu 24.04,Application Server,23.52,80.68,59.33,99.7871,0
2026-07-07T23:00,NSS-LINUX-APP01,Ubuntu 24.04,Application Server,44.08,54.45,49.07,99.7674,0
2026-07-18T09:00,NSS-DC01,Windows Server 2022,Domain Controller,26.22,44.82,50.8,99.7505,0
2026-02-23T02:00,NSS-DC01,Windows Server 2022,Domain Controller,17.67,53.39,52.07,99.9853,0
2026-05-11T07:00,NSS-DC02,Windows Server 2022,Domain Controller,8.03,54.01,58.41,99.8457,0
2026-01-09T15:00,NSS-MON01,Ubuntu 24.04,Monitoring Server,19.81,50.56,93.83,99.8268,1
2026-03-01T21:00,NSS-MON01,Ubuntu 24.04,Monitoring Server,42.33,35.02,61.68,99.9354,0
2026-02-18T02:00,NSS-LINUX-APP01,Ubuntu 24.04,Application Server,27.8,71.33,37.06,99.9128,0
2026-07-03T14:00,NSS-DC01,Windows Server 2022,Domain Controller,24.58,43.18,72.32,99.9405,0
2026-06-15T18:00,NSS-APP01,Windows Server 2022,Application Server,30.15,86.38,54.18,99.9844,0
2026-01-16T18:00,NSS-LINUX-DB01,Rocky Linux 9,Database Server,35.39,26.84,59.74,99.8411,0
2026-02-12T07:00,NSS-MON01,Ubuntu 24.04,Monitoring Server,23.71,27.57,66.71,99.8672,0
2026-05-15T04:00,NSS-DC02,Windows Server 2022,Domain Controller,32.39,44.89,41.79,99.8065,0
2026-07-06T11:00,NSS-FILE01,Windows Server 2022,File Server,40.01,62.34,63.02,99.7624,0
2026-06-25T15:00,NSS-FILE01,Windows Server 2022,File Server,30.07,57.79,62.27,99.7761,0
2026-03-13T13:00,NSS-DC02,Windows Server 2022,Domain Controller,23.09,81.48,61.43,99.963,0
2026-05-30T16:00,NSS-DC02,Windows Server 2022,Domain Controller,30.95,48.72,42.57,99.769,0
2026-06-24T09:00,NSS-APP01,Windows Server 2022,Application Server,22.55,54.55,55.04,99.9351,0
2026-03-07T22:00,NSS-APP01,Windows Server 2022,Application Server,2.0,41.68,84.93,99.8661,0
2026-02-02T22:00,NSS-MON01,Ubuntu 24.04,Monitoring Server,2.0,59.02,59.35,99.8425,0
2026-04-30T03:00,NSS-APP01,Windows Server 2022,Application Server,5.92,49.5,51.09,99.7737,0
2026-05-27T17:00,NSS-LINUX-APP01,Ubuntu 24.04,Application Server,19.5,54.58,63.18,99.7726,0
2026-05-13T09:00,NSS-DC02,Windows Server 2022,Domain Controller,54.65,68.32,32.56,99.7626,0
2026-02-16T18:00,NSS-LINUX-DB01,Rocky Linux 9,Database Server,36.95,34.13,71.02,99.8946,0
2026-06-21T11:00,NSS-APP01,Windows Server 2022,Application Server,21.85,79.91,65.64,99.7778,0
2026-05-19T21:00,NSS-FILE01,Windows Server 2022,File Server,49.45,70.12,71.13,99.9056,0
2026-04-10T11:00,NSS-APP01,Windows Server 2022,Application Server,30.6,54.1,59.5,99.8925,0
2026-06-03T02:00,NSS-DC02,Windows Server 2022,Domain Controller,23.03,56.16,53.24,99.9081,0
2026-04-12T19:00,NSS-LINUX-DB01,Rocky Linux 9,Database Server,2.89,57.71,71.76,99.9419,0
2026-05-22T12:00,NSS-LINUX-APP01,Ubuntu 24.04,Application Server,27.16,75.65,58.29,99.9124,0
2026-04-11T08:00,NSS-LINUX-DB01,Rocky Linux 9,Database Server,6.01,64.2,55.41,99.8383,0
2026-06-13T08:00,NSS-DC01,Windows Server 2022,Domain Controller,21.71,33.44,68.84,99.9545,0
2026-06-28T04:00,NSS-DC01,Windows Server 2022,Domain Controller,10.59,56.69,75.8,99.7809,0
2026-03-11T01:00,NSS-MON01,Ubuntu 24.04,Monitoring Server,51.88,36.71,56.59,99.8755,0
2026-02-09T15:00,NSS-LINUX-DB01,Rocky Linux 9,Database Server,55.5,64.73,50.84,99.8141,0
2026-07-03T23:00,NSS-LINUX-APP01,Ubuntu 24.04,Application Server,27.11,55.85,52.22,99.9216,0
2026-03-12T07:00,NSS-MON01,Ubuntu 24.04,Monitoring Server,29.76,68.13,47.26,99.9992,0
2026-01-30T13:00,NSS-DC01,Windows Server 2022,Domain Controller,15.73,31.97,58.33,99.7862,0
2026-04-23T00:00,NSS-DC01,Windows Server 2022,Domain Controller,29.88,40.34,59.05,99.7704,0
2026-01-10T17:00,NSS-DC02,Windows Server 2022,Domain Controller,19.2,49.73,68.61,99.7528,0
2026-04-25T02:00,NSS-APP01,Windows Server 2022,Application Server,26.03,38.72,54.29,99.8336,0
2026-05-26T05:00,NSS-LINUX-APP01,Ubuntu 24.04,Application Server,29.91,27.24,57.96,99.9839,0
2026-01-16T15:00,NSS-LINUX-APP01,Ubuntu 24.04,Application Server,12.58,45.54,42.84,99.7649,0
2026-03-28T23:00,NSS-DC02,Windows Server 2022,Domain Controller,24.68,24.72,54.36,99.8463,0
2026-06-23T09:00,NSS-DC01,Windows Server 2022,Domain Controller,38.8,39.54,40.68,99.7986,0
2026-01-05T02:00,NSS-DC02,Windows Server 2022,Domain Controller,27.72,58.3,47.88,99.9011,0
2026-01-09T15:00,NSS-DC01,Windows Server 2022,Domain Controller,36.54,54.77,72.72,99.9607,0
2026-05-08T08:00,NSS-MON01,Ubuntu 24.04,Monitoring Server,50.73,43.88,37.14,99.8603,0
2026-03-27T16:00,NSS-APP01,Windows Server 2022,Application Server,28.08,55.62,69.75,99.8683,0
2026-06-29T11:00,NSS-APP01,Windows Server 2022,Application Server,39.46,70.41,50.48,99.7777,0
2026-04-25T20:00,NSS-LINUX-DB01,Rocky Linux 9,Database Server,15.55,51.01,81.11,99.8962,0
2026-03-26T03:00,NSS-MON01,Ubuntu 24.04,Monitoring Server,29.05,36.24,50.96,99.8769,0
2026-06-19T17:00,NSS-LINUX-DB01,Rocky Linux 9,Database Server,31.8,31.41,50.18,99.7977,0
2026-01-30T12:00,NSS-DC01,Windows Server 2022,Domain Controller,24.03,50.97,56.53,99.9756,0
2026-07-22T02:00,NSS-LINUX-DB01,Rocky Linux 9,Database Server,2.59,45.2,60.91,99.8431,0
2026-03-08T04:00,NSS-APP01,Windows Server 2022,Application Server,26.01,58.5,56.83,99.8322,0
2026-02-06T01:00,NSS-FILE01,Windows Server 2022,File Server,22.53,34.29,39.83,99.7743,0
2026-04-07T16:00,NSS-MON01,Ubuntu 24.04,Monitoring Server,29.32,63.84,47.38,99.8283,0
2026-01-19T18:00,NSS-DC02,Windows Server 2022,Domain Controller,20.86,67.79,65.91,99.8053,0
2026-05-27T16:00,NSS-APP01,Windows Server 2022,Application Server,33.12,44.74,50.29,99.7912,0
2026-03-24T04:00,NSS-DC02,Windows Server 2022,Domain Controller,11.09,71.44,70.37,99.8232,0
2026-01-11T06:00,NSS-LINUX-DB01,Rocky Linux 9,Database Server,29.89,49.02,38.89,99.8271,0
2026-04-18T09:00,NSS-DC02,Windows Server 2022,Domain Controller,17.55,50.62,72.11,99.9143,0
2026-04-05T22:00,NSS-APP01,Windows Server 2022,Application Server,37.92,66.53,78.4,99.9144,0
2026-02-19T11:00,NSS-FILE01,Windows Server 2022,File Server,20.44,75.71,61.7,99.761,0
2026-04-18T04:00,NSS-FILE01,Windows Server 2022,File Server,11.81,30.04,57.88,99.999,0
2026-07-26T04:00,NSS-LINUX-APP01,Ubuntu 24.04,Application Server,24.18,44.45,45.32,99.8163,0
2026-07-04T00:00,NSS-APP01,Windows Server 2022,Application Server,28.86,18.37,53.39,99.8349,0
2026-06-09T14:00,NSS-DC02,Windows Server 2022,Domain Controller,23.36,73.87,77.44,99.9329,0
2026-06-28T06:00,NSS-DC01,Windows Server 2022,Domain Controller,17.92,24.77,53.42,99.7792,0
2026-03-11T16:00,NSS-DC02,Windows Server 2022,Domain Controller,13.91,68.72,56.41,99.7629,0
2026-02-12T03:00,NSS-MON01,Ubuntu 24.04,Monitoring Server,21.7,35.06,74.44,99.9798,0
2026-03-20T01:00,NSS-DC02,Windows Server 2022,Domain Controller,30.56,44.61,64.36,99.9064,0
2026-01-05T15:00,NSS-FILE01,Windows Server 2022,File Server,5.73,57.08,76.63,99.9702,0
2026-04-01T05:00,NSS-LINUX-APP01,Ubuntu 24.04,Application Server,9.28,65.77,49.41,99.9466,0
2026-06-01T04:00,NSS-APP01,Windows Server 2022,Application Server,10.91,55.25,50.44,99.7741,0
2026-06-29T10:00,NSS-MON01,Ubuntu 24.04,Monitoring Server,13.93,38.93,60.29,99.9199,0
2026-06-25T19:00,NSS-DC02,Windows Server 2022,Domain Controller,24.98,50.52,22.96,99.7701,0
2026-06-25T21:00,NSS-LINUX-APP01,Ubuntu 24.04,Application Server,42.39,74.76,31.89,99.8716,0
2026-07-20T23:00,NSS-DC01,Windows Server 2022,Domain Controller,7.47,27.27,55.23,99.9268,0
2026-05-29T02:00,NSS-DC01,Windows Server 2022,Domain Controller,35.7,47.85,46.62,99.9186,0
2026-03-26T16:00,NSS-DC02,Windows Server 2022,Domain Controller,46.78,67.4,94.63,99.8708,1
2026-01-11T18:00,NSS-LINUX-APP01,Ubuntu 24.04,Application Server,36.87,68.44,63.32,99.9531,0
2026-03-29T01:00,NSS-LINUX-DB01,Rocky Linux 9,Database Server,33.23,60.26,68.16,99.787,0
2026-04-07T03:00,NSS-LINUX-APP01,Ubuntu 24.04,Application Server,28.67,68.62,55.83,99.8834,0
2026-03-05T19:00,NSS-DC02,Windows Server 2022,Domain Controller,36.63,36.99,68.89,99.817,0
2026-01-19T08:00,NSS-DC02,Windows Server 2022,Domain Controller,30.37,70.26,53.54,99.9333,0
2026-04-11T19:00,NSS-FILE01,Windows Server 2022,File Server,22.47,68.56,73.27,99.8643,0
2026-02-09T11:00,NSS-DC02,Windows Server 2022,Domain Controller,28.79,34.4,73.66,99.9013,0
2026-02-05T21:00,NSS-LINUX-APP01,Ubuntu 24.04,Application Server,31.46,47.13,60.03,99.8036,0
2026-02-16T18:00,NSS-LINUX-APP01,Ubuntu 24.04,Application Server,32.23,24.17,48.0,99.8357,0
2026-05-09T22:00,NSS-LINUX-APP01,Ubuntu 24.04,Application Server,27.27,49.36,53.82,99.9385,0
2026-02-11T22:00,NSS-DC01,Windows Server 2022,Domain Controller,38.3,76.67,47.04,99.9744,0
2026-05-28T12:00,NSS-LINUX-DB01,Rocky Linux 9,Database Server,9.55,76.21,38.78,99.8615,0
2026-05-31T14:00,NSS-LINUX-APP01,Ubuntu 24.04,Application Server,32.12,63.69,50.77,99.867,0
2026-01-06T00:00,NSS-DC01,Windows Server 2022,Domain Controller,36.13,58.63,58.9,99.9954,0
2026-04-18T20:00,NSS-LINUX-APP01,Ubuntu 24.04,Application Server,8.45,60.05,62.84,99.9645,0
2026-07-01T07:00,NSS-MON01,Ubuntu 24.04,Monitoring Server,39.29,69.37,69.48,99.7902,0
2026-03-09T07:00,NSS-LINUX-APP01,Ubuntu 24.04,Application Server,17.41,51.54,70.26,99.8059,0
2026-05-15T06:00,NSS-APP01,Windows Server 2022,Application Server,2.24,42.28,60.41,99.9078,0
2026-04-24T09:00,NSS-APP01,Windows Server 2022,Application Server,2.96,37.66,44.53,99.8049,0
2026-06-28T05:00,NSS-LINUX-APP01,Ubuntu 24.04,Application Server,25.27,70.57,61.75,99.8685,0
2026-07-13T00:00,NSS-APP01,Windows Server 2022,Application Server,27.25,86.91,62.3,99.9176,0
2026-02-25T01:00,NSS-DC01,Windows Server 2022,Domain Controller,6.15,59.45,28.78,99.8755,0
2026-06-07T16:00,NSS-LINUX-APP01,Ubuntu 24.04,Application Server,49.62,53.11,80.26,99.9064,0
2026-03-21T21:00,NSS-LINUX-DB01,Rocky Linux 9,Database Server,24.79,52.74,37.18,99.7655,0
2026-07-23T12:00,NSS-LINUX-DB01,Rocky Linux 9,Database Server,20.44,67.72,17.59,99.8049,0
2026-01-31T13:00,NSS-LINUX-APP01,Ubuntu 24.04,Application Server,9.76,74.48,79.24,99.8634,0
2026-06-18T19:00,NSS-MON01,Ubuntu 24.04,Monitoring Server,22.73,52.57,58.63,99.9211,0
2026-05-04T14:00,NSS-DC01,Windows Server 2022,Domain Controller,40.43,72.05,42.67,99.8138,0
2026-07-12T20:00,NSS-FILE01,Windows Server 2022,File Server,24.52,90.16,74.97,99.8845,1
2026-02-08T12:00,NSS-LINUX-APP01,Ubuntu 24.04,Application Server,21.3,74.85,57.4,99.9648,0
2026-01-11T20:00,NSS-LINUX-DB01,Rocky Linux 9,Database Server,42.19,49.66,72.67,99.879,0
2026-06-13T00:00,NSS-DC01,Windows Server 2022,Domain Controller,26.37,56.69,58.66,99.8985,0
2026-05-24T18:00,NSS-LINUX-DB01,Rocky Linux 9,Database Server,30.57,43.24,62.46,99.9332,0
2026-03-23T07:00,NSS-FILE01,Windows Server 2022,File Server,39.9,61.28,88.79,99.9344,1
2026-01-08T22:00,NSS-LINUX-DB01,Rocky Linux 9,Database Server,16.67,34.58,62.51,99.8213,0
2026-01-05T06:00,NSS-LINUX-APP01,Ubuntu 24.04,Application Server,30.96,59.43,66.61,99.9332,0
2026-06-21T17:00,NSS-DC02,Windows Server 2022,Domain Controller,15.23,61.43,65.38,99.7826,0
2026-03-22T08:00,NSS-DC01,Windows Server 2022,Domain Controller,5.95,72.06,85.69,99.9059,1
2026-04-09T16:00,NSS-FILE01,Windows Server 2022,File Server,10.39,64.07,77.31,99.8791,0
2026-03-04T17:00,NSS-LINUX-DB01,Rocky Linux 9,Database Server,19.43,74.34,60.69,99.9182,0
2026-04-04T16:00,NSS-MON01,Ubuntu 24.04,Monitoring Server,40.66,63.58,82.8,99.9603,0
2026-07-29T19:00,NSS-FILE01,Windows Server 2022,File Server,29.9,60.37,54.59,99.9971,0
2026-03-26T08:00,NSS-LINUX-DB01,Rocky Linux 9,Database Server,35.95,70.25,51.88,99.8616,0
2026-05-10T03:00,NSS-LINUX-DB01,Rocky Linux 9,Database Server,45.03,54.93,71.13,99.9814,0
2026-02-15T04:00,NSS-LINUX-APP01,Ubuntu 24.04,Application Server,14.92,40.77,47.58,99.7894,0
2026-07-04T21:00,NSS-DC01,Windows Server 2022,Domain Controller,8.55,60.42,54.14,99.7795,0
2026-02-04T08:00,NSS-FILE01,Windows Server 2022,File Server,34.24,35.2,73.4,99.9998,0
2026-03-19T01:00,NSS-DC02,Windows Server 2022,Domain Controller,27.61,54.67,37.86,99.803,0
2026-07-14T07:00,NSS-LINUX-DB01,Rocky Linux 9,Database Server,5.35,42.29,75.13,99.8247,0
2026-02-16T08:00,NSS-LINUX-APP01,Ubuntu 24.04,Application Server,22.76,82.43,77.17,99.86,0
2026-06-12T01:00,NSS-LINUX-APP01,Ubuntu 24.04,Application Server,40.28,46.73,55.23,99.8561,0
2026-03-16T08:00,NSS-MON01,Ubuntu 24.04,Monitoring Server,14.73,47.57,66.21,99.9943,0
2026-04-04T08:00,NSS-APP01,Windows Server 2022,Application Server,24.39,58.92,81.02,99.7794,0
2026-06-20T21:00,NSS-LINUX-APP01,Ubuntu 24.04,Application Server,37.96,20.16,81.25,99.8552,0
2026-03-22T09:00,NSS-LINUX-APP01,Ubuntu 24.04,Application Server,16.64,33.0,69.93,99.8225,0
2026-01-09T07:00,NSS-LINUX-DB01,Rocky Linux 9,Database Server,2.0,39.84,45.22,99.9399,0
2026-05-21T21:00,NSS-FILE01,Windows Server 2022,File Server,47.64,20.11,73.13,99.8487,0
2026-04-29T10:00,NSS-LINUX-APP01,Ubuntu 24.04,Application Server,53.43,67.74,52.07,99.902,0
2026-06-21T10:00,NSS-DC01,Windows Server 2022,Domain Controller,18.14,73.21,43.2,99.9434,0
2026-07-10T02:00,NSS-MON01,Ubuntu 24.04,Monitoring Server,58.58,80.73,53.23,99.9988,0
2026-01-20T07:00,NSS-DC02,Windows Server 2022,Domain Controller,25.05,45.15,80.09,99.76,0
2026-02-19T05:00,NSS-MON01,Ubuntu 24.04,Monitoring Server,8.61,63.02,81.93,99.9291,0
2026-06-16T01:00,NSS-DC01,Windows Server 2022,Domain Controller,2.0,45.6,37.87,99.7503,0
2026-05-22T11:00,NSS-APP01,Windows Server 2022,Application Server,7.66,51.06,54.38,99.9107,0
2026-02-27T23:00,NSS-DC01,Windows Server 2022,Domain Controller,32.57,58.7,48.92,99.9781,0
2026-03-04T03:00,NSS-APP01,Windows Server 2022,Application Server,50.57,55.78,66.95,99.8887,0
2026-02-05T14:00,NSS-FILE01,Windows Server 2022,File Server,16.71,55.93,65.77,99.847,0
2026-06-26T20:00,NSS-LINUX-DB01,Rocky Linux 9,Database Server,26.79,35.72,49.46,99.7544,0
2026-01-23T16:00,NSS-LINUX-DB01,Rocky Linux 9,Database Server,52.91,38.03,58.45,99.9068,0
2026-05-23T04:00,NSS-DC02,Windows Server 2022,Domain Controller,60.52,54.48,49.31,99.8167,0
2026-03-13T06:00,NSS-LINUX-DB01,Rocky Linux 9,Database Server,4.8,65.13,81.4,99.84,0
2026-01-14T23:00,NSS-DC01,Windows Server 2022,Domain Controller,24.77,76.09,51.67,99.973,0
2026-05-07T16:00,NSS-APP01,Windows Server 2022,Application Server,33.63,34.19,50.43,99.753,0
2026-02-17T08:00,NSS-LINUX-DB01,Rocky Linux 9,Database Server,39.77,38.92,33.62,99.792,0
2026-07-04T23:00,NSS-LINUX-APP01,Ubuntu 24.04,Application Server,21.25,63.68,75.78,99.9634,0
2026-07-06T16:00,NSS-FILE01,Windows Server 2022,File Server,16.87,50.14,26.14,99.7682,0
2026-04-19T08:00,NSS-DC01,Windows Server 2022,Domain Controller,17.68,63.29,75.23,99.9206,0
2026-01-08T00:00,NSS-FILE01,Windows Server 2022,File Server,43.84,59.57,53.35,99.9244,0
2026-04-10T04:00,NSS-APP01,Windows Server 2022,Application Server,46.83,59.17,41.18,99.9124,0
2026-01-20T10:00,NSS-FILE01,Windows Server 2022,File Server,16.25,40.78,52.54,99.939,0
2026-01-02T22:00,NSS-DC01,Windows Server 2022,Domain Controller,13.22,64.07,56.8,99.9982,0
2026-03-28T04:00,NSS-DC02,Windows Server 2022,Domain Controller,26.68,54.36,66.07,99.9388,0
2026-04-29T01:00,NSS-APP01,Windows Server 2022,Application Server,9.59,50.59,56.0,99.9128,0
2026-02-12T19:00,NSS-DC02,Windows Server 2022,Domain Controller,36.05,59.21,58.48,99.9852,0
2026-03-17T20:00,NSS-FILE01,Windows Server 2022,File Server,33.09,71.23,53.55,99.9624,0
2026-04-21T17:00,NSS-LINUX-APP01,Ubuntu 24.04,Application Server,40.1,60.68,41.84,99.9999,0
2026-06-13T07:00,NSS-DC01,Windows Server 2022,Domain Controller,24.44,65.92,45.92,99.9348,0
2026-03-09T17:00,NSS-APP01,Windows Server 2022,Application Server,38.0,89.12,78.46,99.8407,0
2026-06-20T14:00,NSS-FILE01,Windows Server 2022,File Server,30.16,73.29,40.94,99.9467,0
2026-02-05T18:00,NSS-MON01,Ubuntu 24.04,Monitoring Server,2.16,71.16,69.21,99.9191,0
2026-04-08T15:00,NSS-APP01,Windows Server 2022,Application Server,17.17,68.06,52.2,99.8163,0
2026-01-14T12:00,NSS-DC02,Windows Server 2022,Domain Controller,57.7,66.35,56.96,99.7869,0
2026-03-14T17:00,NSS-DC02,Windows Server 2022,Domain Controller,34.11,64.32,84.83,99.8049,0
2026-03-06T07:00,NSS-DC02,Windows Server 2022,Domain Controller,11.1,51.45,53.36,99.9847,0
2026-03-02T16:00,NSS-LINUX-APP01,Ubuntu 24.04,Application Server,27.28,71.47,79.64,99.8543,0
2026-07-07T20:00,NSS-MON01,Ubuntu 24.04,Monitoring Server,39.13,68.73,49.23,99.9784,0
2026-01-15T16:00,NSS-LINUX-APP01,Ubuntu 24.04,Application Server,35.67,52.42,52.36,99.9047,0
2026-03-28T02:00,NSS-DC02,Windows Server 2022,Domain Controller,24.84,67.44,83.51,99.854,0
2026-06-08T05:00,NSS-MON01,Ubuntu 24.04,Monitoring Server,37.25,53.01,55.69,99.9934,0
2026-04-03T15:00,NSS-LINUX-APP01,Ubuntu 24.04,Application Server,25.26,47.59,95.0,99.8933,1
2026-03-17T08:00,NSS-MON01,Ubuntu 24.04,Monitoring Server,17.42,58.45,67.13,99.9318,0
2026-03-20T20:00,NSS-FILE01,Windows Server 2022,File Server,24.96,69.51,59.51,99.7781,0
2026-02-26T22:00,NSS-APP01,Windows Server 2022,Application Server,25.06,66.77,71.62,99.7723,0
2026-03-08T04:00,NSS-MON01,Ubuntu 24.04,Monitoring Server,30.03,51.34,61.6,99.9133,0
2026-02-15T12:00,NSS-FILE01,Windows Server 2022,File Server,42.65,64.64,76.53,99.7793,0
2026-05-24T13:00,NSS-LINUX-APP01,Ubuntu 24.04,Application Server,25.73,28.19,62.16,99.9558,0
2026-05-07T03:00,NSS-DC01,Windows Server 2022,Domain Controller,22.41,43.05,46.87,99.8385,0
2026-07-03T05:00,NSS-FILE01,Windows Server 2022,File Server,33.09,86.61,58.31,99.8832,0
2026-06-01T06:00,NSS-LINUX-DB01,Rocky Linux 9,Database Server,10.74,45.75,35.8,99.7852,0
2026-05-11T12:00,NSS-DC02,Windows Server 2022,Domain Controller,28.57,71.18,45.96,99.9344,0
2026-04-16T02:00,NSS-DC01,Windows Server 2022,Domain Controller,31.8,61.28,82.03,99.9301,0
2026-03-03T13:00,NSS-MON01,Ubuntu 24.04,Monitoring Server,31.05,56.97,87.38,99.8404,1
2026-05-10T13:00,NSS-MON01,Ubuntu 24.04,Monitoring Server,38.0,80.05,54.48,99.9926,0
2026-05-14T03:00,NSS-DC02,Windows Server 2022,Domain Controller,41.52,42.87,61.07,99.7729,0
2026-07-11T05:00,NSS-LINUX-APP01,Ubuntu 24.04,Application Server,34.17,60.79,50.83,99.8879,0
2026-04-15T16:00,NSS-APP01,Windows Server 2022,Application Server,37.19,40.0,67.3,99.9785,0
2026-05-19T08:00,NSS-APP01,Windows Server 2022,Application Server,24.38,79.05,42.18,99.9866,0
2026-02-19T08:00,NSS-FILE01,Windows Server 2022,File Server,60.08,63.49,77.93,99.7901,0
2026-05-21T10:00,NSS-LINUX-DB01,Rocky Linux 9,Database Server,2.0,75.95,75.69,99.9623,0
2026-03-29T20:00,NSS-APP01,Windows Server 2022,Application Server,23.73,43.45,44.9,99.8815,0
2026-06-21T23:00,NSS-LINUX-DB01,Rocky Linux 9,Database Server,9.21,50.91,56.89,99.9008,0
2026-03-19T19:00,NSS-DC02,Windows Server 2022,Domain Controller,9.13,50.39,71.25,99.8905,0
2026-02-20T04:00,NSS-APP01,Windows Server 2022,Application Server,12.83,23.06,55.33,99.9572,0
2026-04-03T08:00,NSS-MON01,Ubuntu 24.04,Monitoring Server,50.03,55.16,53.83,99.9776,0
2026-02-13T13:00,NSS-APP01,Windows Server 2022,Application Server,25.22,59.18,57.49,99.8147,0
2026-03-05T09:00,NSS-MON01,Ubuntu 24.04,Monitoring Server,17.18,49.74,68.97,99.8916,0
2026-01-19T21:00,NSS-LINUX-DB01,Rocky Linux 9,Database Server,6.02,60.95,73.82,99.8784,0
2026-03-26T11:00,NSS-DC01,Windows Server 2022,Domain Controller,14.68,65.24,32.32,99.9186,0
2026-03-21T11:00,NSS-LINUX-DB01,Rocky Linux 9,Database Server,64.85,56.58,68.73,99.7517,0
2026-04-30T05:00,NSS-LINUX-DB01,Rocky Linux 9,Database Server,47.84,71.72,85.99,99.8403,1
2026-02-18T22:00,NSS-DC02,Windows Server 2022,Domain Controller,6.7,49.18,71.76,99.915,0
2026-06-04T11:00,NSS-DC02,Windows Server 2022,Domain Controller,12.59,49.17,45.27,99.8678,0
2026-02-20T06:00,NSS-MON01,Ubuntu 24.04,Monitoring Server,28.05,44.25,71.1,99.9765,0
2026-05-17T22:00,NSS-LINUX-DB01,Rocky Linux 9,Database Server,37.26,41.3,62.02,99.9369,0
2026-02-20T06:00,NSS-DC01,Windows Server 2022,Domain Controller,26.77,53.01,57.64,99.9652,0
2026-03-26T02:00,NSS-DC01,Windows Server 2022,Domain Controller,2.0,59.67,34.73,99.9825,0
2026-06-09T18:00,NSS-LINUX-DB01,Rocky Linux 9,Database Server,34.58,60.74,72.49,99.849,0
2026-01-16T18:00,NSS-MON01,Ubuntu 24.04,Monitoring Server,46.33,46.91,60.77,99.8717,0
2026-04-13T14:00,NSS-APP01,Windows Server 2022,Application Server,34.92,59.2,61.41,99.844,0
2026-03-06T04:00,NSS-LINUX-DB01,Rocky Linux 9,Database Server,29.24,73.02,59.26,99.8976,0
2026-07-16T09:00,NSS-DC02,Windows Server 2022,Domain Controller,2.0,78.72,35.25,99.8098,0
2026-04-07T00:00,NSS-DC01,Windows Server 2022,Domain Controller,40.99,40.07,89.11,99.9709,1
2026-05-29T07:00,NSS-DC01,Windows Server 2022,Domain Controller,12.21,54.16,73.85,99.8298,0
2026-03-02T11:00,NSS-DC01,Windows Server 2022,Domain Controller,32.16,67.39,66.1,99.7799,0
2026-02-02T14:00,NSS-LINUX-APP01,Ubuntu 24.04,Application Server,31.8,66.58,73.43,99.9789,0
2026-01-09T19:00,NSS-MON01,Ubuntu 24.04,Monitoring Server,42.58,76.01,74.61,99.8785,0
2026-04-14T04:00,NSS-DC02,Windows Server 2022,Domain Controller,50.69,55.6,60.61,99.9757,0
2026-05-04T08:00,NSS-LINUX-APP01,Ubuntu 24.04,Application Server,20.24,58.08,87.54,99.8666,1
2026-05-01T21:00,NSS-DC02,Windows Server 2022,Domain Controller,41.93,42.74,76.01,99.7612,0
2026-03-19T15:00,NSS-DC01,Windows Server 2022,Domain Controller,12.73,76.25,82.21,99.9747,0
2026-01-10T04:00,NSS-FILE01,Windows Server 2022,File Server,42.82,59.85,77.86,99.92,0
2026-05-26T01:00,NSS-DC01,Windows Server 2022,Domain Controller,35.78,45.78,61.61,99.9045,0
2026-02-18T01:00,NSS-DC02,Windows Server 2022,Domain Controller,31.64,61.11,44.82,99.9462,0
2026-06-12T01:00,NSS-LINUX-APP01,Ubuntu 24.04,Application Server,15.65,59.98,64.56,99.8851,0
2026-05-15T16:00,NSS-FILE01,Windows Server 2022,File Server,7.25,61.65,50.46,99.9205,0
2026-05-26T05:00,NSS-DC02,Windows Server 2022,Domain Controller,7.75,71.62,26.2,99.9183,0
2026-02-08T14:00,NSS-LINUX-APP01,Ubuntu 24.04,Application Server,26.46,68.88,62.16,99.8171,0
2026-03-02T04:00,NSS-LINUX-APP01,Ubuntu 24.04,Application Server,43.84,40.57,56.07,99.9158,0
2026-05-15T02:00,NSS-DC01,Windows Server 2022,Domain Controller,17.03,69.48,51.64,99.9352,0
2026-01-04T00:00,NSS-FILE01,Windows Server 2022,File Server,15.74,38.09,83.45,99.8855,0
2026-05-10T00:00,NSS-LINUX-DB01,Rocky Linux 9,Database Server,36.22,45.2,90.79,99.8105,1
2026-02-24T19:00,NSS-FILE01,Windows Server 2022,File Server,25.68,73.29,76.22,99.9012,0
2026-05-19T23:00,NSS-LINUX-DB01,Rocky Linux 9,Database Server,33.61,54.22,38.59,99.9954,0
2026-04-06T15:00,NSS-MON01,Ubuntu 24.04,Monitoring Server,10.42,66.11,50.62,99.7551,0
2026-06-05T22:00,NSS-LINUX-DB01,Rocky Linux 9,Database Server,9.81,53.11,67.12,99.8621,0
2026-01-08T13:00,NSS-FILE01,Windows Server 2022,File Server,27.68,31.16,65.35,99.7649,0
2026-06-08T01:00,NSS-MON01,Ubuntu 24.04,Monitoring Server,24.08,56.94,60.3,99.8702,0
2026-04-12T09:00,NSS-LINUX-DB01,Rocky Linux 9,Database Server,53.11,63.82,63.99,99.9944,0
2026-07-19T17:00,NSS-MON01,Ubuntu 24.04,Monitoring Server,21.22,60.42,76.93,99.9655,0
2026-01-24T15:00,NSS-DC02,Windows Server 2022,Domain Controller,33.24,45.0,70.62,99.7511,0
2026-02-12T09:00,NSS-LINUX-APP01,Ubuntu 24.04,Application Server,34.9,55.76,61.5,99.8625,0
2026-07-11T14:00,NSS-APP01,Windows Server 2022,Application Server,18.46,68.42,68.93,99.7933,0
2026-05-23T02:00,NSS-DC02,Windows Server 2022,Domain Controller,46.37,80.59,58.72,99.9222,0
2026-02-12T21:00,NSS-FILE01,Windows Server 2022,File Server,32.89,38.44,57.57,99.8772,0
2026-07-15T17:00,NSS-DC01,Windows Server 2022,Domain Controller,37.54,26.55,62.11,99.8923,0
2026-05-25T10:00,NSS-LINUX-APP01,Ubuntu 24.04,Application Server,10.77,77.42,68.63,99.8701,0
2026-03-17T13:00,NSS-MON01,Ubuntu 24.04,Monitoring Server,40.71,29.39,50.21,99.7918,0
2026-02-18T18:00,NSS-DC01,Windows Server 2022,Domain Controller,54.98,56.26,68.86,99.7888,0
2026-05-18T12:00,NSS-LINUX-APP01,Ubuntu 24.04,Application Server,41.26,71.67,85.66,99.9583,1
2026-02-17T23:00,NSS-DC02,Windows Server 2022,Domain Controller,31.58,65.14,77.33,99.9613,0
2026-05-02T10:00,NSS-LINUX-APP01,Ubuntu 24.04,Application Server,50.01,36.94,67.9,99.8563,0
2026-06-05T07:00,NSS-FILE01,Windows Server 2022,File Server,27.0,43.93,47.73,99.8207,0
2026-01-16T15:00,NSS-APP01,Windows Server 2022,Application Server,22.56,69.5,77.03,99.7536,0
2026-04-18T23:00,NSS-DC02,Windows Server 2022,Domain Controller,20.28,61.52,77.35,99.7967,0
2026-02-21T03:00,NSS-LINUX-DB01,Rocky Linux 9,Database Server,36.17,55.54,43.96,99.7921,0
2026-04-23T02:00,NSS-DC01,Windows Server 2022,Domain Controller,22.74,43.0,52.32,99.9894,0
2026-03-31T10:00,NSS-LINUX-DB01,Rocky Linux 9,Database Server,29.06,71.25,81.43,99.7516,0
2026-01-21T00:00,NSS-DC01,Windows Server 2022,Domain Controller,27.15,53.85,44.88,99.8469,0
2026-02-11T17:00,NSS-LINUX-DB01,Rocky Linux 9,Database Server,32.25,52.0,49.9,99.9602,0
2026-02-10T22:00,NSS-LINUX-DB01,Rocky Linux 9,Database Server,20.77,82.88,90.43,99.7789,1
2026-05-16T21:00,NSS-APP01,Windows Server 2022,Application Server,48.48,57.29,57.85,99.8534,0
2026-05-23T15:00,NSS-LINUX-DB01,Rocky Linux 9,Database Server,57.28,56.97,64.04,99.7989,0
2026-02-22T07:00,NSS-DC01,Windows Server 2022,Domain Controller,14.09,69.73,68.24,99.9478,0
2026-05-31T19:00,NSS-FILE01,Windows Server 2022,File Server,56.33,34.25,63.93,99.9379,0
2026-05-03T04:00,NSS-LINUX-APP01,Ubuntu 24.04,Application Server,24.49,56.3,85.47,99.8231,1
2026-06-07T15:00,NSS-APP01,Windows Server 2022,Application Server,28.09,63.19,42.63,99.9033,0
2026-07-17T00:00,NSS-LINUX-DB01,Rocky Linux 9,Database Server,38.25,38.93,68.34,99.8361,0
2026-05-21T06:00,NSS-LINUX-DB01,Rocky Linux 9,Database Server,12.91,37.04,52.19,99.8965,0
2026-06-16T21:00,NSS-APP01,Windows Server 2022,Application Server,30.83,41.85,53.39,99.8575,0
2026-04-22T20:00,NSS-FILE01,Windows Server 2022,File Server,48.31,64.65,61.63,99.982,0
2026-05-12T00:00,NSS-MON01,Ubuntu 24.04,Monitoring Server,16.39,60.12,34.54,99.9957,0
2026-03-17T04:00,NSS-DC01,Windows Server 2022,Domain Controller,35.94,54.74,71.11,99.8333,0
2026-06-25T21:00,NSS-MON01,Ubuntu 24.04,Monitoring Server,4.31,39.47,69.23,99.84,0
2026-07-08T02:00,NSS-LINUX-DB01,Rocky Linux 9,Database Server,16.06,54.98,54.83,99.9837,0
2026-05-11T00:00,NSS-LINUX-DB01,Rocky Linux 9,Database Server,44.2,41.14,52.26,99.8481,0
2026-01-15T04:00,NSS-DC01,Windows Server 2022,Domain Controller,8.18,58.62,89.5,99.9614,1
2026-01-30T15:00,NSS-MON01,Ubuntu 24.04,Monitoring Server,29.06,51.43,62.9,99.8792,0
2026-05-24T07:00,NSS-LINUX-DB01,Rocky Linux 9,Database Server,9.9,70.81,57.35,99.8353,0
2026-07-04T18:00,NSS-DC02,Windows Server 2022,Domain Controller,17.96,63.24,69.01,99.8963,0
2026-01-15T17:00,NSS-LINUX-DB01,Rocky Linux 9,Database Server,42.61,33.04,39.27,99.8454,0
2026-06-19T07:00,NSS-DC02,Windows Server 2022,Domain Controller,34.62,66.16,43.46,99.9006,0
2026-06-27T10:00,NSS-FILE01,Windows Server 2022,File Server,15.51,55.44,71.4,99.9853,0
2026-07-08T18:00,NSS-LINUX-DB01,Rocky Linux 9,Database Server,59.81,64.98,71.0,99.9095,0
2026-04-29T01:00,NSS-APP01,Windows Server 2022,Application Server,30.06,54.38,79.79,99.8802,0
2026-07-03T17:00,NSS-LINUX-DB01,Rocky Linux 9,Database Server,39.56,56.21,72.36,99.9517,0
2026-05-20T12:00,NSS-DC02,Windows Server 2022,Domain Controller,30.54,41.05,47.06,99.8462,0
2026-05-26T06:00,NSS-DC01,Windows Server 2022,Domain Controller,37.81,53.5,67.76,99.882,0
2026-04-18T12:00,NSS-DC01,Windows Server 2022,Domain Controller,31.56,71.74,59.13,99.9594,0
2026-03-14T12:00,NSS-LINUX-APP01,Ubuntu 24.04,Application Server,26.02,45.57,54.5,99.8915,0
2026-04-02T20:00,NSS-FILE01,Windows Server 2022,File Server,23.88,76.15,76.99,99.7844,0
2026-02-22T04:00,NSS-FILE01,Windows Server 2022,File Server,37.05,75.16,75.88,99.9893,0
2026-06-18T20:00,NSS-FILE01,Windows Server 2022,File Server,35.98,58.06,44.43,99.9757,0
2026-06-02T15:00,NSS-LINUX-DB01,Rocky Linux 9,Database Server,51.05,33.3,56.11,99.9215,0
2026-06-19T07:00,NSS-FILE01,Windows Server 2022,File Server,39.55,67.12,63.63,99.8232,0
2026-02-20T02:00,NSS-DC01,Windows Server 2022,Domain Controller,42.48,42.94,69.25,99.7672,0
2026-04-25T06:00,NSS-APP01,Windows Server 2022,Application Server,31.28,34.38,57.19,99.9658,0
2026-01-11T16:00,NSS-LINUX-APP01,Ubuntu 24.04,Application Server,25.89,70.31,69.01,99.7506,0
2026-03-27T17:00,NSS-APP01,Windows Server 2022,Application Server,46.57,65.46,40.35,99.7757,0
2026-03-03T16:00,NSS-FILE01,Windows Server 2022,File Server,40.82,30.6,74.83,99.9538,0
2026-05-13T01:00,NSS-LINUX-APP01,Ubuntu 24.04,Application Server,22.04,72.1,51.63,99.9573,0
2026-07-04T13:00,NSS-DC01,Windows Server 2022,Domain Controller,24.74,80.26,27.33,99.9646,0
2026-05-27T00:00,NSS-LINUX-DB01,Rocky Linux 9,Database Server,29.66,49.92,37.64,99.8782,0
2026-07-07T09:00,NSS-DC02,Windows Server 2022,Domain Controller,50.41,46.7,69.06,99.921,0
2026-03-02T01:00,NSS-FILE01,Windows Server 2022,File Server,36.1,46.56,72.72,99.8965,0
2026-03-19T13:00,NSS-APP01,Windows Server 2022,Application Server,24.3,41.56,53.65,99.8803,0
2026-05-07T15:00,NSS-APP01,Windows Server 2022,Application Server,24.79,56.85,64.27,99.9036,0
2026-05-01T09:00,NSS-LINUX-DB01,Rocky Linux 9,Database Server,44.96,51.43,59.31,99.8484,0
2026-01-12T09:00,NSS-APP01,Windows Server 2022,Application Server,52.64,54.95,49.23,99.8195,0
2026-07-07T11:00,NSS-MON01,Ubuntu 24.04,Monitoring Server,25.82,44.65,60.59,99.8299,0
2026-07-19T06:00,NSS-LINUX-APP01,Ubuntu 24.04,Application Server,20.43,55.15,74.13,99.7731,0
2026-02-01T07:00,NSS-DC01,Windows Server 2022,Domain Controller,7.0,59.26,41.44,99.8616,0
2026-06-22T00:00,NSS-LINUX-DB01,Rocky Linux 9,Database Server,15.35,79.02,66.74,99.8999,0
2026-03-24T06:00,NSS-FILE01,Windows Server 2022,File Server,25.16,66.63,52.92,99.9826,0
2026-03-25T15:00,NSS-MON01,Ubuntu 24.04,Monitoring Server,51.39,41.37,82.01,99.8039,0
2026-02-16T09:00,NSS-LINUX-DB01,Rocky Linux 9,Database Server,18.7,52.96,57.85,99.8777,0
2026-06-30T12:00,NSS-APP01,Windows Server 2022,Application Server,20.16,47.94,77.49,99.7776,0
2026-01-23T17:00,NSS-MON01,Ubuntu 24.04,Monitoring Server,20.29,77.41,49.4,99.8122,0
2026-04-21T03:00,NSS-APP01,Windows Server 2022,Application Server,43.37,50.69,34.59,99.9287,0
2026-04-02T00:00,NSS-DC01,Windows Server 2022,Domain Controller,24.17,59.35,41.87,99.8015,0
2026-07-18T19:00,NSS-APP01,Windows Server 2022,Application Server,14.77,27.01,57.28,99.8704,0
2026-01-16T10:00,NSS-LINUX-APP01,Ubuntu 24.04,Application Server,45.15,76.86,58.02,99.9557,0
2026-06-16T00:00,NSS-APP01,Windows Server 2022,Application Server,15.95,57.28,59.1,99.9277,0
2026-03-02T20:00,NSS-LINUX-DB01,Rocky Linux 9,Database Server,25.46,61.11,64.73,99.809,0
2026-06-02T13:00,NSS-APP01,Windows Server 2022,Application Server,34.88,37.47,53.35,99.9612,0
2026-02-12T20:00,NSS-LINUX-DB01,Rocky Linux 9,Database Server,18.03,26.62,78.47,99.7751,0
2026-03-02T17:00,NSS-DC02,Windows Server 2022,Domain Controller,24.81,71.5,69.33,99.9503,0
2026-01-05T01:00,NSS-LINUX-DB01,Rocky Linux 9,Database Server,22.14,66.33,45.26,99.8162,0
2026-02-22T20:00,NSS-DC01,Windows Server 2022,Domain Controller,12.8,53.85,76.26,99.9558,0
2026-02-09T22:00,NSS-DC02,Windows Server 2022,Domain Controller,31.77,48.49,76.61,99.8271,0
2026-03-21T22:00,NSS-LINUX-DB01,Rocky Linux 9,Database Server,31.42,50.96,81.42,99.925,0
2026-01-12T10:00,NSS-FILE01,Windows Server 2022,File Server,17.43,73.06,35.58,99.9486,0
2026-04-27T00:00,NSS-FILE01,Windows Server 2022,File Server,3.85,58.79,46.46,99.7514,0
2026-01-14T16:00,NSS-DC01,Windows Server 2022,Domain Controller,22.76,91.08,62.8,99.9892,1
2026-06-01T00:00,NSS-LINUX-APP01,Ubuntu 24.04,Application Server,18.1,47.9,72.7,99.9131,0
2026-05-01T06:00,NSS-MON01,Ubuntu 24.04,Monitoring Server,45.49,78.59,67.76,99.7538,0
2026-05-28T06:00,NSS-LINUX-APP01,Ubuntu 24.04,Application Server,34.71,67.34,63.48,99.8138,0
2026-01-06T14:00,NSS-APP01,Windows Server 2022,Application Server,38.88,32.73,49.87,99.8209,0
2026-05-30T10:00,NSS-LINUX-DB01,Rocky Linux 9,Database Server,15.77,46.03,55.16,99.9682,0
2026-03-10T16:00,NSS-DC02,Windows Server 2022,Domain Controller,14.68,67.65,52.5,99.8997,0
2026-07-01T12:00,NSS-MON01,Ubuntu 24.04,Monitoring Server,53.56,40.67,73.42,99.8265,0
2026-01-28T10:00,NSS-LINUX-APP01,Ubuntu 24.04,Application Server,43.14,41.77,87.17,99.7721,1
2026-04-23T16:00,NSS-LINUX-APP01,Ubuntu 24.04,Application Server,8.73,56.64,51.07,99.7615,0
2026-06-23T03:00,NSS-APP01,Windows Server 2022,Application Server,25.29,44.45,66.57,99.9699,0
2026-06-12T00:00,NSS-FILE01,Windows Server 2022,File Server,26.12,62.21,60.53,99.9614,0
2026-07-14T13:00,NSS-MON01,Ubuntu 24.04,Monitoring Server,15.31,37.51,67.73,99.8594,0
2026-07-05T21:00,NSS-MON01,Ubuntu 24.04,Monitoring Server,28.65,43.16,65.05,99.8948,0
2026-04-02T20:00,NSS-DC02,Windows Server 2022,Domain Controller,40.7,38.92,43.33,99.8449,0
2026-01-03T20:00,NSS-LINUX-DB01,Rocky Linux 9,Database Server,18.48,65.93,60.13,99.894,0
2026-06-01T19:00,NSS-FILE01,Windows Server 2022,File Server,40.82,59.35,67.3,99.9875,0
2026-01-25T20:00,NSS-DC01,Windows Server 2022,Domain Controller,33.39,41.81,88.48,99.9888,1
2026-04-12T18:00,NSS-MON01,Ubuntu 24.04,Monitoring Server,26.22,67.67,57.39,99.8858,0
2026-02-07T17:00,NSS-DC02,Windows Server 2022,Domain Controller,24.07,58.38,82.21,99.8144,0
2026-02-23T19:00,NSS-MON01,Ubuntu 24.04,Monitoring Server,22.76,57.32,73.33,99.8726,0
2026-01-13T02:00,NSS-DC02,Windows Server 2022,Domain Controller,2.3,62.47,52.56,99.7626,0
2026-01-21T13:00,NSS-LINUX-APP01,Ubuntu 24.04,Application Server,42.25,67.38,59.4,99.8217,0
2026-05-13T18:00,NSS-FILE01,Windows Server 2022,File Server,31.04,35.94,70.65,99.7588,0
2026-06-19T14:00,NSS-LINUX-APP01,Ubuntu 24.04,Application Server,40.15,57.59,59.81,99.9637,0
2026-06-25T06:00,NSS-APP01,Windows Server 2022,Application Server,17.01,28.86,44.97,99.8497,0
2026-07-29T23:00,NSS-MON01,Ubuntu 24.04,Monitoring Server,2.0,40.62,46.7,99.7938,0
2026-01-08T15:00,NSS-DC02,Windows Server 2022,Domain Controller,38.02,74.62,44.86,99.98,0
2026-05-14T06:00,NSS-LINUX-APP01,Ubuntu 24.04,Application Server,55.85,44.92,55.23,99.9739,0
2026-05-19T18:00,NSS-LINUX-DB01,Rocky Linux 9,Database Server,21.61,35.71,57.76,99.9615,0
2026-03-30T05:00,NSS-DC02,Windows Server 2022,Domain Controller,26.87,17.86,56.56,99.7971,0
2026-03-10T13:00,NSS-MON01,Ubuntu 24.04,Monitoring Server,47.82,50.65,73.33,99.7857,0
2026-05-30T05:00,NSS-APP01,Windows Server 2022,Application Server,43.18,53.62,53.21,99.9706,0
2026-06-16T08:00,NSS-LINUX-DB01,Rocky Linux 9,Database Server,2.0,25.84,59.27,99.9273,0
2026-03-10T16:00,NSS-DC01,Windows Server 2022,Domain Controller,18.69,63.86,65.69,99.8967,0
2026-02-22T15:00,NSS-MON01,Ubuntu 24.04,Monitoring Server,35.34,56.03,43.85,99.9966,0
2026-01-27T23:00,NSS-APP01,Windows Server 2022,Application Server,47.58,54.6,95.0,99.8133,1
2026-01-31T06:00,NSS-FILE01,Windows Server 2022,File Server,3.2,67.79,75.33,99.8576,0
2026-02-24T07:00,NSS-MON01,Ubuntu 24.04,Monitoring Server,26.38,44.64,75.4,99.9354,0
2026-03-15T13:00,NSS-MON01,Ubuntu 24.04,Monitoring Server,48.64,67.43,57.44,99.8772,0
2026-01-05T04:00,NSS-MON01,Ubuntu 24.04,Monitoring Server,19.71,47.43,66.43,99.8638,0
2026-06-08T16:00,NSS-LINUX-DB01,Rocky Linux 9,Database Server,32.53,64.73,34.73,99.8815,0
2026-05-23T06:00,NSS-DC01,Windows Server 2022,Domain Controller,33.25,36.75,46.77,99.7921,0
2026-04-21T02:00,NSS-LINUX-APP01,Ubuntu 24.04,Application Server,26.45,21.11,74.03,99.948,0
2026-03-20T07:00,NSS-LINUX-APP01,Ubuntu 24.04,Application Server,29.06,45.1,70.84,99.8862,0
2026-03-23T18:00,NSS-LINUX-APP01,Ubuntu 24.04,Application Server,47.24,65.41,70.79,99.9225,0
2026-03-26T08:00,NSS-MON01,Ubuntu 24.04,Monitoring Server,15.05,51.72,45.17,99.7611,0
2026-01-21T19:00,NSS-LINUX-APP01,Ubuntu 24.04,Application Server,22.16,57.71,69.43,99.8922,0
2026-02-22T09:00,NSS-MON01,Ubuntu 24.04,Monitoring Server,37.81,61.28,56.81,99.929,0
2026-04-24T11:00,NSS-APP01,Windows Server 2022,Application Server,47.87,57.82,71.55,99.8041,0
2026-01-15T05:00,NSS-APP01,Windows Server 2022,Application Server,53.49,69.06,55.33,99.8265,0
2026-05-10T22:00,NSS-DC01,Windows Server 2022,Domain Controller,45.04,31.06,78.09,99.7764,0
2026-01-04T00:00,NSS-LINUX-DB01,Rocky Linux 9,Database Server,18.48,37.9,61.35,99.9436,0
2026-01-12T12:00,NSS-LINUX-APP01,Ubuntu 24.04,Application Server,24.59,55.78,38.66,99.7709,0
2026-01-22T17:00,NSS-APP01,Windows Server 2022,Application Server,20.89,34.7,42.23,99.7602,0
2026-05-31T02:00,NSS-DC01,Windows Server 2022,Domain Controller,27.82,53.91,55.88,99.885,0
2026-03-05T09:00,NSS-MON01,Ubuntu 24.04,Monitoring Server,31.29,37.54,52.25,99.8703,0
2026-01-20T10:00,NSS-DC01,Windows Server 2022,Domain Controller,14.48,51.3,84.21,99.8989,0
2026-01-30T02:00,NSS-DC01,Windows Server 2022,Domain Controller,35.61,44.92,72.39,99.8295,0
2026-05-09T10:00,NSS-LINUX-DB01,Rocky Linux 9,Database Server,25.19,83.39,39.49,99.9815,0
2026-01-04T15:00,NSS-APP01,Windows Server 2022,Application Server,24.91,41.74,42.64,99.8851,0
2026-04-22T23:00,NSS-LINUX-DB01,Rocky Linux 9,Database Server,48.81,45.1,72.8,99.8061,0
2026-04-26T20:00,NSS-DC02,Windows Server 2022,Domain Controller,4.6,31.53,65.42,99.8529,0
2026-06-07T13:00,NSS-LINUX-APP01,Ubuntu 24.04,Application Server,36.45,51.93,95.0,99.8641,1
2026-06-17T05:00,NSS-MON01,Ubuntu 24.04,Monitoring Server,2.0,49.31,46.06,99.9831,0
2026-04-12T23:00,NSS-DC02,Windows Server 2022,Domain Controller,39.79,56.45,79.97,99.8225,0
2026-05-04T07:00,NSS-APP01,Windows Server 2022,Application Server,17.26,50.32,42.53,99.976,0
2026-01-10T06:00,NSS-LINUX-DB01,Rocky Linux 9,Database Server,21.92,53.21,57.72,99.9721,0
2026-03-30T06:00,NSS-LINUX-DB01,Rocky Linux 9,Database Server,37.53,32.24,49.46,99.7609,0
2026-04-29T01:00,NSS-LINUX-DB01,Rocky Linux 9,Database Server,36.59,55.66,68.62,99.9483,0
2026-02-08T16:00,NSS-DC02,Windows Server 2022,Domain Controller,27.83,47.59,70.43,99.7723,0
2026-06-27T22:00,NSS-LINUX-APP01,Ubuntu 24.04,Application Server,33.89,74.55,58.49,99.8351,0
2026-05-16T23:00,NSS-DC02,Windows Server 2022,Domain Controller,22.21,46.21,47.49,99.8718,0
2026-02-06T17:00,NSS-DC02,Windows Server 2022,Domain Controller,24.66,60.07,51.62,99.9257,0
2026-06-14T06:00,NSS-FILE01,Windows Server 2022,File Server,36.48,46.11,68.32,99.8366,0
2026-04-19T13:00,NSS-FILE01,Windows Server 2022,File Server,46.16,70.42,68.37,99.9707,0
2026-05-17T11:00,NSS-LINUX-DB01,Rocky Linux 9,Database Server,12.85,37.25,60.72,99.9255,0
2026-02-16T05:00,NSS-LINUX-DB01,Rocky Linux 9,Database Server,41.19,79.4,46.43,99.8915,0
2026-05-06T16:00,NSS-LINUX-APP01,Ubuntu 24.04,Application Server,21.79,38.99,33.13,99.8202,0
2026-05-13T02:00,NSS-MON01,Ubuntu 24.04,Monitoring Server,19.72,33.15,61.9,99.8478,0
2026-06-22T01:00,NSS-LINUX-DB01,Rocky Linux 9,Database Server,37.79,55.27,73.63,99.7766,0
2026-06-22T17:00,NSS-FILE01,Windows Server 2022,File Server,16.38,27.4,52.4,99.8262,0
2026-04-20T09:00,NSS-DC01,Windows Server 2022,Domain Controller,6.56,83.32,79.43,99.9881,0
2026-06-17T22:00,NSS-MON01,Ubuntu 24.04,Monitoring Server,29.91,23.2,66.15,99.9333,0
2026-03-04T17:00,NSS-LINUX-APP01,Ubuntu 24.04,Application Server,11.48,61.86,60.41,99.8842,0
2026-05-09T10:00,NSS-FILE01,Windows Server 2022,File Server,32.97,15.15,80.96,99.9486,0
2026-02-12T09:00,NSS-LINUX-APP01,Ubuntu 24.04,Application Server,16.7,52.11,74.61,99.883,0
2026-04-13T15:00,NSS-LINUX-DB01,Rocky Linux 9,Database Server,24.59,62.11,46.77,99.8607,0
2026-06-09T17:00,NSS-FILE01,Windows Server 2022,File Server,36.58,54.88,61.33,99.862,0
2026-06-10T22:00,NSS-APP01,Windows Server 2022,Application Server,10.64,41.99,67.7,99.7909,0
2026-01-15T20:00,NSS-MON01,Ubuntu 24.04,Monitoring Server,2.0,66.37,54.77,99.9508,0
2026-04-25T10:00,NSS-APP01,Windows Server 2022,Application Server,49.56,37.44,31.72,99.8628,0
2026-03-03T06:00,NSS-FILE01,Windows Server 2022,File Server,18.75,38.55,63.68,99.8661,0
2026-07-21T05:00,NSS-MON01,Ubuntu 24.04,Monitoring Server,14.95,54.58,70.02,99.9096,0
2026-05-18T12:00,NSS-DC02,Windows Server 2022,Domain Controller,38.44,43.87,50.66,99.8592,0
2026-01-19T15:00,NSS-LINUX-DB01,Rocky Linux 9,Database Server,38.47,32.5,60.43,99.9906,0
2026-02-13T10:00,NSS-DC02,Windows Server 2022,Domain Controller,54.3,40.65,52.54,99.8435,0
2026-04-22T04:00,NSS-MON01,Ubuntu 24.04,Monitoring Server,37.76,69.97,63.56,99.8518,0
